id,name,host_id,host_name,neighbourhood_group,neighbourhood,latitude,longitude,room_type,price,minimum_nights,number_of_reviews,last_review,reviews_per_month,calculated_host_listings_count,availability_365,number_of_reviews_ltm,license
218831,Sea-life apartment,137588,Dimitrios,,Kalamaria,40.57274,22.95667,Entire home/apt,,4,1,2020-02-02,0.02,1,0,0,00000049330
376955,3 bedroom 145m2 apartment close to the seaside,1894819,Olivia,,Thessaloniki,40.59683,22.95394,Entire home/apt,50,28,19,2017-05-31,0.12,1,363,0,
483128,Cosy apt with terrace in Thessaloniki center!,2358521,Stelios,,Thessaloniki,40.6385498046875,22.950674057006836,Entire home/apt,52,2,416,2025-05-25,2.62,1,356,23,00000502736
494816,"City View Apartment  ""Thessaloniki""",1977386,Cristina&Tomas! Skgbnb,,Neapolis – Sykeon,40.64763,22.94309,Entire home/apt,37,20,47,2025-05-30,0.32,36,84,1,00001900000
550239,Kripis Studio Thessaloniki No1,1193625,,,Thessaloniki,40.64008,22.95598,Entire home/apt,40,7,10,2025-04-12,0.06,6,337,2,1133335
798646,LUXURIOUS & STYLISH APARTMENT IN THESSALONIKI,2890501,Francy,,Pilea – Chortiatis,40.58628,23.03393,Entire home/apt,109,7,7,2021-07-14,0.08,1,266,0,00001204888
817373,Hermes - Cosy central apartment,4293278,Andreas,,Thessaloniki,40.63968,22.93879,Entire home/apt,46,2,209,2024-12-31,1.37,2,331,2,00000057587
912803,This Must Be The Place,3835591,Olga,,Pavlou Mela,40.65929,22.93068,Private room,25,2,155,2025-06-09,1.08,1,341,15,00000477581
1006153,Kripis Studio Thessaloniki No4,1193625,,,Thessaloniki,40.64058,22.95678,Entire home/apt,54,7,18,2024-12-01,0.18,6,330,2,1133335
1007872,Cozy studio in old city near city center,5543143,Giannis,,Thessaloniki,40.6378,22.9571,Entire home/apt,27,3,63,2025-05-24,0.65,1,237,8,00000332400
1013340,Kripis Studio Thessaloniki No2,1193625,,,Thessaloniki,40.63974,22.95704,Entire home/apt,35,7,6,2023-11-03,0.07,6,294,0,1133335
1058022,Afrodite - Pantheon apartments,4293278,Andreas,,Thessaloniki,40.63955,22.93885,Entire home/apt,64,2,106,2022-12-18,0.72,2,274,0,00000126170
1060922,The Epsilon Suite 59 - Modern flat @ City center,5841701,Yiorgos,,Thessaloniki,40.6346435546875,22.94386863708496,Entire home/apt,68,4,87,2025-06-14,0.60,1,255,8,00001237460
1117177,Kripis Studio Thessaloniki No3,1193625,,,Thessaloniki,40.64126,22.95705,Entire home/apt,46,7,9,2023-08-12,0.10,6,338,0,1133335
1397321,Kripis Studio Thessaloniki No5,1193625,,,Thessaloniki,40.6396,22.95499,Entire home/apt,54,7,1,2020-01-01,0.01,6,173,0,Exempt
2086784,Waterfront #8Design - Bubblegum Box,10654206,Alexandra,,Thessaloniki,40.63177,22.94171,Entire home/apt,33,1,844,2025-06-21,6.03,26,332,81,00000352450
2174678,Art Gallery Center Apartment,7591507,Alexandros,,Thessaloniki,40.62761,22.94842,Entire home/apt,,2,113,2025-05-16,1.02,1,335,7,00000510135
2417714,Thessaloniki Central Cozy Apartment wifi,12356276,Yiannis,,Thessaloniki,40.6415,22.94488,Entire home/apt,46,2,524,2025-06-07,3.80,2,361,32,00000357571
2525130,Luxurious fabulous modern studio - Panorama centre,12928977,Despina,,Pilea – Chortiatis,40.5926,23.03319,Entire home/apt,83,3,5,2021-07-04,0.05,2,0,0,00000040650
2639807,Apollon - Central apartment,13516901,Ioulianos,,Thessaloniki,40.63948,22.93883,Entire home/apt,90,2,107,2022-04-17,0.79,1,331,0,00000161920
2656518,The bohemian studio by the centre,13597375,Filitsa,,Thessaloniki,40.60826,22.96228,Entire home/apt,33,2,135,2025-05-11,0.99,6,351,11,00002237438
2788858,Waterfront #7Design - CozyCityCenter Flat,10654206,Alexandra,,Thessaloniki,40.63176,22.94171,Entire home/apt,37,1,765,2025-06-21,5.63,26,325,76,00000352868
3276780,"Apartment in Ano Poli, Thessaloniki",16565876,Stathis,,Thessaloniki,40.63801,22.95393,Entire home/apt,20,1,113,2018-09-04,0.86,1,247,0,
3810102,Mi Casa es Tu Casa,18863492,Sofia,,Thessaloniki,40.60335,22.9698,Entire home/apt,,3,13,2025-01-03,0.52,1,111,3,00002042894
3923918,Luxury  studio city,20326948,,,Thessaloniki,40.6119,22.97425,Entire home/apt,52,2,132,2025-03-30,1.01,2,338,8,00000147644
3929429,Thessaloniki Central Apartment wifi,12356276,Yiannis,,Thessaloniki,40.63684,22.95384,Entire home/apt,41,2,500,2025-05-25,3.81,2,358,34,00000283257
4126656,Cosy room + wi-fi in central flat,21406334,Maria,,Thessaloniki,40.64054870605469,22.94223976135254,Private room,42,2,1,2016-10-01,0.01,1,272,0,
4186142,CityCenter Eclectic - #3Design CozyFlat,10654206,Alexandra,,Thessaloniki,40.64179,22.94335,Entire home/apt,45,1,713,2025-06-21,5.46,26,315,78,00003212281
4467736,Mini suite neighboring the centre,13597375,Filitsa,,Thessaloniki,40.60973,22.96299,Entire home/apt,34,2,106,2025-06-08,0.84,6,361,9,00002237464
4521414,Charming warm apartment 85qm near city centre,23424804,Glykeria,,Thessaloniki,40.61004,22.95851,Entire home/apt,54,4,8,2018-05-13,0.07,1,343,0,00000180466
4530300,Luxury studio,20326948,,,Thessaloniki,40.61252,22.97284,Entire home/apt,52,2,110,2025-02-24,0.85,2,364,10,00000147622
4560699,Velis apartment Thessaloniki,7886224,Velissarios,,Kalamaria,40.57776,22.94626,Entire home/apt,106,2,22,2025-02-06,0.18,1,20,3,00000262565
5170079,"""The House of Art"" - 2' from Metro Station",26719518,Eliana,,Thessaloniki,40.59598,22.96054,Private room,380,1,427,2025-01-19,3.67,1,89,26,00000034826
5499527,Super Stylish Central Studio,14213975,Konstantinos,,Thessaloniki,40.63542,22.9434,Entire home/apt,33,2,637,2025-06-09,5.16,1,330,43,00000214056
5520086,♠ Apartment next to University ♠,17489165,Andrew,,Thessaloniki,40.63086,22.95325,Entire home/apt,31,4,74,2024-10-29,0.59,3,291,5,00002500107
5605342,Central Modern 500m White Tower,10383013,Maria,,Thessaloniki,40.6173,22.95655,Entire home/apt,,2,17,2016-09-18,0.14,1,363,0,
5693168,CityCenter Gem - #2Design CozyQuiet Flat,10654206,Alexandra,,Thessaloniki,40.64179,22.94335,Entire home/apt,34,1,442,2025-06-21,3.54,26,321,50,00003213076
5702461,Houseloft Koromila Sea View,29565272,Houseloft,,Thessaloniki,40.63002,22.94411,Entire home/apt,136,1,283,2025-05-29,2.29,23,332,34,00003199366
6279775,Waterfront #9Design - CozyCityCenter Studio,10654206,Alexandra,,Thessaloniki,40.63176,22.94171,Entire home/apt,33,1,749,2025-06-18,6.07,26,348,80,00000352460
6332299,Homy cosy studio towards the centre,13597375,Filitsa,,Thessaloniki,40.6097,22.96191,Entire home/apt,33,2,42,2025-06-03,0.35,6,334,3,00002237422
6408303,Studio / top floor / city center,33423195,Chris,,Thessaloniki,40.62843,22.9536,Entire home/apt,,5,116,2025-06-12,0.98,1,289,23,00000124467
6408408,EVANGELIA: Only Good News Here...,33423743,Evangelia,,Thessaloniki,40.64017,22.94416,Private room,28,1,66,2022-10-04,0.54,1,296,0,00000378638
6410244,Entire apartment with Beautiful City View,26233123,Anna,,Neapolis – Sykeon,40.64023,22.96214,Entire home/apt,38,14,22,2023-07-12,0.18,1,322,0,00000315575
6478641,Apartment in the Historical Center of Thessaloniki,33849266,Athanasios,,Thessaloniki,40.64114,22.94394,Entire home/apt,71,3,195,2025-06-14,1.61,1,320,14,00000091790
6565113,High-end luxury apartment,34341328,Βασίλης,,Thessaloniki,40.6147,22.96317,Entire home/apt,41,2,255,2025-05-20,2.09,2,36,19,00000475290
6682912,thess1home,34979760,,,Pilea – Chortiatis,40.59153,22.97563,Entire home/apt,63,1,232,2024-11-10,1.91,9,140,2,00002931076
6773050,Penthouse in the City Centre !!,25211962,Elina,,Thessaloniki,40.63547,22.93888,Entire home/apt,,3,83,2024-11-08,0.69,1,0,11,00003249285
6781712,Cozy & central flat with great view,35502056,,,Thessaloniki,40.62205,22.9539,Private room,75,5,52,2022-09-11,0.43,1,364,0,00000161024
6831358,Trie City Experience,6077150,Evangelia,,Thessaloniki,40.62928,22.94926,Entire home/apt,,3,183,2024-07-24,1.51,1,78,1,00003051843
7078544,F & B Collection - Escape Avenue URBAN,31131449,Dimitris,,Kalamaria,40.58343,22.96511,Entire home/apt,41,6,138,2025-05-06,1.15,50,357,4,00002533720
7609332,Ιn the heart of Thessaloniki 4 bd 180sqm apt,9531550,Katerina,,Thessaloniki,40.62995,22.94825,Entire home/apt,115,2,406,2025-06-09,3.38,13,257,56,00001111422
7710541,Tailor's Suites #1,40505568,Thanos,,Thessaloniki,40.6394717,22.9384145,Entire home/apt,37,1,62,2025-06-17,2.17,2,354,23,00002470248
7721006,Άνετο vintage διαμέρισμα με μεγάλο μπαλκόνι,25979571,Vasilia,,Thessaloniki,40.63551,22.95409,Entire home/apt,37,7,39,2025-04-21,0.35,1,336,4,00002248380
7766335,SWEET  Home 15'from airport @15'from center,40585741,Χριστινα,,Thessaloniki,40.60098,22.96422,Entire home/apt,32,2,278,2025-01-05,2.33,1,308,26,00000378810
8163226,Single room,43087202,Dimitra,,Ampelokipon – Menemeni,40.65041,22.93347,Private room,16,14,23,2025-03-11,0.22,2,145,5,00000239172
8214869,Downtown Central Cozy3BD - #8Design Flat,10654206,Alexandra,,Thessaloniki,40.63719,22.95002,Entire home/apt,86,1,763,2025-06-21,6.42,26,331,110,00000361169
8269518,98m2 with Sea view and Parking spot | New,24967117,Angeliki,,Thessaloniki,40.61389856135103,22.98510415717036,Entire home/apt,67,9,1,2025-06-17,1,1,347,1,01244186707
8289122,"Modern, central penthouse with view.",43704234,Elen,,Thessaloniki,40.6471061706543,22.918548583984375,Entire home/apt,80,3,146,2025-05-13,1.26,1,365,5,00002700223
8330733,Villa in Thessaloniki,43914534,Anastasios,,Pilea – Chortiatis,40.57767,23.03114,Entire home/apt,131,2,47,2025-06-02,0.40,1,333,6,00000097550
8350326,"""Feels like taking home with you""!",8862760,Aimilios,,Kalamaria,40.58279,22.9658,Entire home/apt,60,2,38,2024-10-28,0.33,1,61,4,00000201604
8421814,The most central apartment for 4 people!,43867149,Thekla,,Thessaloniki,40.63437,22.9455,Entire home/apt,64,1,141,2025-05-25,1.19,1,262,6,00001651848
8537784,Downtown in Old Town with view!,44948995,Maro & Anna,,Thessaloniki,40.63928,22.95502,Entire home/apt,52,15,95,2024-10-02,0.81,1,290,1,00000288889
8540269,Vintage 1930's flat in the center of Thessaloniki,44960779,George,,Thessaloniki,40.63995,22.94543,Entire home/apt,40,2,222,2025-06-20,2.51,1,242,10,00000037066
8609770,Passer Domesticus - Unique Living,24114811,Babis,,Thessaloniki,40.63712,22.93944,Entire home/apt,60,2,86,2025-02-02,0.90,1,244,4,00000328868
8610663,5* LOFT PILAIA -splendid view 360*,35478692,Paris,,Pilea – Chortiatis,40.60246,22.99553,Entire home/apt,,3,49,2024-11-15,0.43,1,0,2,00000162447
8820310,The SuperHeroes Apartment,1900494,Vassilis,,Thessaloniki,40.59944,22.97574,Entire home/apt,95,3,76,2025-04-29,0.65,1,179,3,00000434923
8987878,Elegant studio in Aristotelous Square,37912682,Βασιλικη,,Thessaloniki,40.63295,22.94004,Private room,70,2,143,2025-06-15,1.22,1,351,15,00000328857
9020776,Modern Cozy Studio (city center),24759607,Georgios,,Thessaloniki,40.6407,22.93661,Entire home/apt,31,3,192,2025-06-10,1.65,1,133,17,00000384426
9152529,Comfortable rooms 15' min to center.,25449575,Jannis,,Thessaloniki,40.61383,22.97486,Private room,24,1,123,2025-06-09,1.05,2,355,13,00001676557
9184637,Lovely flat at the historic center,47786468,Gregory,,Thessaloniki,40.6304,22.951,Entire home/apt,90,31,56,2020-02-16,0.50,1,54,0,00000256438
9248334,"Central, bright 2-BD Apt. WiFi, in a prvt building",48055342,Pavlos And Ioanna,,Thessaloniki,40.63813,22.95126,Entire home/apt,62,3,99,2025-05-31,0.93,2,364,4,00000168347
9327845,"Sweet Home 1 # Natural Life, 20' from city center",43603727,Ioanna - Kostas,,Neapolis – Sykeon,40.65562057495117,22.9864444732666,Entire home/apt,50,2,44,2025-05-09,0.39,2,150,12,00000477107
10133783,Thess1Home Premium [new 2016],34979760,,,Kalamaria,40.57659,22.96432,Entire home/apt,95,1,353,2025-04-24,3.08,9,158,6,00002465960
10483750,CITY CENTRAL 1 BEDROOM FLAT,54039142,Dimitris,,Thessaloniki,40.63305,22.94936,Entire home/apt,,1,28,2021-07-21,0.24,1,0,0,00000157608
10579877,Sunny & Happy apartment in Historical center,3688135,Marianna,,Thessaloniki,40.63202244549462,22.952944278717062,Entire home/apt,75,2,141,2025-06-19,1.26,1,253,22,00000427734
10983314,"Balcony #5Design - SeaSideView, CityCenter Studio",10654206,Alexandra,,Thessaloniki,40.63176,22.94171,Entire home/apt,40,1,855,2025-06-04,7.51,26,304,89,00003214036
10988905,"Central, smart choice for 1 - 4 prs",57017231,Anninos,,Thessaloniki,40.61398,22.95581,Entire home/apt,37,3,94,2025-03-19,0.83,1,151,2,00000289500
11001184,modern&comfortable apartment  Euosmos Thessaloniki,57087329,Anastasia,,Kordelio – Evosmos,40.66664,22.91616,Entire home/apt,,2,45,2025-06-01,0.41,1,309,7,00000143231
11033155,Spiti mas,47104896,,,Thessaloniki,40.5992577,22.95498,Entire home/apt,56,2,3,2025-06-09,0.35,1,359,3,00002860896
11297354,Acheiropoietos Apartment,25201186,Vasilis,,Thessaloniki,40.63513946533203,22.94681167602539,Entire home/apt,135,2,14,2025-04-28,0.18,1,342,5,00000462280
11307085,Apartment Thessaloniki,26302519,Joulia,,Thessaloniki,40.60729,22.96807,Entire home/apt,81,3,11,2024-02-05,0.12,1,178,0,00000370843
11333610,Comfortable rooms 15' min to center,25449575,Jannis,,Thessaloniki,40.61432,22.97565,Private room,23,1,113,2024-12-29,1.00,2,327,7,00001676599
11382498,MaziRooms 1.1,59687021,Pau,,Thessaloniki,40.63797,22.94272,Entire home/apt,45,2,190,2025-05-28,1.68,14,358,6,00002294476
11415222,#FLH - Authentic Retro Flat in CityCenter,9244884,FeelsLikeHomeGR,,Thessaloniki,40.62999,22.95225,Entire home/apt,121,1,107,2025-04-28,0.95,19,136,7,00002504454
11462299,"Amazing view,downtown luxurious 2bd",16478745,Ioanna,,Thessaloniki,40.63039326011929,22.949924057671712,Entire home/apt,68,2,365,2025-06-07,3.30,6,315,50,00003013990
11541483,Downtown apartment,60890376,Mariam,,Thessaloniki,40.621895,22.953457,Entire home/apt,57,1,185,2025-06-08,1.66,1,347,13,00001869877
11651643,City center elegant loft,36326447,Stamatis,,Thessaloniki,40.63377,22.94019,Entire home/apt,140,3,59,2019-07-25,0.62,2,364,0,00000209181
11663126,"Modern Urban Studio, Skg City Centre",5617850,Tina,,Thessaloniki,40.63129,22.94986,Entire home/apt,55,15,126,2025-05-12,1.12,2,103,5,00002521280
11663312,Εthnic apartment in heart of city centre,5617850,Tina,,Thessaloniki,40.63127,22.94997,Entire home/apt,,5,102,2024-10-31,0.91,2,0,1,00002969757
11789259,Lovely Studio in old city center with priv Parking,193416558,Vasilis,,Thessaloniki,40.6387107,22.9554154,Entire home/apt,42,55,122,2024-11-14,1.09,1,89,8,00000260808
11856321,Classic Villas Ouziel,13574689,,,Thessaloniki,40.5947,22.95292,Entire home/apt,257,4,26,2023-09-02,0.23,1,365,0,0933Κ91000768401
11926568,"BIG MODERN CENTER APARTMENT, BALCONY AND PARKING#1",59212565,Dimitris,,Thessaloniki,40.64631,22.9252,Entire home/apt,66,1,534,2025-06-15,4.74,1,131,88,00000538605
12070194,apartment Nikos,17305188,Nikolaos,,Kalamaria,40.57752,22.9514,Entire home/apt,98,3,10,2023-11-06,0.09,1,70,0,00000007814
12085965,The NEW Aristotelous Boarding house 90 τ.μ sq.m,31923782,Theodora,,Thessaloniki,40.6333,22.94074,Entire home/apt,250,1,7,2024-10-26,0.06,1,307,1,00002279819
12106564,Upper 6 Residence,64917515,Jose,,Thessaloniki,40.638004,22.94009,Entire home/apt,151,3,72,2025-05-31,0.66,1,183,8,00000619201
12145518,"karen studio in Old Town, Thessaloniki",22756563,Konstantinos,,Thessaloniki,40.63917,22.95615,Entire home/apt,32,7,47,2025-04-05,0.45,1,62,8,00000295954
12163783,Central 2-room apartment,45888139,Olia & Stelios,,Thessaloniki,40.62859,22.953062,Entire home/apt,45,2,213,2025-06-11,1.99,1,151,24,00000291461
12238767,"Thess1Home Relax [new, May 2016]",34979760,,,Pilea – Chortiatis,40.59152,22.97576,Entire home/apt,78,1,167,2025-04-11,1.51,9,170,11,00002930892
12262261,#FLH - The Place To Be next to Ancient Agora,9244884,FeelsLikeHomeGR,,Thessaloniki,40.63728,22.94701,Entire home/apt,69,1,72,2024-08-18,0.65,19,169,3,00003181347
12293989,Penny's luxury city apartment,14950487,Panagiota,,Thessaloniki,40.64474365040625,22.941653088885502,Entire home/apt,41,1,4,2024-10-13,0.17,1,325,1,00002120476
12360708,Modern Central Fully Equipped Apart,29452692,Dimitris And Paki,,Thessaloniki,40.618106842041016,22.954917907714844,Entire home/apt,90,2,127,2023-11-14,1.14,1,143,0,00000554944
12372555,"Amazing location, with bay views!",53772040,Rolando,,Thessaloniki,40.60738,22.95249,Entire home/apt,43,30,28,2024-07-14,0.25,1,275,1,00000410695
12472289,Center/Bright/Balcony/Great view/WF,63960745,Antonis,,Thessaloniki,40.63528,22.95292,Entire home/apt,43,2,287,2025-06-09,2.60,4,180,24,00000495931
12606597,Studio 48,54756606,Roxani,,Pilea – Chortiatis,40.58685,23.03448,Entire home/apt,115,3,2,2023-09-11,0.02,1,363,0,1006290
12654178,Feel like home,49978437,Magdalena,,Thessaloniki,40.63794,22.93946,Entire home/apt,41,2,148,2025-05-31,1.36,1,264,19,00000574440
12759457,Terrace studio in Old Town,43526191,Kelly,,Thessaloniki,40.64059,22.95602,Entire home/apt,,3,148,2025-06-13,1.35,1,0,12,00000027429
12765235,Luxury Living Apartments And Spa- No21,53934947,Vasilis,,Thessaloniki,40.63034,22.94695,Entire home/apt,,1,8,2024-10-20,0.08,7,363,2,00000023443
12767915,Luxury Living Apartments - No22,53934947,Vasilis,,Thessaloniki,40.63034,22.94695,Entire home/apt,,1,6,2022-11-06,0.06,7,360,0,00000008520
12820336,lovely little quiet apartment,69929135,Elena,,Pavlou Mela,40.68322,22.93438,Entire home/apt,34,2,70,2023-07-02,0.63,1,65,0,00001369903
12839242,Million dollars view,70104544,Κωνσταντινος,,Thessaloniki,40.64123,22.95175,Entire home/apt,40,2,133,2021-10-26,1.20,1,352,0,00000144789
12926477,white tower city center loft,70494327,Hlias,,Thessaloniki,40.62753,22.94931,Entire home/apt,47,1,323,2025-06-07,4.35,2,76,64,00001751175
13113431,"The Little GReeNce, by Zormir! The one and only!",32221596,Dimitrios,,Thessaloniki,40.63422,22.95365,Entire home/apt,17,90,38,2020-02-28,0.35,1,364,0,
13118440,I love this place,72982575,Jenny,,Thessaloniki,40.59691,22.9733,Entire home/apt,70,4,6,2021-09-05,0.05,1,87,0,00000504540
13218557,Mazi Rooms 1.2,59687021,Pau,,Thessaloniki,40.63812,22.94275,Entire home/apt,50,2,137,2025-05-07,1.25,14,365,4,00002294582
13223162,Cosy modern apartment,71808744,John,,Thessaloniki,40.59188,22.96074,Entire home/apt,50,2,131,2025-06-11,1.19,1,254,4,00000362650
13240426,"Comfortable, bright, 71 m²,  parking-easy free",74062141,Κώστας,,Neapolis – Sykeon,40.6519928,22.9484445,Entire home/apt,71,1,197,2025-06-22,1.79,1,354,20,00000044475
13277703,villa loco lav,74839332,Κωστας,,Thessaloniki,40.60199,22.97101,Entire home/apt,100,10,5,2016-09-24,0.05,1,89,0,
13311881,"Penthouse apartment with view, close to the center",75230884,Amalia,,Neapolis – Sykeon,40.64901,22.93844,Entire home/apt,34,2,307,2022-07-30,2.80,1,174,0,00000337588
13440422,♣ Modern Apartment with Terrace ♣,17489165,Andrew,,Thessaloniki,40.63815,22.93667,Entire home/apt,39,4,105,2025-06-12,0.96,3,165,1,00002500095
13511324,Bright Charming Apartment,77554386,Yannis,,Thessaloniki,40.64497,22.92974,Entire home/apt,42,4,52,2025-06-22,0.48,1,82,10,00000418796
13579817,Apartment in listed building in historical centre,78373548,Dimitris,,Thessaloniki,40.631462,22.947037,Entire home/apt,,1,154,2025-06-15,1.41,1,282,23,00000453877
13637342,Family friendly apartment,79093986,Ioanna,,Kalamaria,40.56893,22.96022,Entire home/apt,50,2,62,2025-06-09,0.63,1,210,10,00000012742
13721480,Escape ... in style // Downtown Seaside Gate_301,80206409,Mike,,Thessaloniki,40.63145,22.94071,Entire home/apt,35,1,387,2025-06-09,3.57,12,320,29,00003014010
13814156,Cosy 1 bedroom apartment at the heart of the city,81323610,Galateia,,Thessaloniki,40.63039,22.95314,Entire home/apt,48,2,36,2025-05-04,0.33,1,15,10,00002841923
13870009,Escape ... in style // Downtown Seaside Gate_302,80206409,Mike,,Thessaloniki,40.63176,22.94171,Entire home/apt,41,1,329,2025-06-09,3.03,12,321,36,00003014068
13886914,Escape ... in style // Downtown Seaside Gate_304,80206409,Mike,,Thessaloniki,40.63176,22.94171,Entire home/apt,36,1,393,2025-05-04,3.65,12,328,29,00003014111
13887094,Escape ... in style // Downtown Seaside Gate_305,80206409,Mike,,Thessaloniki,40.63176,22.94171,Entire home/apt,49,1,298,2025-05-31,2.74,12,334,27,00003014169
13888976,Beautiful Cosy Sea view Apartment near CityCenter!,75326711,Vagelis,,Thessaloniki,40.64239,22.94914,Entire home/apt,38,2,79,2024-10-01,0.73,3,267,5,00000487443
13894892,Mazi Rooms 1.3,59687021,Pau,,Thessaloniki,40.63807,22.94273,Entire home/apt,44,2,251,2025-05-26,2.31,14,354,9,00002294678
13903922,Escape ... in style // Downtown Seaside Gate_306,80206409,Mike,,Thessaloniki,40.63176,22.94171,Entire home/apt,34,1,381,2025-05-25,3.52,12,272,24,00003014180
13909705,Tiny escape,82496628,Stella,,Thessaloniki,40.64217,22.95107,Entire home/apt,33,2,9,2025-04-06,0.09,2,200,2,00000277312
13992175,Magnificent view  Loft Near CityCenter,75326711,Vagelis,,Thessaloniki,40.64155,22.94931,Entire home/apt,38,2,156,2025-06-13,1.44,3,344,13,00000487352
13993488,Dreamy Attic Roomy Sea View Loft near City Center,75326711,Vagelis,,Thessaloniki,40.64337,22.94978,Entire home/apt,36,2,123,2025-06-08,1.14,3,342,12,00000487545
14078585,CENTRAL APARTMENT,148500579,George,,Thessaloniki,40.63614,22.94994,Entire home/apt,177,10,192,2020-06-10,1.77,1,365,0,00000870143
14135392,Luxury Living Apartments - No31,53934947,Vasilis,,Thessaloniki,40.63034,22.94695,Entire home/apt,,1,3,2024-07-04,0.03,7,358,1,00000023560
14227611,Your SKG House /Unique View/Kid Friendly/P/2bdrms,44486345,Αντώνιος-Πηνελόπη,,Thessaloniki,40.62142,22.9577,Entire home/apt,85,2,128,2025-06-07,1.21,2,343,9,00000177613
14242961,Waterfront #22Design - CozyCityCenter Flat,10654206,Alexandra,,Thessaloniki,40.63176,22.94171,Entire home/apt,33,1,685,2025-06-19,6.37,26,309,96,00000379857
14243826,Waterfront #21Design - CozyCityCenter Flat,10654206,Alexandra,,Thessaloniki,40.63176,22.94171,Entire home/apt,55,1,773,2025-06-21,7.16,26,324,95,00000379915
14246128,Waterfront #24Design - CozyCityCenter Flat,10654206,Alexandra,,Thessaloniki,40.63176,22.94171,Entire home/apt,32,1,640,2025-06-09,5.92,26,329,70,00000379835
14246742,Waterfront #25Design - CozyCityCenter Flat,10654206,Alexandra,,Thessaloniki,40.63177,22.94171,Entire home/apt,54,1,639,2025-06-22,5.91,26,325,88,00000379788
14325198,Cosy flat in city center,43317900,Anna,,Thessaloniki,40.63329,22.94866,Entire home/apt,92,30,0,,,1,364,0,
14333612,Aristotelous Modern Flat,68821322,Nektarios,,Thessaloniki,40.6374,22.94383,Entire home/apt,71,2,248,2025-06-11,2.30,1,262,33,00000041159
14617345,Home sweet Home!,43812179,Christopher,,Thessaloniki,40.61137,22.95806,Entire home/apt,50,3,47,2025-01-02,0.44,1,59,3,00000137465
14765140,Stylish Apartment 80sq.m in the heart of the city,92089947,Lianna,,Thessaloniki,40.63508,22.94791,Entire home/apt,63,2,7,2017-08-05,0.07,1,363,0,
14796869,Tiny Loft Studio 17m² in the heart of Thessaloniki,32602396,Dimitrios,,Thessaloniki,40.63396,22.94563,Entire home/apt,29,2,208,2024-12-26,1.95,1,154,1,00000982674
14890837,Modern Turnkey 1Bdr+ 2nd study room- near sea,24603505,Daisy,,Thessaloniki,40.59414,22.95301,Entire home/apt,67,2,2,2023-02-28,0.06,1,360,0,00001489955
14896655,Luxurious Maisonette in Thessaloniki,93491611,Maria,,Thessaloniki,40.62442,22.97275,Entire home/apt,133,2,69,2024-09-10,0.65,1,364,1,00001853277
14915461,Sweet Home!!,77882456,Kalliniki,,Thessaloniki,40.60401,22.96226,Entire home/apt,31,2,219,2025-06-15,2.05,2,52,29,00000573763
14926217,Stellar Penthouse City Center,9823777,Augusta,,Thessaloniki,40.63907,22.94966,Entire home/apt,55,2,115,2024-11-11,1.13,1,343,5,00000302442
14972838,GINA'S APARTMENT,94316012,Asteris,,Thessaloniki,40.600174,22.956545,Entire home/apt,60,2,22,2023-06-05,0.54,1,111,0,00001422930
15004759,Remodeled Apartment with Terrace in the City Center,16140365,Harry,,Thessaloniki,40.62135,22.95513,Entire home/apt,124,5,112,2025-04-28,1.05,1,111,1,00000099529
15217155,Lovely place in the Centre of Thess!!,96689226,Ioannis,,Thessaloniki,40.63140106201172,22.949634552001953,Entire home/apt,44,6,36,2025-05-31,0.34,1,123,1,00000366065
15253183,"Warm, cozy & comfortable apartment!!",93261263,Christos,,Thessaloniki,40.64877,22.91986,Entire home/apt,,2,42,2022-10-15,0.40,1,0,0,00000038470
15277594,Elegant Supercentral Apartment,97216720,Petros,,Thessaloniki,40.63194,22.94368,Entire home/apt,67,2,91,2025-06-11,0.95,1,83,13,00000017798
15349145,Charming Home in the Heart of Thessaloniki,27599375,Dominiki,,Thessaloniki,40.62926,22.9461,Entire home/apt,69,2,240,2024-08-12,2.26,1,14,4,00000116580
15494686,Rain Apartments: Spacious House 15' from Center,99504003,Alexandros,,Thessaloniki,40.62957,22.9671,Entire home/apt,63,2,223,2025-06-23,2.11,1,255,21,00002860774
15519018,"Downtown Thessaloniki 37sm, sunny & refurbished",99747969,George,,Thessaloniki,40.63669,22.94424,Entire home/apt,38,2,205,2025-06-08,1.94,1,126,36,00000437265
15526140,Aristotelous Square Apartment,52755258,Angelos,,Thessaloniki,40.63238,22.94206,Entire home/apt,99,1,252,2025-06-06,2.72,1,184,38,00000341925
15533578,"Central, bright 1-BD Apt. WiFi, in a prvt building",48055342,Pavlos And Ioanna,,Thessaloniki,40.63789,22.95107,Entire home/apt,62,3,100,2025-04-06,0.95,2,364,2,00000168530
15558515,Nice and clean studio in Thessaloniki Center :),15229046,Alina,,Thessaloniki,40.61907,22.95643,Entire home/apt,30,5,66,2025-04-30,0.63,1,16,9,00000331484
15569577,the wall bnb / downtown apartment / museums area,100287175,Giorgos,,Thessaloniki,40.63083,22.95147,Entire home/apt,63,2,304,2025-06-04,2.89,2,338,39,00001733411
15726010,alexandros house,57417006,Αλεξανδρος,,Ampelokipon – Menemeni,40.64994215523798,22.930452230688477,Entire home/apt,,2,2,2023-11-12,0.09,1,21,0,00002320806
15809727,Τhess1home Central,101074682,Panagiotis,,Thessaloniki,40.61592,22.95562,Entire home/apt,,1,158,2024-07-21,1.53,1,164,1,00002867373
15819752,apartment villa panorama,88525295,Θεοδοσία,,Pilea – Chortiatis,40.58525,23.0274,Entire home/apt,73,1,8,2025-06-23,0.09,1,259,6,00002586739
15863041,"Thea Apartments ""Melite""",1619493,Georgios,,Thessaloniki,40.64464,22.92364,Entire home/apt,45,20,60,2024-12-29,0.58,10,151,1,00000396817
15868940,Cosy Penthouse (up to 6 guests) in the CityCentre,92718261,Triantafyllos Xanthopoulos,,Thessaloniki,40.63853,22.94914,Entire home/apt,55,1,297,2025-05-31,2.84,1,89,4,00000445200
15972249,Panoramic View Lux Penthouse Apartment,103706671,Ανεστης,,Thessaloniki,40.6099981,22.9592021,Entire home/apt,70,2,1,2024-07-15,0.09,1,266,1,00002335506
16115782,Navarinou sq.-ancient ruins view-lux 2BD apartment,16478745,Ioanna,,Thessaloniki,40.63065,22.94789,Entire home/apt,,2,355,2025-06-01,3.41,6,319,49,00000070690
16182856,modeRnEST.6,27837960,Χρήστος,,Thessaloniki,40.63884,22.94233,Entire home/apt,100,3,31,2025-03-31,0.30,1,140,2,00000136596
16376696,Beautiful apartment Excellent location!,25021710,Eleni,,Thessaloniki,40.6304,22.95053,Entire home/apt,63,2,383,2025-06-22,3.74,1,286,46,00000074770
16409325,city center panoramic view appartment 50sqm,107517588,Τιμολέων,,Thessaloniki,40.64291,22.93906,Entire home/apt,143,3,82,2025-02-10,0.79,12,359,1,00000479705
16490221,Exotic Home Paradise!,77882456,Kalliniki,,Thessaloniki,40.6044,22.95616,Entire home/apt,27,2,263,2025-06-22,2.58,2,70,34,00000573730
16528765,Waterfront #41Design - CozyCityCenter Flat,10654206,Alexandra,,Thessaloniki,40.63176,22.94171,Entire home/apt,43,1,750,2025-06-22,7.27,26,295,105,00003013289
16530054,Waterfront #42Design - CozyCityCenter Flat,10654206,Alexandra,,Thessaloniki,40.63179,22.94161,Entire home/apt,33,1,717,2025-06-21,6.95,26,317,92,00000379959
16554157,East Coast/Ανατολική Ακτή* με φυσικό αέριο,108992327,Katerina,,Kalamaria,40.56723,22.96061,Entire home/apt,82,1,133,2025-03-15,1.29,3,232,9,00000422420
16745492,Single room,43087202,Dimitra,,Ampelokipon – Menemeni,40.64946,22.93312,Private room,16,14,14,2025-05-19,0.16,2,84,3,00001777918
16810028,A modern and cosy small apartment in the city WiFi,63960745,Antonis,,Thessaloniki,40.63771,22.95217,Entire home/apt,34,2,206,2025-01-04,2.01,4,85,14,00002442261
16821459,"Unique, designer penthouse with side seaview",38521725,Natalia,,Thessaloniki,40.62829,22.94672,Entire home/apt,48,2,184,2025-06-01,1.87,1,239,19,00000340976
16886628,Urban Living 301,112627287,Urban Living,,Thessaloniki,40.63844,22.94716,Entire home/apt,62,3,50,2024-12-29,0.49,9,153,1,00001290756
16951710,Central studio. Amazing harbor view. Free wi-fi,41049210,Kostas,,Thessaloniki,40.63773,22.94768,Entire home/apt,28,5,172,2025-03-24,1.68,1,105,15,00000018802
17088293,City Centre Landmark House,113832848,Katerina,,Thessaloniki,40.63181,22.94632,Entire home/apt,,1,120,2025-05-24,1.19,1,350,9,00000217385
17105814,m&m Βallerinas home Τhessaloniki,114838593,George,,Thessaloniki,40.61513,22.95492,Entire home/apt,53,1,264,2025-05-11,2.60,4,364,19,00002397719
17131458,Sweet house of colours near city centre,115150030,Anastasia,,Thessaloniki,40.64301,22.94989,Entire home/apt,27,2,103,2025-06-06,1.02,1,192,9,00000487647
17309553,New elegant Studio in the center of Thessaloniki,116807177,Ioannis,,Thessaloniki,40.61352,22.95829,Entire home/apt,23,1,238,2025-06-13,2.39,3,322,11,00002616029
17324113,White Tower Minimal Apartment,116940775,Exelixis Team,,Thessaloniki,40.62849,22.94913,Entire home/apt,67,2,109,2025-05-06,1.08,1,47,7,00001871611
17364551,midtown arc studio,85343189,Stelios,,Thessaloniki,40.63422,22.94579,Entire home/apt,41,3,261,2025-06-09,2.58,1,164,34,00000102250
17457292,Mazi Rooms 1.4,59687021,Pau,,Thessaloniki,40.63812,22.94275,Entire home/apt,43,2,242,2025-06-07,2.39,14,359,5,00002294700
17504339,120 sqm  4 bd Aristotelous  Loft apartment,9531550,Katerina,,Thessaloniki,40.63363,22.94161,Entire home/apt,100,2,326,2025-06-09,3.24,13,282,37,00000439921
17620629,AiR Waterfront Nikis Apartment,988264,Architecture In Residence,,Thessaloniki,40.63011,22.94362,Entire home/apt,126,1,224,2025-06-10,2.24,3,182,30,00001715183
17636290,Modern Aristotelous Studio with a Magic Balcony,93145510,Vasilis,,Thessaloniki,40.63413,22.94183,Entire home/apt,56,1,448,2025-05-28,4.48,7,227,52,00002760065
17647450,Luxury Apt PHILOXENIA in the Heart of Thessaloniki,120058200,Maria & Nikos,,Thessaloniki,40.6307,22.943,Entire home/apt,108,2,15,2025-05-11,0.15,1,365,3,00002342913
17661723,Big apartmnent in central area,52271945,Thalia,,Thessaloniki,40.60802,22.95288,Entire home/apt,75,10,1,2018-07-31,0.01,3,365,0,00002397357
17731226,Luxurious 2bd apartment at the Aristotelous Square,16478745,Ioanna,,Thessaloniki,40.6329345703125,22.94215965270996,Entire home/apt,66,2,194,2025-05-22,1.94,6,270,32,00000070757
17755730,Business Flat Stavroupoli,117477639,George,,Pavlou Mela,40.66626,22.93545,Entire home/apt,92,2,0,,,1,2,0,00002499140
17816462,Cosy Apt Thessaloniki,74334773,Georgio,,Thessaloniki,40.63423,22.94205,Entire home/apt,57,3,27,2024-09-17,0.27,1,364,3,00000321636
17988579,Sun City View Thessaloniki,45220885,Angelos,,Pavlou Mela,40.6673,22.93403,Entire home/apt,60,3,41,2025-03-25,0.41,2,159,1,00000294214
18051125,#FLH - Urban Dream - Downtown,9244884,FeelsLikeHomeGR,,Thessaloniki,40.63887,22.94234,Entire home/apt,84,1,141,2025-06-07,1.41,19,146,4,00003247791
18065208,"An apartment in the city's ""heart""! (ΑΜΑ 95229)",2930506,Sinodios,,Thessaloniki,40.62866,22.94675,Entire home/apt,,1,139,2025-05-24,1.48,1,137,29,00000095229
18154229,Budget cozy studio,111705455,Andrei,,Thessaloniki,40.64438,22.93902,Entire home/apt,57,2,24,2018-05-13,0.24,10,364,0,1037314
18155324,Quiet spacious studio,111705455,Andrei,,Thessaloniki,40.64405,22.93758,Entire home/apt,32,2,43,2019-12-30,0.43,10,320,0,1037314
18162971,"Thea Apartments ""Calypso""",1619493,Georgios,,Thessaloniki,40.64464,22.92357,Entire home/apt,55,15,70,2025-06-07,0.71,10,115,1,00000396817
18164708,"Stylish, modern and comfortable apartment",1656384,Thanasis,,Thessaloniki,40.64035,22.94562,Entire home/apt,58,3,98,2025-06-10,0.99,1,28,31,00000156171
18201389,White Tower Luxury Apartment,21080448,Zoe,,Thessaloniki,40.62685,22.950199,Entire home/apt,53,1,198,2025-06-15,2.07,1,254,27,00000078706
18258487,Budget comfortable twin studio,111705455,Andrei,,Thessaloniki,40.64334,22.93781,Entire home/apt,49,2,51,2018-09-27,0.51,10,362,0,1037314
18265873,St Paul House,45875542,Sofoklis,,Neapolis – Sykeon,40.63447,22.96087,Entire home/apt,42,2,99,2025-01-01,1.00,2,365,2,00001385169
18304029,Budget triple loft,111705455,Andrei,,Thessaloniki,40.6441,22.93708,Entire home/apt,47,2,47,2021-12-19,0.47,10,362,0,1037314
18342117,Budget loft twin studio,111705455,Andrei,,Thessaloniki,40.63974,22.94422,Entire home/apt,44,1,92,2019-02-08,0.93,10,365,0,1037314
18354335,Semi-floor little room,111705455,Andrei,,Thessaloniki,40.64537,22.937901,Entire home/apt,23,2,7,2019-11-04,0.08,10,294,0,1037314
18363606,Central Navarinou square-exquisite 2bd apartment,16478745,Ioanna,,Thessaloniki,40.63064461046189,22.950170869313162,Entire home/apt,58,2,183,2025-06-06,1.85,6,267,29,00003207607
18367605,Sunny terrace house near citycentre,123710995,Stefania,,Thessaloniki,40.64384,22.95117,Entire home/apt,26,2,102,2025-02-28,1.03,2,191,5,00000487691
18369648,Budget chic loft,111705455,Andrei,,Thessaloniki,40.64473,22.937,Entire home/apt,46,2,54,2018-04-29,0.54,10,363,0,1037314
18370035,Low cost triple studio,111705455,Andrei,,Thessaloniki,40.6465,22.93683,Entire home/apt,,4,59,2018-08-31,0.59,10,362,0,1037314
18562502,Mazi Rooms 1.5,59687021,Pau,,Thessaloniki,40.63812,22.94275,Entire home/apt,53,2,203,2025-05-26,2.05,14,357,23,00002294721
18563384,Beautiful bachelor apartment in central area,52271945,Thalia,,Thessaloniki,40.60024,22.95397,Entire home/apt,50,30,2,2019-10-28,0.02,3,365,0,00000324284
18574940,PENTHOUSE SUITE In the city center,128968239,Konstantinos,,Thessaloniki,40.63641,22.93811,Entire home/apt,53,1,287,2025-06-14,2.91,13,76,2,00001862237
18578981,Stay Apartment,68185288,Athanasia And Vasilis,,Thessaloniki,40.61042,22.95397,Entire home/apt,65,1,20,2025-05-30,0.20,13,64,6,00001802968
18604364,TOP location Brand NEW apartment !,25683666,Alexandra,,Thessaloniki,40.63452,22.94825,Entire home/apt,72,2,270,2025-06-08,2.74,1,146,37,00000144858
18609939,Παραδοσιακο κτηριο στην Ανω Πολη με ξυλινη σοφιτα,129257949,Constantino,,Thessaloniki,40.6445,22.94307,Entire home/apt,,1,4,2024-10-13,0.05,6,0,1,0933K133K0466700
18664924,Historical city centre neoclassic apartment,3636352,Dimitra,,Thessaloniki,40.64025,22.94576,Entire home/apt,30,3,21,2024-10-28,0.22,2,28,1,00000470350
18715655,"#FLH - Boho Chic Apartment, Agia Sofia District",9244884,FeelsLikeHomeGR,,Thessaloniki,40.63379,22.94552,Entire home/apt,103,1,201,2025-03-09,2.04,19,116,2,00002504380
18823225,Sunny and Central:),131061327,Ιωάννα,,Thessaloniki,40.63966,22.94122,Entire home/apt,36,2,466,2025-06-22,4.76,2,332,59,00000020300
18867093,City Center Apartment near White Tower and Helexpo,131449058,Eva,,Thessaloniki,40.62061,22.95409,Entire home/apt,56,2,217,2025-06-08,2.22,1,239,4,00000082295
18922908,Konstantinos's Luxury studio,131894407,Konstantinos,,Thessaloniki,40.64507,22.94203,Entire home/apt,50,1,23,2025-03-16,0.24,3,349,3,00001798273
18926110,Waterfront #43Design - CozyCityCenter Flat,10654206,Alexandra,,Thessaloniki,40.63175964355469,22.941707611083984,Entire home/apt,55,1,726,2025-06-23,7.39,26,311,103,00000379868
18959007,Fabulous house in Panorama Thessaloniki,12928977,Despina,,Pilea – Chortiatis,40.59284,23.03594,Entire home/apt,219,2,0,,,2,0,0,00000040661
19009409,Greek Lifestyle Apartment,43205171,Marietta,,Kordelio – Evosmos,40.66467,22.91682,Entire home/apt,108,2,30,2023-10-29,0.31,1,178,0,00001312460
19032530,Modern studio in the heart of the city,132809872,Μαρία,,Thessaloniki,40.63214,22.94413,Entire home/apt,36,2,480,2025-06-20,4.93,1,264,68,00000002571
19034665,White Tower Guesthouse,20387484,Christos,,Thessaloniki,40.6284,22.94918,Entire home/apt,59,2,54,2025-06-02,0.56,1,364,3,00001869070
19068561,Apartment old town near centre! !!!,79386724,Nick,,Thessaloniki,40.643673,22.943687,Entire home/apt,43,1,99,2023-08-05,1.01,1,53,0,00000208202
19077300,"Sweet, small, sunny apartment in the city center",133203550,Theodoros,,Thessaloniki,40.637188489184474,22.946350613145032,Entire home/apt,39,3,412,2025-06-17,4.23,1,143,58,00000140616
19139915,Alex Apt in the city center,53262810,Nikos,,Thessaloniki,40.63802,22.94345,Entire home/apt,37,2,218,2025-05-26,2.23,1,87,27,00001097467
19219664,Διαμέρισμα πολυτελείας κέντρο Θεσσαλονίκης - Alice,132330763,Marina,,Thessaloniki,40.64066,22.93948,Entire home/apt,59,2,57,2023-12-31,0.60,1,364,0,00000364771
19235085,Villa at Panorama Thessaloniki,133895634,George,,Pilea – Chortiatis,40.58414,23.01876,Entire home/apt,148,5,2,2018-01-02,0.02,1,358,0,00000317222
19253287,Apartment in a listed building,134824651,Χαρούλα,,Thessaloniki,40.63099,22.94612,Entire home/apt,48,3,143,2025-06-23,1.47,1,348,38,00000202200
19304313,Kassandrou Apartment beautiful view !,129587760,Xrysa,,Thessaloniki,40.63622,22.95321,Entire home/apt,35,2,82,2022-05-30,0.86,1,0,0,00002876429
19312663,Arvanitidis Suites Romeo central luxury suite,108033866,Apostolos,,Thessaloniki,40.63684,22.9394,Entire home/apt,54,1,612,2025-06-08,6.30,9,361,55,00002379757
19314278,Liako’s House with amazing view in Thessaloniki,25815501,Ilias,,Thessaloniki,40.641475677490234,22.952167510986328,Entire home/apt,49,3,64,2025-06-08,0.67,1,116,18,00001240716
19331859,Arvanitidis Suites Juliet central luxury suite,108033866,Apostolos,,Thessaloniki,40.63692,22.93925,Entire home/apt,51,1,453,2025-06-08,4.65,9,364,29,00002379762
19343590,Alex's wood-art home,135522367,Alexandros,,Thessaloniki,40.64202,22.93857,Entire home/apt,,3,172,2024-08-29,1.77,1,0,1,00000124285
19346219,Modern industrial suite Ag.Sofias Square.,77080281,Stratos,,Thessaloniki,40.63226,22.9449,Entire home/apt,55,2,373,2025-06-21,3.83,2,318,22,00000040071
19457599,"""Erato"" modern flat in Evosmo Thessaloniki",136467908,Theodoros&Eleni,,Kordelio – Evosmos,40.67305,22.91536,Entire home/apt,45,2,81,2024-12-24,0.85,2,68,1,00001390078
19467760,Waterfront Luxury Sea View City Center Apartment,133668199,Georgia And Giannis,,Thessaloniki,40.63559,22.93546,Entire home/apt,60,2,430,2025-06-10,4.45,1,5,40,00000102159
19724971,The Key to SKG,139047527,Sakis & Katerina,,Thessaloniki,40.62867,22.95037,Entire home/apt,41,2,319,2025-06-23,3.30,1,346,19,00000461709
19734754,1-2 persons studio in Ano Poli (city center),138958373,Panagiotis,,Thessaloniki,40.639,22.95652,Entire home/apt,24,3,103,2024-12-27,1.07,2,257,7,00000384153
19756254,Cozy apartment with a unique view,12950290,Stefanos & Maria,,Thessaloniki,40.63299,22.94943,Entire home/apt,475,60,132,2020-03-15,1.38,1,365,0,00000934290
19785393,"Furnished apartments in Pefka, Thessaloniki",135801118,Katharina,,Neapolis – Sykeon,40.65925,22.9787,Private room,25,90,0,,,1,177,0,
19827493,Urban Living 402,112627287,Urban Living,,Thessaloniki,40.63937,22.94532,Entire home/apt,55,3,31,2023-09-26,0.32,9,56,0,00001311777
19835357,Family studio,111705455,Andrei,,Thessaloniki,40.644863,22.937481,Entire home/apt,62,1,28,2018-05-13,0.29,10,363,0,1037314
19838129,sacvoyage,140218094,Aristeidis,,Thessaloniki,40.60423,22.96221,Entire home/apt,,1,207,2025-01-26,2.15,1,19,23,00000981138
19861385,Urban Living 401,112627287,Urban Living,,Thessaloniki,40.64019,22.94557,Entire home/apt,58,3,22,2024-04-13,0.23,9,66,0,00001290777
19888129,High-end luxury apartment 2,34341328,Βασίλης,,Thessaloniki,40.61445,22.96262,Entire home/apt,39,2,62,2025-05-20,0.66,2,164,10,00000506796
19929641,My House,112417104,Giorgos,,Kalamaria,40.5742,22.9496,Entire home/apt,92,3,86,2025-04-14,0.90,1,17,4,00003408788
19992100,Comfort Room Thessaloniki,45220885,Angelos,,Pavlou Mela,40.66693,22.93586,Entire home/apt,60,3,5,2025-01-10,0.07,2,173,2,00003270126
20003529,Ideal for longer stays,21693651,Παύλος,,Thessaloniki,40.61041,22.97228,Entire home/apt,53,60,11,2025-01-10,0.12,1,228,1,00002013651
20009115,Elegant Studio at Apostolou Pavlou,142030781,,,Thessaloniki,40.63664,22.95522,Entire home/apt,44,3,88,2025-06-09,0.93,3,292,10,00000958630
20010508,Elegant studio at Viantos street,142030781,,,Thessaloniki,40.639294,22.953327,Entire home/apt,50,3,113,2025-05-10,1.18,3,365,3,00000497826
20044749,SHARD sky,142392582,Maria,,Thessaloniki,40.61847,22.96235,Entire home/apt,39,2,38,2025-06-09,1.02,1,32,10,00001397192
20089778,It used to be my workshop,131061327,Ιωάννα,,Thessaloniki,40.63627,22.9527,Entire home/apt,27,2,521,2025-06-10,5.49,2,342,61,00000333030
20141458,Aristotelous Loft Apartment,83460669,Nikoleta,,Thessaloniki,40.63821,22.94794,Entire home/apt,47,1,160,2025-05-29,1.67,1,346,20,00000013112
20346631,thess1home mistral,34979760,,,Kalamaria,40.56751,22.96033,Entire home/apt,61,1,177,2025-04-27,1.85,9,289,8,00000899640
20432460,"Modern style apartment,Central Thessaloniki, 100qm",145789612,Jens,,Thessaloniki,40.639828,22.938847,Entire home/apt,50,5,18,2024-09-14,0.19,1,282,2,00000032323
20494668,Central Top Floor (Ρετιρέ) Apartment,146313643,Δημητρης,,Thessaloniki,40.62882,22.95277,Entire home/apt,48,2,248,2025-06-20,2.62,1,198,30,00000000679
20528978,Arvanitidis Suites Presidential luxury suite,108033866,Apostolos,,Thessaloniki,40.63359,22.96153,Entire home/apt,125,2,424,2025-06-06,4.44,9,336,41,00002379741
20564108,Upscale and Spacious 3BR Home,38459666,Kostas,,Ampelokipon – Menemeni,40.65548,22.92987,Entire home/apt,100,30,51,2025-05-26,0.55,1,74,5,00000043720
20647590,Central Modern Studio,147650540,Tina,,Thessaloniki,40.63985,22.93945,Entire home/apt,29,2,63,2025-04-20,0.67,1,296,9,00000363177
20662899,the Birds,107328172,Alexis,,Thessaloniki,40.63583,22.94426,Entire home/apt,109,2,81,2025-03-16,0.86,6,35,4,00000686121
20719513,Heliconia deluxe Apt.(must),133887934,George,,Thessaloniki,40.63357,22.94948,Entire home/apt,69,3,83,2025-05-12,0.88,10,247,14,00001435716
20757624,Eclipse Suite #Skgbnb,28267881,Tomas&Cristina! Skgbnb,,Thessaloniki,40.6336,22.9532,Entire home/apt,105,2,78,2024-12-01,0.82,29,18,7,00003105568
20768326,Pretty flat at the city of Thessaloniki,148785081,Christos,,Thessaloniki,40.60157,22.967,Entire home/apt,35,3,16,2023-07-31,0.44,1,82,0,00001646333
20770528,Mazi Rooms 7.2,59687021,Pau,,Thessaloniki,40.63857,22.94025,Entire home/apt,44,1,59,2025-05-04,0.62,14,365,5,00002294965
20772805,Σοφίτα στο κέντρο της Θεσσαλονίκης.,148833105,Άννα,,Thessaloniki,40.639,22.94522,Entire home/apt,35,2,85,2025-06-03,0.90,1,338,16,00000395132
20776860,Mazi Rooms 7.3,59687021,Pau,,Thessaloniki,40.63857,22.94025,Entire home/apt,44,1,83,2025-05-19,0.88,14,361,5,00002294986
20777281,Mazi Rooms 7.4,59687021,Pau,,Thessaloniki,40.63857,22.94025,Entire home/apt,44,2,119,2025-05-27,1.26,14,251,8,00002294970
20777502,Mazi Rooms 7.5,59687021,Pau,,Thessaloniki,40.63857,22.94025,Entire home/apt,44,2,81,2025-04-27,0.85,14,359,6,00002295006
20777640,Mazi Rooms 7.6,59687021,Pau,,Thessaloniki,40.63935,22.94129,Entire home/apt,44,1,5,2025-04-06,0.52,14,239,5,00002687397
20777824,Mazi Rooms 7.1,59687021,Pau,,Thessaloniki,40.63857,22.94025,Entire home/apt,41,2,47,2025-04-06,0.50,14,365,4,00002294716
20779974,Beautiful flat,141150273,Maria,,Ampelokipon – Menemeni,40.64919,22.93115,Entire home/apt,54,1,220,2025-04-06,2.32,1,88,6,00000173980
20780136,The Om in the Peaceful hOMe,1236378,Julia,,Thessaloniki,40.64167,22.94487,Private room,31,4,26,2024-02-05,0.28,1,31,0,00000574927
20797459,Thanos  home (with private parking).,148767540,Thanasis,,Thessaloniki,40.61936,22.95542,Entire home/apt,63,2,356,2025-06-22,3.75,1,283,47,00000032009
20813997,New minimal apartment with splendid view,149126288,Panos - Maria,,Thessaloniki,40.62935,22.96833,Entire home/apt,55,2,14,2025-06-09,0.15,1,308,3,00000243076
20879653,"Spacious Apartment in Kalamaria, Thessaloniki",439647,Giorgos,,Kalamaria,40.58489,22.96593,Entire home/apt,50,3,102,2025-06-09,1.08,3,53,5,00001856091
20962113,Neoclassical Flat since 1929 in Thessaloniki,13575678,Elena,,Thessaloniki,40.6365431,22.9478534,Entire home/apt,75,2,87,2025-02-02,0.93,1,174,14,00000090455
20978891,Red Popy (steps away from the seafront),107473102,Dimitris,,Thessaloniki,40.61835,22.95539,Entire home/apt,56,3,16,2025-05-06,0.18,1,167,2,00000039938
20981191,the wall bnb / green terrace 7th floor downtown,100287175,Giorgos,,Thessaloniki,40.64228,22.93116,Entire home/apt,38,2,300,2025-06-06,3.19,2,288,24,00001669846
20981736,the wall bnb / train station & nightlife close apt,150998769,Giorgos,,Thessaloniki,40.64228,22.93116,Entire home/apt,48,2,299,2025-06-08,3.23,1,248,49,00001669830
21037262,"**Cozy, seaside, spacious, 2 bedroom apartment**",151521301,Andreas,,Thessaloniki,40.60536575317383,22.95271873474121,Entire home/apt,44,3,236,2025-06-15,2.58,1,340,35,00000047256
21067529,Luxurious & Modern | Walk Everywhere |5★ Amenities,43633063,Harry,,Thessaloniki,40.63468,22.94499,Entire home/apt,148,2,198,2025-05-19,2.16,5,95,6,00000235440
21100278,Cosy studio with a balcony overlooking the sea,129257949,Constantino,,Thessaloniki,40.64352,22.94392,Entire home/apt,,1,11,2022-11-12,0.19,6,0,0,0933K133K0466700
21117422,(C19 Prepared) C.33 Iris Stylish Central #colony,32216964,George,,Thessaloniki,40.63342,22.9503,Entire home/apt,84,2,96,2024-04-28,1.02,16,114,0,00002488347
21181431,Cute Central apartment near University,123710995,Stefania,,Thessaloniki,40.62896,22.96225,Entire home/apt,31,4,99,2025-01-17,1.06,2,301,8,00000487727
21226954,"''Lovely home """,48996219,Eleni,,Ampelokipon – Menemeni,40.65122,22.93119,Entire home/apt,58,2,83,2025-05-26,0.95,1,94,10,00000267950
21265379,Eftichia's House,153803203,Μιχαηλ,,Thessaloniki,40.63932,22.94538,Entire home/apt,55,1,58,2020-02-08,0.62,2,0,0,
21363509,Artemis Cozy Sea-Side Mitropolitou Iosif - Quiet!,154674284,Artemis,,Thessaloniki,40.63132,22.94707,Entire home/apt,180,8,16,2021-09-13,0.18,2,364,0,00000165561
21363746,Beautiful Apartment near Metro Station,140698007,George,,Thessaloniki,40.61508,22.95593,Entire home/apt,51,3,94,2025-01-05,1.01,1,146,5,00000125824
21367548,Άνετο διαμέρισμα στην Ανατολική Θεσσαλονίκη,154424710,Eva,,Kalamaria,40.58953,22.96365,Entire home/apt,79,2,17,2023-11-12,0.18,1,118,0,00000135650
21409576,F & B Collection - Escape Avenue RŪSTIC,31131449,Dimitris,,Kalamaria,40.5844,22.96399,Entire home/apt,41,6,112,2025-06-07,1.20,50,355,10,00002544109
21420521,Rain Apartments: Artistic home 4 in 2 rms free Pkg,155241929,Θεοδοσία,,Thessaloniki,40.62957,22.9671,Entire home/apt,55,2,501,2025-06-18,5.38,1,111,55,00000053700
21457598,Your Comfortable Family Home At Kalamaria,75680632,Κωνσταντίνα,,Kalamaria,40.56816,22.9581,Entire home/apt,67,4,12,2025-04-27,0.14,1,170,1,00000013290
21526520,ThessPalace,57803027,Romanos,,Thessaloniki,40.63181,22.94954,Entire home/apt,98,2,165,2025-05-30,1.77,1,355,11,00000335117
21542387,Cozy Apartment near Nea Paralia of Thessaloniki,156606116,Crysanthi,,Thessaloniki,40.60987,22.95884,Entire home/apt,60,3,13,2021-08-23,0.14,1,246,0,00000176085
21555744,Neoclassic private room at historic centre,3636352,Dimitra,,Thessaloniki,40.6404,22.94597,Private room,,2,152,2024-08-25,1.65,2,0,3,00001471999
21588349,Luxury Getaway in the heart of Thessaloniki,53828488,Stella,,Thessaloniki,40.63387,22.94536,Entire home/apt,53,2,110,2025-06-22,1.35,1,322,26,00000415300
21616442,Alterra Vita:Modern City Centre 2-bedroom aprtment,11704876,Alterra Vita,,Thessaloniki,40.62963,22.94654,Entire home/apt,,1,37,2025-04-13,0.40,1,239,2,00001474564
21617163,"Central, 100m²penthouse  apt+big balcony+fastWiFi",99863035,Dimitris,,Thessaloniki,40.64028,22.94128,Entire home/apt,67,2,277,2025-06-07,2.99,2,165,43,00000199535
21626991,Thanasis's Home (near to the bus stop+WiFi+A/C),157288598,Thanasis,,Ampelokipon – Menemeni,40.65557,22.92806,Entire home/apt,46,1,201,2025-04-06,2.17,4,103,8,00001191209
21729356,cozy vintange style  flat next to  &sea side,82685944,Stella,,Thessaloniki,40.5979,22.95193,Entire home/apt,56,2,300,2025-06-08,3.25,2,265,19,00000422372
21743744,Classy Apartment /SuperHost/100mbps/Nova,52290559,Panos,,Thessaloniki,40.64132,22.94397,Entire home/apt,41,15,123,2025-01-06,1.33,2,115,7,00000075347
21744450,"City centre #2, modern, sunny, & spacious studio",68246573,Georgia,,Thessaloniki,40.63972,22.93795,Entire home/apt,50,3,77,2024-06-26,0.83,1,178,1,00000319649
21806988,Apartment with courtyard,17804067,Dimosthenis,,Neapolis – Sykeon,40.64849090576172,22.94516944885254,Entire home/apt,45,2,70,2024-08-04,0.83,1,29,1,00001340820
21824048,central downtown studio!!!,159092260,Katerina,,Thessaloniki,40.63823,22.93688,Entire home/apt,38,10,38,2020-03-01,0.42,1,13,0,
21825568,Sweet nest,26799264,Georgios,,Neapolis – Sykeon,40.64662,22.94813,Entire home/apt,36,1,95,2025-05-11,1.06,1,346,9,00000287910
21832375,Sofaki Apartments,158316360,Nikos,,Kordelio – Evosmos,40.67431,22.89637,Entire home/apt,31,1,398,2025-05-16,4.31,1,281,21,00000345078
21847081,Apartment near the waterfront.,159109012,Georgi,,Thessaloniki,40.613609,22.955198,Entire home/apt,46,1,515,2025-06-21,5.73,1,135,85,00000074326
21880464,Stylish and Comfortable apartment in Kalamaria,100900795,Chrysanthi,,Thessaloniki,40.5901,22.96512,Entire home/apt,80,4,35,2025-01-04,0.38,1,179,2,00002702088
21887032,F & B Collection - Escape Avenue BOHEMIAN,31131449,Dimitris,,Kalamaria,40.5793,22.96785,Entire home/apt,41,6,107,2025-06-06,1.18,50,353,12,00002543904
21896718,Elegant Studio-City center,159760098,Nana,,Thessaloniki,40.61136,22.96299,Entire home/apt,42,3,79,2025-06-15,0.86,2,337,3,00000448517
21912248,Konstantinos Luxury studio,131894407,Konstantinos,,Thessaloniki,40.64487,22.94154,Entire home/apt,50,1,17,2025-01-18,0.19,3,334,3,00001798226
21932211,"Villa Lena, Ασβεστοχώρι",160052178,Ελένη,,Pilea – Chortiatis,40.64211,23.02513,Entire home/apt,60,1,61,2025-05-25,0.72,1,270,12,00000011966
21972301,Ευχάριστη έκπληξη στο άνοιγμα της εξώπορτας του σπιτιού !!,160412107,Konstantinos,,Thessaloniki,40.63904,22.94481,Entire home/apt,72,2,205,2025-02-22,2.23,1,110,8,00000336290
21994722,Egnatia str -CityCentre- Sunny with nice veranda,139834170,Michail & Kyriaki,,Thessaloniki,40.63427,22.94874,Entire home/apt,64,1,93,2024-05-13,1.01,3,270,0,00000088496
22069701,"Magnificent sea view apartment, on the Boardwalk",110518183,Christos,,Thessaloniki,40.60769,22.95295,Entire home/apt,76,30,10,2020-02-24,0.11,1,0,0,00000274708
22112330,Asteras Luxury Suite - City center (Ladadika),161540432,Ioannis,,Thessaloniki,40.63651,22.93955,Entire home/apt,65,2,223,2025-05-18,2.43,1,89,27,00000013751
22122956,Private Room /Shared Apartment In the City Center,161620395,Vicky,,Thessaloniki,40.6373,22.9499,Private room,17,21,31,2024-09-08,0.34,4,263,2,00000261506
22177339,Yiannis Suite,162005191,Charalampos,,Thessaloniki,40.6334,22.94528,Entire home/apt,31,1,83,2025-01-23,0.97,3,339,7,00000056382
22184875,"Alcazar Studios#1
||feelthehearthess||bio climate",23692730,Christos,,Thessaloniki,40.63797,22.94258,Entire home/apt,30,2,213,2020-02-09,2.32,3,174,0,00000498477
22197994,#FLH - Urban Charm - Downtown,9244884,FeelsLikeHomeGR,,Thessaloniki,40.63887,22.94234,Entire home/apt,84,1,45,2025-01-20,0.51,19,144,1,00002376603
22223924,Studio Brasil,162393276,Luciano  Despina,,Kordelio – Evosmos,40.66867446899414,22.91509437561035,Entire home/apt,45,2,229,2025-06-18,2.80,1,163,32,00001363010
22238983,Urban Living 403,112627287,Urban Living,,Thessaloniki,40.63988,22.94642,Entire home/apt,95,3,49,2025-01-05,0.54,9,157,5,00001290798
22259428,Houseloft Metropolis Panorama,29565272,Houseloft,,Thessaloniki,40.62995,22.94456,Entire home/apt,118,1,89,2025-05-28,0.97,23,346,9,00003199371
22275202,Cozy Apartment in City  Center!!!!,56978334,Elena,,Thessaloniki,40.63898,22.94602,Entire home/apt,64,7,123,2024-12-15,1.35,1,68,14,00003406923
22316139,140sqm 5 bd apt next to  Aristotelous square,9531550,Katerina,,Thessaloniki,40.63176,22.941708,Entire home/apt,118,2,292,2025-06-10,3.25,13,265,42,00000439444
22339391,Hermes cozy city apartment,54711534,Εύα,,Thessaloniki,40.644,22.92389,Entire home/apt,38,3,165,2025-06-08,1.81,1,93,16,00000002377
22341260,Cute Flat in the Center of the City,85361138,Evangelia,,Thessaloniki,40.63892,22.94115,Entire home/apt,40,2,18,2025-06-09,0.20,1,50,2,00000421120
22350595,Cozy garden studio  Near to the St.Luke’s hospital,73333419,Marios,,Pilea – Chortiatis,40.58619,23.01453,Entire home/apt,98,90,42,2023-11-20,0.46,2,1,0,00000176890
22353800,Private Room - Shared Apartment In The City Center,161620395,Vicky,,Thessaloniki,40.63586,22.94994,Private room,15,30,26,2024-09-11,0.29,4,224,4,00000261506
22397171,Νεοκλασικό διαμέρισμα στο κέντρο της πόλης,163813414,Kleanthi,,Thessaloniki,40.638,22.94786,Entire home/apt,40,1,245,2025-06-18,2.70,1,235,30,00000147043
22399158,"Citycenter, comfortable and very quite apartment",163831680,Άντι,,Thessaloniki,40.6312,22.94717,Entire home/apt,,2,202,2025-05-19,2.22,1,362,19,00000070813
22408157,"Modern 3BDROOM renovated apt, Egnatia-Aristotelous",163981350,Κally,,Thessaloniki,40.6347,22.94448,Entire home/apt,115,2,325,2025-06-16,3.57,1,280,56,00000753178
22433258,Arvanitidis Suites Emerald central luxury suite,125718589,Maria,,Thessaloniki,40.63738,22.93948,Entire home/apt,56,1,538,2025-06-08,5.91,3,357,49,00002379783
22467692,Zozo's Home |Papafi Metro| HelExpo/University area,164688940,Zoi,,Thessaloniki,40.6221141,22.9600885,Entire home/apt,59,2,114,2025-05-04,1.27,1,89,5,00000089665
22567768,Large sunny apartment in the city center,161620395,Vicky,,Thessaloniki,40.63718,22.94814,Entire home/apt,80,5,6,2019-09-16,0.07,4,365,0,00000261506
22621000,Romantico- Downtown #Skgbnb,1977386,Cristina&Tomas! Skgbnb,,Thessaloniki,40.63994,22.94166,Entire home/apt,39,2,110,2025-05-11,1.23,36,53,2,00001382908
22702953,Olgas 114,538278395,Helen,,Thessaloniki,40.60427,22.95259,Entire home/apt,67,3,136,2025-06-23,1.54,1,298,16,00003417015
22730255,Downtown Happy Living | PnV's hOmE,83469344,PnV,,Thessaloniki,40.63868,22.94257,Entire home/apt,,90,89,2024-07-21,0.99,1,0,1,00000503558
22800019,cosy,168484784,Zlatko,,Thessaloniki,40.61377,22.95548,Entire home/apt,142,90,32,2020-01-08,0.36,1,270,0,00000478042
22951612,Petite Palace Aristotelous 7,170021348,Point,,Thessaloniki,40.63325,22.94165,Entire home/apt,71,2,207,2025-06-13,2.30,3,296,12,00000007401
22951877,"Central,Cozy,Quiet,Family Friendly appartment",35623480,Ευαγγελια,,Thessaloniki,40.620228,22.95488,Entire home/apt,50,2,223,2025-06-09,2.53,1,273,52,00002391112
22955115,Just by the waterfront,170056972,Artemis,,Thessaloniki,40.61635,22.95479,Entire home/apt,63,2,88,2024-08-20,1.00,2,69,5,00000006965
22968408,Escape ... in style // Downtown Seaside Gate_307,80206409,Mike,,Thessaloniki,40.63176,22.94171,Entire home/apt,42,1,269,2025-06-08,3.01,12,338,33,00003014153
22980712,Escape ... in style // Downtown Seaside Gate_310,80206409,Mike,,Thessaloniki,40.63176,22.94171,Entire home/apt,43,1,210,2025-05-25,2.35,12,331,23,00003014233
22983389,The 4Travellers - Superior Apartment,19463417,Thomas,,Thessaloniki,40.63802,22.94432,Entire home/apt,113,2,50,2025-03-02,0.56,3,153,5,00003316594
22983980,The 4Travellers - Premium Apartment,19463417,Thomas,,Thessaloniki,40.63951,22.94447,Entire home/apt,103,2,34,2024-06-13,0.39,3,134,0,00003316611
22984214,The 4Travellers - Deluxe Apartment,19463417,Thomas,,Thessaloniki,40.63919,22.94433,Entire home/apt,96,2,36,2023-08-19,0.41,3,179,0,00003316632
22990519,Lef Apartment,170507468,Ελευθερία,,Kalamaria,40.584015,22.953333,Entire home/apt,66,2,121,2025-03-31,1.69,3,356,7,00002443688
22997539,"Stylish House, full renovated for 2 to 5 guests!",61916991,Velissarios,,Thessaloniki,40.61158,22.95971,Entire home/apt,144,10,18,2018-10-12,0.20,1,365,0,
23048204,GreeceRent - ELEGANT Apartment,85832541,Georgios,,Thessaloniki,40.63738,22.93491,Entire home/apt,58,1,44,2023-05-27,0.49,2,223,0,00002397240
23070619,Escape ... in style // Downtown Seaside Gate_308,80206409,Mike,,Thessaloniki,40.63176,22.94171,Entire home/apt,40,1,303,2025-06-09,3.38,12,342,31,00003014207
23096759,Escape ... in style // Downtown Seaside Gate_309,80206409,Mike,,Thessaloniki,40.63176,22.94171,Entire home/apt,43,1,314,2025-05-19,3.53,12,338,29,00003014228
23099923,Thess1home Royal,171595075,Panagiotis,,Thessaloniki,40.61592,22.95562,Entire home/apt,,1,121,2023-07-13,1.35,1,168,0,00002867427
23112226,Escape ... in style // Downtown Seaside Gate_303,80206409,Mike,,Thessaloniki,40.63176,22.94171,Entire home/apt,39,1,314,2025-05-26,3.53,12,321,35,00003014106
23180258,"Stylish, brand new apartment downtown !!",21491649,Maria,,Thessaloniki,40.6279,22.95189,Entire home/apt,38,2,148,2024-02-04,1.65,1,0,0,00000196589
23226461,Mitropolitou Iosif seaview flat,94449119,Amalia,,Thessaloniki,40.6296,22.94555,Entire home/apt,74,2,239,2025-06-03,2.67,4,187,25,00000287659
23226715,F & B Collection - Apartment for 3,31131449,Dimitris,,Thessaloniki,40.60157,22.9537,Entire home/apt,52,6,25,2024-09-02,0.28,50,126,4,00000194945
23229196,Skyline-Aristotelous Square #Skgbnb,28267881,Tomas&Cristina! Skgbnb,,Thessaloniki,40.63473,22.94302,Entire home/apt,62,2,237,2025-06-05,2.68,29,325,16,00001131891
23243092,My Elegant Studio Hermes,172976764,Stratos,,Thessaloniki,40.63158,22.94249,Entire home/apt,70,3,66,2025-06-14,0.77,1,89,9,00000037957
23253020,Mini Central Studio,173064061,Tarsi,,Thessaloniki,40.6334,22.9436,Entire home/apt,54,2,8,2025-01-02,0.09,1,102,1,00000200644
23357498,Near leoforo k.karamanli( N.Egnatia),172031811,Maria,,Thessaloniki,40.60348,22.96243,Entire home/apt,29,2,202,2025-06-08,2.29,1,65,39,00001437135
23426912,"#FLH - Scandi Chic Apartment, Agia Sofia District",9244884,FeelsLikeHomeGR,,Thessaloniki,40.63379,22.94552,Entire home/apt,111,1,317,2025-05-11,3.58,19,168,34,00002504449
23436752,#SKGH Avra suite -WhiteTower|CityCenter,146634219,Helias,,Thessaloniki,40.62776,22.94873,Entire home/apt,59,2,233,2025-05-26,2.64,19,186,11,00003196106
23437434,#SKGH Ariadni suite - WhiteTower|CityCenter,146634219,Helias,,Thessaloniki,40.6283,22.94971,Entire home/apt,54,2,168,2025-05-25,1.89,19,265,5,00003196329
23459648,#SKGH Artemis studio -NearPromenade,146634219,Helias,,Thessaloniki,40.61149,22.95575,Entire home/apt,30,2,160,2025-05-03,1.80,19,259,10,00003196052
23541566,"Super lux maisonette, 10 minutes from city center",83872068,Panos,,Kordelio – Evosmos,40.66451,22.90166,Entire home/apt,261,2,102,2025-05-12,1.17,1,304,4,00003223170
23555225,Αγκαλιά με τα Χρώματα!!!,176004930,Stelios,,Thessaloniki,40.6425,22.94476,Entire home/apt,48,3,20,2022-10-30,0.23,1,0,0,00001728550
23724574,Stylish loft downtown Thessaloniki,177830172,Jose,,Thessaloniki,40.63535,22.93678,Entire home/apt,78,3,120,2025-06-22,1.36,1,178,16,00002348190
23758422,"Waterfront ""TATTOO SHOP"" turned Airbnb Studio",10654206,Alexandra,,Thessaloniki,40.63176,22.94171,Entire home/apt,27,1,533,2025-06-16,6.04,26,288,95,00000352880
23774911,URBAN SEASIDE STUDIO,54654715,Elina,,Thessaloniki,40.63176,22.94171,Entire home/apt,63,1,356,2025-06-08,4.06,2,140,44,00002892843
23797984,F & B Collection - close to Aristotelous sQ.,31131449,Dimitris,,Thessaloniki,40.63799,22.94293,Entire home/apt,51,6,55,2025-05-08,0.63,50,365,8,00003315794
23840487,Anastasia's Apartment,107373389,Anastasia,,Thessaloniki,40.61509,22.95792,Entire home/apt,,1,16,2023-01-22,0.19,5,0,0,00001062404
23879653,Thessaloniki Central Cozy Apartment wifi,12479325,Nikos,,Thessaloniki,40.64052,22.94592,Entire home/apt,56,2,317,2025-06-17,3.59,1,323,46,00003016077
23907949,Studio Romantico II #Skgbnb,1977386,Cristina&Tomas! Skgbnb,,Thessaloniki,40.63833,22.94172,Entire home/apt,36,2,138,2025-05-25,1.57,36,349,14,00001383734
23937736,NEW  4 bedrooms aptm in the historical city center,138867624,Giannis,,Thessaloniki,40.63034,22.95026,Entire home/apt,155,2,197,2025-05-20,2.24,1,308,29,00000012625
23948932,"Alcazar Studios#2
||feelthehearthess||bio climate",23692730,Christos,,Thessaloniki,40.63731,22.94368,Entire home/apt,27,200,92,2019-09-16,1.08,3,144,0,00000498852
23959574,Supreme City Center Apartment #hosted by DoorMat,61513537,Mickael,,Thessaloniki,40.62816,22.95246,Entire home/apt,52,2,183,2025-06-20,2.13,1,301,66,00001867384
23969752,Boutique Apartment & half Sea view,56755519,Stratos,,Thessaloniki,40.61370086669922,22.954315185546875,Entire home/apt,,18,51,2025-03-03,0.58,1,50,6,00000227098
24005220,""" Living in GRAYt style"" by Ria",180641362,Ria,,Thessaloniki,40.60095,22.97553,Entire home/apt,53,2,188,2025-06-22,2.15,1,12,19,00000280256
24008640,Large apartment in the heart of the city center,161620395,Vicky,,Thessaloniki,40.63547,22.95004,Entire home/apt,80,5,0,,,4,270,0,00000261506
24025827,cozy center studio,127798641,Evi,,Thessaloniki,40.63132,22.94607,Entire home/apt,55,2,397,2025-06-08,4.53,1,25,34,00000121910
24039559,Cosmos deluxe Apt.(must),133887934,George,,Thessaloniki,40.63758,22.94696,Entire home/apt,61,3,51,2025-04-16,0.58,10,259,6,00002587060
24040084,Armonia Deluxe Apt. (must),133887934,George,,Thessaloniki,40.63626,22.94745,Entire home/apt,66,3,46,2025-04-14,0.53,10,272,5,00002586770
24052816,Budget room,111705455,Andrei,,Thessaloniki,40.64537,22.937901,Entire home/apt,35,3,8,2019-08-24,0.09,10,324,0,1037314
24076151,Apartment in a quiet neighborhood of Thessaloniki.,181279438,Βαγγελης,,Thessaloniki,40.59114,22.95479,Entire home/apt,59,3,134,2025-05-12,1.54,1,205,15,00000067648
24103636,Romantically allured studio next to the centre,13597375,Filitsa,,Thessaloniki,40.60812,22.96371,Entire home/apt,33,2,61,2025-04-19,0.70,6,358,9,00002237443
24109798,Tiepolo Galleria Palatina - Elegant apt - 80m²,181566727,Anastasia,,Thessaloniki,40.637413,22.951971,Entire home/apt,119,2,2,2018-12-31,0.02,1,0,0,00000114142
24280163,F & B Collection - Lux & Artdeco,31131449,Dimitris,,Thessaloniki,40.63334,22.94371,Entire home/apt,77,6,38,2025-04-14,0.43,50,344,9,00000168562
24283295,Λειτουργικό διαμερισμα,183161769,Eva,,Kordelio – Evosmos,40.67613,22.89924,Entire home/apt,135,2,2,2019-10-28,0.02,1,365,0,00000839067
24315160,Thessaloniki RailwayStation Studio,180946246,Orestis & Vaso,,Ampelokipon – Menemeni,40.64749,22.92811,Entire home/apt,43,3,168,2025-05-09,2.16,1,117,15,00001101030
24343103,Scandi apartment downtown | Η3,180635812,Evangelia,,Thessaloniki,40.63719,22.94269,Entire home/apt,47,3,61,2024-10-28,0.70,2,236,1,00000181142
24343522,Scandi apartment downtown | Η4,180635812,Evangelia,,Thessaloniki,40.63719,22.94269,Entire home/apt,40,2,48,2025-01-01,0.55,2,269,1,00000181164
24348748,"Zoi’s place: Modern 2bdr flat, steps from the sea",542670900,Zoi,,Thessaloniki,40.609,22.95621,Entire home/apt,70,5,48,2025-05-31,0.56,1,135,7,00000380738
24352142,Ethereal - City center #Skgbnb,1977386,Cristina&Tomas! Skgbnb,,Thessaloniki,40.63205,22.94766,Entire home/apt,,2,134,2025-06-10,1.53,36,340,18,00003307895
24365272,live like a local in #thessaloniki - 2 BD condo,183870920,George,,Thessaloniki,40.64036,22.94786,Entire home/apt,76,1,78,2025-04-13,0.91,1,269,4,00000398337
24371400,Valentina's Apartment with Large Sunny Balcony,160330109,Yorgos,,Thessaloniki,40.634922,22.946463,Entire home/apt,46,2,286,2025-06-03,3.33,2,166,36,00002604754
24391179,Porfyra's Artistic Home with Private Parking.,173996973,Απόστολος,,Neapolis – Sykeon,40.65225,22.9395,Entire home/apt,57,2,164,2025-06-20,1.88,1,180,19,00000051847
24391851,Serenade home Thessaloniki,114838593,George,,Thessaloniki,40.61522,22.9563,Entire home/apt,85,1,233,2025-05-18,2.66,4,364,18,00002397691
24421242,adorable apartment,184393279,Asimenia,,Pavlou Mela,40.67359,22.92864,Entire home/apt,50,2,66,2025-05-27,0.76,1,321,6,00000280879
24457016,"Brand new, modern luxury apartment with sea view",184726033,Angelos,,Thessaloniki,40.60956,22.95449,Entire home/apt,53,2,137,2025-05-18,1.58,1,2,2,00000422419
24508414,Luxury home@the heart of the city,5868763,Dimitra,,Thessaloniki,40.62901,22.94722,Entire home/apt,,3,23,2025-05-04,0.28,1,66,5,00000479363
24612348,Aristoteles Square Apartment,114781155,Έλενα,,Thessaloniki,40.63491,22.94355,Entire home/apt,85,2,1,2019-09-08,0.01,1,92,0,00002257456
24618134,Central Apartment Thessaloniki-Easy Parking,100776361,Μανωλης,,Thessaloniki,40.623,22.96508,Entire home/apt,49,1,214,2025-05-25,2.46,9,81,40,00003273610
24647325,Democracy square apartment single and cute.,156655983,Natasa,,Thessaloniki,40.64011,22.93369,Entire home/apt,40,1,501,2025-06-09,5.88,2,258,38,00002236415
24668984,"Comfortable And quiet house at VOULGARI,KALAMARIA",180659093,Ευριπίδης,,Thessaloniki,40.59642,22.96283,Entire home/apt,,2,3,2019-10-28,0.04,1,29,0,
24712182,Aristotelous Square Luxury Studio,186779872,Vaia,,Thessaloniki,40.63591,22.94492,Entire home/apt,58,1,300,2025-05-10,3.45,1,331,27,00003233280
24886424,ApThessaloniki Pilaia apartment and  easy parking,188143086,Μαρία,,Pilea – Chortiatis,40.60119,22.99372,Entire home/apt,50,2,157,2025-06-17,1.83,1,255,33,00000125198
24933099,Central Studio Flat I,60724536,Alexandros,,Thessaloniki,40.63348,22.9539,Entire home/apt,88,1,48,2024-09-23,0.56,2,151,1,00000086454
24979383,#SKGH Alkistis studio -Near Promenade,146634219,Helias,,Thessaloniki,40.61184,22.95719,Entire home/apt,32,2,162,2025-04-20,1.88,19,249,9,00003196111
25038856,Downtown City Apartment,152956485,Ioannis,,Thessaloniki,40.64104,22.93722,Entire home/apt,33,1,267,2025-06-01,3.11,4,281,43,00002646880
25077478,Elixir I - Radio City #Skgbnb,1977386,Cristina&Tomas! Skgbnb,,Thessaloniki,40.615,22.95646,Entire home/apt,48,2,126,2025-06-09,1.46,36,334,13,00001868593
25106271,Perfect location-2 bedrooms-cosy center apartment,187680477,Γεωργία-Ιωάννα,,Thessaloniki,40.61938,22.95481,Entire home/apt,36,2,5,2018-10-14,0.06,1,174,0,00000420499
25142992,Elixir II - Radio City #Skgbnb,1977386,Cristina&Tomas! Skgbnb,,Thessaloniki,40.61676,22.9568,Entire home/apt,48,2,102,2025-01-01,1.18,36,344,8,00001868849
25200356,6* deluxe suite /jacuzzi /pr. parking /fireplace,139438705,Γεωργιος,,Kalamaria,40.56968,22.96774,Entire home/apt,80,1,107,2023-01-09,1.25,4,327,0,00001824321
25269165,"Modern,Luxury Grey Suite",190915943,Δημήτρης -,,Thessaloniki,40.61527,22.9585,Entire home/apt,78,1,125,2025-06-23,1.46,2,343,17,00000041240
25279824,55m2 Apartment historical centre near Hagia Sofia,177876927,Sofia,,Thessaloniki,40.63243,22.9476,Entire home/apt,48,2,75,2025-05-25,0.93,1,89,17,00000072831
25290147,#SKGH Alkinoi studio- NearPromenade,146634219,Helias,,Thessaloniki,40.61566,22.95601,Entire home/apt,27,2,215,2025-05-05,2.50,19,264,11,00003194473
25301251,Beautiful studio in Kalamaria Thessaloniki,144728982,Theologos,,Kalamaria,40.5842,22.96824,Entire home/apt,,2,24,2025-05-12,0.29,1,0,6,00000629311
25301446,Valaoritou Studio Eleonora,191124497,Σπυρος,,Thessaloniki,40.63801,22.93899,Entire home/apt,30,1,158,2025-06-13,1.85,5,344,39,00000898850
25337326,Unique apartment in the heart of the city,191343806,Κωνσταντινος,,Thessaloniki,40.63606643676758,22.953649520874023,Entire home/apt,80,3,44,2019-09-12,0.51,1,63,0,
25367505,Anna's Luxury & Cosy Suite  (Old Town-Univercity),132519862,Ioanna,,Neapolis – Sykeon,40.63881,22.96253,Entire home/apt,29,1,168,2025-06-23,1.96,2,314,15,00000382190
25400494,διαμερισμα,191741679,Dimitris,,Ampelokipon – Menemeni,40.64893,22.9309,Entire home/apt,,1,26,2022-10-30,0.30,1,89,0,00000461130
25420542,Valaritou Studio Rodamanthi,191124497,Σπυρος,,Thessaloniki,40.63801,22.93899,Entire home/apt,30,1,146,2025-05-21,1.71,5,340,27,00000898894
25421747,George's old house!,195791789,Despoina,,Pavlou Mela,40.65675,22.92885,Entire home/apt,70,1,17,2025-01-02,0.20,1,336,4,00000173030
25439858,Peristera's Home (near to the bus stop),157288598,Thanasis,,Ampelokipon – Menemeni,40.65432,22.92861,Entire home/apt,45,1,90,2025-04-06,1.05,4,103,3,00001191214
25467538,Cottage Style Apartment - Thessaloniki City Center,192228216,Dimitris Anna,,Thessaloniki,40.64211,22.94274,Entire home/apt,72,2,63,2025-06-15,0.76,1,166,9,00000114798
25476970,B home in Panorama,81885213,Alkis,,Pilea – Chortiatis,40.58272,23.01767,Entire home/apt,90,2,17,2025-05-18,0.20,1,54,5,00000381797
25538868,Callisto studio,192695088,Stathis,,Kalamaria,40.583499908447266,22.95749855041504,Entire home/apt,50,2,127,2025-06-06,1.51,1,325,28,00002404887
25615496,CityCenter Ariadni's Studio- Huge Balcony!,193044314,Ariadni,,Thessaloniki,40.6191,22.9553,Entire home/apt,24,3,215,2025-06-09,2.51,2,131,48,00000178640
25789994,Τhess1home Urban,193818213,Panagiotis,,Thessaloniki,40.61592,22.95562,Entire home/apt,74,1,120,2025-06-13,1.40,1,139,1,00002867394
25806268,nikos suite,162005191,Charalampos,,Thessaloniki,40.6334,22.94528,Entire home/apt,32,1,126,2025-05-18,1.50,3,349,26,00000056370
25820275,"Waterfront #11Design- CozyCityCenter ""Try It Tiny""",10654206,Alexandra,,Thessaloniki,40.63176,22.94171,Entire home/apt,29,1,654,2025-06-16,7.63,26,332,80,00000352482
25826624,loft in the center,194015710,Athanasios,,Thessaloniki,40.635735,22.948484,Entire home/apt,35,2,87,2023-10-09,1.02,2,256,0,00000436669
25910112,Amazing Seaside View - Heart of Thessaloniki,227181951,John,,Thessaloniki,40.63612,22.93576,Entire home/apt,52,2,172,2025-04-20,2.02,3,262,11,00000474933
25974699,Comfy & Relaxing Apartment near city center,195221405,Stratos & Oly,,Thessaloniki,40.64672,22.93388,Entire home/apt,35,1,205,2025-06-16,2.40,1,299,43,00000194424
26029096,Stylish and cozy studio  in Thessaloniki,149664142,Labros,,Thessaloniki,40.64137,22.9318,Entire home/apt,,4,29,2024-09-11,0.35,2,0,2,00000408165
26077604,Cozy Apartment Inside The City Center,195991693,Lucia And Konstantinos,,Thessaloniki,40.63285,22.94897,Entire home/apt,52,2,221,2025-05-30,2.59,3,144,15,00002214785
26149300,Luxury flat on Nea Paralia,163542759,Emmanouil,,Thessaloniki,40.59842,22.95224,Entire home/apt,127,3,5,2019-10-29,0.07,1,365,0,0938K132K0754801
26178351,Panoramic View Amazing Central &Spacious Αpartment,145800043,Dimitris,,Thessaloniki,40.64076,22.94033,Entire home/apt,60,1,28,2024-07-14,0.33,4,183,1,00000034433
26307247,"2room flat great view, close center, Mall, Rail St",197543386,Aristeidis,,Thessaloniki,40.6455552,22.9220079,Entire home/apt,28,6,29,2025-05-24,0.89,3,214,7,00001786112
26329634,Joy's house in the city's heart,197075849,Chara,,Thessaloniki,40.63537,22.94686,Entire home/apt,,364,69,2023-07-16,0.81,1,0,0,00001636303
26358614,Art House Business/Adventure w/ restful sleep,98915175,Τόνι,,Thessaloniki,40.60546,22.97722,Entire home/apt,42,3,69,2025-05-24,1.02,1,32,16,00000928151
26386889,mesochoriou,193396359,Zaxaria,,Ampelokipon – Menemeni,40.6522,22.93267,Entire home/apt,44,1,27,2025-02-23,0.32,1,361,3,00000012754
26404081,Amazing BoutiqueApartment@ThessalonikiCenter,69811132,Despina,,Thessaloniki,40.63155,22.94867,Entire home/apt,,1,45,2024-10-31,0.59,3,359,1,00002440167
26404168,Amazing apartment in the heart of Thessaloniki,119416356,Fani,,Thessaloniki,40.63232,22.94512,Entire home/apt,42,1,200,2025-02-07,2.38,34,25,5,1120940
26417450,Christina 's Hospitality,198638021,Christina,,Thessaloniki,40.64108,22.94885,Entire home/apt,158,10,18,2019-09-08,0.21,2,89,0,00000113171
26458204,The 40 Spot: Μοντέρνο & Άνετο,164585267,Anastasios,,Thessaloniki,40.6054709,22.96799,Entire home/apt,40,1,6,2025-06-21,3.46,1,122,6,00003299692
26465484,Great View Luxury Living (200m from Metro Station),188823477,,,Thessaloniki,40.644171559472134,22.924985448754832,Entire home/apt,53,2,240,2025-06-08,2.93,1,332,34,00000007893
26523759,Arvanitidis Suites Vintage central luxury suite,125718589,Maria,,Thessaloniki,40.63692,22.93907,Entire home/apt,52,1,369,2025-06-10,4.35,3,365,35,00002379778
26553090,GreeceRent - LUX LADADIKA Apartment,85832541,Georgios,,Thessaloniki,40.63738,22.93491,Entire home/apt,,1,32,2023-05-13,0.38,2,131,0,00002397282
26590324,Newly built luxury apartment,18470025,Patroklos,,Kalamaria,40.5781,22.95186,Entire home/apt,77,2,36,2025-06-24,2.10,2,239,25,00002349246
26766872,Houseloft Kalamaria Skyview,29565272,Houseloft,,Kalamaria,40.5860635,22.9499658,Entire home/apt,148,1,2,2025-01-01,0.32,23,295,2,00003199319
26868497,"Central, modern  90m2 3room apt @historic building",202072189,Eleftherios And Georgios,,Thessaloniki,40.64083,22.93669,Entire home/apt,124,2,32,2023-11-12,0.43,1,268,0,00000335944
26886085,Diameno studio center town White Tower - T.I.F.,202234331,Ευφροσύνη,,Thessaloniki,40.6280089,22.9513767,Entire home/apt,44,2,109,2025-06-08,3.15,1,123,13,00001733469
26903728,Kentrikon Deluxe Apt. (must),133887934,George,,Thessaloniki,40.6297,22.95183,Entire home/apt,72,3,106,2025-06-21,1.28,10,5,29,00000103287
27050001,Alcazar Studios#3 ||feelthehearthess|| bio climate,23692730,Christos,,Thessaloniki,40.63807,22.94255,Entire home/apt,30,2,125,2020-08-23,1.51,3,176,0,00000498681
27094019,Lux Apartment/SuperHost /100mbps/N,52290559,Panos,,Thessaloniki,40.64229,22.94211,Entire home/apt,42,18,136,2023-11-12,1.62,2,52,0,00000411509
27222998,# Alegra (105sqm) few steps from Venizelou Metro,205010704,Maximos,,Thessaloniki,40.63688,22.94122,Entire home/apt,94,1,143,2025-06-22,1.71,1,244,16,00001433760
27230340,Brand New Micro Campervan - Chalkidiki,204997816,Odyssey,,Thessaloniki,40.59447,22.95701,Entire home/apt,,6,3,2022-03-06,0.04,7,0,0,0933E81000178801
27249645,Sapphire View SKG,49272219,Timos,,Thessaloniki,40.64258,22.93663,Entire home/apt,63,1,29,2023-04-20,0.35,6,50,0,00002205294
27250805,(C19 Prepared)White Bell #Luxury_flat_Thessaloniki,32216964,George,,Thessaloniki,40.61331,22.95522,Entire home/apt,75,2,11,2023-12-23,0.15,16,202,0,00003043509
27252472,180° ROOFTOP VIEW,49272219,Timos,,Thessaloniki,40.64287,22.93814,Entire home/apt,87,1,34,2022-09-14,0.41,6,21,0,00001158435
27325977,Sea view cozy apartment,13578667,Nikos,,Thessaloniki,40.64125,22.94486,Entire home/apt,53,2,133,2025-06-09,1.73,1,56,28,00000557876
27334714,Modern apartment at Agios Ioannis (Kalamaria),205979386,Ioannis,,Kalamaria,40.574581146240234,22.963523864746094,Entire home/apt,72,3,33,2025-06-09,0.40,1,49,12,00000048879
27365554,#SKGH Antigoni studio -NearPromenade,146634219,Helias,,Thessaloniki,40.612675,22.956333,Entire home/apt,27,3,136,2025-05-26,1.63,19,208,9,00003196047
27391560,New modern loft near center,206919381,Dimitris,,Thessaloniki,40.64694,22.93234,Entire home/apt,42,2,233,2025-06-03,2.78,1,143,8,00000094626
27453654,"❤️Central Studio, Wifi, Netflix, AC, Self Checkin✅",96012982,Lena,,Thessaloniki,40.63564,22.95187,Entire home/apt,47,2,87,2023-01-14,1.04,1,93,0,00000930207
27485875,"2 Bedroom Apartment in Kalamaria, Thessaloniki",439647,Giorgos,,Kalamaria,40.58622,22.96675,Entire home/apt,50,3,98,2025-05-08,1.18,3,51,4,00001856086
27506556,L & G  studio in the center of the city,207380943,Λίνα,,Thessaloniki,40.63684,22.95163,Entire home/apt,,2,230,2024-07-22,2.75,1,48,3,00000013843
27616306,WONDERFUL ''STUDIO'' ARENA,97519808,George,,Thessaloniki,40.60802,22.97433,Entire home/apt,32,3,33,2024-07-21,0.40,5,90,1,00000382112
27644610,AMAZING APARTMENT NEXT TO P.A.O.K FC STADIUM9,97519808,George,,Thessaloniki,40.60762,22.97441,Entire home/apt,32,3,102,2025-06-07,1.22,5,76,3,00000382054
27652823,7th floor penthouse in the heart of Thessaloníki,208680235,Sofia,,Thessaloniki,40.62093,22.95404,Entire home/apt,65,5,139,2025-06-10,1.68,1,334,11,00000036881
27668492,Hermes studio,107373389,Anastasia,,Thessaloniki,40.63551,22.93812,Entire home/apt,59,2,35,2024-09-07,0.43,5,23,1,00002513616
27671997,Central deluxe apartment in Thessaloniki,79426820,Margaret,,Thessaloniki,40.64273,22.93748,Entire home/apt,67,1,15,2019-12-08,0.18,1,177,0,00000864322
27694279,Ηώς Διαμέρισμα,209052835,Nikolaos,,Thessaloniki,40.61845,22.96116,Entire home/apt,50,2,2,2024-10-21,0.14,1,176,1,00002350567
27775266,"200m from SeaFront (Private Parking), Studio",76977208,,,Kalamaria,40.59213,22.95089,Entire home/apt,38,2,319,2025-06-16,3.86,2,205,44,00002156786
27793684,Waterfront #10Design - CozyCityCenter Flat,10654206,Alexandra,,Thessaloniki,40.63176,22.94171,Entire home/apt,35,1,564,2025-06-12,6.78,26,312,95,00000352518
27830048,__Comf0rt_And_DeluXe_HouSe__,205714698,Mixalis,,Thessaloniki,40.63615,22.95117,Entire home/apt,246,30,16,2019-06-11,0.19,1,263,0,
27887898,Elena's hope - home,210672602,Elena And Theodora,,Thessaloniki,40.59931,22.95926,Entire home/apt,28,3,5,2019-07-28,0.06,1,251,0,00000378751
27896531,Anóe Old Town,210641246,Ελένη,,Thessaloniki,40.64126,22.95252,Entire home/apt,60,2,72,2024-08-14,0.87,2,91,3,00000044230
27958524,"π.38A-cozy apt, in the heart of historical center",151486012,Π.38,,Thessaloniki,40.63164138793945,22.947406768798828,Entire home/apt,54,4,191,2025-06-09,2.31,3,197,23,3416518
27978950,Anóe Central,210641246,Ελένη,,Thessaloniki,40.63752,22.94338,Entire home/apt,133,2,44,2024-09-08,0.53,2,85,1,00000043614
28019972,"π.38Β, διαμ. 8 ατόμων διατηρητέου κτιρίου - κέντρο",151486012,Π.38,,Thessaloniki,40.63084,22.94669,Entire home/apt,105,3,92,2025-05-04,1.11,3,167,14,3416485
28044209,Stylish 3 bd apt  in the heart of the city center,9531550,Katerina,,Thessaloniki,40.631187,22.943146,Entire home/apt,108,1,281,2025-06-01,3.40,13,277,51,00000439604
28087528,city center new apartment 1,56007433,Helen,,Thessaloniki,40.63817596435547,22.943706512451172,Entire home/apt,79,3,115,2024-09-05,1.39,2,64,18,00000059403
28127157,⭐Next to railway and bus station apartment. D-ROOM,212454949,Evans' Apartments,,Thessaloniki,40.64403,22.93303,Entire home/apt,42,1,315,2025-06-01,3.81,6,132,16,00000034918
28127726,Nesting Ramblers SKG #2,210667008,Nesting Ramblers SKG,,Thessaloniki,40.636093,22.946894,Entire home/apt,103,3,121,2025-03-08,1.46,4,63,5,00002467964
28153667,Thessaloniki Loxandra’s House,101933240,Giannis,,Thessaloniki,40.64097,22.93984,Entire home/apt,42,2,64,2024-05-12,0.78,4,275,0,00002376236
28171631,Deluxe Arch of Galerius,188458774,Arcus O.E.,,Thessaloniki,40.63163,22.9504,Entire home/apt,85,2,9,2025-04-07,0.11,18,231,1,00002036882
28193117,Nat's place an Exquisite Home Next to metro,182786997,Natasha,,Thessaloniki,40.63431,22.94561,Entire home/apt,73,2,79,2025-06-08,0.96,5,327,7,00001489350
28196099,"Nat's place downtown, Thessaloniki, Next to metro",182786997,Natasha,,Thessaloniki,40.63465,22.9445,Entire home/apt,53,2,55,2025-06-06,0.66,5,335,2,00001489339
28196552,"Nat's place: Friends & Family, Thessaloniki metro",182786997,Natasha,,Thessaloniki,40.63495,22.94526,Entire home/apt,117,2,15,2023-08-21,0.18,5,318,0,00001489344
28220218,Cozy&Modern apartment in the heart of Thessaloniki,36729806,Olga,,Thessaloniki,40.62995,22.94608,Entire home/apt,53,2,234,2025-06-06,2.83,1,170,24,00000395890
28236602,Cosy studio in the heart of the city centre.,113000896,Niovi,,Thessaloniki,40.64022,22.93627,Entire home/apt,27,7,11,2019-02-03,0.13,1,175,0,00000621527
28269543,Elegant apartment near sea & Metro Station,213501641,Στέλλα,,Thessaloniki,40.61051,22.95617,Entire home/apt,77,4,67,2025-06-09,0.83,1,333,12,00000239048
28279929,Sweet apartment!!!,213575470,Giorgos,,Thessaloniki,40.63875,22.94964,Entire home/apt,78,1,496,2025-06-22,6.01,1,270,53,00000032600
28306605,Iktinou Luxury City Center Apartment,213760982,Christos,,Thessaloniki,40.63133,22.94561,Entire home/apt,90,2,279,2025-06-20,3.37,1,106,45,00000093617
28335740,Awesome modern apartment in the most centralstreet,121533440,Emmanouil,,Thessaloniki,40.63294,22.94498,Entire home/apt,56,1,572,2025-06-17,6.92,2,287,102,00001436824
28351222,The room in the clouds,149563767,Basilhs,,Thessaloniki,40.60668,22.95723,Private room,40,7,76,2025-03-22,0.92,1,283,10,00000395290
28381988,Large Apartment with view over whole Thessaloniki,12101514,Elektra,,Thessaloniki,40.64233,22.9525,Entire home/apt,73,5,3,2023-07-20,0.11,1,362,0,00001778377
28403705,"Quiet, delux flat with panoramic views",44859130,Georgios Christos,,Thessaloniki,40.59677,22.95681,Entire home/apt,79,2,21,2024-01-02,0.30,1,7,0,00000864559
28421469,⭐Next to railway and bus station. S-ROOM,212454949,Evans' Apartments,,Thessaloniki,40.64403,22.93303,Entire home/apt,67,2,229,2025-06-04,2.78,6,97,35,00002393795
28462690,"Cozy, apartment next to city center (by Powerbnb)",214857203,Powerbnb,,Thessaloniki,40.6469,22.935,Entire home/apt,52,2,111,2025-05-04,1.35,12,335,8,00000919894
28478778,STUDIO ANOPOLI! 00000126442,214971381,Λουκάς,,Thessaloniki,40.63955,22.95537,Entire home/apt,32,2,76,2025-04-23,0.92,1,87,11,00000126442
28510642,Σοφίτα Σε Thessaloniki,215190004,Αριστειδης,,Pilea – Chortiatis,40.6416,23.02485,Entire home/apt,628,8,0,,,1,269,0,00000508636
28531840,(C19 Prepared) Cataleya #colony downtown penthouse,32216964,George,,Thessaloniki,40.63594,22.94955,Entire home/apt,130,2,84,2025-06-01,1.02,16,280,9,00001789271
28540984,360° City Center Loft with Parking,215405380,Sarantos,,Thessaloniki,40.61727,22.95798,Entire home/apt,,2,332,2025-06-22,4.04,1,21,49,00000073827
28571668,Sweet Home 2 # Comfort and Quality in nature.,43603727,Ioanna - Kostas,,Neapolis – Sykeon,40.65542221069336,22.986459732055664,Entire home/apt,59,2,20,2025-06-18,0.59,2,150,8,00000476996
28628480,#FLH - Urban Jungle - Downtown,9244884,FeelsLikeHomeGR,,Thessaloniki,40.63887,22.94234,Entire home/apt,89,1,90,2025-05-24,1.10,19,150,3,00003185711
28737808,City Center Martha' s apartment,208478112,Martha,,Thessaloniki,40.63005,22.95061,Entire home/apt,62,1,65,2025-03-10,0.80,1,337,2,00000369248
28744960,Apartment near kamara,213607660,Γεωργιος,,Thessaloniki,40.633305,22.953564,Entire home/apt,,3,19,2022-02-27,0.23,1,0,0,00000094976
28749694,Πολυτελές studio μια ανάσα απ' τη Νέα παραλία,34979760,,,Thessaloniki,40.59953,22.95316,Entire home/apt,71,2,67,2025-06-01,0.82,9,361,8,00001114188
28751522,Πολυτελές διαμέρισμα μια ανάσα απ' τη Νέα παραλία,34979760,,,Thessaloniki,40.59874,22.95383,Entire home/apt,84,2,34,2025-05-05,0.42,9,350,4,00001114151
28770299,Lovely 2nd floor 1bd flat city center,191164222,Liza,,Thessaloniki,40.63956,22.94294,Entire home/apt,44,2,32,2025-06-03,0.39,2,254,14,00002865705
28771504,Perfect apartment in the heart of Thessaloniki,201521114,,,Thessaloniki,40.63448,22.9524,Entire home/apt,51,2,180,2025-04-09,2.19,13,264,5,00000203328
28792433,City Center Family Apartment,217167619,Christina,,Thessaloniki,40.63994,22.94032,Entire home/apt,120,2,5,2025-05-30,0.09,1,235,2,00000240870
28803956,Homesweethome,263877934,Lilian,,Thessaloniki,40.63747,22.93894,Entire home/apt,87,2,32,2025-03-22,0.39,1,96,5,00003275428
28867054,Traveller's Arc,150163607,Σπύρος,,Thessaloniki,40.622798919677734,22.96971893310547,Entire home/apt,47,4,93,2025-05-28,1.14,1,161,19,00001856761
28881288,Tis Yayas - Scandinavian Eclectic Downtown flat,46831775,,,Thessaloniki,40.64091,22.93541,Entire home/apt,99,3,40,2025-05-26,0.51,1,298,7,00000062143
28917073,Οροφοδιαμέρισμα - ιδ. πάρκινγκ και αυλή - Άνω Πόλη,12152296,Agapios,,Thessaloniki,40.643684,22.944901,Entire home/apt,156,2,133,2025-04-19,1.69,1,144,14,00002441340
28927105,Bright Renovated Apartment in the Heart of the City,170705913,Katerina,,Thessaloniki,40.63184,22.94308,Entire home/apt,62,2,193,2025-06-12,2.36,1,230,30,00001913631
28933685,#2 City center Ariadni's studio- Huge balcony,193044314,Ariadni,,Thessaloniki,40.62041,22.95341,Entire home/apt,24,3,244,2025-05-20,3.19,2,115,27,00000178628
29046408,Super central gem with urban design,93145510,Vasilis,,Thessaloniki,40.63071,22.94608,Entire home/apt,51,1,311,2025-06-09,3.85,7,107,49,00003231266
29174177,#Constantine Cosy Apt,32752934,Konstantin,,Thessaloniki,40.61793,22.95628,Entire home/apt,59,2,34,2024-04-14,0.45,1,176,0,00001468733
29210978,Relaxing City Central Suite,220092176,Lefteris,,Thessaloniki,40.63802,22.94635,Entire home/apt,38,2,35,2024-03-03,0.44,1,0,0,00001137871
29254646,Sifnos Apartment,162394535,Giolanda,,Thessaloniki,40.61966,22.96596,Entire home/apt,43,2,30,2025-06-16,0.37,1,169,3,00000202288
29258138,"Μεγάλο, φωτεινό, μοντέρνο, πλήρως ανακαινισμένο.",220429060,Φωτης,,Thessaloniki,40.63353,22.94694,Entire home/apt,234,2,64,2025-04-06,0.79,2,183,3,00000249828
29271657,Clean and Elegant Studio in the center of city.,116807177,Ioannis,,Thessaloniki,40.61298,22.95659,Entire home/apt,31,1,155,2025-05-23,1.91,3,340,1,00002615930
29276312,Central  apartment 4th floor 100sq.m.,220562392,Μαρίλη,,Thessaloniki,40.62984,22.9451,Entire home/apt,,1,353,2025-06-17,4.35,1,303,38,00000073250
29405200,Cozy studio close to city center Netflix app+fiber,221510026,Chrysa,,Thessaloniki,40.60404,22.96151,Entire home/apt,34,1,64,2024-11-27,0.79,1,132,4,00000378026
29419404,Sweet Little House,103104510,Theodoros,,Kordelio – Evosmos,40.66211,22.91335,Entire home/apt,24,1,169,2025-06-22,2.09,4,340,37,00000213610
29429513,"""The Muse"" colorful & cozy flat on Mitropoleos str",221677687,Jely,,Thessaloniki,40.63011,22.9472,Entire home/apt,,2,101,2025-06-04,1.25,1,120,12,00001908148
29436093,COMFORTABLE APPARTMENT  WITH PANORAMIC VIEW,159180103,Αικατερινη,,Kalamaria,40.5908,22.94795,Entire home/apt,80,2,12,2023-12-31,0.15,1,206,0,00000342714
29455024,Thess1home Bright (new November 2018),34979760,,,Thessaloniki,40.60146,22.96206,Entire home/apt,86,2,205,2025-06-15,2.53,9,326,8,00000877579
29473490,Modern Luxury Apartment in Kalamaria,221986652,Stavros,,Kalamaria,40.57954,22.94674,Entire home/apt,52,2,156,2025-06-13,1.93,1,291,18,00000243327
29542113,"Sonia’s Jacuzzi flat,explore city on foot,100mbps",113005514,Sonia,,Thessaloniki,40.637298583984375,22.95233154296875,Entire home/apt,49,3,143,2025-05-04,1.81,1,228,13,00000524294
29620132,Bright Bright B _Central Apartment with balcony,222957907,Lazaros,,Thessaloniki,40.63695,22.94411,Entire home/apt,46,2,134,2025-06-12,1.77,1,279,21,00003168401
29621870,Luxury Living Apartments And Spa - No20,53934947,Vasilis,,Thessaloniki,40.63034,22.94695,Entire home/apt,,1,31,2025-03-12,0.45,7,352,2,00000008628
29629360,Elegant Central Flat •Totally Renovated,223032300,Aimilios,,Thessaloniki,40.63584,22.95374,Entire home/apt,32,2,248,2025-01-30,3.07,1,317,36,00000164863
29638051,GreyLoft22,223097239,Βασιλειος,,Thessaloniki,40.64175,22.93969,Entire home/apt,137,2,3,2024-10-17,0.34,1,340,3,00002924391
29681582,Dimitris house 4,139926761,Δημήτρης,,Thessaloniki,40.61078,22.98073,Entire home/apt,54,2,3,2023-11-30,0.04,1,180,0,00001785173
29702216,"Smart living flat, Melenikou",220429060,Φωτης,,Thessaloniki,40.63342,22.95298,Entire home/apt,72,2,18,2024-09-16,0.22,2,87,3,00000250119
29788069,Seafront family αpartment + parking the Cruiseflat,224106327,Αναστασία,,Kalamaria,40.58984,22.94609,Entire home/apt,125,2,85,2025-06-09,1.06,1,173,12,00003366444
29792242,Cozy #SKG: Like a Local,207973232,Lenia,,Thessaloniki,40.61234,22.95614,Entire home/apt,41,1,2,2025-06-23,2,1,261,2,
29813557,Elli's House,185126554,Ελισάβετ,,Thessaloniki,40.63704,22.94909,Entire home/apt,81,2,34,2025-06-15,0.43,1,263,3,00001302674
29844829,Infinity Sea View Apartment,160843255,Christos,,Thessaloniki,40.62747,22.94726,Entire home/apt,484,3,37,2025-06-11,0.47,5,129,6,00001069395
29847086,DISTRiCT01 #104,42519930,George,,Thessaloniki,40.63554,22.93934,Entire home/apt,41,1,60,2025-05-11,0.76,4,354,7,00001768756
29852977,Your Home away from home,63930608,Paraskevi,,Thessaloniki,40.64258,22.93651,Entire home/apt,29,1,256,2025-06-24,3.19,7,243,35,00002157182
29864213,kostas apartment 1,224595315,Κωνσταντίνος,,Ampelokipon – Menemeni,40.64837,22.92503,Entire home/apt,43,1,51,2024-03-23,0.68,2,91,0,00000005943
29917792,Aigaiou House H φιλόξενη  γωνιά της Αιγαίου,44262685,Christos,,Kordelio – Evosmos,40.66808,22.91881,Entire home/apt,62,3,88,2025-03-25,1.10,2,98,4,00000953687
29924556,Kelly's place,61406542,,,Neapolis – Sykeon,40.64995,22.94392,Entire home/apt,47,2,138,2025-06-23,1.72,1,148,10,00000517913
29924981,Rooftop Mini Suite-Roof Deck-Sunbeds-City view,554986397,Nikos,,Thessaloniki,40.63369,22.93959,Entire home/apt,48,2,150,2025-06-13,1.87,1,144,33,00000424041
29933996,Lori Margariti Sea View Flat #1,94449119,Amalia,,Thessaloniki,40.62777,22.94666,Entire home/apt,70,2,189,2025-06-16,2.36,4,166,27,00000287761
29941142,Lori Margariti Sea View Flat #2,94449119,Amalia,,Thessaloniki,40.62937,22.94867,Entire home/apt,83,2,239,2025-06-01,2.97,4,186,36,00000287626
29942916,Lori Margariti Top Floor Flat # 3,94449119,Amalia,,Thessaloniki,40.62794,22.94674,Entire home/apt,,2,128,2025-06-16,1.59,4,151,12,00000287794
30012659,Casa Neraisa,125487568,Kalliopi,,Thessaloniki,40.63951,22.93868,Entire home/apt,79,2,2,2021-09-13,0.04,1,113,0,00001294238
30028204,Agias Sofias Street Luxurious Studio,225691103,Άννα,,Thessaloniki,40.6325,22.94523,Entire home/apt,47,3,113,2025-04-27,1.43,1,270,7,00000478610
30053310,Sky Studio 1.,201521114,,,Thessaloniki,40.640949,22.934656,Entire home/apt,63,2,75,2023-10-01,0.94,13,235,0,00000417500
30054684,Sky Studio 2.,201521114,,,Thessaloniki,40.640938,22.934698,Entire home/apt,81,2,144,2023-05-28,1.80,13,231,0,00000417533
30054911,Sky Studio 3.,201521114,,,Thessaloniki,40.640949,22.934683,Entire home/apt,65,2,62,2022-04-27,0.77,13,241,0,00000417522
30055330,Sky Studio 4.,201521114,,,Thessaloniki,40.640945,22.93471,Entire home/apt,72,2,70,2023-03-23,0.87,13,250,0,00000417555
30056306,Sky Studio 5.,201521114,,,Thessaloniki,40.640938,22.934704,Entire home/apt,76,2,170,2023-10-20,2.12,13,238,0,00000417635
30056659,Sky Studio 6.,201521114,,,Thessaloniki,40.640938,22.93471,Entire home/apt,77,2,55,2022-03-19,0.69,13,218,0,00000417602
30079030,Violet #colony_whitetower_apartment,32216964,George,,Thessaloniki,40.62891,22.94677,Entire home/apt,77,2,155,2025-05-19,1.94,16,304,3,00003183180
30174175,Manina Apartment,473453892,Alex,,Thessaloniki,40.64219,22.94693,Entire home/apt,34,2,84,2025-06-18,1.06,1,321,16,00002404967
30177759,Manina Studio 1,226679146,Georgia,,Thessaloniki,40.612785,22.97514,Entire home/apt,35,3,42,2025-06-11,0.60,2,357,10,00001194709
30179138,Manina Studio 2,226679146,Georgia,,Thessaloniki,40.612785,22.97514,Entire home/apt,35,2,68,2025-06-16,0.87,2,354,8,00000320075
30198993,Calypso,187517550,Σάββας,,Pavlou Mela,40.67458,22.94282,Entire home/apt,63,3,19,2024-08-28,0.54,1,336,3,00001690548
30221802,SVOLIO APARTMENT,76702547,Haris,,Thessaloniki,40.63005,22.94857,Entire home/apt,,1,24,2025-01-04,0.31,1,0,1,00000184347
30224429,Manina SeaSide Apartment Ι,551002413,Antonios,,Thessaloniki,40.61019,22.95415,Entire home/apt,39,2,76,2025-06-01,1.00,2,348,11,00000327616
30313137,One-of-a kind LUXURY home downtown Near HELEXPO,227650961,Apostolos,,Thessaloniki,40.63496,22.952564,Entire home/apt,170,3,31,2021-09-19,0.39,1,96,0,00000432154
30358421,Central Cozy studio Thessaloniki,22236951,Antigoni,,Thessaloniki,40.619,22.95575,Entire home/apt,33,4,121,2025-06-06,1.53,1,210,15,00001406005
30371054,B & N  LUXURY STUDIO WITH BALCONY,198675916,Vasilis-Nadia,,Thessaloniki,40.63578,22.95062,Entire home/apt,,120,114,2024-05-30,1.44,1,79,0,00000519604
30422589,✦World Heritage Site✦ Ace Location|Walk Everywhere,228411409,Panagiota,,Thessaloniki,40.63764,22.94817,Entire home/apt,51,4,111,2025-05-31,1.39,1,186,8,00000511092
30434223,Feel like Home,63930608,Paraskevi,,Thessaloniki,40.64153,22.93629,Entire home/apt,30,1,220,2025-06-21,2.76,7,264,29,00002181182
30524482,GraffitiSuites#Stone,185535470,V.M.,,Thessaloniki,40.63556,22.93904,Entire home/apt,69,1,18,2024-05-01,0.23,5,365,0,00002253422
30673874,sweet home 46,164492311,Κωνσταντίνος,,Thessaloniki,40.6477,22.93556,Entire home/apt,62,1,195,2025-05-11,2.45,1,71,14,00000523020
30683761,Opera #Skgbnb,1977386,Cristina&Tomas! Skgbnb,,Thessaloniki,40.60876,22.95606,Entire home/apt,67,2,102,2025-05-04,1.29,36,79,13,00002374434
30700673,City Center 14  Iktinou Str,229800216,Konstantinos,,Thessaloniki,40.63095,22.94534,Entire home/apt,33,3,11,2022-02-19,0.14,1,266,0,00000540997
30708189,GraffitiSuites#Bronze,185535470,V.M.,,Thessaloniki,40.63693,22.93769,Entire home/apt,70,1,12,2023-05-15,0.15,5,335,0,00002253358
30799795,Royal deluxe Apt.(must),133887934,George,,Thessaloniki,40.63443,22.95001,Entire home/apt,81,3,34,2025-03-24,0.43,10,233,4,00000272700
30812890,Cozy-cute apartment - Recently renovated,230503709,Roula,,Kalamaria,40.57795,22.95312,Entire home/apt,,4,20,2024-10-28,0.25,1,4,2,00000526393
30823016,Kosmima Apartment Steps from Thessaloniki International Fair,133887934,George,,Thessaloniki,40.63163,22.9517,Entire home/apt,72,3,112,2025-06-09,1.42,10,256,13,00000445786
30904019,THESS OLD TOWN( free parking ) of stayinthess,230953558,Ioanna,,Thessaloniki,40.63887,22.95518,Entire home/apt,56,2,104,2025-05-12,1.32,1,228,7,00000339010
30932881,GraffitiSuites#Garage,185535470,V.M.,,Thessaloniki,40.63663,22.93765,Entire home/apt,66,1,9,2022-09-29,0.11,5,200,0,00002253417
31018529,The Lux a gorgeous 3 bd apt | Close to everything,231664008,,,Thessaloniki,40.63007,22.9468,Entire home/apt,,2,75,2025-04-06,0.97,3,174,4,2681025
31031572,Elton's Philoxenia near new Metro Railway Station,231779641,Eleni,,Ampelokipon – Menemeni,40.65801,22.91328,Entire home/apt,73,2,44,2025-06-04,0.56,1,363,4,00000531836
31033476,Traveler Home 85m2 (Private Parking),231795185,Souzana,,Thessaloniki,40.64239,22.9478,Entire home/apt,127,1,394,2025-06-05,5.08,1,163,42,00002691177
31040733,Panorama Hills Villa - with Pool,146003761,Elissavet,,Pilea – Chortiatis,40.58393166987968,23.023057557055015,Entire home/apt,350,6,0,,,1,126,0,
31055008,SKG Stories: Relax,42391189,Eleni,,Thessaloniki,40.63372,22.9473,Entire home/apt,48,1,579,2025-06-14,7.38,1,343,72,00000531825
31062884,Vintage 1930's backyard appartment in the center.,170439612,Χρύσα,,Thessaloniki,40.64125,22.94194,Entire home/apt,48,2,49,2024-10-28,0.63,1,179,6,00000530719
31069012,ROOMS IN THE apartment in the center!CHEK IN 11 PM,232098635,Mariet,,Ampelokipon – Menemeni,40.65282,22.92624,Private room,15,1,8,2025-06-04,0.16,1,177,1,
31081249,Comely Luxury Apt.(Must),133887934,George,,Thessaloniki,40.63048,22.95082,Entire home/apt,92,3,48,2025-05-10,0.64,10,264,12,00002207490
31094797,Yannis Apartments,232331553,Ιωάννης,,Thessaloniki,40.62083,22.95783,Entire home/apt,72,3,23,2024-12-02,0.29,1,55,1,00000527070
31098397,Luxury Living Apartments And Spa - No55,53934947,Vasilis,,Thessaloniki,40.63297,22.94239,Entire home/apt,69,1,4,2025-05-21,0.06,7,309,2,00000056310
31171950,Sweet Home,231651449,Maria,,Thessaloniki,40.59853,22.9554,Entire home/apt,62,3,67,2025-06-09,0.86,1,360,3,00000526509
31234116,Tsimiski double suites #8 city centre,119416356,Fani,,Thessaloniki,40.63379,22.94007,Entire home/apt,41,1,203,2025-03-26,2.61,34,20,14,00003181050
31236187,New Apartment in the city center with two bedrooms,22757164,Elif,,Thessaloniki,40.64033,22.93964,Entire home/apt,70,1,116,2025-06-08,1.58,1,130,22,00000775920
31249126,Σπίτι    με   κήπο,233796956,Λουκία,,Pilea – Chortiatis,40.57908,23.02338,Entire home/apt,113,2,84,2025-06-09,1.09,1,260,9,00000521250
31270959,Pantheon City Center II,233599991,,,Neapolis – Sykeon,40.63471984863281,22.958892822265625,Entire home/apt,72,1,11,2025-06-21,0.14,30,348,1,00002344395
31285777,Just by the White Tower,170056972,Artemis,,Thessaloniki,40.62959,22.95022,Entire home/apt,63,2,218,2025-06-23,2.81,2,148,42,00000552142
31302101,F & B Collection - Apartment for 3,31131449,Dimitris,,Thessaloniki,40.61046,22.95498,Entire home/apt,46,6,27,2025-06-03,0.36,50,350,2,00002424560
31397893,Seaview Deluxe Apartment 3 bedrooms,2295249,Angelos,,Thessaloniki,40.64464,22.93845,Entire home/apt,80,2,35,2024-03-25,0.62,5,91,0,00000542564
31407099,Newly Restored Flat By Agiou Dimitriou,89814111,Izzy,,Thessaloniki,40.63957,22.94631,Entire home/apt,103,40,33,2024-09-10,0.42,1,365,1,00000550859
31418384,Domus Agora,45875542,Sofoklis,,Thessaloniki,40.63516,22.94577,Entire home/apt,185,3,86,2025-06-09,1.11,2,360,21,00000532590
31516056,Studio City Center,187115067,Michalis,,Thessaloniki,40.62995,22.94704,Entire home/apt,53,1,69,2025-06-02,0.97,1,327,4,00000832888
31533714,City Centre Apartment with great VERANDA,139834170,Michail & Kyriaki,,Thessaloniki,40.63269,22.95056,Entire home/apt,67,2,37,2025-05-20,0.51,3,269,5,00000088496
31533957,2Bedrooms apartment with Veranda & view CityCentre,139834170,Michail & Kyriaki,,Thessaloniki,40.63416,22.94845,Entire home/apt,78,3,12,2022-10-23,0.15,3,269,0,00000088496
31577401,Urban Loft I,236705522,Eva,,Thessaloniki,40.63693,22.9555,Entire home/apt,43,2,239,2025-06-09,3.05,1,319,19,00002620505
31580813,"Αναπάντεχη, αστική πολυτέλεια για όλη την οικογένεια",236718071,Kostas,,Thessaloniki,40.612289,22.960247,Entire home/apt,63,2,57,2025-06-09,0.73,5,267,6,00002639935
31580938,The  Grey Rhino Apartment 1min from the WhiteTower,234511451,Giorgos,,Thessaloniki,40.62884,22.94762,Entire home/apt,50,2,137,2024-12-29,1.75,5,211,11,00001014208
31586396,Διαμέρισμα με πολυτελείς λεπτομέρειες και  κρυφές ανέσεις,236718071,Kostas,,Thessaloniki,40.61329,22.96112,Entire home/apt,59,2,57,2024-01-02,0.73,5,16,0,00002828386
31622009,Urban Loft II,237068350,Γιώργος,,Thessaloniki,40.63675,22.95583,Entire home/apt,38,2,172,2025-04-09,2.20,1,350,12,00002620526
31701431,MAISON SALONIQUE 1930,98754261,Nikolaos,,Thessaloniki,40.62993,22.94666,Entire home/apt,98,2,7,2025-02-16,0.09,2,307,1,00000033878
31702208,Central Aristotelous Studio#1,203563891,Kyriaki,,Thessaloniki,40.63505,22.944,Entire home/apt,43,1,208,2025-05-24,2.67,2,256,30,00000505806
31730825,Art Maison Thessaloniki by Luxlikehome,231048679,Luxlikehome,,Thessaloniki,40.63097,22.94865,Entire home/apt,,2,7,2024-12-25,0.10,19,318,4,00000140081
31738710,Aggelos Apartment,238050571,Aggelos,,Thessaloniki,40.6203,22.95708,Entire home/apt,45,2,27,2025-06-05,0.35,2,247,5,00000616594
31759165,The Reindeer Apartment 1 min from the WhiteTower,234511451,Giorgos,,Thessaloniki,40.62709,22.94981,Entire home/apt,40,1,232,2025-05-28,2.99,5,226,27,00001014229
31798470,Live as a local at this elegant 50sqm apartment #2,47003450,Katerina,,Thessaloniki,40.5986,22.95431,Entire home/apt,,2,107,2025-04-16,1.38,2,0,12,00000550270
31798955,Central Maison Thessaloniki by Luxlikehome,231048679,Luxlikehome,,Thessaloniki,40.6346,22.94674,Entire home/apt,240,3,8,2021-08-22,0.12,19,173,0,00003415664
31925787,Apartment in nice building (Fully equipped),208070192,Prodromos,,Thessaloniki,40.6054,22.97806,Entire home/apt,76,1,0,,,1,83,0,
32012156,Live as a local at this elegant 50sqm apartment #1,47003450,Katerina,,Thessaloniki,40.5986,22.95431,Entire home/apt,44,2,94,2025-06-22,1.21,2,122,26,00000547959
32031476,The White Rhino Apartment 1min from the WhiteTower,234511451,Giorgos,,Thessaloniki,40.6268,22.94891,Entire home/apt,41,2,170,2025-05-06,2.19,5,190,20,00001014213
32053317,SKG Break,66945791,Dimitris,,Thessaloniki,40.62903,22.95211,Entire home/apt,52,2,93,2025-06-10,1.20,1,270,14,00002938063
32068215,Tsimiski double suites #10 city centre,119416356,Fani,,Thessaloniki,40.63369,22.94079,Entire home/apt,39,1,219,2025-06-02,2.84,34,14,16,00001112976
32068419,Petite Palace #8,170021348,Point,,Thessaloniki,40.63502,22.94141,Entire home/apt,80,2,119,2025-05-25,1.58,3,290,13,00001020310
32104750,Corona deluxe Apt.(Must),133887934,George,,Thessaloniki,40.6323,22.9521,Entire home/apt,66,3,44,2025-03-16,0.57,10,63,12,00003324404
32107254,"Stylish Zoi's apartment next to HELEXPO, Wh.Tower",240865852,Dimitris,,Thessaloniki,40.6298,22.95294,Entire home/apt,72,2,14,2023-09-10,0.18,1,188,0,00000548511
32127232,Boho Dream,63930608,Paraskevi,,Thessaloniki,40.6425,22.93687,Entire home/apt,31,1,268,2025-06-08,3.45,7,232,49,00002157257
32171899,Megaron 11,239676141,Κωνσταντίνος,,Thessaloniki,40.6411,22.93812,Entire home/apt,242,2,23,2025-05-11,0.30,1,359,5,00002395799
32175970,The V Apartment 1 min from the White Tower,234511451,Giorgos,,Thessaloniki,40.62884,22.94803,Entire home/apt,,2,30,2025-06-10,0.40,5,183,7,00000987275
32297241,Thessaloniki Historic City Centre-Metro Apartment,23053675,Katie,,Thessaloniki,40.63537,22.94777,Entire home/apt,95,2,32,2025-04-18,0.43,1,225,9,00000565082
32306621,Rossignol home Thessaloniki,114838593,George,,Thessaloniki,40.61709,22.9562,Entire home/apt,94,1,157,2025-05-18,2.03,4,361,30,00000598653
32321701,Unique Skyview Penthouse - Downtown,87942846,Erik,,Thessaloniki,40.63384,22.94883,Entire home/apt,61,3,195,2025-06-10,2.57,1,31,27,00000559024
32337348,Kalamaria Sunny Home,143345116,Eugenia & Giota,,Kalamaria,40.57341,22.96052,Entire home/apt,89,1,143,2025-06-09,1.86,1,158,18,00000590290
32380757,1-3 persons Studio Ano Poli (city center),138958373,Panagiotis,,Thessaloniki,40.63825,22.95808,Entire home/apt,27,3,74,2025-05-12,0.96,2,229,10,00000582359
32421497,Tsinari- Old town #Skgbnb,1977386,Cristina&Tomas! Skgbnb,,Thessaloniki,40.64245,22.9465,Entire home/apt,68,2,127,2025-05-05,1.65,36,362,14,00001131950
32463049,Thesshouse Pefka FK - garden and free parking,243870145,Κωνσταντίνος,,Neapolis – Sykeon,40.66268,22.97868,Entire home/apt,72,1,65,2024-10-02,0.90,1,287,5,00000760742
32481665,Irodotou Studio,244049319,,,Thessaloniki,40.63941,22.95586,Entire home/apt,33,1,256,2025-06-12,3.32,1,1,63,00000567396
32516133,Nicole's House,206936534,Nikoletta,,Ampelokipon – Menemeni,40.65361,22.92845,Entire home/apt,,1,124,2024-02-18,1.62,1,0,0,00000630655
32538584,Chic and Cosy Flat in Thessaloniki,244506342,Anthoula,,Thessaloniki,40.5966,22.95486,Entire home/apt,48,2,69,2025-06-20,0.90,1,240,6,00000553689
32565194,citizen9 urban rooms / live like a citizen,101193924,Vassilis,,Thessaloniki,40.64966,22.91668,Private room,3999,730,9,2022-09-07,0.17,1,358,0,00000538922
32569288,The City Block 4,241226463,Margarita,,Thessaloniki,40.61756,22.96704,Entire home/apt,1000,20,19,2022-08-27,0.25,5,269,0,00000598370
32581910,Greek Retro Decor & WesAnderson's Movies Design,33923077,Βασίλης,,Thessaloniki,40.63399,22.93665,Entire home/apt,86,2,66,2025-04-07,0.87,4,332,6,00000299697
32583262,Unique Loft- Thessaloniki Down Town,33923077,Βασίλης,,Thessaloniki,40.6339,22.93581,Entire home/apt,58,2,47,2025-04-15,0.62,4,353,3,00000299700
32583677,Urban Dream-Away Loft - Down Town,33923077,Βασίλης,,Thessaloniki,40.63565,22.93707,Entire home/apt,74,2,132,2025-06-24,1.73,4,357,28,00000299700
32600067,Spacious city loft near the waterfront,245045714,Kostis,,Thessaloniki,40.63372,22.93891,Entire home/apt,75,2,260,2025-06-15,3.40,1,245,45,00000557286
32609272,Bright Apartment steps from the Sea,44815306,Eva,,Kalamaria,40.57771,22.9471,Entire home/apt,85,2,94,2025-05-07,1.25,3,282,10,00002492950
32613231,"City Center quiet flat, fast internet connection",11087486,Maria,,Thessaloniki,40.63815,22.95092,Entire home/apt,37,2,46,2025-02-24,0.60,2,341,6,00000591421
32636331,"Charming Sunny Apartment with Patio, Thessaloniki",245365966,Stavroula,,Thessaloniki,40.64584,22.94029,Entire home/apt,36,7,58,2025-06-10,0.77,1,172,10,00000598245
32756484,St Paul House Middle,246343879,Ioanna,,Neapolis – Sykeon,40.63459,22.96,Entire home/apt,40,3,34,2025-02-03,0.46,1,361,2,00001385106
32798937,Hippodrome Flatlet,246736543,Κωνσταντινος,,Thessaloniki,40.62962,22.95123,Entire home/apt,54,1,19,2024-12-19,0.25,1,92,1,00000650809
32809055,New Stylish and Cozy House (next to Metro Station),86924681,Dimitrios,,Thessaloniki,40.59503,22.96206,Entire home/apt,67,1,140,2025-05-05,1.89,2,235,37,00002603279
32813968,Spacious Apartment with View near to Center,246800873,Στέλλα,,Ampelokipon – Menemeni,40.64857,22.92796,Entire home/apt,48,3,24,2024-09-22,0.31,1,318,3,00001590211
32845411,Thess Nature,247097053,Dimitrios,,Thessaloniki,40.60986,22.9853,Entire home/apt,60,1,298,2025-06-08,3.89,1,361,34,00001128481
32851691,Blue-Accented BoutiqueApartment@ThessalonikiCenter,69811132,Despina,,Thessaloniki,40.6316,22.94868,Entire home/apt,,1,92,2025-06-23,1.20,3,340,6,00000609260
32859103,Cozy apartment in the centre of Thessaloniki!,247201553,Magdalena,,Thessaloniki,40.6405,22.9398,Entire home/apt,67,2,141,2025-06-08,1.85,1,152,33,00000582610
32961081,Thalia home | Welcome to Thessaloniki Hospitality,196117500,Thalia,,Thessaloniki,40.62268,22.96055,Entire home/apt,30,2,222,2025-05-25,2.91,2,294,28,00000626922
32996490,Big apartment - walk down stairs - big large yard,196117500,Thalia,,Thessaloniki,40.62268,22.96055,Entire home/apt,26,3,101,2025-05-25,1.33,2,287,16,00000627019
33016544,Central Aristotelous Studio#2,203563891,Kyriaki,,Thessaloniki,40.63505172729492,22.944002151489258,Entire home/apt,44,1,128,2025-05-19,1.76,2,264,24,00000615070
33039784,Horizon /Downtown Penthouse w/ massive terrace,187796636,Afentoula,,Thessaloniki,40.63318366932779,22.949513501852422,Entire home/apt,68,2,35,2025-05-02,1.03,2,266,10,00003223372
33071043,"Little, cosy and sunny apartment in Thessaloniki",78078357,Chrysoula,,Neapolis – Sykeon,40.63881,22.96253,Entire home/apt,31,3,125,2025-06-17,1.65,2,329,20,00000592833
33079574,"Απο Εδω , Αεροδρόμιο-Πανεπιστήμια -Μέγαρο Μουσικης",223753704,Δεσποινα,,Thessaloniki,40.5997428894043,22.955503463745117,Entire home/apt,70,4,0,,,2,363,0,00000324284
33129821,Central Luxury Apartment in Thessaloniki,249408335,Lydia,,Thessaloniki,40.63954,22.95058,Entire home/apt,40,3,67,2025-03-10,0.88,1,266,6,00001441084
33151480,Konstantina’s Studio  SKG,49272219,Timos,,Thessaloniki,40.64218,22.93682,Entire home/apt,40,1,39,2024-10-28,0.51,6,0,1,00002199972
33158649,Apartment with marina view,249656129,Konstantinos,,Kalamaria,40.57645,22.94553,Entire home/apt,130,3,71,2025-05-04,0.94,1,307,6,00001909490
33174732,♥ Nordic Design 5star Apartment ♥,17489165,Andrew,,Thessaloniki,40.64028,22.93683,Entire home/apt,71,4,15,2024-07-12,0.20,3,319,1,00002499995
33211563,Bright Bright A_Central Apartment with balcony,250057218,Christina,,Thessaloniki,40.63711,22.94261,Entire home/apt,56,2,190,2025-06-24,2.51,1,302,24,00002902880
33264752,F & B Collection - Rotunda & Kamara View,31131449,Dimitris,,Thessaloniki,40.63298,22.95205,Entire home/apt,58,6,96,2025-04-06,1.29,50,363,14,00002043036
33271808,Lovely-3-bedrooms apartment center of Thessaloniki,108524590,Nana,,Thessaloniki,40.63549,22.95058,Entire home/apt,113,2,85,2025-06-07,2.33,3,300,30,00001478147
33280191,Papafeio Luxury Living Apartment,87094895,Dimitrios,,Thessaloniki,40.62166,22.96501,Entire home/apt,,30,7,2023-07-31,0.10,1,0,0,00000596361
33284122,Flat with garden view in Polichni,91247024,Anthony,,Pavlou Mela,40.66078,22.95392,Entire home/apt,68,1,7,2025-06-23,0.09,1,19,4,00000665338
33284304,Luxury cozy large apartment in the city center,121533440,Emmanouil,,Thessaloniki,40.63105,22.94433,Entire home/apt,78,1,293,2025-06-11,3.87,2,108,28,00000632608
33286821,Escape ... in style / Downtown Seaside Balcony 508,80206409,Mike,,Thessaloniki,40.63131,22.94277,Entire home/apt,55,1,109,2025-05-02,2.19,12,336,18,00003014275
33338487,"Think Home, exploring the center of Thessaloniki",25320105,Manos,,Thessaloniki,40.62946,22.94902,Entire home/apt,115,2,88,2024-11-17,1.17,3,306,5,00001902126
33379995,#Nephele Studios by halu! Apartments (Nephele),251290631,Halu,,Thessaloniki,40.63481,22.94186,Entire home/apt,81,1,27,2024-05-06,0.36,99,355,0,00002880155
33387056,Your Dream House,251519195,Xrysa,,Pilea – Chortiatis,40.60272,22.97951,Entire home/apt,41,2,8,2021-06-07,0.14,1,54,0,00001071836
33390400,#Nephele Studios by halu! Apartments (Morpheus),251290631,Halu,,Thessaloniki,40.63467,22.94201,Entire home/apt,81,1,8,2024-11-27,0.11,99,356,1,00002879976
33390799,IndustrialStyle Cozy lil Studio 5' from Waterfront,65097374,Panagiotis,,Thessaloniki,40.61671,22.95747,Entire home/apt,39,1,721,2025-06-08,9.54,1,21,123,00000616073
33394400,4 Colours apartment with 2 bedrooms,120679277,Svetlana,,Kalamaria,40.58862,22.96167,Entire home/apt,67,3,8,2023-12-14,0.12,1,72,0,00000681393
33396557,Cozy appartment between city center and airport,135596507,Nina,,Kalamaria,40.58122,22.95395,Entire home/apt,43,4,61,2025-06-11,0.81,1,207,9,00000780135
33445310,Stunning Sea View Apartment,251960683,Anastasia & Pavlos,,Thessaloniki,40.63945,22.95707,Entire home/apt,60,1,51,2024-07-28,0.68,1,266,1,00000608787
33451824,Downtown Luxury Boutique Suites : the grand suite,178290282,Κώστας,,Thessaloniki,40.6294,22.94995,Entire home/apt,53,2,108,2025-06-03,1.44,4,219,21,00001481329
33452375,Thess1home Refresh,252017992,Panagiotis,,Thessaloniki,40.61679,22.95451,Entire home/apt,74,1,58,2025-05-04,0.77,1,178,4,00002867453
33481799,Evaggelistria City Center,201490114,"Athina, Ioanna & Katerina",,Neapolis – Sykeon,40.63502,22.96002,Entire home/apt,32,2,138,2025-05-27,1.82,1,248,15,00000621254
33484287,AMA00000611188 SUPER NUOVA-Private Parking,246425829,Σταματια,,Neapolis – Sykeon,40.64559,22.95392,Entire home/apt,51,2,154,2025-06-01,2.04,1,44,23,00000611188
33541283,Elegant Brand New Loft with Private Terrace,252704557,Ioannis,,Thessaloniki,40.63514,22.93892,Entire home/apt,116,3,122,2025-06-08,1.67,1,321,20,00003186553
33552709,**Excellent comfortable central studio!!!,252822695,Magda,,Thessaloniki,40.63657,22.94969,Entire home/apt,50,2,238,2025-02-03,3.14,1,235,4,00000661694
33565390,Papafi Urban Living Oasis,23689070,Urban Living,,Thessaloniki,40.6219,22.96308,Entire home/apt,55,3,81,2025-05-25,1.11,1,162,15,00000662177
33587016,Athina's house,180953199,Αθηνά,,Neapolis – Sykeon,40.64769,22.94089,Entire home/apt,64,1,167,2025-06-19,2.21,2,162,19,00000624969
33599861,Oli's Luxury Apartment,233599991,,,Thessaloniki,40.61057,22.95614,Entire home/apt,67,1,18,2025-06-08,0.24,30,241,4,00002221715
33607159,Sky Studio 7.,201521114,,,Thessaloniki,40.640968,22.9345,Entire home/apt,88,2,41,2025-04-26,0.54,13,237,1,00000417668
33608883,Sky Studio 9.,201521114,,,Thessaloniki,40.641041,22.934694,Entire home/apt,77,2,45,2025-01-24,0.60,13,233,1,00000417817
33612186,Apartment | Evapollo,253289473,Evapollo,,Thessaloniki,40.63328,22.93927,Entire home/apt,117,1,10,2022-10-24,0.13,1,350,0,00000601680
33717306,Villanova Apartment,103104510,Theodoros,,Thessaloniki,40.63994,22.93845,Entire home/apt,46,1,239,2025-01-07,3.19,4,314,30,00001890500
33764999,Sky Studio 8.,201521114,,,Thessaloniki,40.640884,22.934763,Entire home/apt,88,2,32,2023-09-30,0.42,13,238,0,00000417748
33801721,SKG Loft,101933240,Giannis,,Thessaloniki,40.64135,22.94151,Entire home/apt,38,2,138,2023-10-05,1.84,4,271,0,00002376257
33808350,City Center Apartment with a Modern Breeze,8875256,Alex,,Thessaloniki,40.63942,22.94145,Entire home/apt,72,2,276,2025-06-07,3.67,3,277,32,00002166880
33820972,F & B Collection - Seaview MiniLux,31131449,Dimitris,,Thessaloniki,40.64067,22.93053,Entire home/apt,44,6,18,2025-06-01,0.24,50,365,5,00000598482
33860761,Joy's Apartment In The Heart of City's Center,41837560,Nena,,Thessaloniki,40.63483,22.94733,Entire home/apt,74,2,62,2025-05-25,0.83,1,3,9,00000627369
33883416,Little Haven in Kalamaria center,255835194,Rebeka,,Kalamaria,40.5813,22.94642,Entire home/apt,45,4,79,2025-06-09,1.06,2,358,10,00000788790
33895481,Cozy apartment in the center near Ancient market,253837597,Kalliopi,,Thessaloniki,40.638925468283716,22.94473230753221,Entire home/apt,49,1,299,2025-06-22,3.97,1,348,55,00003213692
33896600,Dahlia#colony_International_Fair,226024200,Elias,,Thessaloniki,40.6272,22.95102,Entire home/apt,80,4,26,2024-07-13,0.36,1,147,1,00000605334
33958613,Acropolis deluxe Apt.(Must),133887934,George,,Thessaloniki,40.63125,22.95101,Entire home/apt,72,3,24,2024-09-01,0.35,10,267,2,00000613935
34002063,Elegantly designed day bed apartment,21087608,Akis,,Thessaloniki,40.59593,22.9548,Entire home/apt,93,2,88,2025-06-06,1.18,1,264,14,00000649892
34015868,THESS COZI ΠΥΛΕΑ Θεσσαλονίκη,97519808,George,,Pilea – Chortiatis,40.60602,22.98254,Entire home/apt,32,3,57,2024-08-07,0.77,5,59,3,00000667936
34016546,THESS TOUMPA APARTMENT,97519808,George,,Pilea – Chortiatis,40.60413,22.98208,Entire home/apt,34,3,35,2025-06-07,0.47,5,90,1,00000667914
34027863,Nature feel,63930608,Paraskevi,,Thessaloniki,40.64275,22.93549,Entire home/apt,29,1,91,2025-01-25,1.23,7,262,11,00002157363
34037753,White Tower Apartment,210544439,Giannis,,Thessaloniki,40.62822,22.94932,Entire home/apt,160,50,2,2019-07-15,0.03,1,179,0,
34062117,Downtown Luxury Boutique Suites : the yellow suite,178290282,Κώστας,,Thessaloniki,40.63132,22.95214,Entire home/apt,61,2,62,2025-01-02,0.83,4,356,4,00001481541
34063156,Downtown Luxury Boutique Suites : the red suite,178290282,Κώστας,,Thessaloniki,40.6315,22.95218,Entire home/apt,47,2,56,2025-06-02,0.75,4,197,13,00001481280
34087696,Comfort Luxury Maisonette (103 m²),257396325,Νίκος Και Ελένη,,Pilea – Chortiatis,40.60202,22.99675,Entire home/apt,101,2,96,2025-05-05,1.28,1,279,7,00001865965
34104432,Urban Living 2,112627287,Urban Living,,Thessaloniki,40.63474,22.94473,Entire home/apt,55,3,26,2024-10-18,0.36,9,141,1,00001290836
34151200,PanEri 's place,157288598,Thanasis,,Ampelokipon – Menemeni,40.65363,22.92815,Entire home/apt,,1,66,2024-11-10,0.90,4,61,1,00001349278
34160030,Cinnamon - Sea view,251917571,Κωστής,,Thessaloniki,40.61467,22.95449,Entire home/apt,48,2,23,2023-10-21,0.31,1,93,0,00003275167
34166275,The Minimal Suite from k2properties,257956713,Natasa,,Thessaloniki,40.62995,22.94831,Entire home/apt,45,3,125,2025-02-03,1.67,9,338,4,00001123515
34187846,Nota - Karolou Dil,28267881,Tomas&Cristina! Skgbnb,,Thessaloniki,40.63161,22.94207,Entire home/apt,81,2,23,2025-05-26,0.31,29,314,14,00002792623
34191893,The Corner Suite in Navarinou Sq. k2properties,257956713,Natasa,,Thessaloniki,40.6321,22.94838,Entire home/apt,47,2,56,2025-04-04,0.75,9,344,7,00001123600
34347881,Eliza's luxury apartment next to Agias Sofias,214775821,Elisavet,,Thessaloniki,40.63344,22.94893,Entire home/apt,41,2,505,2025-06-17,6.79,1,74,68,00000650489
34417353,GraffitiSuites#Glossy Lodge,185535470,V.M.,,Thessaloniki,40.63632,22.93884,Entire home/apt,95,3,22,2023-06-18,0.31,5,190,0,00002253438
34438145,Spacy 84sqm apartment in a quiet neighbourhood!,166725518,Kristina,,Pavlou Mela,40.66088,22.94487,Entire home/apt,71,4,72,2025-06-19,1.02,1,312,12,00000866079
34465484,Brand New Micro Campervan- Calypso - Chalkidiki,204997816,Odyssey,,Thessaloniki,40.59391,22.9527,Entire home/apt,,6,1,2019-07-31,0.01,7,0,0,0933E81000178801
34536166,Comfy&Stylish apart in the heart of Thessaloniki,260593166,Sviatlana,,Thessaloniki,40.63317,22.9473,Entire home/apt,50,2,126,2025-06-08,1.69,1,102,14,00000671013
34555679,Marie claire home,66865892,Maria,,Neapolis – Sykeon,40.6492,22.94498,Entire home/apt,37,2,105,2025-05-22,1.42,2,99,15,00000686733
34585082,#FLH - Belle Reve Apartment,9244884,FeelsLikeHomeGR,,Thessaloniki,40.63966,22.94317,Entire home/apt,83,1,65,2025-06-01,0.87,19,148,3,00002278790
34586815,F & B Collection - Apartment for 6,31131449,Dimitris,,Thessaloniki,40.60112,22.96555,Entire home/apt,59,6,32,2025-01-20,0.47,50,297,5,00002473137
34612168,KAMARA Amazing View By JohnTack apartments,128433739,John,,Thessaloniki,40.63376,22.95107,Entire home/apt,57,1,99,2025-06-08,1.37,2,73,15,00000509968
34651578,Central Studio Flat II,60724536,Alexandros,,Thessaloniki,40.63408,22.95278,Entire home/apt,88,1,15,2022-06-25,0.20,2,141,0,00002965499
34701707,Arvanitidis Suites Anesis central luxury suite,125718589,Maria,,Thessaloniki,40.63692,22.93907,Entire home/apt,94,2,350,2025-06-08,4.76,3,331,49,00002379816
34708438,#Danae by halu! Apartments,251290631,Halu,,Thessaloniki,40.63305,22.95075,Entire home/apt,91,1,39,2024-12-01,0.53,99,351,3,00002287175
34729100,DK mini suites A,261937610,Dimitriadis,,Thessaloniki,40.63383,22.94323,Entire home/apt,82,2,1,2019-07-14,0.01,10,179,0,00002435550
34749094,Elegant Downtown Studio by White Tower,166989510,Ariadne,,Thessaloniki,40.62638,22.94823,Entire home/apt,70,2,22,2025-02-17,0.30,1,76,6,00002619210
34751164,Brand-New Modern flat in the Heart of the city,1653525,Nikos,,Thessaloniki,40.63449,22.9491,Entire home/apt,78,3,124,2025-06-09,1.72,1,284,25,00001893898
34934528,The Modern Suite,257956713,Natasa,,Thessaloniki,40.63039,22.94805,Entire home/apt,41,2,92,2025-02-02,1.25,9,313,7,00001123599
34940242,"Oasis Luxury detached House , hydromassage column",69981336,Evgenia,,Kordelio – Evosmos,40.6691086,22.9173473,Entire home/apt,104,1,67,2025-06-04,0.91,2,337,13,00000702940
34959941,#SKGH Amvrosia deluxe suite - easy Parking&View,146634219,Helias,,Pilea – Chortiatis,40.61327,22.98859,Entire home/apt,44,2,106,2025-04-16,1.44,19,325,10,00003196461
34990634,DISTRiCT01 #103,42519930,George,,Thessaloniki,40.63385,22.93935,Entire home/apt,48,1,103,2025-06-22,1.59,4,347,17,00001768761
34990857,AlterEgo I #Skgbnb,1977386,Cristina&Tomas! Skgbnb,,Thessaloniki,40.63881,22.93957,Entire home/apt,53,2,68,2025-02-17,0.92,36,323,8,00002755156
34997825,ANGEL 401 Deluxe Central Apartment AMA00003226994,263669606,Leonidas,,Thessaloniki,40.64003,22.93931,Entire home/apt,52,30,34,2020-09-19,0.46,3,0,0,00000685900
35034327,AlterEgo‐ Downtown #Skgbnb,1977386,Cristina&Tomas! Skgbnb,,Thessaloniki,40.63874,22.9382,Entire home/apt,55,2,59,2024-08-27,0.80,36,183,2,00002755342
35071057,Astor's Home,163123431,Ntemi And Nick,,Thessaloniki,40.63976,22.95393,Entire home/apt,37,2,170,2025-05-11,2.31,16,361,16,00002658617
35125254,Angel 403 Deluxe central apartment AMA00000685911,263669606,Leonidas,,Thessaloniki,40.64041,22.941,Entire home/apt,52,1,114,2025-05-18,1.54,3,29,21,00000685911
35125666,Angel 404 jacuzzi central suite AMA00000685900,263669606,Leonidas,,Thessaloniki,40.63991,22.93959,Entire home/apt,77,1,307,2025-06-11,4.20,3,54,44,00000685900
35207629,"200m from SeaFront (Private Parking), Suite",76977208,,,Kalamaria,40.59217,22.95083,Entire home/apt,64,2,221,2025-06-10,3.02,2,210,44,00000731915
35208993,Comfy central flat,104743047,Niki,,Thessaloniki,40.6004,22.95393,Entire home/apt,,3,3,2022-10-02,0.04,1,0,0,00000782744
35253879,AristotelousAPARTMENT IN THE HEART OF THESSALONIKI,479488819,Michael,,Thessaloniki,40.63516,22.94394,Entire home/apt,53,2,137,2023-12-27,1.86,1,350,0,00000599704
35290052,Spacious*Free Parking* Near Shops*Netflix* A/C,206330323,Samantha,,Ampelokipon – Menemeni,40.65821,22.92166,Entire home/apt,75,2,45,2025-06-15,0.61,1,24,10,00000842921
35325579,G&M LUXURY STUDIOS #3,265972620,Χρήστος,,Thessaloniki,40.64063,22.94003,Entire home/apt,72,1,2,2025-02-23,0.04,8,348,1,00000687635
35365070,Happy Rabbit 2,107328172,Alexis,,Thessaloniki,40.64425,22.9251,Entire home/apt,57,1,85,2025-06-04,1.16,6,365,9,00000692419
35386088,Sea & City Big Apt.,58402846,Γιώργος,,Thessaloniki,40.59355,22.95045,Entire home/apt,77,3,3,2024-05-29,0.05,1,328,0,00000928264
35402187,Imperium II - White Tower #Skgbnb,28267881,Tomas&Cristina! Skgbnb,,Thessaloniki,40.62818,22.9482,Entire home/apt,,2,62,2025-06-09,0.84,29,328,14,00002575000
35501485,G&M LUXURY STUDIOS #2,265972620,Χρήστος,,Thessaloniki,40.6401,22.93975,Entire home/apt,,1,8,2025-03-23,0.11,8,340,2,00000687646
35504956,G&M LUXURY STUDIOS #1,265972620,Χρήστος,,Thessaloniki,40.64168,22.9382,Entire home/apt,62,1,2,2023-01-04,0.03,8,329,0,00000687602
35601248,G&M LUXURY STUDIOS #4,265972620,Χρήστος,,Thessaloniki,40.64205,22.94001,Entire home/apt,67,1,2,2025-04-26,0.46,8,349,2,00000687668
35624108,G&M LUXURY STUDIOS #5,265972620,Χρήστος,,Thessaloniki,40.63997,22.93807,Entire home/apt,75,1,6,2025-02-23,0.13,8,347,1,00000687679
35625231,G&M LUXURY STUDIOS #6,265972620,Χρήστος,,Thessaloniki,40.64022,22.93774,Entire home/apt,,1,2,2023-11-13,0.05,8,0,0,00000687759
35691547,Τετράκλινο δωμάτιο με άποψη,129257949,Constantino,,Thessaloniki,40.64391,22.94456,Private room,,1,1,2021-09-12,0.02,6,0,0,0933K133K0466700
35697440,#FLH - Traveller's Nest,9244884,FeelsLikeHomeGR,,Thessaloniki,40.63319,22.94965,Entire home/apt,75,1,85,2025-03-30,1.18,19,181,9,00003169243
35709594,Astor’s  Brilliant  Home,163123431,Ntemi And Nick,,Thessaloniki,40.63982,22.94939,Entire home/apt,43,2,212,2025-05-05,2.93,16,361,19,00002658590
35750129,Νεοκλασσικό Διαμέρισμα στο Ιστορικό Κέντρο,94647627,Thimios,,Thessaloniki,40.64043,22.94515,Entire home/apt,52,30,4,2024-07-31,0.09,1,238,1,00001201410
35783525,Liberty Home / Sea view / Old City,216813735,Ελένη,,Neapolis – Sykeon,40.63979,22.96052,Entire home/apt,70,2,11,2024-06-04,0.15,1,127,0,00001233904
35818995,Houseloft Bianca Vision,29565272,Houseloft,,Thessaloniki,40.59756,22.95624,Entire home/apt,144,1,44,2025-05-19,0.63,23,341,8,00003225127
35820408,☰ SPACIOUS | UNIQUE | LUXURIOUS | CENTRAL ☰,43633063,Harry,,Thessaloniki,40.630063,22.9445715,Entire home/apt,171,2,134,2025-01-26,1.84,5,67,2,00003326253
35886762,"Bright, modern 2BR flat w/ balcony, 15 min Airport",269933526,Drosia,,Kalamaria,40.584743,22.962473,Entire home/apt,59,2,63,2025-06-20,0.89,1,313,34,00001200913
35897741,"Ηλιούπολη-Θεσσαλονίκη, Συγκατοίκηση",270000177,Konstantinos,,Pavlou Mela,40.668266,22.931793,Private room,18,5,32,2025-02-17,0.45,1,296,2,00000740034
35907834,Irida Equanimity and Cozy Apartment,270083473,Αθανάσιος,,Thessaloniki,40.61522,22.96542,Entire home/apt,45,2,109,2025-06-08,1.50,1,158,22,00002011717
35926160,G&M LUXURY STUDIOS #8,265972620,Χρήστος,,Thessaloniki,40.64199,22.93777,Entire home/apt,72,1,8,2025-02-23,0.11,8,352,1,00000687760
35935634,Luxurious beach front apartment with amazing view,78991191,Efharis,,Kalamaria,40.59117,22.9471,Entire home/apt,250,7,0,,,1,267,0,
35958262,Lovely Home,63930608,Paraskevi,,Thessaloniki,40.64085,22.9358,Entire home/apt,29,1,81,2025-06-08,1.11,7,221,18,00002158015
35962628,Deluxe double studio with Olympic view,129257949,Constantino,,Thessaloniki,40.6434,22.94376,Entire home/apt,,1,14,2024-10-13,0.21,6,0,2,0933K133K0466700
36049884,Loft by clever,269506579,Kiki,,Thessaloniki,40.62843,22.94577,Entire home/apt,85,2,86,2025-05-31,1.31,1,283,24,00000685707
36061587,Ωραίο διαμέρισμα δίπλα στο μετρό,270502015,Dimitris,,Thessaloniki,40.59303874182608,22.962000749644943,Entire home/apt,51,1,2,2025-06-10,0.78,1,266,2,
36130158,"Baobloom
seaview front center of Thessaloniki",266261610,Lazaros,,Thessaloniki,40.62948206798415,22.944792225638036,Entire home/apt,126,2,14,2025-06-12,3.28,1,311,14,00003203838
36156182,DK mini suites D,261937610,Dimitriadis,,Thessaloniki,40.62975,22.95358,Entire home/apt,72,2,49,2025-04-03,0.68,10,181,4,00001841445
36216423,Trendy Studio in front of Ladadika District,45891751,Angeliki,,Thessaloniki,40.6353,22.93903,Entire home/apt,48,1,34,2023-12-03,0.48,1,205,0,00001735260
36252705,Thess home Now Luxury Apartment There is Room 4 U,268130557,Dimitris,,Neapolis – Sykeon,40.64774,22.94218,Entire home/apt,114,2,35,2022-09-05,0.48,1,323,0,00000704255
36271253,Aquilon City Center Apartments By The Sea,186001922,Cristina,,Thessaloniki,40.60195,22.95089,Entire home/apt,300,2,9,2022-02-14,0.13,1,90,0,00000949284
36273307,WELCOME HOME SKG,49272219,Timos,,Thessaloniki,40.64183,22.93672,Entire home/apt,32,1,29,2022-08-12,0.40,6,111,0,00000773387
36301370,HAPPY TRAVELLER,49272219,Timos,,Thessaloniki,40.64095,22.93804,Entire home/apt,75,1,37,2022-10-16,0.53,6,152,0,00000773398
36326669,Maison Penthouse by Luxlikehome,231048679,Luxlikehome,,Thessaloniki,40.63236,22.9446,Entire home/apt,189,2,29,2025-04-27,0.40,19,318,2,00000735240
36377003,behome37,273532129,Chris,,Thessaloniki,40.60092,22.97221,Entire home/apt,128,3,47,2024-08-27,0.65,1,338,4,00000743137
36379769,The Contemporary Suite from k2properties,257956713,Natasa,,Thessaloniki,40.6343,22.94921,Entire home/apt,42,2,80,2024-11-05,1.13,9,329,6,00001123642
36382675,With Love to the Art Studio from k2properties,257956713,Natasa,,Thessaloniki,40.63446,22.95063,Entire home/apt,38,2,69,2025-04-14,0.96,9,322,8,00001123658
36405654,Smurfs' house center Thessaloniki,227972546,Kostas,,Thessaloniki,40.61915588378906,22.964733123779297,Entire home/apt,44,1,321,2025-05-12,4.49,1,342,66,00000764984
36442004,Time Capsule  Mid Century Flat,141627482,Jorge,,Thessaloniki,40.64053,22.93895,Entire home/apt,46,2,17,2022-09-03,0.25,1,264,0,00000885728
36449163,Quiet Urban Studio with Private Backyard,274048013,Ioannis,,Neapolis – Sykeon,40.6353,22.9597,Entire home/apt,54,2,11,2025-05-17,0.15,1,181,4,00000769803
36477406,Super stylish studio I,11536415,Costas,,Thessaloniki,40.61536,22.95755,Entire home/apt,,3,19,2025-05-20,0.27,2,2,6,00000763801
36552039,Imperium I - White Tower #Skgbnb,28267881,Tomas&Cristina! Skgbnb,,Thessaloniki,40.62697,22.94969,Entire home/apt,72,2,71,2025-06-09,0.98,29,291,28,
36564022,"Cozy apartment next to seaside,metro & city center",244592619,Μαρια,,Thessaloniki,40.60751,22.95435,Entire home/apt,,7,37,2024-09-04,0.54,1,17,1,00000570693
36583114,"""Nephele"" Luxury Suite",458555585,Δημητριος,,Thessaloniki,40.63646,22.94879,Entire home/apt,89,1,208,2025-06-09,2.89,1,246,26,00000749490
36591280,Epsilon Suite | Your City Level,171408300,Horizone,,Thessaloniki,40.63261,22.94081,Entire home/apt,95,1,26,2025-03-02,0.36,3,342,4,00000775205
36624107,Kappa Suite | Your City Level,171408300,Horizone,,Thessaloniki,40.63391,22.94088,Entire home/apt,115,1,24,2025-04-27,0.33,3,339,2,00000775103
36665382,Lamda Suite | Your City Level,171408300,Horizone,,Thessaloniki,40.63196,22.94029,Entire home/apt,95,1,40,2025-04-20,0.56,3,337,10,00000775067
36694434,Fresh Studio # Self Check In#,64889080,Dimitris,,Thessaloniki,40.64125,22.93327,Entire home/apt,34,2,206,2025-05-31,2.85,1,49,36,00000779709
36696214,Dimitra's cozy studio in old town with backyard!,275813922,Dimitra Loukia,,Neapolis – Sykeon,40.64195,22.96107,Entire home/apt,32,4,130,2025-06-01,1.80,1,221,25,00000779630
36698862,"Konba View luxury mini apartments
near  center",148219163,Georgios,,Ampelokipon – Menemeni,40.6494,22.92917,Entire home/apt,33,2,56,2025-03-29,0.78,1,365,7,00000835415
36742941,Zennova #5 Antigonidon Sq,263237779,Stelios,,Thessaloniki,40.64035,22.93999,Entire home/apt,116,1,57,2024-11-24,0.81,12,159,2,00001682898
36754176,COZY HOME in thessaloniki center,44893060,Sotir,,Thessaloniki,40.63899,22.95237,Entire home/apt,51,2,27,2025-05-25,0.37,3,347,3,00000772623
36803316,Q luxury rooms #1 city center,264553645,Q Luxury,,Thessaloniki,40.63759,22.9412,Entire home/apt,65,1,68,2025-06-06,0.94,7,339,3,00000690513
36804426,Q luxury rooms #2 city center,264553645,Q Luxury,,Thessaloniki,40.63899,22.94005,Entire home/apt,73,1,120,2024-11-28,1.66,7,326,3,00000690546
36804986,Loft apartment,63930608,Paraskevi,,Thessaloniki,40.64163,22.93613,Entire home/apt,26,1,74,2025-06-23,1.02,7,262,13,00002247920
36805561,Q luxury rooms #3 city center,264553645,Q Luxury,,Thessaloniki,40.63824,22.94122,Entire home/apt,74,1,14,2025-06-19,0.19,7,309,1,00000690557
36835728,Q luxury rooms #4 city center,264553645,Q Luxury,,Thessaloniki,40.63975,22.94092,Entire home/apt,74,1,63,2024-05-23,0.87,7,326,0,00000690579
36836649,Q luxury rooms #5 city center,264553645,Q Luxury,,Thessaloniki,40.63754,22.93949,Entire home/apt,74,1,36,2023-02-01,0.50,7,320,0,00000690604
36837317,Q luxury rooms # King Suite-Jacuzzi,264553645,Q Luxury,,Thessaloniki,40.63942,22.93944,Entire home/apt,104,1,125,2025-05-13,1.74,7,345,9,00000690615
36838396,Q luxury rooms 360° city view,264553645,Q Luxury,,Thessaloniki,40.63964,22.94054,Entire home/apt,76,1,48,2024-12-29,0.67,7,315,2,00000690626
36881835,Minimal cozy apartment in the heart of the city,277177920,Αφεντούλα,,Thessaloniki,40.63775,22.95053,Entire home/apt,34,2,134,2025-06-19,1.86,1,225,33,00000844930
36965900,Endless View City  Centre EXPO,83469196,Mel,,Thessaloniki,40.63028,22.95348,Entire home/apt,,3,18,2025-02-18,0.26,1,1,2,00001364946
36987627,Sunshine Penthouse,813638,Athanasios,,Thessaloniki,40.63387,22.94761,Entire home/apt,38,2,92,2025-06-11,1.29,1,83,10,00000800947
36992255,Victoria's apartment,179713527,Victoria,,Thessaloniki,40.64204,22.95071,Entire home/apt,63,3,9,2024-10-15,0.13,1,188,1,00000778206
37012443,The Arch Suite,50212813,Nikolaos,,Thessaloniki,40.60414,22.96205,Entire home/apt,64,2,34,2025-05-19,0.48,2,61,2,00002606295
37082237,N&N's Luxurious Suite #WhiteTower,278921038,Nikoleta,,Thessaloniki,40.628,22.94896,Entire home/apt,47,3,40,2025-05-19,0.56,3,62,4,00000831148
37119152,Kalliopi - Muse of epic & heroic poetry,157288598,Thanasis,,Ampelokipon – Menemeni,40.6536,22.92737,Entire home/apt,,1,51,2024-01-01,0.72,4,49,0,00001349299
37178442,Mediterranean blue thessaloniki,279764928,Kristina,,Thessaloniki,40.64201,22.93891,Entire home/apt,48,4,18,2020-08-03,0.25,3,361,0,00000959612
37200961,Aristotelous Forum apartment,70772717,Fotini,,Thessaloniki,40.63807,22.94288,Entire home/apt,70,2,3,2020-07-23,0.04,1,364,0,00000692500
37224718,Capsula - Downtown #Skgbnb,28267881,Tomas&Cristina! Skgbnb,,Thessaloniki,40.63225,22.94727,Entire home/apt,40,2,132,2025-05-26,1.85,29,329,11,00002390864
37252819,"Penthouse Apartment #7, The Luxury Suites",280458084,The Luxury Suites,,Thessaloniki,40.63872,22.93752,Entire home/apt,47,2,112,2025-03-03,1.56,180,157,4,00002991960
37309885,"SKG - Cozy flat  at city center, free NETFLIX!",280868585,Kyriakos,,Thessaloniki,40.63981,22.93623,Entire home/apt,60,2,166,2025-05-27,2.32,1,68,29,00000806767
37329040,Marina's boho chic central studio near seaside,26969088,Marina,,Thessaloniki,40.63613,22.93521,Entire home/apt,38,2,111,2025-06-08,2.02,1,73,21,00000967135
37339723,The City Block 6,241226463,Margarita,,Thessaloniki,40.62203,22.96577,Entire home/apt,950,2,3,2019-10-28,0.04,5,364,0,00000834466
37378670,M&S design house,68722126,Stelios-Marina,,Thessaloniki,40.63753,22.95418,Entire home/apt,41,2,254,2025-06-24,3.56,1,332,46,00000824254
37392546,Lovely easy going apartment with a garden,281821501,,,Thessaloniki,40.64313,22.94786,Entire home/apt,,2,44,2024-11-06,0.61,1,0,6,00000824141
37475880,Comfort Residence,281350563,ThessResidences,,Thessaloniki,40.64146,22.93851,Entire home/apt,91,1,22,2023-12-24,0.31,6,361,0,1144498
37546234,Domus City Apartment with wonderful balcony,72520664,Rania,,Thessaloniki,40.64012,22.93546,Entire home/apt,63,2,10,2025-04-13,0.38,1,131,7,00002004501
37591168,"Waterfront #29Design-CozyCityCenter ""KeepItClassy""",10654206,Alexandra,,Thessaloniki,40.63176,22.94171,Entire home/apt,32,1,452,2025-06-20,6.32,26,314,86,00000820635
37591897,"Waterfront #27Design - CozyCityCenter ""I Love 80s""",10654206,Alexandra,,Thessaloniki,40.63186,22.94173,Entire home/apt,31,1,442,2025-06-15,6.20,26,336,89,00000820624
37592084,"Waterfront #28Design - CozyCityCenter ""JungleRoom""",10654206,Alexandra,,Thessaloniki,40.63176,22.94171,Entire home/apt,33,1,460,2025-06-22,6.44,26,297,98,00000820613
37623763,Executive Residence,281350563,ThessResidences,,Thessaloniki,40.6411,22.93885,Entire home/apt,298,1,4,2022-07-18,0.06,6,349,0,1144498
37623797,Thess Residence,281350563,ThessResidences,,Thessaloniki,40.64146,22.93851,Entire home/apt,156,1,3,2021-09-30,0.04,6,360,0,1144498
37623864,Junior Thess Residence,281350563,ThessResidences,,Thessaloniki,40.6411,22.93885,Entire home/apt,108,1,3,2021-11-28,0.04,6,360,0,1144498
37623994,Deluxe Residence,281350563,ThessResidences,,Thessaloniki,40.64146,22.93851,Entire home/apt,108,1,10,2024-10-27,0.14,6,360,1,1144498
37624549,Family Residence,281350563,ThessResidences,,Thessaloniki,40.6411,22.93885,Entire home/apt,210,1,3,2022-08-12,0.04,6,343,0,1144498
37624675,Petite Palace Aristotelous 3,170021348,Point,,Thessaloniki,40.63374,22.94134,Entire home/apt,71,2,113,2025-06-17,1.60,3,303,19,00001793328
37630080,Zennova #9  City Center Pearl,263237779,Stelios,,Thessaloniki,40.64153,22.93887,Entire home/apt,92,1,13,2025-05-27,0.19,12,174,1,00001764477
37631218,Central Apartment,25235618,Konstantinia,,Thessaloniki,40.63015,22.95384,Entire home/apt,44,2,135,2025-06-22,1.89,1,109,22,00000841087
37635360,Thess Unique Studio #2,284375244,Stavros,,Thessaloniki,40.64494,22.92863,Entire home/apt,57,1,30,2025-03-30,0.46,10,326,2,00000882670
37679871,Thess Unique Studio #1,284375244,Stavros,,Thessaloniki,40.6424,22.93303,Entire home/apt,57,1,39,2022-04-01,0.59,10,342,0,00000882670
37680279,Thess Unique Studio #3,284375244,Stavros,,Thessaloniki,40.64142,22.93216,Entire home/apt,55,1,31,2022-11-19,0.45,10,348,0,00000882691
37710964,Lovely Studio*rooftop nest*down town,285054779,Katerina,,Thessaloniki,40.63474,22.95437,Entire home/apt,39,2,174,2025-05-19,2.44,2,224,41,00000824040
37713177,South of the Wall Apartment,103104510,Theodoros,,Thessaloniki,40.64272,22.94203,Entire home/apt,26,1,84,2025-05-16,1.19,4,328,30,00002387508
37802676,Emphasis - Galerius Palace #Skgbnb,1977386,Cristina&Tomas! Skgbnb,,Thessaloniki,40.63214,22.95201,Entire home/apt,76,2,92,2025-06-08,1.30,36,95,15,00001338050
37824898,Νιώστε σαν το σπίτι σας στο Helion apartment,176391518,Αστεριος,,Thessaloniki,40.64081,22.93721,Entire home/apt,40,2,95,2025-04-27,1.34,1,70,11,00000847760
37831483,Amazing Loft Skyview  Ρετιρέ με Πανοραμική Θέα,271618050,Παρασκευή,,Kalamaria,40.58933,22.95091,Entire home/apt,62,3,68,2025-06-10,0.95,1,39,10,00000823400
37847687,"Cozy, spacious flat in the heart of Thessaloniki",102625808,Pinelopi,,Thessaloniki,40.63438,22.95442,Entire home/apt,53,3,109,2025-01-06,1.56,1,27,11,00000841780
37856646,Cozy apartment in Kalamaria,286712098,Κυριάκος,,Kalamaria,40.58971,22.96303,Entire home/apt,51,2,28,2025-02-17,0.40,2,314,4,00000903534
37857422,Astor’s Liza’s Home,163123431,Ntemi And Nick,,Thessaloniki,40.64328,22.94602,Entire home/apt,37,2,225,2025-05-11,3.17,16,351,24,00000838981
37878086,Eleni's House in the heart of Thess/niki,286901912,Eleni,,Thessaloniki,40.63099,22.9479,Entire home/apt,52,2,21,2025-05-18,0.30,1,83,14,00002923805
37897433,Comfortable apartment in Thessaloniki/Kato toumpa,236259300,Loukas,,Thessaloniki,40.61359,22.96575,Entire home/apt,71,3,8,2022-09-18,0.11,1,157,0,00000973342
37910611,Spacious 82m2 Two Bedroom apt near City Center,107889866,Elena,,Neapolis – Sykeon,40.64978,22.94174,Entire home/apt,59,2,36,2025-05-28,0.51,1,196,10,00002872989
37929568,UNIQUE CRYSTAL CLEAR APARTMENT - MAGNIFICENT VIEW-,223753704,Δεσποινα,,Thessaloniki,40.59789,22.95589,Entire home/apt,84,5,2,2023-05-20,0.06,2,347,0,00000443290
37932432,Vintage Art home on the sea,245714897,Nikoletta,,Thessaloniki,40.60596,22.95218,Entire home/apt,106,2,83,2024-12-30,1.17,1,311,14,00000848570
37939106,Eros - Luxurious Apartment,213603241,Νίκος,,Thessaloniki,40.61289,22.98124,Entire home/apt,64,2,43,2024-08-30,0.64,2,49,2,00000901446
37952696,Epoque - Galerius Palace #Skgbnb,28267881,Tomas&Cristina! Skgbnb,,Thessaloniki,40.63205,22.95182,Entire home/apt,69,2,78,2025-05-21,1.10,29,341,15,00002935966
37953203,"Spacious & Sunny Home <3
(90'metres)",180091527,Christina,,Thessaloniki,40.60649,22.96636,Entire home/apt,65,1,11,2023-05-02,0.16,1,179,0,00000875822
38066341,Casa Nueve - Amazing apartment close to the sea,121021366,Chris,,Thessaloniki,40.60701,22.95295,Entire home/apt,61,2,231,2025-06-22,3.26,2,349,58,00002722835
38093258,Elisabeth's Apartment near Thessaloniki Center!,120291978,Elisavet,,Thessaloniki,40.60955,22.95438,Entire home/apt,45,2,55,2024-07-11,0.78,1,22,1,00000859436
38126311,Cosy SKG appartment in Analipsi,269326878,Μιχάλης,,Thessaloniki,40.60586,22.95969,Entire home/apt,,2,41,2025-01-02,0.58,1,0,2,00000855770
38245432,"Greek Villa on Olympus@
Thessaloniki, Asvestochori",12529950,Sofia,,Pilea – Chortiatis,40.64497,23.01695,Entire home/apt,,7,1,2021-08-14,0.02,1,0,0,00001293114
38262575,S.T.S. EIGHT / 7 NEW  Full renovated apartment,290787529,Δημητρα,,Thessaloniki,40.63784,22.94356,Entire home/apt,98,1,128,2025-04-27,1.81,1,169,8,00002946977
38285155,⭐Next to railway and bus station V-ROOM,212454949,Evans' Apartments,,Thessaloniki,40.64425,22.93262,Entire home/apt,38,1,82,2025-06-09,1.16,6,130,22,00002393807
38289586,Ευρύχωρο Διαμέρισμα στην Θεσσαλονίκη AC + Wi-Fi,291063586,Aris,,Thessaloniki,40.64166,22.93595,Entire home/apt,75,3,12,2024-12-26,0.17,1,219,3,00001152870
38290278,The Standard Studio from k2properties,257956713,Natasa,,Thessaloniki,40.63355,22.95033,Entire home/apt,53,2,39,2024-06-10,0.58,9,358,0,00001123663
38306181,Aleka's House,291244777,Christos,,Thessaloniki,40.61296,22.97977,Entire home/apt,49,1,25,2024-10-25,0.36,1,352,3,00000858160
38312135,S.T.S. EIGHT 6.2 NEW full renovated apartment,289873445,Μάνια,,Thessaloniki,40.63784,22.94356,Entire home/apt,73,1,88,2024-10-20,1.25,1,164,6,00002958390
38313362,Cozy Vintage Apartment in the center of the city !,291292967,Κυριάκος,,Thessaloniki,40.63086,22.94783,Entire home/apt,54,2,107,2025-05-12,1.54,1,268,8,00000756714
38313367,S.T.S. EIGHT 6.1 Full renovated apartment,77487801,Thanasis,,Thessaloniki,40.63784,22.94356,Entire home/apt,62,1,75,2025-01-01,1.06,1,171,7,00002958417
38315562,"Cozy seaside apARTment in Kalamaria, Thessaloniki",99714712,Christina,,Kalamaria,40.57243,22.9537,Entire home/apt,38,3,47,2025-06-09,0.67,1,285,14,00000964586
38353572,The Urban Luxury Suite#502,172805189,Γρηγόρης,,Thessaloniki,40.63108,22.94326,Entire home/apt,58,1,33,2025-06-09,0.47,1,362,12,00000862733
38402357,APARTMENT'S VIEW OF THESSALONIKI,97519808,George,,Neapolis – Sykeon,40.64896,22.93935,Entire home/apt,,3,44,2024-12-30,0.64,5,158,2,00000885863
38458663,Ηλιόλουστο Studio Erasmus στην  Πρέσπας  Κ. Τούμπα,293186540,Effrosyni,,Thessaloniki,40.61003,22.97026,Entire home/apt,36,3,57,2024-10-06,0.81,1,140,3,00001140703
38476028,Lovely 3 bedrooms apartment in the city center,9531550,Katerina,,Thessaloniki,40.629921,22.948309,Entire home/apt,78,2,221,2025-05-19,3.15,13,262,48,00000863170
38484501,Black /Yellow Magic Thessaloniki,279764928,Kristina,,Thessaloniki,40.64109,22.93994,Entire home/apt,55,2,48,2025-06-20,0.68,3,358,2,00000959612
38504653,Cozy Living Thessaloniki by Luxlikehome,231048679,Luxlikehome,,Thessaloniki,40.63451,22.94741,Entire home/apt,100,2,3,2024-10-28,0.09,19,276,1,00000817815
38513788,Luxury Spacious Apartment,293702212,Mihaela,,Thessaloniki,40.6073,22.9578,Entire home/apt,,2,55,2025-02-16,0.79,1,0,7,00000873268
38532114,Sou apartment- Ampelokipi Thessalonikis,293892321,,,Ampelokipon – Menemeni,40.64983,22.92247,Entire home/apt,43,3,17,2025-05-05,0.24,1,363,4,00000886936
38535927,Karolou Ntil- Ground floor Delight,224288660,Δημήτρης,,Thessaloniki,40.63242468771264,22.943255826830864,Entire home/apt,,2,6,2024-04-06,0.18,1,51,0,00001759244
38642315,Aristotelous Grand View by Luxlikehome,231048679,Luxlikehome,,Thessaloniki,40.63367,22.94236,Entire home/apt,260,2,32,2024-11-15,0.46,19,287,1,00000868270
38672330,Waterfront Apartment_OT1,6836073,Georgios,,Thessaloniki,40.61513,22.95448,Entire home/apt,37,1,7,2022-06-13,0.11,13,296,0,Exempt
38822099,Manina Seaside Apartment II,551002413,Antonios,,Thessaloniki,40.61072,22.95378,Entire home/apt,38,2,88,2025-05-11,1.54,2,340,26,00000861230
38860167,Διαμέρισμα με πολυτελείς λεπτομέρειες,236718071,Kostas,,Thessaloniki,40.60245,22.97198,Entire home/apt,,3,40,2025-03-03,0.57,5,362,3,00002640008
38867043,"Penthouse Apartment #8, The Luxury Suites",280458084,The Luxury Suites,,Thessaloniki,40.63745,22.93812,Entire home/apt,46,2,78,2025-06-12,1.12,180,159,12,00003003997
38917360,Bella Suite city center-Private parking,68869843,Isabella,,Thessaloniki,40.63883,22.93962,Entire home/apt,58,1,36,2025-02-16,0.52,1,58,2,00000885885
38974947,Big and Artistic Flat With Private Parking,298587360,,,Kalamaria,40.58146,22.96016,Entire home/apt,99,2,31,2023-10-22,0.45,1,303,0,00002306676
38976640,3 Bedrooms Apartment,248426270,Κατερίνα,,Neapolis – Sykeon,40.64996,22.94182,Entire home/apt,97,3,1,2020-01-02,0.01,1,299,0,00001754580
39001103,A Dreaming Vintage Home in Thessaloniki,132519862,Ioanna,,Neapolis – Sykeon,40.6379,22.96233,Entire home/apt,31,3,33,2025-02-24,0.47,2,309,13,00001882335
39001679,Boutique Loft,120815,Sofia,,Kordelio – Evosmos,40.66371,22.9274,Entire home/apt,53,3,0,,,1,358,0,
39029633,Τσιτσιπόσπιτο 🏠,317100273,Γιωργος,,Thessaloniki,40.63529968261719,22.951539993286133,Entire home/apt,68,2,13,2023-01-03,0.19,1,356,0,00000923991
39030779,Bright stylish studio near city center! Welcome #1,22448391,Giorgos,,Thessaloniki,40.60692,22.96413,Entire home/apt,33,2,137,2025-06-09,1.97,2,239,20,00000862369
39055516,Bright stylish studio near city center! Welcome #2,22448391,Giorgos,,Thessaloniki,40.60692,22.96413,Entire home/apt,33,2,148,2025-05-14,2.13,2,223,23,00000862380
39135546,"Quiet, fully refurbished apartment in Thessaloniki",300179112,Stella,,Thessaloniki,40.63245,22.94833,Entire home/apt,,3,29,2025-06-07,0.44,1,4,4,00002442830
39206525,DEMI’S  HOME,163123431,Ntemi And Nick,,Thessaloniki,40.64084,22.94814,Entire home/apt,35,2,218,2025-06-01,3.15,16,356,25,00002397261
39220220,TZORTZI’S  HOME,163123431,Ntemi And Nick,,Thessaloniki,40.63911,22.94978,Entire home/apt,37,2,186,2025-06-08,2.70,16,355,21,00002397277
39224300,T’ Giorgio Apartment,293583209,Γέωργιος,,Thessaloniki,40.641719818115234,22.936275482177734,Entire home/apt,94,2,15,2025-05-05,0.23,1,247,3,00002724865
39227016,Paint your Stay in the City Centre/1-6 Guests,301060319,Panagiota,,Thessaloniki,40.63652,22.95018,Entire home/apt,42,2,203,2025-06-09,3.03,1,311,50,00000887805
39240084,Η ωραιότερη θέα της πόλης!,200102498,Anastasia,,Thessaloniki,40.63959,22.95654,Private room,,2,164,2025-05-25,2.47,1,0,27,00000914524
39272896,ECLECTIC  VIEW apartment(free parking),186568120,Foteini,,Thessaloniki,40.64454,22.92437,Entire home/apt,36,2,36,2025-01-06,0.52,7,296,4,00000860849
39296670,City Center Garden House,152472709,Αnastasia,,Thessaloniki,40.63743,22.9484,Entire home/apt,,4,5,2021-02-20,0.07,1,0,0,00000879088
39315272,Prosilio Apartment,100503579,Anastasios,,Thessaloniki,40.64856,22.91553,Entire home/apt,33,1,48,2025-04-10,0.70,1,330,2,00000886540
39326934,⭐Next to railway and bus station G-ROOM,212454949,Evans' Apartments,,Thessaloniki,40.64442,22.93353,Entire home/apt,40,1,127,2025-06-01,1.84,6,128,25,00000885557
39331313,Lovely & Cosy apartment with yard.,112139075,Victoria,,Neapolis – Sykeon,40.65933,22.9926,Entire home/apt,27,2,10,2020-06-15,0.15,1,154,0,00000885965
39338404,Unique Minimal Elegance in the Heart of the City,302152325,Kostas Maria,,Thessaloniki,40.63145,22.94527,Entire home/apt,95,3,130,2025-06-14,1.89,1,247,20,00000890363
39375461,Eclectic View 2 ( free parking),186568120,Foteini,,Thessaloniki,40.64509,22.92241,Entire home/apt,54,2,43,2025-01-04,0.64,7,244,4,00000913101
39379614,Old Town View Apartment,103941474,Antonis,,Thessaloniki,40.63952,22.95855,Entire home/apt,75,2,64,2025-06-20,0.96,1,332,29,00000923765
39441008,THESS OLD TOWN 2 (free parking) of stayinthess,302947153,George,,Thessaloniki,40.63826,22.95516,Entire home/apt,47,2,66,2025-05-28,0.96,8,229,19,00000888820
39455549,Eudaimonia Suite | Olvios Luxury Suites,303066120,Olvios EKMETALLEUSI,,Thessaloniki,40.63473,22.9396,Entire home/apt,96,1,4,2021-09-26,0.08,8,286,0,00003202979
39455771,Euphoria Suite | Olvios Luxury Suites,303066120,Olvios EKMETALLEUSI,,Thessaloniki,40.63306,22.93936,Entire home/apt,100,1,24,2025-06-05,0.35,8,314,5,00003200100
39455983,Galini Suite | Olvios Luxury Suites,303066120,Olvios EKMETALLEUSI,,Thessaloniki,40.63343,22.93888,Entire home/apt,98,1,6,2025-01-06,0.09,8,298,2,00003202984
39456098,Ataraxia Suite | Olvios Luxury Suites,303066120,Olvios EKMETALLEUSI,,Thessaloniki,40.63311,22.93886,Entire home/apt,90,1,18,2024-10-24,0.26,8,328,1,00003202990
39457132,Zen & Geo's HOME / DTerra apartments!,303076969,Δαφνη,,Thessaloniki,40.64102,22.94796,Entire home/apt,76,2,196,2025-06-07,2.83,4,245,20,00000882192
39463239,Haris  suite,162005191,Charalampos,,Thessaloniki,40.63277,22.94838,Entire home/apt,48,2,59,2025-06-04,0.88,3,57,27,00001460314
39504757,THESS OLD TOWN 1 (free parking) of stayinthess,302947153,George,,Thessaloniki,40.63926,22.95543,Entire home/apt,47,2,78,2025-06-15,1.13,8,239,19,00000888810
39551560,Kalliston Apartment #1 Modern Urban luxury,303891297,Kalliston,,Thessaloniki,40.63109,22.95244,Entire home/apt,65,2,140,2025-06-09,2.03,4,246,9,00000898760
39618935,Flat on walkstreet freeparking,304431826,Ioannis,,Kalamaria,40.58032,22.9524,Entire home/apt,71,5,68,2025-06-10,1.03,2,127,8,00000557049
39630550,Homey Skg,304519203,Konstantinos,,Thessaloniki,40.63633,22.95603,Entire home/apt,61,2,169,2025-06-08,2.46,1,314,32,00001817339
39633731,Wise Snail center Filikis,52529760,Konstantinos,,Thessaloniki,40.62954,22.94991,Entire home/apt,59,2,4,2022-01-23,0.06,4,0,0,00000894404
39666652,Elegant house private free parking,270467365,Δέσποινα,,Ampelokipon – Menemeni,40.64899240528506,22.929130308330063,Entire home/apt,41,1,89,2025-06-18,4.10,1,39,50,00002258994
39678204,Thess Unique Studio #4,284375244,Stavros,,Thessaloniki,40.64103,22.93242,Entire home/apt,55,1,85,2025-05-03,1.27,10,348,5,00000882727
39678635,Thess unique Studio,284375244,Stavros,,Thessaloniki,40.6405,22.93386,Entire home/apt,55,1,73,2022-11-11,1.07,10,354,0,00000882738
39678767,Thess unique Studio,284375244,Stavros,,Thessaloniki,40.64086,22.9322,Entire home/apt,55,1,89,2024-05-29,1.31,10,354,0,00000882716
39693552,Strata deluxe Apt.(Must),133887934,George,,Thessaloniki,40.6341,22.94272,Entire home/apt,72,3,41,2025-06-14,0.70,10,242,10,00000979854
39750205,★ Point Zero Luxury Apartment ★,76607522,Fotis,,Thessaloniki,40.64079,22.93599,Entire home/apt,44,3,62,2025-05-27,0.91,2,60,15,00000898646
39787974,Downtown Seaside Studio 3,233599991,,,Thessaloniki,40.63431,22.9399,Entire home/apt,81,1,2,2020-05-24,0.03,30,343,0,00002344449
39789489,Downtown Seaside Studio 4,233599991,,,Thessaloniki,40.63417,22.93867,Entire home/apt,82,1,12,2025-01-03,0.19,30,285,1,00002948577
39789787,"La Petite  Maison ""Nicole""",305867899,Ινεσσα,,Thessaloniki,40.59788,22.95195,Entire home/apt,48,1,97,2025-05-11,1.42,1,339,8,00000902166
39790093,Downtown Seaside Studio 5,233599991,,,Thessaloniki,40.63289,22.93976,Entire home/apt,82,1,2,2020-09-27,0.03,30,333,0,00002976473
39791217,Downtown Seaside Studio 6,233599991,,,Thessaloniki,40.63258,22.93938,Entire home/apt,82,1,18,2025-05-24,0.33,30,224,3,00002948699
39812716,Downtown Seaside Studio 7,233599991,,,Thessaloniki,40.63314,22.93864,Entire home/apt,82,1,3,2023-07-19,0.06,30,242,0,00002983190
39813620,Downtown Seaside Studio 8,233599991,,,Thessaloniki,40.63279,22.93949,Entire home/apt,82,1,6,2024-04-18,0.09,30,321,0,00002984915
39816569,The Point Thessaloniki by Luxlikehome,231048679,Luxlikehome,,Thessaloniki,40.63215,22.94239,Entire home/apt,152,2,15,2025-06-15,0.22,19,334,4,00003237836
39832646,Kalliston Apartment #2 Modern Urban luxury,303891297,Kalliston,,Thessaloniki,40.63173,22.95101,Entire home/apt,58,2,123,2025-05-27,1.80,4,255,20,00000898781
39860582,Fenia's Apartment,198793004,Ηλίας-Φένια,,Thessaloniki,40.60919,22.97844,Entire home/apt,50,2,42,2025-03-27,0.62,1,191,7,00000896988
39881552,Pantheon City Center III,233599991,,,Thessaloniki,40.63362,22.95796,Entire home/apt,69,1,6,2023-04-19,0.11,30,360,0,00001818920
39922780,Forest Apartment Salonica,286787977,Ιωάννης,,Neapolis – Sykeon,40.64639,22.96466,Entire home/apt,57,2,75,2025-06-09,1.10,1,343,10,00000898293
39942479,★ Drake's ★ -Urban luxury /  walk everywhere★,123192655,Panagiota,,Thessaloniki,40.63719,22.95476,Entire home/apt,,2,4,2020-02-02,0.06,1,0,0,00000902304
39972054,Home sweet home,308171426,Kanella,,Neapolis – Sykeon,40.64961,22.94998,Entire home/apt,43,1,219,2025-06-09,3.21,1,9,32,00000901537
39999720,Sweet and Cozy home by Sasa.,236055692,Aspasia,,Thessaloniki,40.60721,22.95435,Entire home/apt,45,1,129,2025-06-20,1.91,1,358,27,00000901322
40011410,S.T.S. EIGHT 5.2 NEW FULL RENOVATED APARTMENT,308567921,Christos,,Thessaloniki,40.63784,22.94356,Entire home/apt,75,1,137,2025-05-25,2.02,1,172,14,00003046605
40063687,"Upper Floor #5, The Luxury Suites",280458084,The Luxury Suites,,Thessaloniki,40.63792,22.93654,Entire home/apt,40,2,166,2025-06-09,2.45,180,173,16,00002992001
40078262,"An amazing seaside view apartment, into the center",227181951,John,,Thessaloniki,40.6356,22.93619,Entire home/apt,41,2,76,2024-10-02,1.12,3,290,5,00000474933
40081063,Aster,308315879,Anna,,Thessaloniki,40.62883,22.94923,Entire home/apt,75,3,3,2021-12-18,0.05,1,146,0,00000305476
40109244,"Brand New, Central Studio Apartment",223557995,Maria,,Thessaloniki,40.63448,22.94538,Entire home/apt,59,2,132,2025-06-08,1.94,1,248,31,00000915186
40133800,STS EIGHT 5.1 NEW,191166565,Έλενα,,Thessaloniki,40.63789,22.94359,Entire home/apt,68,1,271,2025-06-02,3.99,1,155,33,00003046652
40176667,"Penthouse Apartment #10, The Luxury Suites",280458084,The Luxury Suites,,Thessaloniki,40.63924,22.93628,Entire home/apt,47,2,84,2024-12-01,1.24,180,167,4,00002992059
40195685,"Comfortable Appartment, East-Central Thessaloniki",310434789,Ioannis,,Thessaloniki,40.60543,22.96266,Entire home/apt,50,3,1,2022-06-01,0.03,1,364,0,00001360183
40245633,Forest House,200817622,Dimitris,,Kordelio – Evosmos,40.67318,22.8942,Entire home/apt,36,2,103,2025-06-21,1.52,3,153,23,00001844047
40251946,Ministry Mansion (SKG),101933240,Giannis,,Thessaloniki,40.63884,22.94277,Entire home/apt,57,2,85,2024-09-11,1.25,4,322,6,00002635614
40300543,stylish view apartment !,227939728,Giannis,,Thessaloniki,40.64382,22.92852,Entire home/apt,94,2,10,2023-07-07,0.15,1,271,0,00000940689
40367797,Kosta`s apartment 2,224595315,Κωνσταντίνος,,Ampelokipon – Menemeni,40.64825,22.9318,Entire home/apt,50,1,13,2022-01-01,0.19,2,286,0,00003170214
40532627,The City Block 7,241226463,Margarita,,Thessaloniki,40.60662,22.96363,Entire home/apt,241,2,2,2020-02-16,0.03,5,365,0,00001172123
40546862,Karkantonis Luxury Suites,314091919,Ioannis,,Ampelokipon – Menemeni,40.64754,22.927,Entire home/apt,,2,15,2020-05-25,0.22,1,0,0,00000910188
40550502,Central Hommy Studio/Great Veranda/Full Ammenities,314126810,Apostolos,,Thessaloniki,40.63474,22.94606,Entire home/apt,46,2,72,2025-05-25,1.08,2,325,6,00000912108
40614425,"★Convenient, minimalist apt w/ view (by Powerbnb)★",214857203,Powerbnb,,Thessaloniki,40.64631,22.9355,Entire home/apt,44,2,117,2025-05-20,1.74,12,74,5,00001382000
40632580,Casa Georgina,314477855,Γεωργία,,Thessaloniki,40.64074,22.94445,Entire home/apt,53,1,347,2025-06-16,5.20,1,326,53,00000916474
40717459,Modern Central Apartment Ag. Sofias Square for All,314126810,Apostolos,,Thessaloniki,40.63409,22.94817,Entire home/apt,44,2,58,2025-05-11,0.86,2,264,7,00000912072
40720326,"Atmospheric, Clean, Safe studio @Panorama",14851039,Nandia,,Pilea – Chortiatis,40.59103775024414,23.00830841064453,Entire home/apt,38,1,80,2025-06-23,1.20,3,346,24,00001627402
40794646,Central City Kristalli studio,317054164,Ludmila,,Thessaloniki,40.6407,22.94146,Entire home/apt,37,2,95,2025-02-02,1.42,1,164,9,00000909933
40813434,#Apollo: Luxe Aristotelous penthouse w/ city view,251290631,Halu,,Thessaloniki,40.63533,22.94335,Entire home/apt,137,1,79,2025-06-10,1.30,99,339,12,00002895137
41030217,Luxury  studio in downtown (3),107323918,Σάκης,,Thessaloniki,40.64272,22.93456,Entire home/apt,48,3,2,2020-03-02,0.03,4,264,0,00000924725
41031437,Luxury studio in downtown (1),107323918,Σάκης,,Thessaloniki,40.64077,22.93522,Entire home/apt,44,3,23,2024-05-25,0.58,4,270,0,00003125156
41032010,Luxury studio in  downtown (4),107323918,Σάκης,,Thessaloniki,40.64242,22.93532,Entire home/apt,46,3,16,2024-04-23,0.24,4,266,0,00000924747
41032972,Luxury studio in downtown(2),107323918,Σάκης,,Thessaloniki,40.64123,22.93547,Entire home/apt,51,3,31,2025-04-06,0.47,4,266,1,00003125220
41073868,Nereids Apts by halu! Apartments (Dione),251290631,Halu,,Thessaloniki,40.63172,22.94514,Entire home/apt,,1,27,2024-06-05,0.41,99,344,0,00002882632
41074312,Nereids Apts by halu! Apartments (Clio),251290631,Halu,,Thessaloniki,40.63172,22.94514,Entire home/apt,92,1,27,2025-05-26,0.41,99,341,8,00002882680
41130333,Harbor views next to the subway and railway,85598295,George,,Thessaloniki,40.6455,22.92651,Entire home/apt,56,2,37,2025-04-27,0.56,1,361,6,00000926405
41177179,Twin°  Suites°,233279110,Panagiota,,Thessaloniki,40.61971486248547,22.957830615341663,Entire home/apt,57,3,139,2024-10-09,2.13,3,343,7,00000925922
41226425,City Center Apartment,269762234,Anastasios,,Thessaloniki,40.64157,22.93698,Entire home/apt,55,2,50,2025-05-11,0.76,1,179,3,00000968208
41235976,Seafront Luxury President Suite Olympus View,264870241,Vladimir,,Kalamaria,40.56726,22.95706,Entire home/apt,140,1,58,2025-04-27,0.89,1,282,6,00000923619
41366177,VH Executive Suites,233599991,,,Thessaloniki,40.63563,22.93821,Entire home/apt,61,2,0,,,30,352,0,00001718333
41376550,"Elegant Suite In The Center, The Luxury Suites",217629568,Dimitris,,Thessaloniki,40.63865,22.9376,Entire home/apt,53,1,123,2025-05-20,1.86,1,171,32,00000927351
41390702,Three bedroom flat next to the City Center,41816530,Marietta,,Thessaloniki,40.62075,22.95305,Entire home/apt,72,2,83,2025-04-21,1.26,1,352,21,00001705839
41470111,Cosy house with garden,326419649,Despoina,,Kordelio – Evosmos,40.66679,22.92011,Entire home/apt,24,2,76,2024-09-15,1.16,1,0,5,00000938137
41499204,Stylish Apartment Thessaloniki,326726556,Αθανασιος,,Thessaloniki,40.62093,22.95836,Entire home/apt,41,2,276,2025-05-25,4.16,1,202,40,00002855233
41550599,Panorama Thessaloniki Great View ALSO FOR RENT,29328176,Konstantinos,,Pilea – Chortiatis,40.587,23.02579,Entire home/apt,457,2,0,,,1,365,0,
41641447,Moris Luxury Apartments 1,171835195,Moris,,Pilea – Chortiatis,40.60181,22.992,Entire home/apt,68,2,215,2025-05-11,3.26,3,265,10,00002328555
41653711,Vivo's home,328648402,Vickie,,Thessaloniki,40.6074,22.95468,Entire home/apt,66,60,8,2023-09-30,0.12,1,363,0,00000933490
41659808,"★Stunning, minimalist apt w/ view (by Powerbnb)★",214857203,Powerbnb,,Neapolis – Sykeon,40.64847,22.93574,Entire home/apt,41,2,132,2025-05-18,2.03,12,65,19,00001382078
41682746,"2 Sea & City 
Living",315578528,Κατερίνα,,Thessaloniki,40.60959,22.95372,Entire home/apt,55,2,54,2025-06-09,0.82,4,107,10,00000978169
41683367,"3 Sea & City  
Living",315578528,Κατερίνα,,Thessaloniki,40.60994,22.95275,Entire home/apt,50,2,145,2025-06-10,2.21,4,126,44,00000978180
41698905,Καλαίσθητο loft με θέα την πόλη,329229567,Cuckoobnb,,Thessaloniki,40.60836,22.9785,Entire home/apt,41,2,87,2025-05-18,1.32,1,348,24,00001130268
41839514,"1 Sea & City 
Living",315578528,Κατερίνα,,Thessaloniki,40.61087,22.9526,Entire home/apt,68,2,129,2025-06-10,1.97,4,137,35,00000978136
41845470,"Restored, immaculate apartment @ city center #1",66843092,Ioannis,,Thessaloniki,40.63938,22.93775,Entire home/apt,32,2,195,2025-06-18,2.98,1,322,52,00001082485
41895419,Mini studio white tower A,261937610,Dimitriadis,,Thessaloniki,40.6296,22.95324,Entire home/apt,,2,38,2025-06-08,0.58,10,186,13,00001840666
41895602,5 ☆Suite next to University/International fair☆,240360100,,,Thessaloniki,40.63145,22.95233,Entire home/apt,,5,65,2024-09-30,0.99,1,0,2,00000920390
41918402,"Octagon Apartment, Nilie Hospitality MGMT",239769711,Nilie Premium Hospitality MGMT,,Thessaloniki,40.62957,22.94857,Entire home/apt,,1,11,2024-06-01,0.19,303,338,0,1403896
41944835,Γλυκό και ηλιόλουστο στούντιο στην Καλαμαριά!,331906711,Μαριαννα-Παναγιώτης,,Kalamaria,40.59152,22.95172,Entire home/apt,37,2,115,2025-06-23,1.76,1,211,6,00000897201
41947731,Sleeping Beauty Apartment City Center!!,234511451,Giorgos,,Thessaloniki,40.63037,22.95111,Entire home/apt,68,2,67,2025-05-12,1.03,5,208,7,00001204570
41970170,13 minutes to sea side-Ideal  for long stays!!! :),47615492,,,Neapolis – Sykeon,40.65131,22.93822,Entire home/apt,29,1,148,2025-06-09,2.42,7,351,32,00009986478
42000181,"""Konstantinos`s Place"" (Nea Paralia - Waterfront)",317842109,Christos Konstantinos,,Thessaloniki,40.60942,22.95613,Entire home/apt,67,3,11,2025-01-02,0.25,1,42,3,00000914422
42009427,Thessaloniki  Waterfront apartment,303479093,Olga,,Thessaloniki,40.60292,22.95043,Entire home/apt,70,5,26,2025-05-06,0.40,1,280,1,00000942416
42011955,J&T Central Apartment,77264598,Μαρία & Κώστας,,Thessaloniki,40.64147,22.93795,Entire home/apt,29,3,130,2024-09-28,1.99,1,198,19,00002194378
42052285,Majestic balcony studio overlooking city's heart,93145510,Vasilis,,Thessaloniki,40.63499,22.9368,Entire home/apt,41,1,254,2025-06-09,3.94,7,145,50,00002141656
42071124,Stilianos' House,153803203,Μιχαηλ,,Thessaloniki,40.63803,22.94201,Entire home/apt,45,1,3,2020-03-02,0.05,2,173,0,
42111797,(C19 Prepared) Freesia #colony_Urban_apartment,32216964,George,,Thessaloniki,40.63282,22.95012,Entire home/apt,87,2,20,2023-06-04,0.31,16,143,0,00000938895
42113029,Kelly's Place- Thessaloniki Center,274312470,Kelly,,Thessaloniki,40.63501,22.95196,Entire home/apt,73,1,1,2023-09-24,0.05,1,365,0,00001738224
42127619,'Muse' modern studio in city center no1,331309714,,,Thessaloniki,40.63975,22.9505,Entire home/apt,49,2,129,2024-03-25,1.97,3,71,0,00002118132
42156743,Thess Quality Urban Living,178290282,Κώστας,,Thessaloniki,40.63563,22.95284,Entire home/apt,49,2,70,2024-12-09,1.14,4,194,10,00001481500
42189186,"Modern studio close to waterfront, Thessaloniki",182786997,Natasha,,Thessaloniki,40.633548736572266,22.938892364501953,Entire home/apt,56,2,36,2025-05-11,0.55,5,364,7,00000930659
42192284,Stylish and Renovated Retreat,141296873,Mike,,Thessaloniki,40.63777120478122,22.953116608598307,Entire home/apt,87,1,30,2025-04-28,1.47,1,339,14,00002078833
42234343,Studio Apartment with Great View,229586827,Apostolos,,Neapolis – Sykeon,40.65074,22.94069,Entire home/apt,38,3,29,2025-04-29,0.51,1,59,3,00003209296
42267231,Electra's House/ Secret Paradise Veranda/ For 1-6,335827915,Δημητριος,,Thessaloniki,40.61932,22.95741,Entire home/apt,44,1,126,2025-05-24,1.94,1,211,33,00001226847
42303111,#Raspberry Apt by halu! Apartments,251290631,Halu,,Thessaloniki,40.63925,22.94309,Entire home/apt,59,1,20,2025-05-24,0.44,99,362,2,00002888250
42309254,Wood Aesthetic Steps from the Sea,336306026,Χρήστος,,Kalamaria,40.57644,22.94653,Entire home/apt,65,2,125,2025-06-10,2.04,1,296,27,00002492891
42330015,J & A  Home,163123431,Ntemi And Nick,,Thessaloniki,40.64030075073242,22.946979522705078,Entire home/apt,34,2,174,2025-06-08,2.69,16,254,22,00002657088
42330057,Anastasia's City Escape,336569566,Anastasia,,Thessaloniki,40.63086,22.94783,Entire home/apt,,1,78,2025-06-08,1.20,1,335,11,00000953982
42380154,City Center,288459596,Matthew,,Thessaloniki,40.63664,22.93863,Entire home/apt,54,2,27,2024-12-30,0.42,1,33,1,00000954793
42400835,Thessaloniki Valaoritou 001｜near Jewish Museum.,337330816,Allen,,Thessaloniki,40.63772,22.93799,Entire home/apt,66,2,120,2024-10-29,1.86,6,337,10,00001230998
42401765,Thessaloniki Valaoritou 002｜near Jewish Museum.,337330816,Allen,,Thessaloniki,40.63603095279329,22.93623617480129,Private room,50,2,16,2025-06-08,0.26,6,365,1,00001230840
42402009,Thessaloniki Valaoritou 003｜near Jewish Museum.,337330816,Allen,,Thessaloniki,40.63784,22.93584,Entire home/apt,52,1,64,2024-11-24,0.99,6,304,1,00001230977
42447564,Eva's Luxurious Penthouse #Mitropoleos6,138456876,Korinna,,Thessaloniki,40.63556,22.93658,Entire home/apt,96,2,191,2025-06-01,2.95,2,228,38,00000962512
42482026,halu! Upscale Contemporary City Centre Penthouse,251290631,Halu,,Thessaloniki,40.634438,22.947245,Entire home/apt,300,30,0,,,99,362,0,00001124618
42522659,Mitropoly City Center,233599991,,,Thessaloniki,40.63172,22.9432,Entire home/apt,66,1,17,2025-04-09,0.28,30,197,3,00000657451
42537257,"Adelle Apartment #25, The Luxury Suites",280458084,The Luxury Suites,,Thessaloniki,40.63854,22.94055,Entire home/apt,84,2,158,2025-06-09,2.54,180,254,37,00003266983
42555955,★ Point Zero Luxury Apartment II ★,76607522,Fotis,,Thessaloniki,40.64051,22.93691,Entire home/apt,32,3,17,2025-06-10,0.35,2,12,12,00001013598
42618882,Blue Geranium with private backyard,339505308,Joanna,,Thessaloniki,40.6421,22.94906,Entire home/apt,43,2,20,2024-02-25,0.31,3,0,0,00000966732
42711044,Budget & Family friendly | City center | 200Mbps,55146166,Dimitrios,,Thessaloniki,40.638492584228516,22.93631362915039,Entire home/apt,57,2,89,2025-06-16,2.60,3,315,24,00003380275
42739445,Loui Navarinou Comfy City Centre Apartment,47952600,Xenia,,Thessaloniki,40.63245,22.94815,Entire home/apt,44,2,139,2025-06-02,2.16,1,63,33,00002879083
42777147,"ComfyNest, DT elegant & cosy modern apartment",340685448,Γεώργιος,,Thessaloniki,40.63916,22.94469,Entire home/apt,49,2,57,2025-04-13,0.89,1,148,13,00000960253
42781475,Orange Geranium,339505308,Joanna,,Thessaloniki,40.64379,22.948,Entire home/apt,38,2,48,2025-02-02,0.79,3,294,3,00000966765
42781524,Yellow Geranium,339505308,Joanna,,Thessaloniki,40.64238,22.94749,Entire home/apt,38,2,25,2024-09-02,0.48,3,247,3,00000966787
42787455,Marina's Central Artful  85 m2 Apartment !,177007332,Marina,,Thessaloniki,40.62992,22.94977,Entire home/apt,,3,105,2023-10-05,1.70,1,0,0,00000921429
42970561,My Lovely House in Aristotelous #hosted by DoorMat,342119823,,,Thessaloniki,40.63324,22.94153,Entire home/apt,62,2,249,2025-06-12,4.12,1,322,48,00018900824
43053764,Septa Studios- S1 Superior Room Side Sea View,68185288,Athanasia And Vasilis,,Thessaloniki,40.62709,22.95169,Entire home/apt,78,1,11,2024-08-25,0.19,13,73,1,00000937428
43057420,Septa Studios- S2 Superior Room Side Sea View,68185288,Athanasia And Vasilis,,Thessaloniki,40.62723,22.94991,Entire home/apt,78,1,3,2022-01-06,0.07,13,68,0,00000937440
43057598,Septa Studios- S3 Superior Room Side Sea View,68185288,Athanasia And Vasilis,,Thessaloniki,40.627,22.94972,Entire home/apt,78,1,4,2024-11-08,0.08,13,61,1,00000937450
43059534,Septa Studios-S4 Deluxe Suite amazing Sea view,68185288,Athanasia And Vasilis,,Thessaloniki,40.6289,22.94977,Entire home/apt,120,1,3,2022-10-21,0.08,13,81,0,00000937417
43059621,Septa Studios- S5 Executive  Studio Sea View,68185288,Athanasia And Vasilis,,Thessaloniki,40.62703,22.95145,Entire home/apt,90,1,3,2023-04-23,0.06,13,80,0,00000937439
43059689,Septa Studios- S6 Superior Studio  Side Sea View,68185288,Athanasia And Vasilis,,Thessaloniki,40.62884,22.9505,Entire home/apt,90,1,7,2024-02-18,0.15,13,77,0,00000937461
43059749,Septa Studios- S7 Deluxe Studio Side Sea View,68185288,Athanasia And Vasilis,,Thessaloniki,40.62877,22.94975,Entire home/apt,90,1,3,2023-09-17,0.09,13,80,0,00000937472
43064193,Grey Studios-G2 Deluxe Studio Balcony Street View,68185288,Athanasia And Vasilis,,Thessaloniki,40.63084,22.94788,Entire home/apt,,1,2,2022-12-30,0.06,13,71,0,00002417541
43064349,Grey Studios-G3 Deluxe Studio Castle View,68185288,Athanasia And Vasilis,,Thessaloniki,40.63129,22.94762,Entire home/apt,,1,4,2022-12-30,0.07,13,80,0,00002417557
43064542,Grey Studios-G4 Comfort Studio Balcony Street view,68185288,Athanasia And Vasilis,,Thessaloniki,40.63108,22.94655,Entire home/apt,,1,6,2023-08-20,0.14,13,81,0,00002417562
43090499,5* Deluxe residence uncle Vassos,342976810,Χριστινα,,Thessaloniki,40.63231,22.94764,Entire home/apt,93,2,125,2025-06-11,2.06,1,304,25,00001015502
43091123,Elli's Home - Calm & Cozy,114838593,George,,Thessaloniki,40.61709,22.95618,Entire home/apt,48,1,69,2025-05-07,1.12,4,365,13,00002743404
43234377,Metropolitan City Escape,343385968,Mary,,Thessaloniki,40.61272,22.95979,Entire home/apt,63,2,18,2024-12-29,0.29,1,287,4,00000930229
43400561,Ήσυχο διαμέρισμα πλησίον Νέας Παραλίας Θεσ/νίκης,88947741,Thanasis,,Thessaloniki,40.61486,22.95443,Entire home/apt,54,2,266,2025-06-10,4.29,1,16,45,00000993959
43412328,Santa Rosa Cosy Apartment,152956485,Ioannis,,Thessaloniki,40.64177,22.92834,Entire home/apt,33,1,156,2025-04-28,2.56,4,309,39,00000989181
43417205,"2 Floor Apartment in Kalamaria, Thessaloniki",439647,Giorgos,,Kalamaria,40.58611,22.96585,Entire home/apt,,3,24,2025-05-09,0.49,3,347,3,00001856070
43426970,"InCityBnB, Chic Suite in Downtown Thessaloniki",231424463,Sotiris,,Thessaloniki,40.63415,22.94588,Entire home/apt,74,2,3,2022-11-27,0.05,1,119,0,00001712842
43445771,RetroWaves,151041314,Babis,,Thessaloniki,40.62823541408312,22.946522757411003,Entire home/apt,,2,12,2025-04-14,0.61,2,274,8,00002349560
43618212,beautiful house,347955079,Lumin,,Thessaloniki,40.60093,22.95292,Entire home/apt,85,4,48,2025-06-07,0.82,1,86,18,00003033270
43621721,Welcome!,95387597,Danai,,Thessaloniki,40.63188,22.94318,Entire home/apt,39,1,267,2025-06-15,4.34,1,285,65,00000999371
43624182,Sissy's cozy flat,348319717,Sissy,,Kordelio – Evosmos,40.67365,22.91405,Entire home/apt,56,3,79,2025-05-30,1.31,1,288,13,00001027249
43735820,Christina's hospitallity-The road of tradition!,198638021,Christina,,Thessaloniki,40.6404,22.95062,Entire home/apt,68,4,6,2023-09-14,0.10,2,185,0,00001015316
43753712,Antigoni's Dreamy Apartment,349647694,Μαρία,,Thessaloniki,40.64132,22.94199,Entire home/apt,62,2,153,2025-06-13,2.50,1,341,26,00001008020
43766848,Ionos,191124497,Σπυρος,,Thessaloniki,40.63554,22.93899,Entire home/apt,31,1,167,2025-06-19,2.81,5,357,42,00001017310
43771651,Bedroom - Center,349667768,Dimitris,,Thessaloniki,40.63532,22.94569,Entire home/apt,200,120,1,2021-06-30,0.02,2,365,0,00000310602
43777499,"Διαμέρισμα 3 υπνοδωματίων & βεράντα, κέντρο πόλης",138284660,Χρήστος,,Thessaloniki,40.621,22.95924,Entire home/apt,47,14,37,2024-09-30,0.61,1,205,3,00001017713
43793598,apartment downtown center,349667768,Dimitris,,Thessaloniki,40.63441,22.94438,Entire home/apt,240,15,0,,,2,270,0,00000310602
43794746,Πανόραμα πολυτελής κατοικία με θέα,77676926,Alkis,,Pilea – Chortiatis,40.58736,23.02694,Entire home/apt,,7,0,,,1,0,0,
43810182,Nest for relaxation,226336056,Βασω,,Thessaloniki,40.64515360000001,22.9471744,Entire home/apt,47,2,17,2025-04-23,0.50,1,153,8,00001765719
43829846,Agias Sofias Square Stunning suite,77080281,Stratos,,Thessaloniki,40.63263,22.94541,Entire home/apt,44,6,24,2025-05-10,0.41,2,306,2,00001353961
43831255,Sky roof apartments#1,119416356,Fani,,Thessaloniki,40.63398,22.9396,Entire home/apt,40,1,361,2025-06-11,5.97,34,48,30,00001112976
43837996,Innovative comfy apartment in Ladadika,350279014,Innovation,,Thessaloniki,40.63825,22.93666,Entire home/apt,,1,102,2024-03-27,1.69,35,0,0,00001904619
43838090,Downtown designer studio /w Netflix and Nespresso,350279014,Innovation,,Thessaloniki,40.63771,22.93727,Entire home/apt,44,1,166,2025-06-09,2.77,35,114,39,00001977077
43842006,Fully furnished studio in a traditional guesthouse,129257949,Constantino,,Thessaloniki,40.64374,22.94349,Entire home/apt,,1,9,2022-03-23,0.15,6,0,0,0933K133K0466700
43842706,"Feel like Home | Central, Stylish, Clean",350658260,Maria & Vicky,,Thessaloniki,40.61726,22.95515,Entire home/apt,76,2,36,2025-05-12,0.63,1,351,7,00001059323
43847165,Villanova Apartment #2,103104510,Theodoros,,Thessaloniki,40.64248,22.93128,Entire home/apt,34,1,143,2025-06-21,2.37,4,331,38,00001012660
43878947,Flat 129 ★ Sea view ★ 5min walk to Roman Forum,28441702,Silvia,,Thessaloniki,40.640911,22.945417,Entire home/apt,57,2,133,2025-06-07,2.90,2,68,34,00001344284
43928934,Sharks Thessaloniki Big Balcony House.,24978360,Ioannis,,Thessaloniki,40.61604309082031,22.97863006591797,Entire home/apt,45,1,60,2025-02-14,0.99,1,358,9,00001016419
43938007,Placebo Apartment,28267881,Tomas&Cristina! Skgbnb,,Thessaloniki,40.60803,22.95578,Entire home/apt,53,2,56,2025-03-08,0.93,29,32,11,00002409207
43948446,Escape ... in style / Seaside Downtown Balcony 503,80206409,Mike,,Thessaloniki,40.63176,22.94171,Entire home/apt,54,1,126,2025-06-09,2.10,12,322,24,00003014313
43978608,Kyana downtown apartments - Kassi -,22915578,Joanna,,Thessaloniki,40.63101,22.95157,Entire home/apt,70,2,4,2025-01-04,0.51,2,257,4,00001018959
43978822,Salonika downtown spacious apartment,193837420,Zefi,,Thessaloniki,40.63493,22.94875,Entire home/apt,,2,20,2024-05-12,0.33,1,0,0,00001027420
43979465,Κyana Downtown Apartments - JOE,22915578,Joanna,,Thessaloniki,40.63101,22.95157,Entire home/apt,50,2,8,2024-09-30,0.14,2,75,2,00001018959
44026155,Archaeo Home | 5 min from sea front & metro,342129780,Sofia,,Thessaloniki,40.61583,22.95619,Entire home/apt,93,2,83,2023-10-10,1.38,1,332,0,00000998516
44059223,"White Suite ""Armonia""",190915943,Δημήτρης -,,Thessaloniki,40.61719,22.95904,Entire home/apt,86,1,128,2025-06-23,2.14,2,296,37,00001018289
44083590,Old Radio House,272498492,Anthi M.,,Kordelio – Evosmos,40.6715,22.89646,Entire home/apt,45,2,112,2025-05-19,1.91,1,113,31,5278854
44121329,Air Loft,354502570,ΓιώργοςΧαρά,,Thessaloniki,40.62957,22.94577,Entire home/apt,56,2,217,2025-06-02,3.60,1,285,29,00002245034
44159208,Central Townhouse,162871303,Ioannis,,Thessaloniki,40.63496017456055,22.952564239501953,Entire home/apt,112,3,7,2024-10-28,0.16,1,268,2,00001034508
44175363,Thessaloniki - Quiet Loft Apartment in the City,154443586,Maria,,Thessaloniki,40.60814,22.97006,Entire home/apt,55,1,0,,,1,199,0,00001030930
44204866,@OIKOTRUST 3-bdr City Flat / Special Offer JUL-AUG,263378241,Oikotrust,,Thessaloniki,40.6342,22.95258,Entire home/apt,80,3,10,2023-08-27,0.17,1,296,0,00001036096
44232786,The City Block 5,241226463,Margarita,,Thessaloniki,40.60482,22.96277,Entire home/apt,950,2,17,2023-06-18,0.34,5,365,0,00001172123
44242704,Innovative luxurious suite in Ladadika,350279014,Innovation,,Thessaloniki,40.63742,22.93738,Entire home/apt,64,2,79,2023-09-21,1.33,35,84,0,00001904645
44261364,#Speranza Apt near Theageneio by halu!,251290631,Halu,,Thessaloniki,40.6184,22.96005,Entire home/apt,64,1,12,2024-12-17,0.21,99,365,3,00002255393
44287259,"J. Villara's Luxury Suites ""Hive 1934""",356279703,Vasileios,,Thessaloniki,40.63754,22.93887,Entire home/apt,51,3,24,2025-06-02,0.51,2,356,1,00001029178
44287985,"J. Villara's Luxury Suites ""Spring 1932""",356279703,Vasileios,,Thessaloniki,40.63754,22.93909,Entire home/apt,51,3,7,2024-10-07,0.17,2,361,2,00001029157
44320579,Central heart of Thessaloniki,357494009,Χριστίνα,,Thessaloniki,40.64039,22.93962,Entire home/apt,46,2,92,2024-12-26,1.53,1,267,1,00001082283
44378111,Εmerald Luxury Suite in Thessaloniki,268783289,Alexandra,,Kordelio – Evosmos,40.66903,22.92105,Entire home/apt,88,1,74,2025-04-06,1.24,1,204,16,00002970122
44385979,Namaste - Retro Boutique Apt in Historical Area,358149592,NamasteHomes,,Thessaloniki,40.63812,22.9536,Entire home/apt,,1,44,2023-10-22,0.74,5,0,0,00001926423
44411469,"City Center, Sea view, Big private terrace",217068162,Marabou Unique Stay,,Thessaloniki,40.63778,22.9356,Entire home/apt,92,2,273,2025-05-18,4.60,7,59,6,00001045646
44453911,Sweet luxury,255827342,Ελευθερία,,Thessaloniki,40.60904,22.96009,Entire home/apt,54,1,148,2025-05-19,2.49,1,55,8,00001123679
44457545,~~GK cozyhome,359193131,Katerina,,Thessaloniki,40.64257,22.93562,Entire home/apt,70,2,77,2025-06-08,1.68,1,239,22,00001094440
44563051,Bright Bright C -Modern apartment with terrace,112813374,Maria,,Thessaloniki,40.63648,22.93764,Entire home/apt,49,2,146,2025-06-21,2.47,2,250,46,00003423095
44570570,"Waterfront #1Design - CozyCityCenter ""Octopus Pod""",10654206,Alexandra,,Thessaloniki,40.631729,22.941696,Entire home/apt,29,1,341,2025-06-22,5.75,26,323,96,00001056843
44574969,Elegant-City Center-Modern apartment,360735544,Penelope,,Thessaloniki,40.62953,22.94536,Entire home/apt,,2,38,2025-02-23,0.64,1,180,4,00001058257
44582033,"93, Nilie Hospitality MGMT",239769711,Nilie Premium Hospitality MGMT,,Thessaloniki,40.63365,22.94889,Entire home/apt,48,1,63,2025-05-13,1.06,303,359,9,2374870
44585652,"Waterfront #2Design -CozyCityCenter ""Blue Capsule""",10654206,Alexandra,,Thessaloniki,40.631729,22.941696,Entire home/apt,32,1,323,2025-06-22,5.44,26,335,88,00001056817
44586560,Waterfront #3Design- CozyCityCenter PurpleSleepbox,10654206,Alexandra,,Thessaloniki,40.631729,22.941696,Entire home/apt,35,1,490,2025-06-22,8.27,26,309,99,00001056801
44697901,ONAR studio,107373389,Anastasia,,Thessaloniki,40.63883,22.93627,Entire home/apt,34,2,18,2024-08-08,0.33,5,143,1,00002510940
44699527,"Cute ,clean flat-close to center.",47615492,,,Thessaloniki,40.62182,22.96201,Entire home/apt,31,1,164,2025-06-10,2.78,7,305,29,00009795194
44834144,Tiny Deluxe Suite in Kalamaria,185879969,Aikaterina,,Kalamaria,40.58881,22.95964,Entire home/apt,67,3,12,2024-05-19,0.21,3,267,0,00001454774
44835116,Cozy 2BR next to Aristotelous Square (Centre),362511385,Abraham,,Thessaloniki,40.63701,22.94683,Entire home/apt,65,2,177,2025-05-30,3.00,1,189,27,00001065361
45185523,Utopia- City Center #Skgbnb,1977386,Cristina&Tomas! Skgbnb,,Thessaloniki,40.63127,22.96244,Entire home/apt,67,2,41,2025-05-31,0.77,36,313,6,00002349272
45197345,modern style home near the train station,190245854,Georgios,,Thessaloniki,40.64394,22.93042,Entire home/apt,42,1,67,2025-06-05,1.15,1,287,4,00001077890
45216262,Astor’s Boutique Egnatia (D),163123431,Ntemi And Nick,,Thessaloniki,40.63866,22.93771,Entire home/apt,35,2,164,2025-06-08,2.83,16,363,34,00002397160
45228027,Astor’s Boutique Egnatia (C),163123431,Ntemi And Nick,,Thessaloniki,40.63885,22.93777,Entire home/apt,36,2,125,2025-05-18,2.18,16,357,19,00002397214
45231796,Norra Apartments,362246772,Christos,,Thessaloniki,40.61647,22.97296,Entire home/apt,35,2,77,2025-05-25,1.68,1,213,17,00001343650
45234548,Comfortable Accommodation inThessaloniki,229524509,Eirini,,Pavlou Mela,40.66686,22.94572,Entire home/apt,34,7,24,2024-03-30,0.45,1,174,0,00001078111
45247518,Astor’s Boutique Egnatia (B),163123431,Ntemi And Nick,,Thessaloniki,40.63872,22.93757,Entire home/apt,33,2,125,2025-05-26,2.15,16,355,19,00002397220
45257707,Ladadika Luxury Studios #1,305664744,Welcome Bnb,,Thessaloniki,40.63646,22.93678,Entire home/apt,44,1,125,2025-05-09,2.14,17,359,4,00002463516
45263359,Φοιτητική κατοικία,74624594,Nikos,,Thessaloniki,40.60804,22.97212,Entire home/apt,,365,0,,,1,364,0,
45278083,Apartments 77 Comfort,167783496,Irina&Marin,,Thessaloniki,40.61947,22.95735,Entire home/apt,,1,3,2023-01-02,0.06,2,0,0,00001076489
45278839,"Superior , Modern Cozy  Apartment  90 τ.μ.  2Beds",38054563,Dimitra,,Kalamaria,40.5863,22.96572,Entire home/apt,83,3,20,2025-06-09,0.35,1,180,3,00001094536
45278929,Astor’s Boutique Egnatia (A),163123431,Ntemi And Nick,,Thessaloniki,40.63894,22.93764,Entire home/apt,35,2,171,2025-06-10,2.94,16,362,12,00002397235
45280496,Ladadika Luxury Studios #2,305664744,Welcome Bnb,,Thessaloniki,40.63536,22.93788,Entire home/apt,44,1,106,2025-05-31,1.85,17,357,34,00002463542
45465229,"Sea, Mt and City View",142699171,Κλεάνθης,,Neapolis – Sykeon,40.64034,22.96084,Entire home/apt,45,2,142,2025-06-06,2.48,1,349,26,00001084983
45467455,Zefxis: Rail & Port accommodation #3 sea view,367858831,Ελευθερία,,Thessaloniki,40.64357,22.9309,Entire home/apt,,2,4,2020-11-15,0.07,1,0,0,00001040913
45515939,Bright Bright D- Charming  Central Studio,112813374,Maria,,Thessaloniki,40.636475,22.937641,Entire home/apt,31,2,95,2025-06-16,1.65,2,279,18,00003423074
45520170,Grey Studios-G1 Comfort Studio  BalconyCastle View,68185288,Athanasia And Vasilis,,Thessaloniki,40.62908,22.94778,Entire home/apt,,1,3,2023-12-09,0.07,13,81,0,00002417541
45524904,Vintage passion !,314719925,Alkmini,,Thessaloniki,40.63973,22.93858,Entire home/apt,,5,19,2025-04-09,0.33,2,0,11,01123534760
45605110,UTOPIA Studio can host up to 8ppl with UTOPIA Flat,71477920,Konstantinos,,Thessaloniki,40.64224,22.93783,Entire home/apt,40,2,147,2025-06-11,2.58,2,348,27,00001094174
45613610,UTOPIA Flat can host up to 8ppl with UTOPIA Studio,71477920,Konstantinos,,Thessaloniki,40.64423,22.93777,Entire home/apt,40,2,129,2025-05-19,2.25,2,352,29,00001094207
45613939,Urban Seaside Studio with BALCONY,54654715,Elina,,Thessaloniki,40.63098,22.94265,Entire home/apt,71,1,224,2025-06-14,3.93,2,91,46,00002893048
45667755,"Upper Floor #4, The Luxury Suites",280458084,The Luxury Suites,,Thessaloniki,40.638,22.93605,Entire home/apt,40,2,89,2025-06-03,1.58,180,170,16,00002992064
45720810,Namastay in Agias Sofias #hosted by DoorMat,370588541,Mariana,,Thessaloniki,40.6357,22.94761,Entire home/apt,39,2,127,2025-06-09,4.15,6,339,53,00001814657
45764631,Thessaloniki Nature Home,243111193,Mairly,,Thessaloniki,40.64468,22.93757,Entire home/apt,53,2,15,2023-11-12,0.32,1,53,0,00002202671
45779838,Elegant apartment,136549887,Zoitsa,,Thessaloniki,40.64252,22.94417,Entire home/apt,43,2,174,2025-05-11,3.05,1,186,24,00001095623
45840726,Downtown Seaside Suite 2,233599991,,,Thessaloniki,40.63274,22.93917,Entire home/apt,82,1,7,2025-06-09,0.14,30,349,4,00000820668
45841231,Downtown Seaside Suite 3,233599991,,,Thessaloniki,40.633506774902344,22.938854217529297,Entire home/apt,82,1,22,2025-03-31,0.39,30,227,1,00000820668
45879320,"Flaneur, Nilie Hospitality MGMT",239769711,Nilie Premium Hospitality MGMT,,Thessaloniki,40.60423,22.95649,Entire home/apt,45,1,35,2025-06-13,0.61,303,317,6,1881641
45892050,Downtown Seaside Suite 4,233599991,,,Thessaloniki,40.63285,22.93951,Entire home/apt,80,1,17,2025-05-09,0.32,30,315,3,00000820668
45903992,Porto Sea View Apartment #01,372140900,Κωνσταντινια,,Thessaloniki,40.63474,22.93595,Entire home/apt,96,1,3,2024-09-30,0.07,41,328,1,00001247214
45904374,Porto Sea View Apartment- Deluxe Suite& Jacuzzi 02,372140900,Κωνσταντινια,,Thessaloniki,40.63362,22.9355,Entire home/apt,142,1,12,2024-11-09,0.28,41,350,5,00002735728
45904821,Porto Sea View Apartments #03,372140900,Κωνσταντινια,,Thessaloniki,40.63509,22.93505,Entire home/apt,121,1,26,2025-04-22,0.55,41,360,6,00002735775
45904869,Waterfront apartment with sea view_WV112,260979712,Erasmus,,Thessaloniki,40.61515,22.95423,Entire home/apt,45,1,19,2022-07-22,0.35,18,297,0,00002978637
45904903,Porto Sea View Apartments #04,372140900,Κωνσταντινια,,Thessaloniki,40.63472,22.935823,Entire home/apt,121,1,44,2025-01-11,0.91,41,365,3,00001221338
45904941,Porto Sea View Apartments #05,372140900,Κωνσταντινια,,Thessaloniki,40.63388,22.93666,Entire home/apt,91,1,12,2025-03-03,0.26,41,328,1,00002735780
45904966,"Sea & City views, Aspa’s apartment",372146961,Aspasia,,Thessaloniki,40.62204,22.953192,Entire home/apt,153,2,26,2024-02-18,0.51,1,181,0,00001097218
45904989,Porto Sea View Apartments #06,372140900,Κωνσταντινια,,Thessaloniki,40.63498,22.93537,Entire home/apt,108,1,16,2024-12-27,0.33,41,317,3,00002735829
45905414,Porto Sea View Apartments #07,372140900,Κωνσταντινια,,Thessaloniki,40.63494,22.93611,Entire home/apt,84,1,12,2025-05-24,0.25,41,340,4,00002735387
45905503,Porto Sea View Apartments  #08,372140900,Κωνσταντινια,,Thessaloniki,40.63512,22.93545,Entire home/apt,78,1,9,2025-03-02,0.19,41,337,1,00002735526
45905543,Porto Sea View Apartments  #9,372140900,Κωνσταντινια,,Thessaloniki,40.63478,22.9374,Entire home/apt,77,1,18,2024-08-22,0.38,41,345,1,00002735760
45905587,Porto Sea View Apartments  #10,372140900,Κωνσταντινια,,Thessaloniki,40.63358,22.93669,Entire home/apt,81,1,14,2025-06-11,0.29,41,324,4,00002735531
45905624,Porto Sea View Apartments  #11,372140900,Κωνσταντινια,,Thessaloniki,40.63467,22.93662,Entire home/apt,85,1,4,2022-08-28,0.08,41,335,0,00002735568
45905681,Porto Sea View Apartments  #12,372140900,Κωνσταντινια,,Thessaloniki,40.63482,22.93523,Entire home/apt,80,1,9,2022-07-25,0.18,41,340,0,00002735573
45947656,Porto Sea View Apartments #14,372140900,Κωνσταντινια,,Thessaloniki,40.63527,22.93701,Entire home/apt,102,1,12,2025-06-08,0.25,41,336,1,00002735855
45948060,Erastos Luxury Home,372496533,Petros,,Pilea – Chortiatis,40.63722,23.02459,Entire home/apt,88,4,5,2024-06-25,0.09,1,263,1,00001000180
45955189,the wall bnb / cozy 6th floor central apt,150992455,Georgios,,Thessaloniki,40.64191,22.93018,Entire home/apt,38,2,36,2025-05-12,1.20,1,340,14,00001876163
46000962,Roman Forum Luxury Appartment,372881888,Αλέξανδρος,,Thessaloniki,40.6383,22.94653,Entire home/apt,45,1,41,2025-04-20,0.72,1,79,7,00001101991
46003299,Sunny and warm apartment,36179444,Konstantin,,Thessaloniki,40.62940216064453,22.946693420410156,Entire home/apt,50,5,11,2025-05-26,0.24,1,336,2,00000251509
46045780,SKG Syggrou - Modern 2 bedroom 1 living room flat,373220301,Julia,,Thessaloniki,40.639931,22.942198,Entire home/apt,55,1,65,2025-06-13,1.30,1,348,23,00001102080
46093611,"Laussani, quiet, 2 b/room ap.+livr+balcony+nat.gas",162673057,Olga,,Thessaloniki,40.63002,22.945391,Entire home/apt,86,1,83,2025-06-02,1.73,3,250,10,00001268011
46166523,Beautiful & renovated 4P charming apt Thessaloniki,326465600,,,Thessaloniki,40.61062,22.95957,Entire home/apt,42,2,15,2024-09-13,0.27,1,160,2,00001112036
46235483,#Liberty Apt by halu! Apartments,251290631,Halu,,Thessaloniki,40.640816,22.943773,Entire home/apt,125,1,76,2025-06-19,2.05,99,345,22,00002590794
46323295,British Style Wood 'n Stone house in Panorama,374762273,Marina,,Pilea – Chortiatis,40.58298,23.03069,Entire home/apt,96,2,3,2023-01-03,0.08,1,363,0,00001316941
46353053,Myth- City center #Skgbnb,1977386,Cristina&Tomas! Skgbnb,,Thessaloniki,40.63821,22.93868,Entire home/apt,67,2,131,2025-06-04,2.44,36,309,32,00002448767
46446257,"Adelle Apartment #21, The Luxury Suites",280458084,The Luxury Suites,,Thessaloniki,40.6395,22.94049,Entire home/apt,46,2,144,2025-06-04,2.59,180,171,41,00003197750
46507708,Like Your Home Apartment Thessaloniki,100776361,Μανωλης,,Thessaloniki,40.60673,22.95823,Entire home/apt,45,1,137,2025-06-06,2.49,9,88,53,00002348016
46509488,Zillion Home - Modern & Lux Stay Kalamaria by TT,248703896,Theofanis,,Kalamaria,40.58873,22.94847,Entire home/apt,96,2,60,2025-06-09,1.15,1,337,11,00003100861
46557009,One Apartment by SKG Apartments,68185288,Athanasia And Vasilis,,Thessaloniki,40.63175,22.94719,Entire home/apt,,1,3,2024-12-09,0.13,13,65,2,00000937406
46579803,FeliCity:Accessible/Comfortable Loft_Thessaloniki,69811132,Despina,,Thessaloniki,40.63874,22.93722,Entire home/apt,109,1,22,2025-05-23,0.54,3,173,2,00001209309
46729229,COMFORT AND SEAVIEW APARTMENT NEA PARALIA,377664965,Konstantinos,,Thessaloniki,40.60095,22.95043,Entire home/apt,55,2,45,2025-04-21,0.82,1,144,8,00002702434
46960329,Bohemian Living,101933240,Giannis,,Thessaloniki,40.629425,22.952852,Entire home/apt,78,2,82,2025-06-02,1.53,4,324,16,00002376220
47119006,"Cozy flat  next to the city center,15 min.by foot",31456640,Grhgorhs,,Neapolis – Sykeon,40.6471,22.94586,Entire home/apt,50,2,0,,,1,160,0,00001391936
47134948,#SKGH Amaryllis suite -NearHELEXPO,146634219,Helias,,Thessaloniki,40.62712,22.95163,Entire home/apt,49,2,59,2024-06-02,1.07,19,235,0,00001111630
47165060,Super Modern Studio/Tsimiski/Thessaloniki/ 4p,381010310,George,,Thessaloniki,40.63173,22.94686,Entire home/apt,73,2,67,2025-01-01,1.35,1,270,3,00001184162
47287792,View and the city,108860419,Panagiotis,,Neapolis – Sykeon,40.64031,22.96039,Entire home/apt,91,2,46,2025-05-17,0.87,1,304,5,00001105473
47303006,"Penthouse Apartment #12, The Luxury Suites",280458084,The Luxury Suites,,Thessaloniki,40.63736,22.93599,Entire home/apt,53,2,188,2025-06-10,3.44,180,133,47,00002992271
47335817,Apartment at the heart of Thessaloniki,196008323,Alexandros,,Thessaloniki,40.63436,22.94757,Entire home/apt,35,1,329,2025-06-13,6.04,1,83,64,00001120955
47369954,"Penthouse Apartment #13, The Luxury Suites",280458084,The Luxury Suites,,Thessaloniki,40.63765,22.9359,Entire home/apt,48,2,130,2025-05-12,2.39,180,161,17,00002992287
47370377,"Penthouse Apartment #11, The Luxury Suites",280458084,The Luxury Suites,,Thessaloniki,40.63759,22.93787,Entire home/apt,50,2,86,2025-04-16,1.58,180,131,25,00002992224
47398404,Chic in the City #hosted by DoorMat,23525724,Mario,,Thessaloniki,40.63851,22.94071,Entire home/apt,41,1,193,2025-06-22,3.65,4,347,65,00002489211
47403458,Arvanitidis Suites Helios central luxury suite,108033866,Apostolos,,Thessaloniki,40.63692,22.93907,Entire home/apt,92,2,169,2025-06-07,3.11,9,350,40,00002450564
47421761,"3C's Apartment THESS :Central, Cosy & Convenient",33345470,Pavlos,,Thessaloniki,40.63741,22.93573,Entire home/apt,36,2,18,2025-06-12,0.50,4,333,15,00001113649
47444502,#SKGH Anatolia Luxury Suite -NearHELEXPO,146634219,Helias,,Thessaloniki,40.627476,22.952353,Entire home/apt,57,2,87,2025-06-09,1.63,19,291,10,00001114050
47491762,"Upper Floor #7, The Luxury Suites",280458084,The Luxury Suites,,Thessaloniki,40.63742,22.93827,Entire home/apt,40,2,167,2025-04-29,3.08,180,175,17,00002992310
47512062,"Penthouse Apartment #14, The Luxury Suites",280458084,The Luxury Suites,,Thessaloniki,40.63766,22.93814,Entire home/apt,50,2,113,2025-05-26,2.13,180,152,16,00002992292
47580396,Emerald Mini Suite:Your deluxe studio in Kalamaria,185879969,Aikaterina,,Kalamaria,40.58477,22.95312,Entire home/apt,74,3,17,2025-05-12,0.33,3,266,1,00001454694
47806336,"Upper Floor #8, The Luxury Suites",280458084,The Luxury Suites,,Thessaloniki,40.63879,22.93733,Entire home/apt,44,2,62,2025-05-22,1.16,180,175,4,00002992325
47816869,Galerius Palace,385404818,Αναστάσης,,Thessaloniki,40.63491,22.95273,Entire home/apt,64,1,13,2025-06-10,0.52,1,73,4,00002073961
48006716,"Adelle Studio #51, The Luxury Suites",280458084,The Luxury Suites,,Thessaloniki,40.63885,22.94061,Entire home/apt,43,2,219,2025-06-10,4.12,180,173,35,00001125056
48008774,"Adelle Studio #54, The Luxury Suites",280458084,The Luxury Suites,,Thessaloniki,40.63854,22.94097,Entire home/apt,44,2,135,2025-05-26,2.55,180,169,15,00001125098
48074770,"Adelle Studio #53, The Luxury Suites",280458084,The Luxury Suites,,Thessaloniki,40.63892,22.93898,Entire home/apt,44,2,183,2025-05-19,3.49,180,167,28,00001125061
48075208,"Adelle Studio #52, The Luxury Suites",280458084,The Luxury Suites,,Thessaloniki,40.6402,22.9404,Entire home/apt,43,2,132,2025-06-09,2.50,180,171,19,00001124994
48076060,Lovely Stay!,179413481,Theodoros,,Thessaloniki,40.62009,22.95487,Entire home/apt,25,4,80,2024-07-31,1.51,1,0,3,00001859788
48323166,Bright and cozy 2 bd apartment in the city center,9531550,Katerina,,Thessaloniki,40.631901,22.946262,Entire home/apt,82,2,217,2025-05-23,4.34,13,39,40,00001186740
48347243,Namaste - Industrial Loft Near Seaside,358149592,NamasteHomes,,Thessaloniki,40.61818,22.95775,Entire home/apt,62,1,118,2025-06-06,2.25,5,66,11,00001955873
48386482,Santa Sofia,107328172,Alexis,,Thessaloniki,40.63414,22.94777,Entire home/apt,95,2,85,2025-06-09,1.65,6,354,2,00001380951
48430734,Colorful suite /w Netflix in the heart of the city,350279014,Innovation,,Thessaloniki,40.63638,22.93846,Entire home/apt,52,1,42,2023-09-26,0.84,35,62,0,00001144455
48430974,"Fun modern apartment w/ Netflix, Nespresso & more",350279014,Innovation,,Thessaloniki,40.6381,22.93704,Entire home/apt,46,1,139,2025-05-19,2.72,35,154,21,00001144152
48497254,Pispi’s home in Agias Theodoras str,391361669,Ifigeneia,,Thessaloniki,40.63309,22.94504,Entire home/apt,41,3,85,2025-06-09,1.74,1,17,23,00002500297
48641107,"Big Apple 4.1 | Studio Balcony, Nilie Hospitality",239769711,Nilie Premium Hospitality MGMT,,Thessaloniki,40.63946,22.93864,Entire home/apt,44,1,20,2025-06-01,0.38,303,364,4,2665413
48671039,IDEA Studio - Feel Like Home,150933689,Malamatenia,,Thessaloniki,40.60957,22.97116,Entire home/apt,42,2,94,2024-02-04,1.84,1,82,0,00001910131
48694251,Skg City Loft,392489003,Georgios,,Thessaloniki,40.60124,22.96829,Entire home/apt,43,3,81,2025-06-16,1.61,7,164,21,00002485724
48988560,Deluxe Two-Bedroom Apartment,373945980,Polis Apartments,,Thessaloniki,40.64148,22.93865,Entire home/apt,128,1,3,2025-05-18,0.07,5,361,1,0933K134K0772401
49026920,House of the Rising Sun,395381812,Δημήτρης,,Thessaloniki,40.64314,22.9408,Entire home/apt,59,3,22,2024-07-12,0.43,1,1,1,00001021093
49046924,The Makrina flat,262604351,Μακρίνα,,Neapolis – Sykeon,40.6429919,22.9545015,Entire home/apt,36,1,16,2025-06-15,2.24,1,349,16,00003043440
49050362,AiR White Tower 110sqm 3Bedroom Apartment,988264,Architecture In Residence,,Thessaloniki,40.628162,22.949375,Entire home/apt,89,1,41,2025-06-03,0.83,3,358,6,00001904241
49050569,Comfort Studio,373945980,Polis Apartments,,Thessaloniki,40.64065,22.9369,Entire home/apt,83,1,3,2021-10-31,0.06,5,362,0,0933Κ134Κ0772401
49050595,Executive Two Bedroom Apartment,373945980,Polis Apartments,,Thessaloniki,40.64004,22.93707,Entire home/apt,165,1,9,2025-06-10,0.19,5,339,3,0933Κ134Κ0772401
49065311,Gounari Luxury Apartment #1,372140900,Κωνσταντινια,,Thessaloniki,40.63038,22.94959,Entire home/apt,95,1,6,2025-01-06,0.30,41,342,1,00002303618
49065692,Gounari Luxury Apartment #2,372140900,Κωνσταντινια,,Thessaloniki,40.63162,22.95097,Entire home/apt,99,1,3,2025-01-06,0.21,41,327,2,00002303590
49066181,Gounari Luxury Apartment #3,372140900,Κωνσταντινια,,Thessaloniki,40.63044,22.95141,Entire home/apt,102,1,12,2025-06-22,0.66,41,344,9,00002303665
49067498,Porto Sea View Apartment-01Junior Suite & SeaView,372140900,Κωνσταντινια,,Thessaloniki,40.63494,22.93479,Entire home/apt,159,1,19,2025-04-27,0.43,41,358,3,00002735695
49068025,Porto Sea View Apartment-02 Luxury Junior Suite,372140900,Κωνσταντινια,,Thessaloniki,40.63469,22.93665,Entire home/apt,122,1,38,2025-05-30,0.86,41,354,13,00002735881
49075883,"Big Apple 2.3 | Apartment, Nilie Hospitality",239769711,Nilie Premium Hospitality MGMT,,Thessaloniki,40.63946,22.93864,Entire home/apt,42,1,81,2024-12-30,1.58,303,363,10,2662014
49124270,Standard Studio,373945980,Polis Apartments,,Thessaloniki,40.63938,22.93837,Entire home/apt,79,1,0,,,5,361,0,0933K134K0772401
49172705,Innovative homey apartment in Ladadika,350279014,Innovation,,Thessaloniki,40.63692,22.93642,Entire home/apt,56,1,84,2024-09-28,1.66,35,80,13,00001144147
49230439,"Nemea Apartment #2, The Luxury Suites",280458084,The Luxury Suites,,Thessaloniki,40.63781,22.93596,Entire home/apt,44,2,77,2025-03-29,1.63,180,175,17,00002655977
49230588,"Upper Floor #6, The Luxury Suites",280458084,The Luxury Suites,,Thessaloniki,40.63862,22.93803,Entire home/apt,44,2,68,2025-03-26,1.34,180,172,5,00002992070
49252233,Triple Studio,373945980,Polis Apartments,,Thessaloniki,40.6412,22.93652,Entire home/apt,92,1,4,2022-04-03,0.09,5,357,0,0933Κ134Κ0772401
49259478,Marianna's beautiful & cozy home,397404721,Μαριάννα,,Kordelio – Evosmos,40.65973,22.90747,Entire home/apt,54,2,60,2025-05-25,1.23,1,268,12,00001020018
49310009,"Nemea Apartment #3, The Luxury Suites",280458084,The Luxury Suites,,Thessaloniki,40.63733,22.93748,Entire home/apt,43,2,136,2025-06-10,2.70,180,172,34,00002656023
49310392,"Nemea Apartment #4, The Luxury Suites",280458084,The Luxury Suites,,Thessaloniki,40.63756,22.93768,Entire home/apt,43,2,112,2025-06-09,2.21,180,171,47,00002656039
49310541,"Nemea Apartment #5, The Luxury Suites",280458084,The Luxury Suites,,Thessaloniki,40.63754,22.93665,Entire home/apt,42,2,54,2025-06-10,1.07,180,174,19,00002656044
49364982,8 min walk from White Tower and the sea !,398180905,Μαρια,,Thessaloniki,40.6352,22.94774,Entire home/apt,36,2,209,2024-09-17,4.12,1,143,9,00001153382
49365149,Gorgeous apartment in the city center,398180786,Anastasia,,Thessaloniki,40.6393,22.94611,Entire home/apt,69,2,33,2024-10-21,0.66,1,351,2,00001149837
49384342,"Luxury, art-deco spacious studio in city centre",2884318,Simos,,Thessaloniki,40.639252,22.944328,Entire home/apt,52,2,212,2025-06-07,4.28,2,354,33,00001184338
49433556,Thessaloniki near sea apartment,398708309,Exakousti,,Thessaloniki,40.60031,22.95328,Entire home/apt,96,2,0,,,1,296,0,00002075763
49434223,Urban Living 302,112627287,Urban Living,,Thessaloniki,40.64023,22.94726,Entire home/apt,54,2,1,2024-09-29,0.11,9,48,1,00001311782
49441965,#SKGH Alkmini suite -Mountain view&easy Parking,146634219,Helias,,Thessaloniki,40.61328,22.98671,Entire home/apt,43,2,61,2025-04-27,1.21,19,227,10,00003196520
49579838,Innovative elegant suite in Ladadika,350279014,Innovation,,Thessaloniki,40.63822,22.93614,Entire home/apt,,2,105,2024-09-22,2.10,35,0,15,00003168390
49588542,"Adelle Apartment #58, The Luxury Suites",280458084,The Luxury Suites,,Thessaloniki,40.63937,22.9389,Entire home/apt,46,2,66,2025-04-13,1.31,180,171,6,00002692668
49590503,"Adelle Apartment #56, The Luxury Suites",280458084,The Luxury Suites,,Thessaloniki,40.63846,22.94065,Entire home/apt,46,2,110,2025-06-08,2.18,180,150,31,00002692626
49591235,"Adelle Apartment #55, The Luxury Suites",280458084,The Luxury Suites,,Thessaloniki,40.63992,22.94031,Entire home/apt,46,2,120,2025-05-26,2.39,180,174,11,00002692610
49601069,Chateau Leconte,154851328,Dimitra,,Thessaloniki,40.5972,22.95487,Entire home/apt,257,2,14,2024-09-09,0.30,1,356,2,00003422269
49781791,Innovative luminous suite in Ladadika,350279014,Innovation,,Thessaloniki,40.63668,22.93757,Entire home/apt,,2,88,2024-09-24,1.78,35,0,8,00001144460
49786549,K2 SUITE from k2properties,257956713,Natasa,,Thessaloniki,40.63448,22.9384,Entire home/apt,40,2,49,2025-06-08,1.02,9,361,6,00000980189
49802761,Archeological museum view,79446546,Dimitrios,,Thessaloniki,40.61411,22.95795,Entire home/apt,45,4,21,2024-12-14,0.44,5,25,2,00001442820
49806033,G&M Luxury Studios #7,265972620,Χρήστος,,Thessaloniki,40.64214,22.93777,Entire home/apt,72,1,3,2025-02-23,0.09,8,362,1,00000687748
49808472,Center deluxe studio,2295249,Angelos,,Thessaloniki,40.63746,22.94158,Entire home/apt,41,2,3,2024-03-15,0.06,5,91,0,00001169531
49877133,"Aelia 2.3, The Luxury Suites",280458084,The Luxury Suites,,Thessaloniki,40.63783,22.938,Entire home/apt,44,2,122,2025-06-09,2.50,180,171,28,00002212022
49877650,"Aelia 2.1, The Luxury Suites",280458084,The Luxury Suites,,Thessaloniki,40.63733,22.93592,Entire home/apt,41,2,75,2025-01-29,1.55,180,175,1,00002834542
49879029,"Aelia 2.2, The Luxury Suites",280458084,The Luxury Suites,,Thessaloniki,40.63905,22.93589,Entire home/apt,43,2,117,2025-04-26,2.38,180,172,10,00003195821
49879470,"Aelia 2.4, The Luxury Suites",280458084,The Luxury Suites,,Thessaloniki,40.63736,22.93597,Entire home/apt,44,2,45,2025-01-12,0.99,180,173,7,00002414605
49894708,Waterfront #00Design- TinySpace Capsule CityCenter,10654206,Alexandra,,Thessaloniki,40.63215,22.94138,Entire home/apt,22,1,480,2025-06-18,9.65,26,322,129,00001130783
49922295,Aristotelous Comfy Aprt,128655344,Ioannis,,Thessaloniki,40.636765,22.942789,Entire home/apt,46,1,41,2025-06-05,0.83,3,91,18,00001796960
50010317,Sweet home at kalamaria,403341332,Μαρία,,Kalamaria,40.576408,22.964937,Entire home/apt,61,2,21,2024-09-16,0.43,1,340,2,00001188972
50103669,Kripis  Thessaloniki  διαμέρισμα No6,1193625,,,Thessaloniki,40.64067,22.95544,Entire home/apt,54,7,12,2024-07-04,0.28,6,333,1,1133335
50108150,The Lux2 a gorgeous 3 bd apt | Close to everything,231664008,,,Thessaloniki,40.63017,22.94477,Entire home/apt,,2,113,2025-05-29,2.79,3,159,27,00002879158
50113817,Campervan Argos,204997816,Odyssey,,Thessaloniki,40.59749,22.95918,Entire home/apt,,6,1,2021-09-13,0.02,7,0,0,0933E81000178801
50148672,"Big Apple 5.5 | Studio, Nilie Hospitality",239769711,Nilie Premium Hospitality MGMT,,Thessaloniki,40.63946,22.93864,Entire home/apt,44,1,61,2025-04-29,1.30,303,365,9,1504317
50162909,ανεξαρτητο διαμέρισμα στο κεντρο της πολης,236718071,Kostas,,Thessaloniki,40.64119,22.94792,Entire home/apt,45,3,5,2024-11-17,0.14,5,136,2,00003238784
50168888,ανεξαρτητο διαμέρισμα 2,236718071,Kostas,,Thessaloniki,40.64094,22.94837,Entire home/apt,41,3,3,2025-04-30,0.37,5,31,3,00003238838
50203631,ΜΟΝΤΕΡΝΟ ΗΛΙΟΛΟΥΣΤΟ ΔΙΑΜΕΡΙΣΜΑ,8252044,Theodoros,,Thessaloniki,40.647263,22.918703,Entire home/apt,38,2,8,2025-06-08,0.17,2,132,3,00001211249
50210282,Central University flat - Πανεπιστήμιο - Έκθεση,52202112,Mike,,Thessaloniki,40.628647,22.95282,Entire home/apt,49,1,26,2025-05-31,0.66,3,266,6,00002436324
50219769,"Wood n White, Nilie Hospitality MGMT",239769711,Nilie Premium Hospitality MGMT,,Thessaloniki,40.62774,22.95287,Entire home/apt,51,1,165,2025-06-21,3.45,303,313,45,2924588
50261740,CENTRAL-near HELEXPO-APARTMENT,405789487,Ιωαννης,,Thessaloniki,40.62918,22.95138,Entire home/apt,48,3,49,2025-06-01,1.03,1,311,13,00001184545
50282235,Flat 66,8357917,Omiros,,Thessaloniki,40.62863,22.95046,Entire home/apt,72,4,6,2025-05-05,0.13,2,323,4,00001216944
50295320,"Adelle Apartment #57, The Luxury Suites",280458084,The Luxury Suites,,Thessaloniki,40.63948,22.94022,Entire home/apt,46,2,142,2025-05-29,2.91,180,146,32,00002692631
50299690,"Nemea Apartment #1, The Luxury Suites",280458084,The Luxury Suites,,Thessaloniki,40.63812,22.9366,Entire home/apt,46,2,96,2025-06-09,1.95,180,175,18,00003232799
50337562,F & B Collection - 2 Bedroom Flat,31131449,Dimitris,,Thessaloniki,40.619003,22.95513,Entire home/apt,67,6,24,2025-06-09,0.50,50,360,17,00001220968
50342963,Vibrant city apartment,100890415,Filippa,,Thessaloniki,40.63077,22.94271,Entire home/apt,73,2,116,2025-05-31,2.40,1,203,26,00002292190
50352162,"Elegant, Modern & Quiet Flat, TOP Central Location",39563204,Anastasios,,Thessaloniki,40.63407,22.94725,Entire home/apt,49,2,53,2025-06-09,1.08,1,268,12,00002822338
50355273,luxury a,406685663,,,Thessaloniki,40.639656,22.942568,Entire home/apt,79,2,15,2025-06-08,0.33,10,158,1,00001267333
50370833,brand new luxury central apartment,406685663,,,Thessaloniki,40.63852,22.94353,Entire home/apt,75,2,33,2024-10-29,0.72,10,148,1,00001267206
50407691,Jordans rooms 4,156282533,Jordans Rooms Ike,,Thessaloniki,40.64274,22.92812,Entire home/apt,55,3,2,2021-08-23,0.04,12,308,0,00001176874
50409250,Fairytale Nilie Hospitality MGMT,239769711,Nilie Premium Hospitality MGMT,,Thessaloniki,40.63952,22.94707,Entire home/apt,53,1,76,2025-06-13,1.61,303,294,21,2757861
50409626,Studio Saga Saloniki,179596039,Thor,,Thessaloniki,40.6292,22.95144,Entire home/apt,38,4,25,2023-10-12,0.61,1,221,0,00001377583
50430632,Loft Style Apartment,63930608,Paraskevi,,Thessaloniki,40.64094,22.93523,Entire home/apt,,1,76,2025-05-18,1.57,7,126,13,00002247957
50487075,Studio in excellent location in Karampournaki,350343266,Petros,,Kalamaria,40.58738,22.9448,Entire home/apt,32,5,71,2024-12-30,1.49,1,26,12,00001236292
50514402,Petite Palace Rotonda,408112693,Τανια,,Thessaloniki,40.63572,22.94958,Entire home/apt,40,2,22,2025-06-15,0.46,1,292,8,00001236882
50639984,LightHouse 17,132658526,Elena,,Thessaloniki,40.60053,22.96291,Entire home/apt,100,3,42,2025-06-09,0.87,3,311,8,00001249016
50674353,LEONE SUITES 2,119416356,Fani,,Thessaloniki,40.61727,22.9577,Entire home/apt,36,1,79,2025-01-24,1.67,34,80,26,1200600
50695202,Innovative Minimal Fresh suite in Ladadika,350279014,Innovation,,Thessaloniki,40.63672,22.93779,Entire home/apt,59,2,109,2024-06-16,2.26,35,74,0,00003323880
50748596,Valory #6  Aesthetic Stay,410113839,Panos,,Thessaloniki,40.63969,22.93865,Entire home/apt,38,1,51,2024-08-23,1.06,8,350,3,00001252941
50759469,Kastalia Living Thessaloniki. A gem in city center,410213894,Γεωργια,,Thessaloniki,40.636974,22.938984,Entire home/apt,56,2,130,2025-06-09,2.70,2,119,14,00001225690
50808913,Innovative Bright Fancy apartment in Ladadika,350279014,Innovation,,Thessaloniki,40.63808,22.93774,Entire home/apt,,2,50,2024-11-10,1.05,35,0,3,00001253407
50818489,Valory #7 Aesthetic Stay,410113839,Panos,,Thessaloniki,40.6374,22.93801,Entire home/apt,33,1,65,2025-06-13,1.36,8,347,10,00001252957
50835598,Sunny room at centre of city near the new seaside,123750052,Aimilia,,Thessaloniki,40.61291,22.9734,Private room,26,2,98,2025-03-23,2.05,3,332,20,00001332835
50859540,SUPERIOR DELUXE APARTMENT- LUXURY  IN TUMBA,411196687,Παναγιωτης,,Thessaloniki,40.61595,22.9747,Entire home/apt,48,1,76,2025-06-09,1.59,2,139,13,00001234565
50881878,Art Central Suites #3,201521114,,,Thessaloniki,40.6152,22.9552,Entire home/apt,70,2,49,2024-08-22,1.03,13,257,1,00003204240
50885597,Studio 9,349542441,Argo,,Thessaloniki,40.6397582,22.9371346,Entire home/apt,36,2,2,2025-02-17,0.45,6,54,2,00001952761
50890606,Thea Apartment,411476046,Anestis,,Thessaloniki,40.63977,22.95594,Entire home/apt,93,3,118,2025-06-22,2.48,1,46,56,00002458292
50891891,Valory #3 Aesthetic Stay,410113839,Panos,,Thessaloniki,40.63945,22.93656,Entire home/apt,33,1,89,2025-06-24,1.86,8,300,15,00001252840
50892620,Valory #1 Aesthetic Stay,410113839,Panos,,Thessaloniki,40.63787,22.93784,Entire home/apt,36,1,79,2025-06-11,1.65,8,311,21,00001252797
50928778,Art Central Suites #2,201521114,,,Thessaloniki,40.6152,22.9552,Entire home/apt,69,2,44,2024-11-08,0.92,13,252,1,00003204234
50929868,Art Central Suites #1,201521114,,,Thessaloniki,40.6152,22.9552,Entire home/apt,67,2,30,2024-01-30,0.63,13,257,0,00003204107
50937718,"Lovely apartment.
Univercity or City center?",8008818,Dimitris,,Thessaloniki,40.63656,22.95052,Entire home/apt,64,2,49,2025-02-23,1.02,1,255,12,00001795980
50945050,Lamda Suites #1,117368170,Dimitrios,,Thessaloniki,40.59126,22.96709,Entire home/apt,63,2,61,2025-05-19,1.35,2,326,15,1357177
50970841,Studio sunny in thessaloniki,412259290,Δημήτρης,,Thessaloniki,40.60603,22.96386,Entire home/apt,32,2,93,2025-05-04,2.01,1,205,12,00001296092
50987054,SUPERIOR ΔΩΜΑΤΙΟ - Πολυτέλεια στην Τούμπα,411196687,Παναγιωτης,,Thessaloniki,40.61603,22.9735,Private room,54,1,16,2025-06-13,0.36,2,121,6,00001234671
50989723,Leone Suite 3,119416356,Fani,,Thessaloniki,40.61763,22.95806,Entire home/apt,43,1,12,2022-04-18,0.25,34,176,0,1200600
51016345,'Erato' modern studio in city center no2,331309714,,,Thessaloniki,40.63807,22.94922,Entire home/apt,32,2,141,2024-12-25,2.98,3,122,5,00002118153
51038583,Leone Suites 4,119416356,Fani,,Thessaloniki,40.61745,22.95787,Entire home/apt,,1,40,2022-07-13,0.83,34,82,0,12124170000
51038738,Leone suites 1 with accessible toilet,119416356,Fani,,Thessaloniki,40.61894,22.9593,Entire home/apt,46,1,43,2025-05-25,0.90,34,86,9,12124170000
51055041,Valory #4 Aesthetic Stay,410113839,Panos,,Thessaloniki,40.63784,22.93627,Entire home/apt,35,1,43,2025-05-11,0.90,8,346,8,00001252920
51055264,Valory #8 Aesthetic Stay,410113839,Panos,,Thessaloniki,40.6393,22.93826,Entire home/apt,33,1,85,2025-05-19,1.79,8,37,18,00001252978
51055439,New studio 1 downtown Thessaloniki-Fully equipped,127232685,Leonidas,,Thessaloniki,40.63747,22.94026,Entire home/apt,51,1,15,2025-01-01,0.32,5,329,1,00001190839
51064061,New studio 3 downtown Thessaloniki-Fully equipped,127232685,Leonidas,,Thessaloniki,40.63821,22.93829,Entire home/apt,51,1,23,2024-12-31,0.48,5,314,3,00001190850
51085317,Leone Suites 5,119416356,Fani,,Thessaloniki,40.61944,22.9573,Entire home/apt,38,1,141,2025-05-27,2.96,34,90,50,1200600
51085620,Leone Suites 6,119416356,Fani,,Thessaloniki,40.61941,22.95803,Entire home/apt,,1,25,2022-06-17,0.52,34,82,0,1200600
51085762,Leone Suites 7,119416356,Fani,,Thessaloniki,40.61894,22.95807,Entire home/apt,,1,34,2022-07-13,0.71,34,82,0,1200600
51087171,New studio 2 downtown Thessaloniki-Fully equipped,127232685,Leonidas,,Thessaloniki,40.63824,22.9402,Entire home/apt,51,1,42,2024-09-29,0.89,5,355,2,00001190844
51100285,Top Floor Luxury Apartment with Beautiful Balcony,93145510,Vasilis,,Thessaloniki,40.63621,22.93697,Entire home/apt,62,1,230,2025-06-08,4.83,7,120,55,00001446504
51114979,Top Floor Magic Balcony Studio,93145510,Vasilis,,Thessaloniki,40.63608,22.9384,Entire home/apt,41,1,205,2025-06-09,4.31,7,158,46,00001450681
51165130,New studio 4 downtown Thessaloniki-Fully equipped,127232685,Leonidas,,Thessaloniki,40.63677,22.93826,Entire home/apt,51,1,47,2025-01-04,1.03,5,360,2,00001190865
51166590,Private Pristine Balcony Home- Heart of the Center,181766458,Αναστασια,,Thessaloniki,40.63742,22.93539,Entire home/apt,94,2,7,2024-10-25,0.15,1,320,2,00000723620
51185942,Innovative Boutique flat in the heart of the city,350279014,Innovation,,Thessaloniki,40.63031,22.94555,Entire home/apt,77,1,180,2025-06-07,3.83,35,173,33,00002944691
51192218,Ανακαινισμένο σπίτι δίπλα στο παραλιακό μέτωπο.,164055172,Dimitrios & Fani,,Thessaloniki,40.606796,22.952183,Entire home/apt,39,1,185,2025-06-21,4.05,1,337,45,00001351300
51203243,Valory #5 Aesthetic Stay,410113839,Panos,,Thessaloniki,40.6395,22.93875,Entire home/apt,35,1,61,2025-05-11,1.28,8,351,11,00001252936
51205178,Thess Unique studio #7,284375244,Stavros,,Thessaloniki,40.64286,22.93412,Entire home/apt,55,1,19,2024-01-07,0.41,10,348,0,00003026580
51208455,"Big Apple 5.1 | Apartment BLC, Nilie Hospitality",239769711,Nilie Premium Hospitality MGMT,,Thessaloniki,40.63946,22.93864,Entire home/apt,44,1,40,2025-06-21,0.89,303,364,29,1250257
51222611,Thess Unique Studio #8,284375244,Stavros,,Thessaloniki,40.64133,22.93298,Entire home/apt,55,1,11,2023-12-25,0.23,10,355,0,00003026596
51222864,Thess Unique Studio #9,284375244,Stavros,,Thessaloniki,40.64286,22.9342,Entire home/apt,55,1,28,2022-12-17,0.59,10,353,0,00003026533
51223001,Thess Unique Studio #10,284375244,Stavros,,Thessaloniki,40.64247,22.93305,Entire home/apt,55,1,19,2024-12-31,0.40,10,354,1,00003026549
51239578,Home sweet home νο3,103334217,Valantis,,Pavlou Mela,40.66636,22.92881,Entire home/apt,44,1,138,2025-05-19,2.91,2,249,38,00002410714
51265583,Φιλόξενο διαμέρισμα στην καρδιά της Θεσσαλονίκης.,415103307,Alexandros,,Thessaloniki,40.634666,22.953564,Entire home/apt,,1,39,2025-06-15,0.84,1,317,16,00003187560
51295715,Luxury 80m2 apartment with balkony downtown.,127232685,Leonidas,,Thessaloniki,40.63786,22.93881,Entire home/apt,111,1,67,2025-05-31,1.43,5,235,1,1190764
51327741,Moris Luxury Apartments 2,171835195,Moris,,Pilea – Chortiatis,40.60291,22.99282,Entire home/apt,64,2,105,2025-06-14,2.22,3,253,12,00002357883
51340497,Luxury art-deco studio with balcony,2884318,Simos,,Thessaloniki,40.64004,22.9455,Entire home/apt,47,2,159,2025-06-22,3.39,2,361,21,00001303883
51396285,Deluxe studio with King size bed at Thessaloniki,217110382,Giorgios,,Thessaloniki,40.60866,22.96448,Entire home/apt,78,3,16,2024-10-28,0.36,2,361,2,00001147929
51445994,Nancy's house at Charilaou,416661677,Αθανασια,,Thessaloniki,40.598244,22.965595,Entire home/apt,48,2,48,2024-04-12,1.03,1,0,0,00001274900
51447977,Athonos Resort,392489003,Georgios,,Thessaloniki,40.64108,22.94997,Entire home/apt,38,3,29,2025-04-06,0.63,7,310,8,00002944235
51534240,Gemütliches Appartement in Ano Poli,21164288,Parthena,,Neapolis – Sykeon,40.64525,22.95078,Entire home/apt,41,3,0,,,1,151,0,00001321006
51645478,Modern Apartment in City Center,45547160,Christos,,Thessaloniki,40.643921,22.940207,Entire home/apt,37,3,38,2025-05-13,0.83,2,235,8,00001322464
51740059,Pop up roof Campervan - Penelope,204997816,Odyssey,,Thessaloniki,40.59752,22.95934,Entire home/apt,,6,0,,,7,0,0,0933E81000178801
51757728,BLUE ROOM one bedroom in our home,304620428,Nina,,Thessaloniki,40.64272,22.92824,Private room,,1,230,2024-12-27,4.92,2,0,33,00001711494
51833563,Tropical - City Center #Skgbnb,1977386,Cristina&Tomas! Skgbnb,,Thessaloniki,40.64198,22.94183,Entire home/apt,43,2,37,2025-03-03,0.80,36,365,5,00002635661
51859779,"Factory Inn #8, Nilie Hospitality MGMT",239769711,Nilie Premium Hospitality MGMT,,Thessaloniki,40.63676,22.93725,Entire home/apt,40,1,100,2025-06-22,2.17,303,343,31,00002552215
51881882,Unlimited 360 View Central Wonderful Apartment,145800043,Dimitris,,Thessaloniki,40.64166,22.94108,Entire home/apt,70,2,9,2025-05-11,0.38,4,184,4,00000034365
51979123,Agenda - City Center #Skgbnb,28267881,Tomas&Cristina! Skgbnb,,Thessaloniki,40.63759,22.94226,Entire home/apt,70,2,86,2025-06-07,1.86,29,293,22,00002319936
51997689,Apricot by halu! - Bright & Cozy apt in the center,251290631,Halu,,Thessaloniki,40.63451,22.94846,Entire home/apt,,1,11,2025-02-02,0.28,99,0,5,00002888090
52017687,CENTRAL 1,421215431,Dimitra,,Thessaloniki,40.63956,22.93522,Entire home/apt,55,1,3,2022-07-17,0.06,15,357,0,00001131456
52018214,CENTRAL 2,421215431,Dimitra,,Thessaloniki,40.63909,22.93613,Entire home/apt,65,1,7,2025-01-04,0.15,15,365,1,00001131541
52018311,"Factory Inn #3, Nilie Hospitality MGMT",239769711,Nilie Premium Hospitality MGMT,,Thessaloniki,40.63676,22.93725,Entire home/apt,40,1,79,2025-06-14,1.71,303,333,27,3259273
52018347,CENTRAL 3,421215431,Dimitra,,Thessaloniki,40.64025,22.93456,Entire home/apt,55,1,5,2025-04-06,0.12,15,357,3,00001131562
52018428,CENTRAL 4,421215431,Dimitra,,Thessaloniki,40.64023,22.93654,Entire home/apt,55,1,30,2025-05-05,0.65,15,364,5,00001131578
52018515,CENTRAL 5,421215431,Dimitra,,Thessaloniki,40.63845,22.93539,Entire home/apt,55,1,24,2025-05-17,0.52,15,361,10,00001131583
52018556,CENTRAL 6,421215431,Dimitra,,Thessaloniki,40.63962,22.93639,Entire home/apt,55,1,7,2024-12-31,0.15,15,360,1,00001131599
52018647,CENTRAL 7,421215431,Dimitra,,Thessaloniki,40.64002,22.93656,Entire home/apt,55,1,9,2023-05-13,0.20,15,354,0,00001131557
52018751,CENTRAL 8,421215431,Dimitra,,Thessaloniki,40.63991,22.93536,Entire home/apt,55,1,33,2025-03-16,0.72,15,360,3,00001131621
52018983,CENTRAL 9,421215431,Dimitra,,Thessaloniki,40.64015,22.93631,Entire home/apt,55,1,9,2025-02-22,0.19,15,359,1,00001131616
52050021,Cozy apartment near city center thessalonikis,421384764,Mouratios,,Ampelokipon – Menemeni,40.65052,22.93132,Entire home/apt,61,3,26,2024-02-04,0.57,1,269,0,00000943748
52065688,Cozyhome2 in Thessaloniki center,44893060,Sotir,,Thessaloniki,40.63828,22.95138,Entire home/apt,53,2,11,2024-12-13,0.24,3,345,1,00000934405
52067545,Flat 128 ★ Sea view ★ 5min walk to Roman Forum,28441702,Silvia,,Thessaloniki,40.640957,22.945415,Entire home/apt,57,3,90,2025-05-31,2.01,2,75,23,00001348276
52083039,"Factory Inn #7, Nilie Hospitality MGMT",239769711,Nilie Premium Hospitality MGMT,,Thessaloniki,40.63676,22.93725,Entire home/apt,40,1,31,2025-06-03,0.68,303,345,18,00002552200
52083599,"Factory Inn #1, Nilie Hospitality MGMT",239769711,Nilie Premium Hospitality MGMT,,Thessaloniki,40.63676,22.93725,Entire home/apt,40,1,44,2025-06-18,1.00,303,348,11,3259210
52085214,"Factory Inn #2, Nilie Hospitality MGMT",239769711,Nilie Premium Hospitality MGMT,,Thessaloniki,40.63676,22.93725,Entire home/apt,40,1,74,2025-06-20,1.61,303,315,38,3259226
52104042,Antony Luxury Suite in Thessaloniki,69981336,Evgenia,,Kordelio – Evosmos,40.668804,22.921415,Entire home/apt,78,2,72,2025-04-27,1.58,2,345,13,00001343968
52106564,Suggrou Apartment #7,119416356,Fani,,Thessaloniki,40.63914,22.9402,Entire home/apt,39,1,78,2025-06-16,2.03,34,48,13,00001555385
52169654,Μικρό όμορφο διαμέρισμα στο κέντρο της Καλαμαριάς,421576095,,,Kalamaria,40.58277,22.94945,Entire home/apt,57,2,44,2025-06-09,0.98,1,244,7,00001345143
52278668,Mariana’s house,287848438,Elpida,,Thessaloniki,40.63861,22.94914,Entire home/apt,74,2,47,2025-05-04,1.05,1,175,6,00001348240
52351281,Modern and comfy apartment in Kato Toumpa,246349731,Kostas,,Thessaloniki,40.60794,22.98087,Entire home/apt,143,89,19,2023-06-09,0.43,1,365,0,1377212
52356779,Sea View 360° Sunset Apartment,157925051,Σοφία,,Thessaloniki,40.604965,22.953897,Entire home/apt,58,4,143,2025-06-22,3.18,1,107,39,00002397080
52362717,Modiano Studio I-You Urban Stay,212951050,Socrates Junior Houses,,Thessaloniki,40.63581466674805,22.941417694091797,Entire home/apt,43,1,125,2025-06-20,2.74,10,2,28,00002945423
52362866,Porto Sea View Apartments- Mitropoleos,372140900,Κωνσταντινια,,Thessaloniki,40.62748,22.94917,Entire home/apt,143,1,82,2025-06-20,1.88,41,315,22,00001347429
52375375,Modiano Studio IΙ-You Urban Stay,212951050,Socrates Junior Houses,,Thessaloniki,40.63581466674805,22.941417694091797,Entire home/apt,43,1,122,2025-06-09,2.71,10,2,20,00002934311
52464955,Modiano Studio IΙΙ-Your Urban Stay,212951050,Socrates Junior Houses,,Thessaloniki,40.63581466674805,22.941417694091797,Entire home/apt,43,1,150,2025-06-21,3.31,10,191,39,00002933049
52478974,Apartments 77 Νίκη,167783496,Irina&Marin,,Thessaloniki,40.630760192871094,22.950712203979492,Entire home/apt,,1,3,2023-09-24,0.09,2,0,0,00001076489
52487887,SKG Athonos Square Apt,424847666,Giorgos,,Thessaloniki,40.63382,22.94443,Entire home/apt,43,2,29,2023-09-24,0.64,1,2,0,00001780376
52501877,Studio1,194224482,George,,Thessaloniki,40.63468,22.94965,Entire home/apt,33,2,85,2025-01-04,2.16,7,365,8,00001796466
52525093,"Big Apple 5.2 | Studio Balcony, Nilie Hospitality",239769711,Nilie Premium Hospitality MGMT,,Thessaloniki,40.63946,22.93864,Entire home/apt,44,1,85,2025-06-21,1.91,303,356,20,2662061
52533116,Lamda Suites #2,117368170,Dimitrios,,Thessaloniki,40.59143,22.96748,Entire home/apt,66,2,31,2025-03-03,0.68,2,275,6,1357140
52542183,"Big Apple 5.3 | Studio Balcony, Nilie Hospitality",239769711,Nilie Premium Hospitality MGMT,,Thessaloniki,40.63946,22.93864,Entire home/apt,44,1,21,2025-05-25,0.47,303,365,4,2662082
52543385,"Big Apple 5.7 | Apartment, Nilie Hospitality",239769711,Nilie Premium Hospitality MGMT,,Thessaloniki,40.63946,22.93864,Entire home/apt,44,1,29,2025-06-21,0.68,303,362,5,2665455
52547767,"Big Apple 5.9 | Studio Balcony, Nilie Hospitality",239769711,Nilie Premium Hospitality MGMT,,Thessaloniki,40.63946,22.93864,Entire home/apt,44,1,53,2025-06-01,1.19,303,365,8,2661952
52549167,La casa,425141880,Απόστολος,,Thessaloniki,40.61709,22.97555,Entire home/apt,47,2,93,2025-06-05,2.08,1,330,23,00001358694
52589757,"Factory Inn #4, Nilie Hospitality MGMT",239769711,Nilie Premium Hospitality MGMT,,Thessaloniki,40.63676,22.93725,Entire home/apt,40,1,80,2025-06-04,1.79,303,348,12,00002552161
52663564,"Big Apple 2.12 | Studio, Nilie Hospitality",239769711,Nilie Premium Hospitality MGMT,,Thessaloniki,40.63949,22.93869,Entire home/apt,44,1,62,2025-06-09,1.40,303,362,18,2949175
52664081,"Big Apple 5.11 | Apartment BLC, Nilie Hospitality",239769711,Nilie Premium Hospitality MGMT,,Thessaloniki,40.63946,22.93864,Entire home/apt,44,1,50,2025-01-02,1.18,303,359,4,2665497
52664320,"Big Apple 5.13 | Apartment BLC, Nilie Hospitality",239769711,Nilie Premium Hospitality MGMT,,Thessaloniki,40.63946,22.93864,Entire home/apt,44,1,37,2025-06-01,0.84,303,364,4,2665520
52664577,"Big Apple 6.2 | Studio Balcony, Nilie Hospitality",239769711,Nilie Premium Hospitality MGMT,,Thessaloniki,40.63947,22.93872,Entire home/apt,44,1,18,2025-05-25,0.47,303,362,2,2665535
52664732,"Big Apple 6.4 | Studio Balcony, Nilie Hospitality",239769711,Nilie Premium Hospitality MGMT,,Thessaloniki,40.63946,22.93864,Entire home/apt,44,1,75,2025-06-11,1.67,303,365,18,2661931
52665902,"Factory Inn #5, Nilie Hospitality MGMT",239769711,Nilie Premium Hospitality MGMT,,Thessaloniki,40.63665,22.93721,Entire home/apt,40,1,61,2025-06-14,1.37,303,343,33,00002552114
52683184,1BD - Deer Traveler Central Apt,81582518,Danae,,Thessaloniki,40.63567,22.95102,Entire home/apt,40,2,13,2025-06-21,0.30,2,327,4,00001363147
52683904,PLATO Penthouse | minimalist design,483889,Theo,,Thessaloniki,40.62139251641099,22.958098411560062,Entire home/apt,53,3,32,2025-06-13,1.25,1,175,15,00001929110
52684248,"Adelle Apartment #24, The Luxury Suites",280458084,The Luxury Suites,,Thessaloniki,40.63971,22.94038,Entire home/apt,53,2,52,2025-05-19,1.22,180,168,3,00002351978
52686054,Elegant Studio 2 opposite Apostolou Pavlou 38,142030781,,,Thessaloniki,40.63787,22.95598,Entire home/apt,42,3,34,2025-04-15,0.83,3,365,5,00001411546
52699569,"Big Apple 3.2 | Studio Balcony, Nilie Hospitality",239769711,Nilie Premium Hospitality MGMT,,Thessaloniki,40.63946,22.93864,Entire home/apt,44,1,39,2025-05-02,0.87,303,361,13,2662040
52785845,Lovely studio2*down town* with parking,285054779,Katerina,,Thessaloniki,40.64211,22.93686,Entire home/apt,45,2,171,2025-06-22,3.84,2,224,55,00001360806
52790797,Cozy Studio apt. at Alatza Imaret Mosque,11087486,Maria,,Thessaloniki,40.63921,22.94975,Entire home/apt,35,2,48,2025-06-08,1.24,2,314,6,00001366510
52887241,CC Lux Studio,48791781,Sofia,,Thessaloniki,40.6319580078125,22.94664192199707,Entire home/apt,48,2,23,2025-03-19,0.52,2,109,6,00001372516
52889725,Modern cozy apartment in the heart of Thessaloniki,218040052,,,Thessaloniki,40.63174,22.94711,Entire home/apt,59,1,234,2025-05-25,5.66,1,132,41,00001417627
52912091,F & B Collection - 2 Bedroom Flat,31131449,Dimitris,,Thessaloniki,40.619003,22.95513,Entire home/apt,52,6,29,2025-04-13,0.80,50,350,8,00001369440
52917552,Beach Breeze at Kalamaria,255835194,Rebeka,,Kalamaria,40.57855,22.94474,Entire home/apt,60,4,63,2025-06-09,1.42,2,309,16,00001372260
52921630,HARMONY LIFE. Luxury Thessaloniki Center apartment,185542685,Nijole,,Thessaloniki,40.617672,22.956844,Entire home/apt,86,2,10,2023-09-24,0.23,1,346,0,1365948
52928971,Σουίτα με θέα θάλασσα 500μ από το κέντρο της πόλης,428491874,Giorgos,,Thessaloniki,40.64158,22.92513,Entire home/apt,69,1,16,2024-02-18,0.41,1,296,0,00001471043
52934628,Valory #2 Aesthetic Stay,410113839,Panos,,Thessaloniki,40.63797,22.9365,Entire home/apt,33,1,54,2025-06-07,1.21,8,340,16,00001252835
52948050,#Magnolia Apt by halu! Apartments,251290631,Halu,,Thessaloniki,40.63083,22.94632,Entire home/apt,,1,46,2024-12-02,1.04,99,349,11,00003003238
52958198,"Cozy 55 sq flat in Salonica, 15' from the center",261351008,Vasilis,,Neapolis – Sykeon,40.64901,22.93875,Entire home/apt,43,2,15,2025-05-18,0.34,1,356,7,00001948100
52960806,Marrone° Suite/parking _24/7,233279110,Panagiota,,Thessaloniki,40.616798083744925,22.95381635427475,Entire home/apt,109,4,68,2025-06-15,1.55,3,117,16,00003214158
52960878,Blu° Suite/parking_24/7,233279110,Panagiota,,Thessaloniki,40.61663189401749,22.953447215259075,Entire home/apt,62,4,77,2025-06-10,1.78,3,310,28,00003214163
52962130,Little hidden paradise apartment SKG,25099800,Yiorgos,,Thessaloniki,40.61158,22.95843,Entire home/apt,49,1,53,2025-04-06,1.20,1,218,5,00001375489
52980150,"Cozy studio, 1min from Kamara",428927067,Χρήστος,,Thessaloniki,40.63237,22.95303,Entire home/apt,63,1,73,2025-01-01,1.64,1,363,6,00001367569
52989279,Porto SeaView Apartments- Deluxe Suite& Jacuzzi 16,372140900,Κωνσταντινια,,Thessaloniki,40.63445,22.93636,Entire home/apt,148,1,32,2025-06-16,0.77,41,363,4,00001402630
53042535,Lef Lodging,170507468,Ελευθερία,,Kalamaria,40.584015,22.953333,Entire home/apt,66,2,61,2025-05-13,1.41,3,354,8,00002516680
53075905,Loft Platon,40847564,Spyridon,,Pilea – Chortiatis,40.58613,22.97983,Entire home/apt,149,2,2,2024-02-11,0.11,5,365,0,00001755614
53100667,Cozy flat in city center overlooking Yeni Mosque,29559321,,,Thessaloniki,40.615631,22.956364,Entire home/apt,76,2,18,2024-12-15,0.41,1,350,5,00001379811
53101461,Family Apartment with Sea View_PO357,6836073,Georgios,,Thessaloniki,40.61549,22.95324,Entire home/apt,52,3,11,2025-04-29,0.25,13,340,8,00002978701
53101806,Family Apartment with Sea View_PO6L7,6836073,Georgios,,Thessaloniki,40.61535,22.95396,Entire home/apt,64,6,1,2024-03-17,0.06,13,339,0,00002978637
53101944,Family Apartment with Sea View_PO112,6836073,Georgios,,Thessaloniki,40.61402,22.95251,Entire home/apt,60,1,0,,,13,339,0,00002978637
53102025,Family Apartment with Sea View_PO1L13,6836073,Georgios,,Thessaloniki,40.61474,22.95392,Entire home/apt,69,1,3,2024-10-03,0.25,13,339,3,00002978701
53106827,Spacious Cosy Apt (up to 5 guests),189062876,Georgios,,Thessaloniki,40.62427,22.96874,Entire home/apt,60,1,44,2025-03-14,0.99,1,354,8,00001373793
53120924,Jacuzzi Suite Ladadika #3,305664744,Welcome Bnb,,Thessaloniki,40.63605,22.93596,Entire home/apt,97,1,112,2025-05-29,3.07,17,354,35,00002463558
53123431,Cosy Open Studio by the Roman Palace_T11,6836073,Georgios,,Thessaloniki,40.63446,22.95361,Entire home/apt,48,1,0,,,13,181,0,00002885499
53138149,Center Country Style Apartment_T11,6836073,Georgios,,Thessaloniki,40.63747,22.94904,Entire home/apt,35,1,4,2025-03-30,0.10,13,267,2,00002978701
53160131,Houseloft Metropolitan Highlight,29565272,Houseloft,,Thessaloniki,40.62790298461914,22.952533721923828,Entire home/apt,128,1,27,2025-02-02,0.66,23,355,8,00001410443
53163548,Dogu 1,107328172,Alexis,,Thessaloniki,40.63867,22.93839,Entire home/apt,51,1,42,2025-06-08,0.95,6,111,1,00001375861
53168905,Modern-Unigue- 2-bedroom apartment,429605162,Marija,,Thessaloniki,40.60932,22.95558,Entire home/apt,65,4,33,2024-08-04,0.76,1,0,3,00001378517
53182176,Dogu 2,107328172,Alexis,,Thessaloniki,40.63839,22.93828,Entire home/apt,50,1,55,2025-05-31,1.29,6,300,5,00001375856
53196053,Central suite 1,421215431,Dimitra,,Thessaloniki,40.63819,22.9371,Entire home/apt,58,1,2,2021-11-22,0.05,15,355,0,00001126531
53196273,Central suite 2,421215431,Dimitra,,Thessaloniki,40.63785,22.93822,Entire home/apt,58,1,12,2022-07-17,0.29,15,355,0,00001126589
53196606,Central suite 3,421215431,Dimitra,,Thessaloniki,40.63964,22.93721,Entire home/apt,58,1,54,2024-07-08,1.23,15,360,1,00001126594
53213397,Center Country Style Apartment_OT1,6836073,Georgios,,Thessaloniki,40.63693,22.95004,Entire home/apt,31,2,6,2025-06-08,0.45,13,266,5,00002978701
53225160,Central suite 4,421215431,Dimitra,,Thessaloniki,40.63828,22.93657,Entire home/apt,58,1,8,2025-03-30,0.19,15,363,1,00001126573
53225684,Central suite 5,421215431,Dimitra,,Thessaloniki,40.63776,22.93881,Entire home/apt,58,1,19,2024-05-11,0.44,15,357,0,00001126552
53225829,Central suite 6,421215431,Dimitra,,Thessaloniki,40.63982,22.9386,Entire home/apt,58,1,8,2023-12-10,0.19,15,359,0,00001126606
53230621,"Eclectic Apartment, 8th floor, free parking",186568120,Foteini,,Thessaloniki,40.64332,22.92521,Entire home/apt,58,2,8,2025-05-07,0.61,7,358,7,00001376700
53247323,Aristotelous Square Luxury Apartment Myrat 360°,306325346,Spyros,,Thessaloniki,40.63625,22.9458,Entire home/apt,10,2,5,2022-01-04,0.11,1,1,0,00001377010
53276720,Dreamy Apartment City Center 7 thesbnbgr,379910184,Νικόλαος,,Thessaloniki,40.637074,22.93944,Entire home/apt,46,1,7,2022-12-02,0.16,14,169,0,00002559190
53302952,Urban Jasmine,151041314,Babis,,Thessaloniki,40.632153,22.95278,Entire home/apt,75,2,15,2025-05-14,0.37,2,245,3,00001974210
53359103,Dreamy Apartment City Center 8 thesbnbgr,379910184,Νικόλαος,,Thessaloniki,40.637074,22.93944,Entire home/apt,53,1,17,2025-01-06,0.39,14,174,1,00001378442
53392881,"Eclectic    Grey  studio ,free parking",186568120,Foteini,,Thessaloniki,40.64285,22.92421,Entire home/apt,46,2,15,2024-10-29,0.44,7,266,7,00002294784
53407498,"Big Apple 3.3 | Studio Balcony, Nilie Hospitality",239769711,Nilie Premium Hospitality MGMT,,Thessaloniki,40.63946,22.93864,Entire home/apt,44,1,21,2025-05-25,0.49,303,364,12,2662035
53423612,2 Mon-keys,107328172,Alexis,,Thessaloniki,40.63987,22.9385,Entire home/apt,105,2,1,2024-08-27,0.10,6,296,1,00001375861
53424905,"Big Apple 2.10 | Apartment, Nilie Hospitality",239769711,Nilie Premium Hospitality MGMT,,Thessaloniki,40.63946,22.93864,Entire home/apt,44,1,75,2025-05-25,1.75,303,361,5,2949112
53438998,"Big Apple 2.13 | Studio Balcony, Nilie Hospitality",239769711,Nilie Premium Hospitality MGMT,,Thessaloniki,40.63946,22.93864,Entire home/apt,44,1,123,2025-06-17,2.81,303,350,21,00003256772
53440335,"Big Apple 2.5 | Apartment BLC, Nilie Hospitality",239769711,Nilie Premium Hospitality MGMT,,Thessaloniki,40.63946,22.93864,Entire home/apt,44,1,12,2025-01-04,0.30,303,364,4,2665440
53455278,"Big Apple 6.5 | Studio, Nilie Hospitality",239769711,Nilie Premium Hospitality MGMT,,Thessaloniki,40.63946,22.93864,Entire home/apt,44,1,37,2024-08-17,0.85,303,365,2,2665561
53456372,"Big Apple 2.7 | Apartment BLC, Nilie Hospitality",239769711,Nilie Premium Hospitality MGMT,,Thessaloniki,40.63946,22.93864,Entire home/apt,44,1,89,2025-04-24,2.04,303,362,16,2949053
53461338,#Olive Tree: Aristotelous Suite by halu! Apts,251290631,Halu,,Thessaloniki,40.635071,22.943684,Entire home/apt,78,1,54,2025-03-25,1.25,99,302,6,00002887062
53467222,Waterfront Apartment with Sea View_WV6L4,260979712,Erasmus,,Thessaloniki,40.61393,22.95496,Entire home/apt,42,6,0,,,18,296,0,00002978637
53530110,"Modiano TinyHome, 5th floor, City Center",36149597,Smaro,,Thessaloniki,40.63368,22.94175,Entire home/apt,45,2,65,2025-06-09,1.51,2,175,17,00002830444
53579018,#Ioannas apartments 2bedroom house,67017063,Ioanna,,Pavlou Mela,40.6798837,22.9366199,Entire home/apt,49,2,57,2025-06-13,5.28,1,319,57,00002834791
53581469,Houseloft Grand Vista,29565272,Houseloft,,Thessaloniki,40.63009,22.95201,Entire home/apt,153,1,71,2025-06-02,1.73,23,342,25,00003199410
53599271,Casa Diez-Boho Chic Style Apartment by BiNoBi!,121021366,Chris,,Thessaloniki,40.60341,22.95762,Entire home/apt,54,1,67,2025-06-09,1.54,2,242,19,00002806322
53603672,Νέο διαμέρισμα πολυκατοικίας σε ιστορικό κέντρο,434094101,Panos Rotonda'S View,,Thessaloniki,40.632526328146355,22.95296415548961,Entire home/apt,76,2,8,2024-05-07,0.27,1,0,0,00001811221
53636275,#Ioanna Apartments |Terminal Station Nikopoli,434347481,Ioanna Apartments,,Pavlou Mela,40.68385675499686,22.931008194676163,Entire home/apt,37,2,93,2025-06-18,2.73,23,331,36,00001747327
53714306,2downtown,49869116,Nikos,,Thessaloniki,40.63916934317199,22.93997883796692,Entire home/apt,34,3,5,2025-06-12,0.31,1,165,4,01209541208
53728283,Agustin Luxury Apartment in Thessaloniki,168602383,Avgoustinos,,Kordelio – Evosmos,40.669094,22.91781,Entire home/apt,100,1,27,2024-10-21,0.65,1,153,2,00001391814
53733587,Comfortable and elegant flat in Thessaloniki,149664142,Labros,,Thessaloniki,40.64134,22.93066,Entire home/apt,40,6,8,2024-05-29,0.23,2,52,0,00001656550
53753397,#Cassandra: Elegant City Centre home by halu! Apts,251290631,Halu,,Thessaloniki,40.64056,22.94342,Entire home/apt,77,1,25,2024-11-24,0.67,99,39,5,00002888962
53793937,Bright & Cozy Stay in the Heart of Thessaloniki,447415501,Parysatis,,Thessaloniki,40.641029357910156,22.943836212158203,Entire home/apt,63,2,69,2025-06-11,1.88,1,340,21,00001392917
53811711,"ModianoLoft, 5th floor, City Center, Thessaloniki",36149597,Smaro,,Thessaloniki,40.63442,22.94276,Entire home/apt,85,2,19,2023-12-15,0.45,2,36,0,00002830524
53820175,Treasure box apartment _Aristotelous square_,144919832,,,Thessaloniki,40.636765,22.942789,Entire home/apt,41,2,35,2025-06-03,0.91,1,362,10,00001465381
53823594,Zennova #4 Vintage City Center Apt,263237779,Stelios,,Thessaloniki,40.63896277516258,22.945769089157796,Entire home/apt,103,1,17,2025-03-16,0.43,12,158,3,00001380786
53824924,"Big Apple 7.3 | Apartment BLC, Nilie Hospitality",239769711,Nilie Premium Hospitality MGMT,,Thessaloniki,40.63946,22.93864,Entire home/apt,44,1,48,2024-11-03,1.14,303,360,9,2662263
53836987,"Big Apple7.8 | Apartment BLC, Nilie Hospitality",239769711,Nilie Premium Hospitality MGMT,,Thessaloniki,40.63946,22.93864,Entire home/apt,49,1,18,2024-12-24,0.49,303,200,5,2665598
53838432,"Big Apple 7.9 | Apartment BLC, Nilie Hospitality",239769711,Nilie Premium Hospitality MGMT,,Thessaloniki,40.63946,22.93864,Entire home/apt,44,1,60,2025-04-27,1.41,303,357,4,2665620
53839802,"Big Apple 7.1 | Apartment BLC, Nilie Hospitality",239769711,Nilie Premium Hospitality MGMT,,Thessaloniki,40.63946,22.93864,Entire home/apt,44,1,5,2025-05-21,0.12,303,358,1,2662242
53840873,"Big Apple 7.13 | Studio, Nilie Hospitality",239769711,Nilie Premium Hospitality MGMT,,Thessaloniki,40.63946,22.93864,Entire home/apt,44,1,55,2025-05-26,1.31,303,361,25,2665721
53858391,"Big Apple 7.10 | Apartment BLC, Nilie Hospitality",239769711,Nilie Premium Hospitality MGMT,,Thessaloniki,40.63946,22.93864,Entire home/apt,55,1,65,2024-12-17,1.54,303,219,6,2665636
53904233,VáLi_skg studio,436662098,Vaggelis,,Thessaloniki,40.638859,22.936487,Entire home/apt,42,1,35,2024-12-02,0.87,1,174,4,00001442225
53930243,Aura F24 apartments: 1BD Apt,251290631,Halu,,Thessaloniki,40.63833,22.93753,Entire home/apt,58,1,15,2025-05-26,0.36,99,322,7,00001384917
53932576,Porto Sea View Apartments- Kypriou,372140900,Κωνσταντινια,,Thessaloniki,40.63245,22.94731,Entire home/apt,148,1,66,2025-06-15,1.56,41,300,12,00001397681
53934630,"Daylily, 2 bdrm apartment, Vesta Philoxenia",336527202,Vesta Philoxenia,,Thessaloniki,40.61927,22.95465,Entire home/apt,57,2,51,2025-04-06,1.20,2,47,15,00002499443
53952650,Tsimiski Contemporary Studio 2. New & Renovated.,437052618,Aristeidis,,Thessaloniki,40.634281,22.940004,Entire home/apt,72,1,41,2024-11-24,0.98,2,174,10,00002948923
53997462,Cozy apartment at historical center,437479978,Alexia,,Thessaloniki,40.62955,22.94906,Entire home/apt,46,3,40,2024-10-15,0.94,1,296,7,00001423282
54012123,Delmare dahlia double apartment,268825110,Grigorios,,Thessaloniki,40.63546,22.94086,Entire home/apt,90,2,0,,,5,365,0,00001380234
54031591,Διαμέρισμα στην πλατεία Αντιγονιδών,27405918,Maria,,Thessaloniki,40.64006,22.940098,Entire home/apt,61,1,26,2025-01-26,0.66,1,253,3,00001472348
54061506,Rainbow Nilie Hospitality MGMT,239769711,Nilie Premium Hospitality MGMT,,Thessaloniki,40.6296,22.95114,Entire home/apt,41,1,69,2025-04-22,1.64,303,336,30,2757877
54099574,"Big Apple 7.14 | Studio Balcony, Nilie Hospitality",239769711,Nilie Premium Hospitality MGMT,,Thessaloniki,40.63946,22.93864,Entire home/apt,44,1,13,2025-05-11,0.31,303,365,5,2665678
54099663,"Big Apple 7.16 | Studio Balcony, Nilie Hospitality",239769711,Nilie Premium Hospitality MGMT,,Thessaloniki,40.63946,22.93864,Entire home/apt,44,1,47,2025-05-25,1.12,303,363,10,2665700
54134985,Tsimiski Contemporary Studio 3. New & Renovated.,437052618,Aristeidis,,Thessaloniki,40.634274,22.940025,Entire home/apt,77,1,101,2025-02-03,2.41,2,174,18,00002949011
54147223,Lux appartment 3 rooms full extra city center,139438705,Γεωργιος,,Thessaloniki,40.64113998413086,22.94257926940918,Private room,71,2,4,2024-11-24,0.17,4,322,2,00001892828
54152078,Porto Sea View Apartments - Alex. Svolou,372140900,Κωνσταντινια,,Thessaloniki,40.631313,22.949293,Entire home/apt,123,1,32,2025-05-07,0.76,41,327,7,00001390036
54268596,Click - City Center #Skgbnb,28267881,Tomas&Cristina! Skgbnb,,Thessaloniki,40.63263,22.95141,Entire home/apt,43,2,61,2025-03-25,1.60,29,333,14,00003362574
54288558,"Aelia 4.1, The Luxury Suites",280458084,The Luxury Suites,,Thessaloniki,40.63841,22.93789,Entire home/apt,44,2,45,2025-05-22,1.09,180,174,15,00001780174
54288980,"Aelia 4.2, The Luxury Suites",280458084,The Luxury Suites,,Thessaloniki,40.63728,22.93589,Entire home/apt,44,2,68,2025-06-01,1.68,180,175,24,00001791920
54353185,"Big Apple 6.3 | Studio Balcony, Nilie Hospitality",239769711,Nilie Premium Hospitality MGMT,,Thessaloniki,40.63946,22.93864,Entire home/apt,44,1,18,2025-06-01,0.53,303,363,5,2665514
54353465,"Big Apple 7.15 | Studio Balcony, Nilie Hospitality",239769711,Nilie Premium Hospitality MGMT,,Thessaloniki,40.63946,22.93864,Entire home/apt,44,1,17,2025-05-10,0.41,303,362,8,2665683
54353757,"Big Apple 7.11 | Apartment, Nilie Hospitality",239769711,Nilie Premium Hospitality MGMT,,Thessaloniki,40.63946,22.93864,Entire home/apt,44,1,31,2025-04-13,0.74,303,323,1,2665641
509414021492864672,ΙΩΚΑ Suites / the Urbitality Project - apartment Ι,38580324,Nikos,,Thessaloniki,40.63583,22.937998,Entire home/apt,60,2,42,2023-05-02,1.02,4,190,0,00001923715
541798974204348423,"Όμορφο διαμέρισμα, στο κέντρο της Θεσσαλονίκης",203206660,Αργυρώ,,Thessaloniki,40.63251,22.96345,Entire home/apt,29,1,9,2025-05-14,0.22,1,344,2,00001413353
545691506057164736,Mythos #2 apartment (Kalliston),303891297,Kalliston,,Thessaloniki,40.63833,22.94335,Entire home/apt,67,3,87,2025-02-03,2.13,4,253,20,00001388164
546031332520686103,Unique Waterfront Apartment with Sea View_TRM1102,433471717,Georgios,,Thessaloniki,40.61467,22.95424,Entire home/apt,47,1,3,2024-11-25,0.08,18,354,1,Exempt
546216511679428073,Weekend101 Apartment | Thessaloniki Centre,86291218,Αγγελος,,Thessaloniki,40.644123,22.92765,Entire home/apt,34,1,46,2023-07-30,1.18,1,344,0,00001483693
546888281329841280,Chic apartment with Netflix Nespresso & more,350279014,Innovation,,Thessaloniki,40.63747,22.93685,Entire home/apt,,1,45,2024-10-01,1.11,35,0,10,00001415298
546889336156458277,Innovative top floor breathtaking flat in Ladadika,350279014,Innovation,,Thessaloniki,40.63683,22.93844,Entire home/apt,83,1,166,2025-06-02,4.47,35,95,43,00001594001
548247932664556474,Urban Living 3,112627287,Urban Living,,Thessaloniki,40.6359,22.94342,Entire home/apt,115,3,15,2023-10-30,0.37,9,365,0,00001378060
548377956474570886,node studio,156655983,Natasa,,Thessaloniki,40.64119,22.93401,Entire home/apt,40,1,161,2025-04-19,3.89,2,243,41,00002521870
549562802455039354,Unique Waterfront Apartment with Sea View_TRM1111,433471717,Georgios,,Thessaloniki,40.61376,22.95316,Entire home/apt,,1,2,2024-11-03,0.23,18,353,2,Exempt
549748359215647825,Porto Sea View Apartments - Alex.Svolou 29,372140900,Κωνσταντινια,,Thessaloniki,40.63178,22.95122,Entire home/apt,170,1,102,2025-06-22,2.49,41,299,30,00001410619
550689510218237600,Unique Waterfront Apartment with Sea View_TRM4511,433471717,Georgios,,Thessaloniki,40.61304,22.9548,Entire home/apt,50,4,4,2025-05-04,0.53,18,354,4,00002978637
551731416985397681,Unique Waterfront Apartment with Sea View_TRM6711,433471717,Georgios,,Thessaloniki,40.61317,22.95278,Entire home/apt,50,6,0,,,18,348,0,Exempt
551838424522885998,ΙΩΚΑ Suites / the Urbitality Project - apartment Ω,38580324,Nikos,,Thessaloniki,40.63583,22.937998,Entire home/apt,68,2,62,2025-05-15,1.51,4,185,4,00001923901
551849790798886746,Unique Waterfront Apartment with Sea View_TRM2311,433471717,Georgios,,Thessaloniki,40.61335,22.95489,Entire home/apt,45,2,0,,,18,354,0,00002978637
551907185308698559,"Marys House , Lovely 2-bedroom Apartment",442910501,Argyro,,Thessaloniki,40.61224,22.96067,Entire home/apt,77,2,1,2023-09-09,0.05,1,0,0,00001472110
551948821439734809,ΙΩΚΑ Suites / the Urbitality Project - apartment K,38580324,Nikos,,Thessaloniki,40.63583,22.937998,Entire home/apt,56,2,48,2024-11-04,1.19,4,186,1,00001923917
552012698778478395,ΙΩΚΑ Suites / the Urbitality Project - apartment A,38580324,Nikos,,Thessaloniki,40.63583,22.937998,Entire home/apt,69,2,39,2023-10-22,0.95,4,187,0,00001923858
552712470990012189,"Penthouse Apartment #1, The Luxury Suites",280458084,The Luxury Suites,,Thessaloniki,40.6387,22.9363,Entire home/apt,50,2,78,2025-03-21,1.91,180,144,10,00003191887
552722392209570373,"Penthouse Apartment #2, The Luxury Suites",280458084,The Luxury Suites,,Thessaloniki,40.63728,22.93663,Entire home/apt,48,2,74,2025-06-06,1.80,180,126,33,00002991795
552845590257573629,Unique Waterfront Apartment with Sea View_TRM8L11,433471717,Georgios,,Thessaloniki,40.61384,22.95478,Entire home/apt,40,8,3,2025-03-24,0.49,18,354,3,00002978637
553347745827163867,"Penthouse Apartment #4, The Luxury Suites",280458084,The Luxury Suites,,Thessaloniki,40.63895,22.93688,Entire home/apt,48,2,79,2025-06-04,1.92,180,150,18,00002991828
553351691094696867,"Penthouse Apartment #5, The Luxury Suites",280458084,The Luxury Suites,,Thessaloniki,40.63802,22.93654,Entire home/apt,51,2,57,2025-04-07,1.39,180,162,9,00002991854
553358273188841677,"Upper Floor #2, The Luxury Suites",280458084,The Luxury Suites,,Thessaloniki,40.63763,22.93816,Entire home/apt,42,2,105,2025-06-02,2.56,180,162,20,00002991880
553361160496490513,"Upper Floor #3, The Luxury Suites",280458084,The Luxury Suites,,Thessaloniki,40.63809,22.93593,Entire home/apt,45,2,47,2025-03-10,1.15,180,174,2,00002991955
554799554785039382,Delmare Aristotelous  7,268825110,Grigorios,,Thessaloniki,40.63477,22.94312,Entire home/apt,90,1,3,2022-08-21,0.07,5,365,0,00001361079
556840713925762733,Old Town Family Apartment_M112,433471717,Georgios,,Thessaloniki,40.6347,22.95304,Entire home/apt,42,1,2,2022-09-18,0.06,18,351,0,Exempt
557342351070426290,Old Town Family Apartment_M678,433471717,Georgios,,Thessaloniki,40.63555,22.95499,Entire home/apt,45,6,2,2024-10-28,0.13,18,351,1,Exempt
557745706937215825,SUNNY PENTHOUSE SUITE 6ος,8252044,Theodoros,,Thessaloniki,40.64587,22.91803,Entire home/apt,38,2,3,2024-11-03,0.08,2,319,1,00001418272
557935718963891825,Konstantinos's Luxury vintage apartment,131894407,Konstantinos,,Thessaloniki,40.64169,22.94446,Entire home/apt,53,2,3,2025-04-14,0.21,3,362,2,00001425291
559031677166541977,Old Town Family Apartment_M8L8,433471717,Georgios,,Thessaloniki,40.6355,22.95506,Entire home/apt,60,8,1,2022-06-30,0.03,18,351,0,Exempt
559061972065383195,#Firefly Apt by halu! Apartments,251290631,Halu,,Thessaloniki,40.63377,22.95129,Entire home/apt,,1,18,2025-02-23,0.44,99,0,1,00002964662
559097214306979029,Veranda Residence,444428817,Nancy,,Thessaloniki,40.63333511352539,22.950027465820312,Entire home/apt,93,2,118,2025-06-09,2.90,1,249,37,00001415416
559848902474069884,Porto Sea View Apartments - Mitropoleos 127,372140900,Κωνσταντινια,,Thessaloniki,40.627968,22.949224,Entire home/apt,147,1,42,2025-03-21,1.08,41,310,3,00001425669
562877854097739373,Stunning city view apt at Old town,445181551,Maria,,Thessaloniki,40.64271,22.95357,Entire home/apt,102,2,114,2025-06-19,2.83,1,180,35,00001429337
563797368683657760,Paloma Free Parking House,445400489,Theodora,,Thessaloniki,40.6014162,22.9571945,Entire home/apt,62,2,44,2025-06-19,1.23,2,263,5,00001623186
564166700193980554,A unique loft studio,56949946,Κωνσταντινα,,Thessaloniki,40.63172912597656,22.950241088867188,Entire home/apt,48,1,45,2025-06-01,1.15,1,46,2,00001460107
564451860194314968,2 Persons Camper Opel Combo - Nausicaa,204997816,Odyssey,,Thessaloniki,40.59699,22.95821,Entire home/apt,,6,0,,,7,0,0,0933E81000178801
565663266768626164,Helens Little Castle  (Free Private Parking),445787114,Efstathios,,Thessaloniki,40.63741,22.95506,Entire home/apt,56,1,108,2025-06-23,2.73,3,328,43,00001452400
566618350314795994,Thessaloniki 2 bedroom apartment,446006524,Βενέρα,,Kordelio – Evosmos,40.66373,22.91066,Entire home/apt,35,4,10,2025-04-12,0.29,1,322,3,00001437040
566619629720283253,Campervan with pop up roof - Laertes -Thessaloniki,204997816,Odyssey,,Thessaloniki,40.59732,22.9583,Entire home/apt,,6,0,,,7,0,0,0933E81000178801
567071826622741919,Ανακαινισμένο διαμέρισμα στην καρδιά της πόλης.,218897166,Ilias,,Thessaloniki,40.629402,22.945597,Entire home/apt,56,2,146,2025-06-08,3.66,1,325,52,00001442640
567171816005996117,The Rotonda loft,67362033,Evelina,,Thessaloniki,40.63416,22.95496,Entire home/apt,23,3,130,2025-06-03,3.21,1,311,33,00001582838
567217401511831634,"HAPPY TRAVELLER - Luxury, Free Parking",103306415,Angel,,Thessaloniki,40.6471,22.9384,Entire home/apt,115,3,5,2024-09-29,0.13,3,332,1,00001447102
568513324050140350,Central Luxury Apartment,446450968,Nikos,,Thessaloniki,40.62883350194538,22.9485478932541,Entire home/apt,89,2,28,2025-01-07,0.83,2,265,3,00001761365
568695410006958794,2 Persons Camper Fiat Doblo  - Nestor,204997816,Odyssey,,Thessaloniki,40.59571,22.95966,Entire home/apt,,6,0,,,7,0,0,0933E81000178801
569412065052467206,Polymnia,163123431,Ntemi And Nick,,Thessaloniki,40.640789,22.943064,Entire home/apt,47,2,167,2025-06-10,4.15,16,346,40,00001421449
570191984863127237,Nostalgia,163123431,Ntemi And Nick,,Thessaloniki,40.640919,22.943043,Entire home/apt,46,2,160,2025-06-09,3.98,16,346,36,00001421513
570680344395826389,"Adelle Apartment #23, The Luxury Suites",280458084,The Luxury Suites,,Thessaloniki,40.64016,22.94078,Entire home/apt,46,2,82,2025-06-06,2.05,180,161,5,00001447287
570924336403328552,Sevenpockethouse Deluxe double bed with extra bed,214857203,Powerbnb,,Thessaloniki,40.643337,22.947905,Private room,38,2,86,2025-06-09,2.20,12,346,27,00000257624
572284109008120624,Seafront Mini Studio_M112,433471717,Georgios,,Thessaloniki,40.61314,22.95279,Private room,28,1,6,2024-12-22,0.18,18,353,2,00002978637
572407565594742482,"ADI 1 BOUTIQUE HOUSE, στο κέντρο της Θεσ/νίκης",38097022,Dimitris Jessica,,Thessaloniki,40.629948,22.950708,Entire home/apt,75,1,4,2024-06-01,0.11,2,143,0,00001586809
572876626181967304,A&J city cosy 1 room apartment at National stadium,302197572,Andreas,,Thessaloniki,40.627469,22.966408,Entire home/apt,38,2,172,2025-06-16,4.68,2,302,46,00001446323
572915999968910251,Seafront Mini Studio_Moffer,433471717,Georgios,,Thessaloniki,40.61538,22.95332,Private room,32,1,0,,,18,353,0,Exempt
572925107183712106,Seafront Mini Studio_MT4,433471717,Georgios,,Thessaloniki,40.61396,22.95509,Private room,25,2,13,2025-04-22,0.98,18,338,12,00002978637
573057188243214658,Seafront Mini Studio_MT6,433471717,Georgios,,Thessaloniki,40.6133,22.95359,Private room,25,4,0,,,18,353,0,Exempt
573061573495091846,Seafront Mini Studio_MT7,433471717,Georgios,,Thessaloniki,40.61525,22.95337,Private room,26,7,0,,,18,354,0,Exempt
573506252592157040,Seafront Mini Studio_MT8,433471717,Georgios,,Thessaloniki,40.61388,22.95372,Private room,41,8,0,,,18,353,0,Exempt
573583511328594508,URBAN LIFE STYLE,69172339,George,,Kalamaria,40.58116,22.96173,Entire home/apt,95,3,5,2024-12-21,0.13,1,298,2,00001447292
574336018505791211,Poseidon's Apartment on White Tower | Midas Home,158095749,Νίκος,,Thessaloniki,40.62878,22.94802,Entire home/apt,,2,40,2025-05-07,1.01,6,347,18,00001448353
574684365733681066,CALMA apartment next to Aristotelous square,198194809,Nadia,,Thessaloniki,40.63427,22.94196,Entire home/apt,120,3,89,2025-06-08,2.50,1,343,30,00001679016
574990860611686423,#White Rabbit by halu! Apartments,251290631,Halu,,Thessaloniki,40.63394,22.94877,Entire home/apt,63,1,22,2024-12-11,0.58,99,355,3,00001443253
575168826809441793,Luxury Suites VASKO 1,409703629,Theo,,Thessaloniki,40.64166,22.93245,Entire home/apt,51,2,3,2024-04-09,0.08,2,362,0,00001449031
575205061596901482,Luxury Suites VASKO 2,409703629,Theo,,Thessaloniki,40.64277,22.93181,Entire home/apt,56,2,15,2024-09-22,0.37,2,349,2,00001449397
575259019174699740,Διαμέρισμα 2 υπνοδωματίων με υπηρεσίες ξενοδοχείου,447895243,Intel,,Thessaloniki,40.64225320687148,22.939800626754828,Entire home/apt,95,1,1,2025-02-23,0.25,3,52,1,1112223
577242084798982493,Sevenpockethouse double bed room,214857203,Powerbnb,,Thessaloniki,40.643337,22.947905,Private room,31,2,30,2025-05-17,0.92,12,354,23,00000919919
578164438752310214,Γκαρσονιέρα κοντά στον πεζόδρομο Καλαμαριάς!,194655336,Lefteris Mary,,Kalamaria,40.58043,22.95547,Entire home/apt,38,3,31,2024-12-30,0.82,1,116,5,00001474893
578618569305656503,"BOUTIQUE HOTEL
MINERVA PREMIER",448700807,Κωνσταντινος,,Thessaloniki,40.637699,22.940119,Private room,103,1,3,2025-05-10,0.09,4,297,1,0933K274A0815400
578756333791481444,"Central flat,sleeps 4 people with a balcony!!!",47615492,,,Thessaloniki,40.64239,22.93776,Entire home/apt,27,1,52,2025-06-09,1.56,7,203,51,00006194691
578842137868732214,Houseloft White Tower Icon,29565272,Houseloft,,Thessaloniki,40.62873077392578,22.947559356689453,Entire home/apt,,1,49,2025-05-24,1.25,23,336,11,00003199451
578940432628490438,Fresh and New #hosted by DoorMat,448777615,Elena,,Pavlou Mela,40.65499,22.95327,Entire home/apt,44,2,125,2025-06-16,3.13,1,354,38,00001453316
580141893770695319,"BOUTIQUE HOTEL 
MINERVA PREMIER",448700807,Κωνσταντινος,,Thessaloniki,40.637753,22.940002,Private room,60,1,2,2022-12-18,0.05,4,164,0,0933K274A0815400
580151027031226464,"BOUTIQUE HOTEL
MINERVA PREMIER",448700807,Κωνσταντινος,,Thessaloniki,40.637737,22.940002,Private room,110,1,3,2024-08-27,0.08,4,314,1,0933K274A0815400
580169584132574658,"BOUTIQUE HOTEL
MINERVA PREMIER",448700807,Κωνσταντινος,,Thessaloniki,40.637753,22.940023,Private room,143,1,2,2022-11-13,0.05,4,292,0,0933K274A0815400
580939983366736621,"Avenue Apartments with Blc, Nilie Hospitality MGMT",239769711,Nilie Premium Hospitality MGMT,,Thessaloniki,40.63707,22.93944,Entire home/apt,47,1,101,2025-06-22,2.66,303,362,58,1357932
581602718008378989,"Big Apple 6.1 | Apartment BLC, Nilie Hospitality",239769711,Nilie Premium Hospitality MGMT,,Thessaloniki,40.63934,22.93869,Entire home/apt,44,1,35,2025-05-26,0.92,303,360,4,2665540
581613690621443966,"Big Apple 7.7 | Apartment BLC, Nilie Hospitality",239769711,Nilie Premium Hospitality MGMT,,Thessaloniki,40.63934,22.93869,Entire home/apt,44,1,29,2024-12-20,0.80,303,26,5,2662301
581618227101018759,"Big Apple 7.6 | Apartment BLC, Nilie Hospitality",239769711,Nilie Premium Hospitality MGMT,,Thessaloniki,40.63934,22.93869,Entire home/apt,44,1,16,2025-04-26,0.42,303,356,4,2662290
581622855261965104,Liva Studio Metro Station Agia Sofia,304431826,Ioannis,,Thessaloniki,40.634178,22.945892,Entire home/apt,51,5,8,2025-05-08,0.23,2,365,2,00000540589
581627605066123182,"Big Apple 7.17 | Apartment BLC, Nilie Hospitality",239769711,Nilie Premium Hospitality MGMT,,Thessaloniki,40.63934,22.93869,Entire home/apt,44,1,16,2025-05-04,0.41,303,357,4,2665721
582236731028953299,"Stylish & Modern Studio ""Miltos""",30898139,Miltiadis,,Thessaloniki,40.63953,22.93132,Entire home/apt,34,1,188,2025-06-15,4.90,1,303,55,00001509873
582282276932156573,Aristotelous 8th floor 1bd apt with wonderful view,9531550,Katerina,,Thessaloniki,40.633884,22.941484,Entire home/apt,75,1,222,2025-06-08,5.67,13,249,67,00000439943
582304818430332387,Aristotelous 2 bd apt with a wonderful view,9531550,Katerina,,Thessaloniki,40.633884,22.941484,Entire home/apt,100,1,269,2025-06-03,6.76,13,285,76,00001602166
582360494031397698,Nesting Ramblers SKG #1,210667008,Nesting Ramblers SKG,,Thessaloniki,40.635292,22.948172,Entire home/apt,102,3,44,2025-05-03,1.16,4,16,5,00002467901
584076906744817546,Dream Spitaki in Thessaloniki centre /Nea Paralia,97904274,Kika,,Thessaloniki,40.61581,22.95438,Entire home/apt,57,4,16,2024-10-30,0.46,1,19,8,00002820334
591049489032379141,thesstay Attica downtown boutique apartment,349515363,Magda,,Thessaloniki,40.63129,22.94472,Entire home/apt,,2,9,2025-03-31,0.24,1,364,1,00001469836
591874939577570825,Το σπιτικό της Δάφνης,304084956,Γιάννης,,Kalamaria,40.584682,22.954664,Entire home/apt,58,1,209,2025-06-22,5.35,1,347,79,00001478890
594487226612505745,Lux apartment 2BR/Washer/Wi-fi/Terrace/Elevator#,108524590,Nana,,Thessaloniki,40.634899,22.951225,Entire home/apt,,2,22,2024-01-03,0.57,3,0,0,00001478147
594664296394624737,4 Travelers,91511772,Crisa,,Thessaloniki,40.633869,22.942566,Entire home/apt,139,2,61,2025-06-03,1.58,4,295,11,00001489774
595339870394860264,Agias Sofias luxury apartment at the city center,127480963,Δημητρης,,Thessaloniki,40.6347274,22.9474102,Entire home/apt,,1,28,2024-09-20,0.77,1,0,16,00001597910
595563903917513626,"Double A 
Luxury Apartment",205837983,George,,Pilea – Chortiatis,40.60795,22.98497,Entire home/apt,95,2,13,2025-01-03,0.33,1,261,4,00001432009
595672076972229073,"""HSH"" 3 Rooms free Breakfast Big House 110m",93198556,Mr Αχίλλέας-Miss Μελπομένη,,Neapolis – Sykeon,40.6516609,22.9412779,Entire home/apt,105,2,10,2024-10-24,0.31,1,143,3,00001800640
596027896489498784,El.Venizelos Quiet Lux apt. (Aristotelous sqr),128655344,Ioannis,,Thessaloniki,40.63676452636719,22.94278907775879,Entire home/apt,51,1,78,2025-06-09,2.02,3,39,25,00001796860
596450934242079526,Όμορφο διαμέρισμα στο κέντρο της Θεσσαλονίκης,103848709,Kostas,,Thessaloniki,40.63973,22.93493,Entire home/apt,48,2,16,2025-06-13,0.51,1,320,11,00001805815
596925870274508801,"Διαμέρισμα στη πόλη Kalamaria , κοντα στη θάλασσα",104591968,Alba Katerina,,Kalamaria,40.5770145,22.9532929,Entire home/apt,70,3,86,2025-06-16,2.80,1,315,32,00001819475
597526902892118515,Aura Studio V10 by halu!,251290631,Halu,,Thessaloniki,40.6358,22.93877,Private room,66,1,2,2024-12-28,0.05,99,96,1,00001901761
598368292393563415,Mood for dreams,253383571,Mariana,,Thessaloniki,40.64072,22.94373,Entire home/apt,85,7,0,,,1,248,0,00001552508
598379089773023514,Aggelaki Project By JohnTack  apartments,128433739,John,,Thessaloniki,40.628933,22.953072,Entire home/apt,53,1,33,2025-05-25,0.92,2,88,18,00001313584
598449845506365191,KONSTANTINOS'S LUXURY APARTMENT,258813184,Ανδρεας,,Thessaloniki,40.63937,22.94709,Entire home/apt,116,3,6,2024-11-14,0.16,1,343,2,00001483082
599654009094734995,"Bonsai 3.1, The Luxury Suites",280458084,The Luxury Suites,,Thessaloniki,40.63809,22.93783,Entire home/apt,49,2,41,2025-04-11,1.06,180,140,1,00002366093
599886417091743669,NEW #3  LUXURY DESIGN,406685663,,,Thessaloniki,40.64017868041992,22.941417694091797,Entire home/apt,97,2,7,2023-02-19,0.19,10,152,0,00001488401
600005030115304174,Kalamaria Urban-penthouse: unlimited view,199220644,Δόμνα,,Kalamaria,40.58214,22.961,Entire home/apt,62,2,8,2024-02-04,0.25,1,143,0,00001474888
600690432968435903,NEW #5 DESIGN LUXURY,406685663,,,Thessaloniki,40.64017868041992,22.941417694091797,Entire home/apt,81,2,12,2025-06-09,0.31,10,168,5,00001488422
600690647360004406,NEW #4 LUXURY DESIGN,406685663,,,Thessaloniki,40.6401717,22.9414357,Entire home/apt,102,2,22,2025-02-02,0.60,10,167,3,00001488417
601554679238960148,Private Garden house in Panorama lux accommodation,76504273,Κωνσταντινος,,Pilea – Chortiatis,40.57909,23.00664,Entire home/apt,80,2,9,2023-09-19,0.25,1,265,0,00001861730
602468305333031997,Όμορφο διαμέρισμα - σοφίτα με υπέροχη θέα,160950003,Petros,,Pilea – Chortiatis,40.600887,22.994545,Entire home/apt,48,1,25,2024-10-31,0.66,2,305,1,00001519983
603157607310690738,Innovative charming apartment in Ladadika,350279014,Innovation,,Thessaloniki,40.63747,22.9371,Entire home/apt,56,1,75,2024-10-01,1.98,35,83,11,00001486779
603449995703227044,Μπροστά στη Πλατεία Ναυαρίνου/Τσιμισκη διαμέρισμα,18277866,B_Homes,,Thessaloniki,40.63003,22.94895,Entire home/apt,62,1,73,2025-06-08,1.90,1,64,18,00001493326
603497047796231730,Eva's Glamorous Apartment #Mitropoleos61,138456876,Korinna,,Thessaloniki,40.63067,22.94315,Entire home/apt,57,2,126,2025-06-08,3.39,2,247,34,00001611939
603979714482028811,Coralia Comfort Apartment,454062804,Sea And The City,,Thessaloniki,40.634609,22.936182,Entire home/apt,85,1,6,2025-05-03,0.16,16,162,1,00003218968
603996727292612694,Cecilia Jacuzzi Sea view Suite 2,454062804,Sea And The City,,Thessaloniki,40.634609,22.936182,Entire home/apt,152,1,44,2025-03-22,1.16,16,204,15,00003219014
604709819217295461,Kiveli Sea View Suite 3,454062804,Sea And The City,,Thessaloniki,40.634609,22.936182,Entire home/apt,124,1,7,2024-05-11,0.18,16,189,0,00003219020
604737613187944950,Armonia Jacizzi Sea view Suite 4,454062804,Sea And The City,,Thessaloniki,40.634609,22.936182,Entire home/apt,155,1,34,2025-05-09,0.94,16,205,12,00003219098
604762674805385777,Akti Sea View Suite 5,454062804,Sea And The City,,Thessaloniki,40.634609,22.936182,Entire home/apt,124,1,7,2024-09-22,0.18,16,198,1,00003219100
604790957332016581,Oriana Superior Jacuzzi Sea view Suite,454062804,Sea And The City,,Thessaloniki,40.634609,22.936182,Entire home/apt,166,1,65,2025-05-15,1.70,16,199,23,00003219115
605624927339524948,city center new apartment 2,56007433,Helen,,Thessaloniki,40.637939,22.943539,Entire home/apt,75,2,40,2025-06-22,1.03,2,77,18,00001501045
606935908153250043,Spacious Luxury apartment downtown Thessaloniki,454653883,My Street,,Thessaloniki,40.64007,22.93705,Entire home/apt,48,1,114,2025-06-15,2.97,7,253,28,00001501273
606968348534229270,Big Luxury apartment in Thessaloniki,454653883,My Street,,Thessaloniki,40.6382,22.93754,Entire home/apt,51,1,127,2025-06-18,3.32,7,247,39,00001501348
606978030037699314,Top floor flat downtown Thessaloniki,454653883,My Street,,Thessaloniki,40.63791,22.938,Entire home/apt,39,1,103,2025-06-19,2.85,7,248,26,00001501353
606983111972234080,Luxury Studio downtown SKG,454653883,My Street,,Thessaloniki,40.63987,22.93722,Entire home/apt,35,1,147,2025-06-01,3.81,7,249,33,00001501332
606986367113843681,Top floor flat with balcony,454653883,My Street,,Thessaloniki,40.63949,22.93841,Entire home/apt,48,1,155,2025-06-10,4.03,7,254,31,00001501380
607541488178018192,Minos Side Sea View Suite 7,454062804,Sea And The City,,Thessaloniki,40.634609,22.936182,Entire home/apt,94,1,3,2024-05-07,0.08,16,174,0,00003219040
607749788059407801,Stylish Loft Nicol in the Thessaloniki center -1fl,433944029,Tatyana,,Thessaloniki,40.63221,22.95103,Entire home/apt,103,3,32,2025-05-12,0.84,1,79,7,00001508500
607758777556522179,Bright and Modern studio  Thessaloniki Downtown,9521123,Zafiris,,Thessaloniki,40.63282,22.94367,Entire home/apt,65,3,5,2023-11-24,0.14,1,64,0,00001598625
608296159355162832,Waterfront Apartment with Sea View_WV224,260979712,Erasmus,,Thessaloniki,40.61343,22.95461,Entire home/apt,30,2,1,2022-07-16,0.03,18,296,0,00002978637
608313990658617484,standby_Waterfront Apartment with Sea View_T3,260979712,Erasmus,,Thessaloniki,40.61351,22.95265,Entire home/apt,80,2,2,2024-01-03,0.06,18,352,0,00002978637
608323236708135531,Waterfront Apartment with Sea View_WV354,260979712,Erasmus,,Thessaloniki,40.61309,22.95499,Entire home/apt,35,3,0,,,18,296,0,00002978637
608330884913253743,standbyWaterfront Apartment with Sea View_T5,260979712,Erasmus,,Thessaloniki,40.61336,22.95441,Entire home/apt,40,1,0,,,18,351,0,00001738506
608352482779037235,Waterfront Apartment with Sea View_WV1L7,260979712,Erasmus,,Thessaloniki,40.61487,22.95446,Entire home/apt,50,1,1,2024-10-28,0.13,18,296,1,00002978637
608360518485179134,Waterfront Apartment with Sea View_T8_offer,260979712,Erasmus,,Thessaloniki,40.615,22.95493,Entire home/apt,110,1,0,,,18,296,0,00002978637
609015330493941454,Promenade Apartment with Sea View_T2,260979712,Erasmus,,Thessaloniki,40.61459,22.95434,Entire home/apt,36,1,2,2023-04-22,0.07,18,205,0,00001738506
609020515133183449,Promenade Apartment with Sea View_T3,260979712,Erasmus,,Thessaloniki,40.61582,22.95503,Entire home/apt,40,1,1,2023-02-27,0.04,18,203,0,00001738506
609027510071228912,Promenade Apartment with sea View_T4,260979712,Erasmus,,Thessaloniki,40.61417,22.95304,Entire home/apt,40,1,1,2022-12-26,0.03,18,205,0,00001738506
609031784891139796,Promenade Apartment with Sea View_T5,260979712,Erasmus,,Thessaloniki,40.61424,22.95434,Entire home/apt,40,1,2,2022-06-24,0.05,18,205,0,00001738506
609036709256006186,Promenade Apartment with Sea View_T6,260979712,Erasmus,,Thessaloniki,40.61536,22.95331,Entire home/apt,40,1,1,2022-09-04,0.03,18,206,0,00001738506
609040106218662771,Promenade Apartment with Sea View_T7,260979712,Erasmus,,Thessaloniki,40.61391,22.95499,Entire home/apt,45,1,1,2023-05-20,0.04,18,206,0,00001738506
609056898866563989,Promenade Apartment with Sea View_T8,260979712,Erasmus,,Thessaloniki,40.61396,22.95331,Entire home/apt,150,1,1,2023-07-13,0.04,18,205,0,00001738506
609332492826637303,Sunny 5th floor flat with big balcony,454653883,My Street,,Thessaloniki,40.6379,22.93827,Entire home/apt,53,1,160,2025-06-21,4.14,7,251,49,00001501395
609820306982552943,Floret Apartment,170507468,Ελευθερία,,Kalamaria,40.58433,22.95326,Entire home/apt,59,2,75,2025-05-21,2.01,3,360,17,00002443726
612719153837165593,Palazzo Vista Suite&Spa,522101309,Anastasios-Vasileios,,Neapolis – Sykeon,40.64167,22.96235,Entire home/apt,104,1,33,2025-06-20,0.87,2,294,24,00003286077
612936307930241782,Κεντρικό διαμέρισμα στην Καλαμαριά,455965445,Dimitris,,Kalamaria,40.5774951,22.9523541,Entire home/apt,50,3,15,2025-05-25,0.57,1,258,8,00001795544
613587360388353420,Sunny apartment,90780487,Olga,,Pavlou Mela,40.65868,22.92846,Entire home/apt,45,2,87,2025-05-27,2.27,4,29,20,00003234585
614164463104359518,Suggrou terrace apartment,119416356,Fani,,Thessaloniki,40.63927,22.94215,Entire home/apt,43,1,78,2025-06-01,2.03,34,46,14,00001555098
614891095479087257,Aphrodite's Apartment on Agia Sofia | Midas Home,158095749,Νίκος,,Thessaloniki,40.6329,22.95004,Entire home/apt,134,2,34,2025-04-08,0.89,6,334,1,00001514958
615030143442499527,"Awesome Sea View, Nilie Premium Hospitality MGMT.",239769711,Nilie Premium Hospitality MGMT,,Thessaloniki,40.6208,22.95389,Entire home/apt,119,1,51,2025-04-11,1.34,303,332,8,2827135
615749181921628559,KALITHEA VIEW,79446546,Dimitrios,,Thessaloniki,40.638657,22.955662,Entire home/apt,32,4,20,2025-05-03,0.54,5,280,7,00001476573
615859927404779662,Sunny flat in the center of Thessaloniki,454653883,My Street,,Thessaloniki,40.63996,22.93889,Entire home/apt,46,1,101,2025-05-30,2.66,7,253,34,00001501273
617840250788798494,Lively & delightful Apartment near Aristoteles,457068052,Mihaela,,Ampelokipon – Menemeni,40.64927,22.9331,Entire home/apt,71,2,8,2025-01-03,0.24,1,364,2,00002366902
619552937562333094,"Διαμέρισμα, σε ήσυχη περιοχή κοντά στο κέντρο",445390589,Δημήτρης,,Thessaloniki,40.632637,22.965944,Entire home/apt,46,2,113,2025-06-11,3.38,1,339,41,00001761908
621474324260726396,"Small 
Project loft",457872564,Ηλίας,,Thessaloniki,40.61965,22.95834,Entire home/apt,35,2,163,2025-06-08,4.49,1,319,46,00001601223
622265835737012896,Exclusive 2BR flat next to Holy Metropolis,350279014,Innovation,,Thessaloniki,40.630287,22.945156,Entire home/apt,,1,136,2025-06-01,3.65,35,154,33,00001547907
622397244749496651,Lovely Luxurious Modern Apartment in Thessaloniki,15815559,Vasilis,,Kalamaria,40.57252,22.96009,Entire home/apt,,2,3,2022-06-20,0.08,1,0,0,00001519325
622452817517411408,𝑴𝒆𝒓𝒂𝒌𝒊 𝒂𝒑𝒂𝒓𝒕𝒎𝒆𝒏𝒕,182220308,Βαρβαρα,,Thessaloniki,40.61819,22.95862,Entire home/apt,71,2,0,,,1,219,0,00001532234
622816584281540932,Moris Luxury Apartments 3,171835195,Moris,,Pilea – Chortiatis,40.602306,22.992605,Entire home/apt,78,2,88,2025-01-10,2.35,3,259,6,00001418613
622894265056512575,Vintage Experience στην Άνω Πολη,78986644,Evge,,Thessaloniki,40.64281,22.94639,Entire home/apt,78,2,10,2025-05-31,0.35,1,306,5,00001663584
623025629197181544,Private Room in Shared Cozy Home | Historic Center,4975792,Eleftheria,,Thessaloniki,40.63754,22.94952,Private room,35,3,91,2025-05-30,2.45,2,254,34,00001530326
623052524541409738,Comfy Sofa in Shared Cozy Home | Historic Center,4975792,Eleftheria,,Thessaloniki,40.63933,22.94988,Shared room,,2,13,2023-11-12,0.36,2,0,0,00001530331
623792814201685659,"Old Town, Cosy Apartment_VT8",260979712,Erasmus,,Thessaloniki,40.63583,22.95442,Entire home/apt,36,1,5,2023-12-24,0.21,18,365,0,00001738506
624350100316373425,#SKGH Asterie lux studio|Κάτω Τούμπα|Paok stadium,146634219,Helias,,Thessaloniki,40.60887,22.97701,Entire home/apt,41,2,31,2024-10-25,0.84,19,335,3,00003196690
624366231731304717,#SKGH Aria lux studio|Κάτω Τούμπα|Paok stadium,146634219,Helias,,Thessaloniki,40.60931,22.97739,Entire home/apt,43,2,47,2025-04-16,1.27,19,263,5,00003196663
624376029330710806,#SKGH Aurora studio |Κάτω Τούμπα|Paok stadium,146634219,Helias,,Thessaloniki,40.60733,22.97697,Entire home/apt,35,2,31,2025-05-03,0.89,19,363,6,00003196658
624379287707118120,#SKGH Aphroditi apartment|Κάτω Τούμπα|Paok stadium,146634219,Helias,,Thessaloniki,40.608116149902344,22.97762107849121,Entire home/apt,44,2,28,2025-03-04,0.75,19,163,4,00003196679
624475246374600527,Egnatia Resort,392489003,Georgios,,Thessaloniki,40.63318,22.95032,Entire home/apt,74,3,41,2025-06-20,1.09,7,168,6,00002955528
625726941232283772,Mellia Home Thessaloniki,458105460,Ελισσάβετ,,Neapolis – Sykeon,40.65392303466797,22.936643600463867,Entire home/apt,47,2,79,2025-02-23,2.10,1,142,8,00001856740
625785603913666623,Elephant Suites: Superior Suites,458874419,Elephant,,Thessaloniki,40.64328,22.92211,Entire home/apt,61,1,32,2025-05-27,0.88,2,254,7,1215203
625789060445538482,Elephant Suites: Standard Suite,458874419,Elephant,,Thessaloniki,40.64555,22.92201,Entire home/apt,57,1,33,2025-05-12,0.88,2,255,12,1215203
625794856762367347,Black Onyx Comfort Suites Thessaloniki,206134494,Ioanna,,Thessaloniki,40.638980865478516,22.937786102294922,Entire home/apt,67,1,5,2025-05-19,0.14,3,334,1,00003336390
625974870986667584,Great apartment near the center of Thessaloniki!,405383207,Grigoris,,Thessaloniki,40.61935056210639,22.956501483917222,Entire home/apt,66,3,30,2025-05-06,0.89,1,97,14,00002554118
626644629674986972,"Big Apple 7.5 | Apartment BLC, Nilie Hospitality",239769711,Nilie Premium Hospitality MGMT,,Thessaloniki,40.63934,22.93869,Entire home/apt,44,1,109,2025-06-19,2.90,303,360,33,2662284
627267909077513239,"WallStreet #31, The Luxury Suites",280458084,The Luxury Suites,,Thessaloniki,40.64126,22.93682,Entire home/apt,41,2,65,2025-05-22,1.84,180,171,19,00002391988
627284181058932485,"WallStreet #32, The Luxury Suites",280458084,The Luxury Suites,,Thessaloniki,40.641525,22.936064,Entire home/apt,39,2,74,2025-05-05,1.99,180,175,15,00001537461
627300245076505995,"WallStreet #34, The Luxury Suites",280458084,The Luxury Suites,,Thessaloniki,40.641525,22.936064,Entire home/apt,39,2,66,2025-05-12,2.02,180,171,24,00003203093
627306132511579418,"WallStreet #35, The Luxury Suites",280458084,The Luxury Suites,,Thessaloniki,40.64181,22.93564,Entire home/apt,39,2,72,2025-06-05,1.92,180,171,17,00001537562
627310263785272819,"WallStreet  #36, The Luxury Suites",280458084,The Luxury Suites,,Thessaloniki,40.64124,22.93494,Entire home/apt,40,2,43,2025-06-09,1.22,180,174,14,00003232821
627323412388884164,"WallStreet #37, The Luxury Suites",280458084,The Luxury Suites,,Thessaloniki,40.641525,22.936064,Entire home/apt,39,2,61,2025-06-05,1.82,180,171,32,00002378814
627395467177295914,"WeStay Apartment #30, The Luxury Suites",280458084,The Luxury Suites,,Thessaloniki,40.640133,22.938135,Entire home/apt,48,2,36,2025-06-09,0.96,180,160,11,00001732780
627397191355972787,"WeStay Apartment #31, The Luxury Suites",280458084,The Luxury Suites,,Thessaloniki,40.640133,22.938135,Entire home/apt,42,2,56,2025-05-21,1.57,180,170,18,00001540107
627398910745423608,"WeStay Apartment #32, The Luxury Suites",280458084,The Luxury Suites,,Thessaloniki,40.640133,22.938135,Entire home/apt,42,2,34,2025-06-08,0.98,180,170,9,00001540160
627437473816916075,"WeStay Apartment #33, The Luxury Suites",280458084,The Luxury Suites,,Thessaloniki,40.640133,22.938135,Entire home/apt,43,2,57,2025-04-21,1.53,180,168,14,00001732796
627439663109019237,"WeStay Apartment #34, The Luxury Suites",280458084,The Luxury Suites,,Thessaloniki,40.640133,22.938135,Entire home/apt,43,2,35,2025-05-09,0.98,180,172,2,00002931156
627449226663158875,"WeStay Apartment #38, The Luxury Suites",280458084,The Luxury Suites,,Thessaloniki,40.640133,22.938135,Entire home/apt,41,2,81,2025-06-05,2.16,180,167,24,00003351871
627450175488867137,"WeStay Apartment #39, The Luxury Suites",280458084,The Luxury Suites,,Thessaloniki,40.640133,22.938135,Entire home/apt,45,2,63,2025-04-10,1.67,180,175,14,00001540356
627605507444372921,"WeStay Apartment #40, The Luxury Suites",280458084,The Luxury Suites,,Thessaloniki,40.640133,22.938135,Entire home/apt,48,2,37,2025-06-10,0.99,180,147,7,00003078864
627607063970248531,"WeStay Apartment #41, The Luxury Suites",280458084,The Luxury Suites,,Thessaloniki,40.640133,22.938135,Entire home/apt,43,2,35,2024-08-18,0.95,180,164,2,00002367213
627608224895381193,"WeStay Apartment #42, The Luxury Suites",280458084,The Luxury Suites,,Thessaloniki,40.640133,22.938135,Entire home/apt,42,2,68,2025-06-09,1.85,180,173,27,00001540420
627612392299998636,"WeStay Apartment #44, The Luxury Suites",280458084,The Luxury Suites,,Thessaloniki,40.640133,22.938135,Entire home/apt,42,2,89,2025-05-17,2.45,180,170,25,00001540436
627614564215108639,"WeStay Apartment #46, The Luxury Suites",280458084,The Luxury Suites,,Thessaloniki,40.640133,22.938135,Entire home/apt,322,2,46,2024-11-24,1.30,180,167,5,00001540500
627615698536792405,"WeStay Apartment #47, The Luxury Suites",280458084,The Luxury Suites,,Thessaloniki,40.640133,22.938135,Entire home/apt,43,2,54,2025-05-30,1.43,180,170,11,00001540499
627617043590044916,"WeStay Apartment #48, The Luxury Suites",280458084,The Luxury Suites,,Thessaloniki,40.640133,22.938135,Entire home/apt,43,2,67,2025-05-30,1.80,180,163,20,00003238520
627618635484514568,"WeStay Apartment #49, The Luxury Suites",280458084,The Luxury Suites,,Thessaloniki,40.640133,22.938135,Entire home/apt,46,2,23,2025-01-19,0.62,180,172,6,00001540579
627987150217846708,"WeStay Apartment #36, The Luxury Suites",280458084,The Luxury Suites,,Thessaloniki,40.640133,22.938135,Entire home/apt,49,2,30,2024-08-10,0.81,180,174,1,00001732760
628336023381088175,Cozy apartment in the City Center,403121008,Christos,,Thessaloniki,40.636673,22.950562,Entire home/apt,77,2,87,2025-06-21,2.36,1,138,25,00002692780
628798562534168363,Dialogue | Olvios Lofts @Ladadika,303066120,Olvios EKMETALLEUSI,,Thessaloniki,40.63485,22.936565,Entire home/apt,81,1,2,2025-02-09,0.06,8,351,1,00001508478
628812804216483166,Synthesis | Olvios Lofts @Ladadika,303066120,Olvios EKMETALLEUSI,,Thessaloniki,40.63485,22.936565,Entire home/apt,88,1,4,2025-03-03,0.12,8,327,3,00001508664
628820284316673893,Horizon | Olvios Lofts @Ladadika,303066120,Olvios EKMETALLEUSI,,Thessaloniki,40.63485,22.936565,Entire home/apt,86,1,13,2025-02-23,0.35,8,350,3,00001508622
628827976620807100,Thea | Olvios Lofts @Ladadika,303066120,Olvios EKMETALLEUSI,,Thessaloniki,40.63485,22.936565,Entire home/apt,99,1,19,2025-05-06,0.54,8,335,8,00001508638
628922621444036963,★Stylish Kosher Oasis ~ Near the Airport & Beach★,409238876,Gil,,Thessaloniki,40.59949,22.95557,Entire home/apt,37,30,13,2022-08-30,0.35,4,253,0,00001553823
629589954428910277,Rerfect location apartment with view,458526631,Nikolaos,,Thessaloniki,40.621818832319036,22.953492077424016,Entire home/apt,106,3,72,2025-06-14,1.95,1,101,6,00001574838
631533379765137776,#Mango by halu! Apartments,251290631,Halu,,Thessaloniki,40.6422,22.93909,Entire home/apt,74,1,24,2025-05-16,0.64,99,353,10,00002458224
635371139523889378,Kallos #Skgbnb,28267881,Tomas&Cristina! Skgbnb,,Thessaloniki,40.632808121173966,22.9539829865098,Entire home/apt,116,2,23,2025-02-16,0.69,29,209,10,00001756886
635371353462491690,Aura Apartment #Skgbnb,28267881,Tomas&Cristina! Skgbnb,,Thessaloniki,40.638317,22.950602,Entire home/apt,49,2,51,2025-06-04,1.38,29,354,16,00003366949
636249703061752082,Antelope Studio 1,188716510,Ζωή,,Thessaloniki,40.63676,22.94015,Entire home/apt,43,1,139,2025-06-10,3.86,1,359,47,00002812440
638263781153808554,Golden Rose,185616424,Vaggelis,,Thessaloniki,40.636982,22.950491,Entire home/apt,75,2,10,2023-12-01,0.27,4,365,0,00002797420
638326006141970051,Heavenly Roof Top studio with Terrace,176195463,Panagiotis S,,Kalamaria,40.58618,22.95901,Entire home/apt,62,9,21,2025-06-09,0.60,1,330,5,00001584464
639105931822324713,"Homevision - Bright, spacious & quiet",515398068,Homevision,,Thessaloniki,40.64716,22.93966,Entire home/apt,55,2,22,2025-04-14,0.63,28,340,7,00001661921
639185777409894562,GraffitiSuites#Cactus,185535470,V.M.,,Thessaloniki,40.63583,22.937998,Entire home/apt,93,1,2,2023-05-07,0.08,5,362,0,00001749543
639629026041699105,Temple of PPG in Thessaloniki,188458774,Arcus O.E.,,Thessaloniki,40.63197,22.95113,Entire home/apt,156,2,21,2024-11-16,0.57,18,143,4,00001534833
640296465664226724,Castle of Beauty in Thessaloniki,188458774,Arcus O.E.,,Thessaloniki,40.63535,22.94517,Entire home/apt,104,2,0,,,18,258,0,00001595125
640941677887226784,"ADI 2 BOUTIQUE HOUSE, στο κέντρο της Θεσ/νίκης",38097022,Dimitris Jessica,,Thessaloniki,40.62993761367324,22.95059432394257,Entire home/apt,63,1,21,2025-01-06,0.58,2,143,2,00001586861
641180153839024067,Olumpou Residence #234,119416356,Fani,,Thessaloniki,40.64176,22.94239,Entire home/apt,34,1,81,2025-05-17,2.20,34,68,7,00001637065
641301433257478086,"1.Aristotelous sq.-Tsimiski, luxury ap.| Betahomes",16478745,Ioanna,,Thessaloniki,40.63389,22.94136,Entire home/apt,43,2,52,2025-05-19,1.41,6,334,13,00002401920
641316353407085584,"2.Aristotelous sq.-Tsimiski, luxury ap.| Betahomes",16478745,Ioanna,,Thessaloniki,40.63489,22.94201,Entire home/apt,40,2,56,2025-04-20,1.52,6,356,4,00002401956
643197836225425471,DISTRiCT01 - Kalamaria,42519930,George,,Kalamaria,40.5863,22.95175,Entire home/apt,70,1,6,2024-04-12,0.22,4,232,0,00001768797
643277747886356759,Mina's studio center town R - Νέα Παραλία,462842901,Μίνα,,Thessaloniki,40.6138673,22.9551816,Entire home/apt,32,3,36,2025-05-17,0.97,2,244,7,00001605182
643359329703348353,“IL Gatto”Studio in the Center of Thessaloniki,462870472,Christina,,Thessaloniki,40.64173759849234,22.937382129524174,Entire home/apt,38,4,18,2025-05-12,0.56,1,26,5,00001109827
644466548346381704,"Boho chic studio with style, comfort and Netflix",350279014,Innovation,,Thessaloniki,40.6378,22.93699,Entire home/apt,43,1,114,2025-06-01,3.93,35,131,47,00003167951
644466598517331001,Lavish Unique Penthouse next to the seafront,350279014,Innovation,,Thessaloniki,40.60334,22.95186,Entire home/apt,83,2,70,2025-06-17,2.17,35,103,33,00001829804
644466661278621440,Innovative majestic corner suite in Ladadika,350279014,Innovation,,Thessaloniki,40.63786,22.9384,Entire home/apt,,2,36,2024-07-11,0.99,35,0,1,00001594287
644510218639883052,"ARES -  Suite, next to Rotunda",404625147,Angelos,,Thessaloniki,40.634559011625186,22.951871629312734,Entire home/apt,39,2,24,2025-06-04,0.65,3,282,4,00001597012
644999010944123578,Elegant commodious apartment (up to 7 people),463280056,Vicky,,Thessaloniki,40.6182622,22.9589165,Entire home/apt,74,1,71,2025-06-09,1.96,1,99,23,00001649015
645314693709876780,Nest@Thess Thesso-Stay,409238876,Gil,,Thessaloniki,40.6353249,22.9520283,Entire home/apt,50,3,12,2025-06-05,0.36,4,61,4,00001553823
645368406553818233,ΟΜΟΡΦΟ ΔΙΑΜΕΡΙΣΜΑ ΣΤΟ ΚΕΝΤΡΟ ΤΗΣ ΘΕΣΣΑΛΟΝΙΚΗΣ,86093592,Makis,,Thessaloniki,40.6298452,22.9485376,Entire home/apt,,3,12,2023-07-09,0.34,1,94,0,00001602575
645506191021044146,Luxury studio in the center of Thessaloniki,390378104,Dimitra,,Thessaloniki,40.6381583,22.9516415,Entire home/apt,40,1,0,,,1,306,0,00001601202
645519847613114230,MATS apartment,311619197,Matsoukakos,,Thessaloniki,40.59841,22.95365,Entire home/apt,121,3,32,2025-04-14,0.89,1,353,5,00001683071
645589196440336884,Olumpou Residences 156#,119416356,Fani,,Thessaloniki,40.64156,22.94243,Entire home/apt,37,1,109,2025-01-07,2.95,34,95,13,00001637091
646188187917384415,Mina's studio center town L -Νέα  Παραλία,462842901,Μίνα,,Thessaloniki,40.61423,22.9557,Entire home/apt,36,3,44,2025-05-05,1.20,2,326,7,00001603561
646942177722914066,Chill Out Apartment Thessaloniki,100776361,Μανωλης,,Neapolis – Sykeon,40.6394197,22.9617886,Entire home/apt,,1,66,2025-04-30,1.83,9,0,7,00001650665
647745257741726622,"Blue Apartment 
Entire apartment",304620428,Nina,,Thessaloniki,40.64453,22.92731,Entire home/apt,,1,147,2024-12-22,4.04,2,0,7,00001711527
649130934314563097,Pela-Chris,341137087,Αστέριος,,Thessaloniki,40.63461682440878,22.954166857147236,Entire home/apt,36,2,139,2025-06-22,3.82,1,96,30,00001638067
649167156026613356,"Breez Apartment #2, The Luxury Suites",280458084,The Luxury Suites,,Thessaloniki,40.64007,22.93855,Entire home/apt,46,2,35,2025-06-09,0.97,180,153,8,00002834521
649898776472090142,όμορφο διαμέρισμα σε πολυκατοικία.,182741032,Lititsia,,Thessaloniki,40.60585557375356,22.969786442852794,Entire home/apt,298,1,2,2024-01-01,0.06,1,365,0,1593116
650237413609703492,"Thessaloniki Luxe Suite, Chrysa's Private Getaway",464489378,Vasileios,,Ampelokipon – Menemeni,40.660490683774825,22.899198591614436,Entire home/apt,52,2,6,2025-06-09,0.57,2,314,6,00002508855
650625477623065732,Α beautiful  seaside view apartment at  the center,227181951,John,,Thessaloniki,40.6353962,22.9355702,Entire home/apt,54,2,17,2025-05-31,0.48,3,306,2,00001616837
650706526812001256,nona's,329299900,Sofi,,Thessaloniki,40.63940909999999,22.9469714,Entire home/apt,107,2,36,2025-05-28,1.01,1,121,18,00001614302
652165752758930198,SANI's | Modern 2-Βedroom Downtown Condo,177139251,Stergios,,Thessaloniki,40.6339,22.94401,Entire home/apt,107,2,55,2025-06-16,1.69,1,291,22,00003182476
653331508268237537,Doiranis Accomodation,74318088,Maria,,Thessaloniki,40.62262,22.96334,Entire home/apt,85,2,4,2024-08-08,0.12,2,68,1,00001620382
654362038650310648,Despina's Yard,465414954,Δέσποινα,,Thessaloniki,40.64655817397087,22.92554688118936,Entire home/apt,51,2,17,2025-04-09,0.51,1,270,3,00001702795
654770766604855592,Waterfront Apartment with Sea View_WV114,260979712,Erasmus,,Thessaloniki,40.61342,22.95498,Entire home/apt,55,1,0,,,18,296,0,00002978637
655763573041320267,A&D City Apartment,465206023,Ελένη,,Thessaloniki,40.64236676947321,22.939211390912533,Entire home/apt,,2,3,2025-03-17,0.20,1,3,2,00001546602
656307846355454735,Penthouse Apartment 1# ΜΟΝΤΕΡΝΟ ΡΕΤΙΡΕ ΔΙΑΜΕΡΙΣΜΑ,465853131,Παναγιωτης,,Thessaloniki,40.60298969999999,22.968923,Entire home/apt,56,4,39,2025-05-29,1.13,1,320,13,00001701906
656332026958406791,Elegant Suite - Parking/ Kalamaria,465858522,Matoula,,Kalamaria,40.5888138,22.9606976,Entire home/apt,81,1,98,2025-06-09,2.70,2,298,24,00001634947
656363417180405227,Flat for 3,465858226,Ioannis,,Thessaloniki,40.6102888,22.9555484,Entire home/apt,53,7,13,2023-10-20,0.37,1,0,0,00001620718
657166493255120697,Delmare Tiffany's Apartment,268825110,Grigorios,,Thessaloniki,40.631556,22.9461174,Entire home/apt,,1,2,2025-04-14,0.06,5,365,1,00001901070
658569034024451828,"Breez Apartment #3, The Luxury Suites",280458084,The Luxury Suites,,Thessaloniki,40.63978,22.93882,Entire home/apt,46,2,78,2025-05-09,2.15,180,158,11,00002834537
658629868052811514,Sky View apartment,466386597,Κατερίνα,,Thessaloniki,40.643792443993654,22.927100211381912,Entire home/apt,36,1,108,2025-05-30,2.97,1,64,26,00001637411
659128423516101953,Hara's house,466507704,Χαρούλα,,Pilea – Chortiatis,40.6287265,23.0477174,Entire home/apt,44,1,12,2025-03-18,0.33,1,296,5,00001646600
659297265126954395,A&J City cosy top floor 2 room apartment,302197572,Andreas,,Thessaloniki,40.6301382,22.9667356,Entire home/apt,47,2,150,2025-06-16,4.19,2,296,33,00001641127
659478917313600816,Πολυτελής κατοικία με θέα τον Θερμαϊκό,127313703,Vasiliki,,Pilea – Chortiatis,40.58404,23.02861,Entire home/apt,162,1,23,2025-06-02,0.64,1,347,7,00000333528
660077601407963522,DoorMat #1 Stracciatella,314719925,Alkmini,,Thessaloniki,40.61869,22.95467,Entire home/apt,40,1,144,2025-06-04,4.07,2,352,59,00002880298
660156630752133102,Tsimiski7#apartment (one bedroom),119416356,Fani,,Thessaloniki,40.63579,22.93948,Entire home/apt,36,1,132,2025-06-20,3.68,34,12,31,00001637018
661334069600107375,#Tiramisu by halu! Apartments,251290631,Halu,,Thessaloniki,40.63319,22.94279,Entire home/apt,121,1,36,2025-06-20,1.05,99,322,11,00002884030
662583091562850808,Greek Home Retreat in the Center,47632379,Marianna,,Thessaloniki,40.631864140008034,22.9489803314209,Entire home/apt,65,2,13,2025-05-04,0.60,1,365,5,00002130055
663614550400001198,"Το σπίτι μου, δίπλα στο κέντρο!",467595516,Βασιλική,,Thessaloniki,40.61823,22.96092,Entire home/apt,,2,42,2024-10-05,1.49,1,49,3,00001902093
664124568111157227,Βολικο διαμερισμα στην Νεα Κρηνη Καλαμαριά,467726389,Sofia,,Kalamaria,40.5733809,22.9555422,Entire home/apt,60,3,15,2024-09-09,0.43,1,360,5,00495122391
664493458263870201,Anthis luxury home,66865892,Maria,,Neapolis – Sykeon,40.64921117076436,22.94491544365883,Entire home/apt,47,4,29,2025-04-22,0.84,2,124,5,00001657631
664852052161880510,Luxury Studio in Central Thessaloniki,267073665,Manos,,Thessaloniki,40.63871063099142,22.937811613082886,Entire home/apt,63,2,7,2023-11-05,0.20,1,177,0,00001633233
665146678148966577,Central Garden Boutique,467998185,Harris,,Thessaloniki,40.59908,22.95279,Entire home/apt,74,1,26,2025-02-26,0.73,1,322,3,00001622430
665299790813397939,"Eclectic Luxury Studio ,Max Rubens(Egnatias str)",186568120,Foteini,,Thessaloniki,40.63995,22.9369,Entire home/apt,58,1,5,2023-04-09,0.14,7,351,0,00002294859
665609938049867780,Grekolidays.com Galatia's Apartment,255728773,Anastasios,,Kalamaria,40.576449955369746,22.94727075845003,Entire home/apt,100,4,9,2024-07-29,0.25,1,35,1,00001660961
665844014710535459,Project Leni 239,468175748,Alexandros,,Thessaloniki,40.63845114847727,22.943960306745907,Entire home/apt,75,2,69,2025-05-25,1.94,1,257,21,00003176241
666045693539847344,Singularity Luxury Studio,443969806,John,,Thessaloniki,40.64068867093566,22.93290185277861,Entire home/apt,47,2,19,2025-05-28,1.52,1,98,17,00001798736
667105942427501578,"P30-3 | Studio w/t Balcony, Nilie Hospitality MGMT",239769711,Nilie Premium Hospitality MGMT,,Thessaloniki,40.6386554,22.9402484,Entire home/apt,46,1,84,2025-06-02,2.45,303,365,39,1677096
668803483604558417,Lux Nomad MGMT - ZEN (super central studio),574860237,Melpomeni,,Thessaloniki,40.6355604,22.9462872,Entire home/apt,53,2,69,2025-06-10,1.93,1,356,24,00001665631
670335393832297367,Luxurious Studio with amazing view to the sea,83568509,Stefanos,,Kalamaria,40.57114011626576,22.953210023803717,Entire home/apt,99,2,18,2025-05-11,0.53,1,235,8,00001675741
671352172549254202,Όμορφο διαμέρισμα σε πολυκατοικία στη Θεσσαλονίκη,263018837,Savvas,,Thessaloniki,40.61007483219481,22.95910365879536,Entire home/apt,60,2,8,2022-09-23,0.23,1,139,0,00001266640
671511902353834446,Modern apartment in Οld Τown,153156267,Panagiotis,,Thessaloniki,40.64365,22.94993,Entire home/apt,84,2,18,2025-04-06,0.64,1,223,2,00001892424
672850764266434756,#Pico Mango by halu!,251290631,Halu,,Thessaloniki,40.64122,22.94089,Entire home/apt,52,1,2,2024-11-25,0.18,99,356,2,00002458250
673723916196007244,The Caravan B&B-Executive Room,59679245,The Caravan,,Thessaloniki,40.63677,22.94108,Private room,,1,0,,,6,0,0,1178802
673881502317725093,"Breez Apartment #1, The Luxury Suites",280458084,The Luxury Suites,,Thessaloniki,40.63992,22.93898,Entire home/apt,44,2,53,2025-05-05,1.52,180,152,7,00002834516
674226436070938140,The Caravan B&B-Family Room,59679245,The Caravan,,Thessaloniki,40.6378373,22.9415434,Private room,,1,0,,,6,0,0,1178802
674306197618159770,7 pocket house Deluxe triple bedrooum,214857203,Powerbnb,,Thessaloniki,40.64444,22.94883,Private room,47,1,38,2025-05-01,1.33,12,357,8,00000920040
674611049959443499,"Thesshome Apartment, Aristotelous, city center",470411744,Eleni,,Thessaloniki,40.63721273678263,22.946679898147586,Entire home/apt,60,2,62,2025-05-20,1.76,2,261,17,00001588068
675524673046098335,"Premium, modern apartment in city center",470648435,Forget The Hotel,,Thessaloniki,40.64116,22.94497,Entire home/apt,,1,56,2025-06-09,1.76,6,148,17,00003169391
675921562437970511,Fandango: Gorgeous Neoclassical Apartment,251290631,Halu,,Thessaloniki,40.63668,22.94203,Entire home/apt,126,1,20,2024-03-10,0.57,99,346,0,00001654615
675979471252229375,Διαμέρισμα 1 υπνοδωματίου με υπερεσίες ξενοδοχείου,447895243,Intel,,Thessaloniki,40.64324028634069,22.940138202843016,Entire home/apt,85,1,0,,,3,58,0,1112223
676049350186161694,Μοντέρνο διαμέρισμα στο κέντρο της Θεσσαλονίκης,93631145,Απόστολος,,Thessaloniki,40.6427754,22.9397567,Entire home/apt,,2,44,2025-05-18,1.24,6,0,3,00002801487
678760290216153627,Central apartment in Thessaloniki,341592803,Sophia,,Thessaloniki,40.6374,22.95137,Entire home/apt,36,2,26,2025-04-13,0.77,1,335,7,00001758806
679304457114425708,2BD - Deer Traveler Family Apt,81582518,Danae,,Thessaloniki,40.63662,22.95332,Entire home/apt,736,3,2,2023-04-24,0.06,2,297,0,00001698887
680951237962604139,Thess1home Astral,472003197,Panagiotis,,Thessaloniki,40.61376,22.95763,Entire home/apt,76,1,18,2024-12-29,0.52,2,110,2,00002867474
680958954667654610,Thess1home Metro,472003197,Panagiotis,,Thessaloniki,40.61348,22.95904,Entire home/apt,74,1,28,2024-08-17,0.80,2,176,1,00002867507
683194646392027111,Maria’s House,127754324,Maria,,Pilea – Chortiatis,40.6398107,23.030272,Entire home/apt,41,2,13,2024-10-27,0.37,1,364,5,00001710217
684321539889062168,Urban boho studio w/ Netflix and fast Wifi,350279014,Innovation,,Thessaloniki,40.63786,22.93616,Entire home/apt,38,1,126,2025-06-02,3.62,35,61,38,00003323928
684470072081495746,#Lighthouse: Penthouse with private pool by halu!,251290631,Halu,,Thessaloniki,40.63224,22.94648,Entire home/apt,,1,8,2024-09-01,0.35,99,0,6,00001714463
685795344504013579,Innovative snug bohemian studio in Ladadika,350279014,Innovation,,Thessaloniki,40.63817,22.93626,Entire home/apt,45,1,119,2024-09-29,3.41,35,79,14,00001717984
685928722869944112,Room at a nice place in Thessaloniki,142980276,Elias G.,,Thessaloniki,40.61225,22.95537,Private room,28,1,54,2025-04-27,2.35,1,191,21,00002245236
686104806218937567,"Elegant apart, 3Km downtown, 20min Airport,100Mbps",473289343,Eleni,,Kalamaria,40.58867,22.96203,Entire home/apt,86,30,9,2023-05-07,0.26,1,358,0,00001676360
686213034394391014,Delmare Posidonio  Apartment,268825110,Grigorios,,Thessaloniki,40.59893,22.95156,Entire home/apt,90,2,3,2024-04-01,0.09,5,341,0,00001874382
686749466530118099,SIBL LOFT I,473440953,Athanasios,,Thessaloniki,40.6195884,22.9557284,Entire home/apt,68,1,27,2025-06-09,0.81,2,78,7,00002514484
686759070416358257,SIBL LOFT II,473440953,Athanasios,,Thessaloniki,40.6195884,22.9557284,Entire home/apt,65,1,72,2025-06-19,2.18,2,173,25,00001768002
689708838119446436,Όμορφο διαμέρισμα κέντροανατολικα στη θεσσαλονικη,50465921,,,Thessaloniki,40.60525,22.95379,Entire home/apt,,900,39,2023-10-15,1.16,1,364,0,00001727803
689948714164970429,Mini Suite Roman Agora,131624143,Intos,,Thessaloniki,40.63636,22.94736,Entire home/apt,51,2,49,2025-05-18,1.78,1,333,23,00001925209
691251777595909186,Eclectic Design Studio #01 in Aristotelous,474464191,Ana,,Thessaloniki,40.6349398,22.9439764,Entire home/apt,38,30,4,2024-09-18,0.12,5,67,1,00001746070
691642976250706279,"Big Apple 6.7 | Apartment, Nilie Hospitality",239769711,Nilie Premium Hospitality MGMT,,Thessaloniki,40.63934,22.93869,Entire home/apt,63,1,14,2025-06-03,0.43,303,365,10,00003256852
692469336498065058,Business Double Room | 72 AD Suites,474777255,Ido,,Thessaloniki,40.6395497,22.9451357,Entire home/apt,78,1,4,2024-12-30,0.20,6,171,2,1251122
692489503995470058,Comfort Double Room | 72 AD Suites,474777255,Ido,,Thessaloniki,40.6395497,22.9451357,Entire home/apt,67,1,4,2023-03-26,0.12,6,191,0,1251122
692505084081017908,Superior Room | 72 AD Suites,474777255,Ido,,Thessaloniki,40.6395497,22.9451357,Entire home/apt,75,1,5,2025-03-23,0.16,6,182,3,1251122
692520242242563218,Junior Suite | 72 AD Suites,474777255,Ido,,Thessaloniki,40.6395497,22.9451357,Entire home/apt,93,1,1,2023-02-19,0.04,6,186,0,1251122
692533774934610883,Cozy Room | 72 AD Suites,474777255,Ido,,Thessaloniki,40.63955,22.94514,Entire home/apt,100,1,0,,,6,192,0,1251122
692542463355420020,Executive Suite | 72 AD Suites,474777255,Ido,,Thessaloniki,40.6395497,22.9451357,Entire home/apt,107,1,5,2025-06-08,0.56,6,165,5,1251122
693459668610239701,"like home!
(στο κεντρο της θεσσαλονίκης)",474994062,Nelson,,Thessaloniki,40.6329692,22.9485376,Entire home/apt,48,3,57,2025-06-04,1.69,1,267,20,00001735500
695430090584498898,C.4 Red Rose #colony_central_apartment,32216964,George,,Thessaloniki,40.63539189999999,22.9444694,Entire home/apt,84,2,14,2024-11-10,0.43,16,239,3,00001748329
696927664794179285,Dora's Home 35,475763208,Εμμανουηλ,,Thessaloniki,40.62043,22.95873,Entire home/apt,51,2,87,2025-06-08,2.56,1,351,32,00001728932
698379849721347468,"Beautiful apartment with fireplace, A/C & terrace.",476040125,Σωτήρης,,Thessaloniki,40.61164,22.96156,Entire home/apt,100,90,4,2024-01-05,0.13,1,365,0,00001742636
698942776696366775,Catalina Jacuzzi Sea View SuITE,454062804,Sea And The City,,Thessaloniki,40.6364,22.93572,Entire home/apt,125,1,60,2025-05-29,1.78,16,208,23,00002735392
699763376243267056,Άνετο διαμέρισμα δίπλα στο κέντρο της πόλης,476343445,Maria,,Thessaloniki,40.6071397,22.9571945,Entire home/apt,39,2,10,2025-06-15,0.32,1,299,3,00001746203
699873449240347215,Rania's house,221206947,Vasilis,,Thessaloniki,40.6232146,22.9743428,Entire home/apt,73,2,8,2024-10-06,0.23,1,356,1,00001749113
700450221799143245,Four Queens Downtown-Άνετο διαμέρισμα στο κέντρο.,247069907,Konstantinos,,Thessaloniki,40.62828870300942,22.949606257672126,Entire home/apt,65,2,45,2025-06-01,1.37,1,180,22,00001787932
700453983461434849,Olive #Skgbnb,1977386,Cristina&Tomas! Skgbnb,,Thessaloniki,40.61259,22.95509,Entire home/apt,58,20,21,2024-10-06,0.61,36,235,3,00002945077
700465528964603344,#Eclair by halu! Apartments,251290631,Halu,,Thessaloniki,40.6326,22.94557,Entire home/apt,86,1,18,2025-03-19,0.53,99,336,6,00002884067
700484449244043273,Thess1home Grand Mistral,34979760,,,Kalamaria,40.5689242,22.9586007,Entire home/apt,143,1,76,2025-05-14,2.21,9,306,21,00001747513
700586101962321400,Roman Forum Apartment,476518880,Κατερινα,,Thessaloniki,40.6385613,22.9461813,Entire home/apt,142,2,8,2023-05-20,0.24,1,362,0,00001746150
700663946942943040,Antelope Studio 2,29643928,Desen Hospitality,,Thessaloniki,40.63593,22.94,Entire home/apt,45,1,163,2025-06-01,4.76,6,353,48,00003217599
700678511521393449,Lovely small (parterre) apartment in Thessaloniki,44750245,Guy,,Thessaloniki,40.62227,22.96219,Entire home/apt,60,2,8,2025-05-31,0.23,3,125,4,00003219402
700685766344410509,Art lab,445778813,Xristina,,Kalamaria,40.57056,22.97171,Entire home/apt,35,2,43,2025-06-14,1.28,1,357,15,00001757140
700995989719525696,Jordan’s rooms 6,156282533,Jordans Rooms Ike,,Thessaloniki,40.64092553217603,22.946672961115837,Entire home/apt,51,3,0,,,12,361,0,00001748089
701210293340939581,Άνετο διαμέρισμα στη Θεσσαλονίκη!,373209388,,,Thessaloniki,40.61899,22.95966,Entire home/apt,70,2,38,2025-05-18,1.12,1,365,9,00001752029
701871095317443782,#Ioanna Apartments | Nikopolis Corner,434347481,Ioanna Apartments,,Pavlou Mela,40.68479,22.93149,Entire home/apt,37,2,89,2025-06-09,2.63,23,338,31,00001747311
701892166109841095,Warm luxury Living 60,241086876,Souzanna,,Thessaloniki,40.6056,22.96208,Entire home/apt,95,2,0,,,1,296,0,00001880640
705620933910591855,ΝΤΕΠΥΣ ΛΟΦΤ ΠΟΛΥ ΟΜΟΡΦΟ ΚΑΙ ΠΛΗΡΩΣ ΑΝΑΚΑΙΝΙΣΜΕΝΟ,473275376,Depy,,Thessaloniki,40.60439909999999,22.9546621,Entire home/apt,65,2,21,2025-05-04,0.62,1,365,8,00001760911
705657579228328193,Nomas SKG - 2 Bedroom Stylish Apartment,337667708,Christos,,Thessaloniki,40.60108,22.95351,Entire home/apt,210,2,4,2024-10-06,0.12,1,365,1,00001749235
706310045051705601,"Nyma White #5, The Luxury Suites",280458084,The Luxury Suites,,Thessaloniki,40.63795,22.94106,Entire home/apt,49,2,145,2025-05-12,4.27,180,150,34,00002834500
706888516554266717,Stylish Urban rental unit with private entrance #G,477781969,Eg Urban Stay,,Thessaloniki,40.64286,22.93296,Entire home/apt,42,2,17,2025-06-01,0.50,5,151,7,00001754431
706944804037011385,"#FLH - K4.01 City Apartment, Thessaloniki",9244884,FeelsLikeHomeGR,,Thessaloniki,40.64204,22.93649,Entire home/apt,63,1,2,2022-09-27,0.06,19,161,0,00001755640
707026608133132554,"#FLH - K4.02 City Apartment, Thessaloniki",9244884,FeelsLikeHomeGR,,Thessaloniki,40.64222,22.93582,Entire home/apt,71,1,6,2024-06-26,0.18,19,152,1,00001755698
707148817466694797,Harmony Luxury Apartment,134116779,Dimitris,,Thessaloniki,40.6188886,22.9561938,Entire home/apt,219,2,4,2022-12-06,0.12,1,0,0,00001923348
707200119303381400,Urbancozy appartment#,206225529,Dourou,,Thessaloniki,40.60427,22.95321,Entire home/apt,57,2,5,2025-04-13,0.15,1,292,1,00001756599
707643480137643975,Euphoria,477924313,Ιωαννης,,Thessaloniki,40.6286768,22.9478461,Entire home/apt,90,3,136,2025-06-16,4.01,1,245,56,00002918736
707689448028970107,"Stylish Urban Studio with private entrance, #E",477781969,Eg Urban Stay,,Thessaloniki,40.64322,22.93277,Entire home/apt,41,2,22,2024-11-06,0.65,5,127,3,00001754393
707699923949771152,"Stylish Urban Studio with private entrance,  #E1",477781969,Eg Urban Stay,,Thessaloniki,40.642,22.93315,Entire home/apt,39,2,31,2024-10-13,0.91,5,121,6,00001754405
707714401173392294,"#FLH - K4.03 City Apartment, Thessaloniki",9244884,FeelsLikeHomeGR,,Thessaloniki,40.64075,22.93696,Entire home/apt,58,1,19,2024-03-11,0.56,19,185,0,00001755661
707723013348405933,"#FLH - K4.04 City Apartment, Thessaloniki",9244884,FeelsLikeHomeGR,,Thessaloniki,40.64086,22.93533,Entire home/apt,59,1,8,2024-04-07,0.24,19,184,0,00001755715
707729859740169658,"#FLH - K4.05 City Apartment, Thessaloniki",9244884,FeelsLikeHomeGR,,Thessaloniki,40.64099,22.93709,Entire home/apt,79,1,1,2022-12-20,0.03,19,174,0,00001755700
707783901663113428,"""Home Cinema"" at the center of Thessaloniki",102046074,Evangelos,,Thessaloniki,40.6394,22.93916,Entire home/apt,72,1,59,2025-05-25,1.74,1,245,23,00001756966
709109897566003214,"#FLH - K4.06 City Apartment, Thessaloniki",9244884,FeelsLikeHomeGR,,Thessaloniki,40.64073,22.93705,Entire home/apt,77,1,0,,,19,189,0,00001755720
709539799458290275,Stylish Fully Equipped City Center Condo,8875256,Alex,,Thessaloniki,40.63826873645473,22.940975342327867,Entire home/apt,40,2,149,2025-05-31,4.40,3,328,21,00002160020
709935180454950366,Satus   Finem Egnatia s Luxury Apartment,188458774,Arcus O.E.,,Thessaloniki,40.63863,22.93762,Entire home/apt,93,2,1,2022-12-31,0.03,18,237,0,00001775037
709947423621230641,Satus   Finem Egnatia s Luxury Studio,188458774,Arcus O.E.,,Thessaloniki,40.63847,22.93721,Entire home/apt,59,2,3,2025-01-27,0.10,18,233,2,00001775058
710023969451588768,Sevenpockethouse Deluxe double room,214857203,Powerbnb,,Thessaloniki,40.64447,22.94814,Private room,36,1,36,2025-06-09,1.54,12,362,16,00000638064
710036099642446218,7Pocket house deluxe double room w/ garden view,214857203,Powerbnb,,Thessaloniki,40.64437,22.94814,Private room,35,1,24,2025-06-01,0.83,12,346,12,00000920028
710151501160270012,Όμορφο διαμέρισμα στο κέντρο της Θεσσαλονίκης,50792351,Dimosthenis,,Thessaloniki,40.640745441192614,22.947247624397278,Entire home/apt,83,1,1,2022-09-10,0.03,1,358,0,00001759303
710489640065170067,(5min from Papageorgiou) Free Indoor Parking,62233574,Georgios,,Pavlou Mela,40.683572576898975,22.9486073374344,Entire home/apt,47,1,78,2025-05-25,2.30,1,267,19,00001825190
710812965911243955,Δίχωρο δωμάτιο φιλοξενίας σε διαμέρισμα,132902557,Maria Eleni,,Thessaloniki,40.6229,22.96706,Private room,26,1,97,2025-06-15,2.85,1,196,31,00001760262
711315424952708732,John Central Suites #1,478654139,Ιωάννης,,Thessaloniki,40.64221,22.9343187,Entire home/apt,33,1,17,2025-06-07,0.51,8,229,8,00001768091
711554239713818723,Eclectic Design Studio #02 in Aristotelous,474464191,Ana,,Thessaloniki,40.6350191828744,22.944040773016354,Entire home/apt,31,1,2,2024-09-19,0.21,5,65,2,00001752464
711912353017495882,City Center Getaway,474305106,Theodotie,,Thessaloniki,40.631923429555094,22.946272641420364,Entire home/apt,,2,52,2025-06-23,2.55,1,319,31,00002048486
712741684252837790,South France Apt,200817622,Dimitris,,Kordelio – Evosmos,40.6754842,22.8994317,Entire home/apt,43,3,61,2025-06-09,1.81,3,332,30,00001762250
712991291581116295,Crimson Suite: 1-bedroom apartment in Thessaloniki,185879969,Aikaterina,,Thessaloniki,40.63501,22.9545,Entire home/apt,68,3,0,,,3,365,0,00001762452
712992342101450660,Airy apartment,90780487,Olga,,Pavlou Mela,40.65775,22.92822,Entire home/apt,67,2,50,2025-05-04,1.54,4,65,10,00003234644
713515590615219538,Φωτεινό και Ήσυχο Studio,140966699,Andreas Anna,,Thessaloniki,40.61405452247011,22.96618675767214,Entire home/apt,26,1,106,2025-06-09,3.50,2,225,49,00002969682
713515801254128741,Ηλιόλουστο και ήσυχο Studio,140966699,Andreas Anna,,Thessaloniki,40.6140871,22.9661653,Entire home/apt,28,1,82,2025-04-25,2.45,2,240,23,00002969640
714277065275046177,Porto Sea View Apartments - Pl. Ippodromiou 21,372140900,Κωνσταντινια,,Thessaloniki,40.63074353060871,22.95149817672119,Entire home/apt,139,1,50,2025-06-19,1.53,41,316,13,00001425669
714497434021397158,Ohappy Design Penthouse,479241462,Ioannis,,Thessaloniki,40.63993,22.94031,Entire home/apt,58,3,29,2025-06-14,0.92,1,276,15,00001799599
717052815927735059,"PanOrama, Nilie Hospitality MGMT",239769711,Nilie Premium Hospitality MGMT,,Pilea – Chortiatis,40.5902261,23.0287379,Entire home/apt,117,1,8,2025-04-27,0.24,303,332,2,2408656
717185950314433874,#Figaro apt by halu!,251290631,Halu,,Thessaloniki,40.63186,22.94277,Entire home/apt,,1,6,2024-12-18,0.18,99,0,2,00001730665
718611574840066216,Urban Living 303,112627287,Urban Living,,Thessaloniki,40.63785,22.94736,Entire home/apt,95,2,1,2023-03-06,0.04,9,144,0,1640348
718703132399753714,Renovated with separate access,111563568,Ivan,,Thessaloniki,40.61418,22.95766,Entire home/apt,52,3,19,2024-12-13,0.72,1,252,3,00001911234
718727856515240603,Studio4,194224482,George,,Thessaloniki,40.63673,22.9476,Entire home/apt,35,2,33,2025-05-12,1.03,7,355,14,00001796492
719464425985940880,"Διαμέρισμα στο κέντρο, Αγία Σοφία",458345352,Mtk,,Thessaloniki,40.63537,22.94466,Entire home/apt,,1,5,2024-03-18,0.15,1,0,0,00001766200
720237052332915564,ΑΝΕΤΟ ΣΤΟΥΝΤΙΟ ΣΤΗΝ ΠΥΛΑΙΑ ΜΕ ΕΥΚΟΛΟ ΠΑΡΚΙΓΚ,160950003,Petros,,Pilea – Chortiatis,40.60167,22.99373,Entire home/apt,45,1,45,2025-06-21,1.35,2,357,15,00001763003
720909823926351894,Nava apartment with parking of stayinthess,302947153,George,,Thessaloniki,40.63189,22.95023,Entire home/apt,59,2,25,2025-06-16,0.88,8,198,3,00001721414
722280138632768165,Διαμέρισμα Αμπελόκηποι,466284759,Lampros,,Ampelokipon – Menemeni,40.656299,22.9252612,Entire home/apt,,5,3,2024-10-30,0.09,1,0,1,00001763332
723641823279273527,Καμάρα Ρετιρέ 8ος 441,73801336,George,,Thessaloniki,40.63373021698165,22.950265780091286,Entire home/apt,33,3,81,2025-06-02,2.49,3,240,26,00001892588
725014645909135503,Spacious stylish studio close to centre,481208872,Athanasios,,Thessaloniki,40.60205,22.95877,Entire home/apt,61,2,13,2024-09-08,0.41,1,185,2,00000922794
725049521775511512,Manou No15 Apartment,233599991,,,Thessaloniki,40.6281799,22.9523004,Entire home/apt,56,1,30,2025-05-28,0.95,30,282,9,00001767084
725146016534293505,Christos III,481233847,Χρήστος,,Pilea – Chortiatis,40.629476100000005,23.04429520429917,Entire home/apt,38,1,5,2025-01-01,0.16,4,341,1,00001978218
725390063251662342,DoorMat #4 White Tower,555435959,Fotios,,Thessaloniki,40.62839,22.94843,Entire home/apt,40,1,237,2025-06-17,7.12,23,324,84,00002503607
725415718040049776,A.G.A.I.N Downtown Premium Suite with parking,151138484,Christos,,Thessaloniki,40.63867534828132,22.938848065301645,Entire home/apt,87,1,84,2025-06-20,2.54,1,309,35,00001784560
725799990946657482,Hugo Superior Studio no1,233599991,,,Thessaloniki,40.6364751,22.9376423,Entire home/apt,61,1,13,2025-06-01,0.45,30,275,6,00001718333
725817558869008046,Hugo Superior Studio no2,233599991,,,Thessaloniki,40.6364751,22.9376423,Entire home/apt,62,1,9,2025-06-15,0.28,30,352,5,00001718333
725836044324417794,John Central Suites#2,478654139,Ιωάννης,,Thessaloniki,40.64221,22.9343187,Entire home/apt,33,1,29,2025-03-15,0.90,8,227,7,00001768103
725852949684206142,John Central Suites #3,478654139,Ιωάννης,,Thessaloniki,40.64221,22.9343187,Entire home/apt,33,1,41,2025-06-16,1.23,8,214,22,00001768119
725868983457161279,John Central Suites#4,478654139,Ιωάννης,,Thessaloniki,40.64221,22.9343187,Entire home/apt,34,1,31,2025-03-28,0.94,8,234,7,00001768044
726102822186807898,Namastay in Olympou #hosted by DoorMat,370588541,Mariana,,Thessaloniki,40.63567,22.95231,Entire home/apt,44,2,88,2025-06-10,2.98,6,314,44,00001814582
726442992999198903,John Central Suites #5,478654139,Ιωάννης,,Thessaloniki,40.64333,22.93526,Entire home/apt,34,1,44,2025-06-16,1.32,8,212,6,00001768150
726474315684927041,John Central Suites #7,478654139,Ιωάννης,,Thessaloniki,40.64153,22.93507,Entire home/apt,34,1,60,2025-06-19,1.80,8,223,28,00001768171
726579667661588436,Porto sea view Apartments- D. Gounari 5,372140900,Κωνσταντινια,,Thessaloniki,40.627793416774715,22.947574388360604,Entire home/apt,,1,55,2025-06-22,1.91,41,316,27,00001785088
726859506208071858,2 Bedroom Family Apartment with Private Parking,126197040,George,,Pilea – Chortiatis,40.59839,22.98263,Entire home/apt,67,2,65,2025-06-13,1.96,2,208,16,00003355555
729437239422474121,"Vesper Apartment #3, The Luxury Suites",280458084,The Luxury Suites,,Thessaloniki,40.6381,22.93609,Entire home/apt,39,2,51,2025-05-27,1.57,180,169,25,00001767185
729571294992743298,Houseloft CityView Hagia Sophia,29565272,Houseloft,,Thessaloniki,40.6326183,22.9450286,Entire home/apt,133,1,57,2025-05-26,1.74,23,347,33,00003199472
729607705372019525,John Central Suites#8,478654139,Ιωάννης,,Thessaloniki,40.64191,22.93497,Entire home/apt,33,1,58,2025-05-26,1.78,8,217,20,00001768187
731001555045591573,"Aslan Residence, Nilie Hospitality MGMT",239769711,Nilie Premium Hospitality MGMT,,Thessaloniki,40.60715,22.97479,Entire home/apt,46,1,55,2025-05-28,2.15,303,36,23,2961693
731515950953846032,ΟΜΟΡΦΟ ΔΙΑΜΕΡΙΣΜΑ ΝΕΟΔΜΗΤΟ 2022,250112109,Stefanos,,Thessaloniki,40.6160405,22.9772539,Entire home/apt,65,1,55,2025-05-12,1.69,2,365,16,00001792130
731541069103876790,John Central Suites #6,478654139,Ιωάννης,,Thessaloniki,40.642,22.93387,Entire home/apt,41,1,20,2025-06-09,0.62,8,221,3,00001768166
732301271241916046,"Thea Apartments ""Ione""",1619493,Georgios,,Thessaloniki,40.6446660434193,22.92358987033367,Entire home/apt,51,7,4,2024-12-31,0.14,10,153,2,00000396919
732480277750044257,Κεντρικό και φιλόξενο διαμέρισμα,482625894,Βαία,,Thessaloniki,40.6346648,22.9535642,Entire home/apt,39,1,26,2025-02-02,0.79,1,357,9,00001792580
733087389065266493,Kono Studios & Suites: Junior suite,482719940,Kono,,Thessaloniki,40.64077,22.94165,Entire home/apt,51,1,9,2024-09-29,0.32,2,365,2,0933E70000225701
733096915867732802,Kono Studios & Suites: Deluxe suite,482719940,Kono,,Thessaloniki,40.63925,22.93939,Entire home/apt,56,1,40,2025-03-01,1.47,2,365,16,00002532190
733107823062086191,Terpsi's house,305342013,Giorgos,,Thessaloniki,40.63058,22.94894,Entire home/apt,60,2,111,2025-06-16,3.67,1,137,49,00002474760
733202823066943187,Couple-in magical suite with jacuzzi,426292229,ענבר,,Thessaloniki,40.63339,22.94236,Entire home/apt,90,1,16,2024-11-10,0.77,2,128,2,00002317911
733753584302958818,"Bonsai | Lux 1 Bedroom Apt, Nilie Hospitality MGMT",239769711,Nilie Premium Hospitality MGMT,,Thessaloniki,40.64322490000001,22.9345049,Entire home/apt,36,1,31,2025-06-09,0.96,303,356,17,1795826
734089103441247723,High-end boutique apartment in the city centre,228706480,Vivi,,Thessaloniki,40.630415,22.9477929,Entire home/apt,68,3,6,2025-04-18,0.20,1,332,3,00002075360
734092260025979463,"Όμορφο διαμέρισμα με αυλή, στην Κηφισιά",280716640,Βασιλειος,,Kalamaria,40.58711,22.9699,Entire home/apt,43,2,53,2025-05-13,1.61,1,44,20,00001793110
734480031024960164,Delmare Dion Apartment,268825110,Grigorios,,Kalamaria,40.57625,22.96528,Entire home/apt,80,2,2,2024-07-14,0.06,5,363,1,00002387959
735374789447313445,"Nyma White #1, The Luxury Suites",280458084,The Luxury Suites,,Thessaloniki,40.63951,22.93968,Entire home/apt,45,2,43,2025-06-09,1.32,180,163,9,00002834483
735920125682900773,Luxury White Tower Apartments,482985601,Ioanna Apartments,,Thessaloniki,40.6281687,22.9520852,Entire home/apt,53,2,172,2025-06-20,5.32,12,332,56,00001799280
736165579882851364,Elpidas houses #1 Private parking,471652135,Ioanna,,Thessaloniki,40.62523768604426,22.964584361376968,Entire home/apt,54,2,28,2025-05-20,0.92,1,337,11,00002944602
736746413354031805,C.7 Cyclamen #Loft_Studio_Near_The_Sea,32216964,George,,Thessaloniki,40.6074406,22.9565662,Entire home/apt,75,3,20,2024-11-10,0.62,16,324,2,00001811667
737030944156726146,Arty flat in city center,20449031,Aikaterini,,Thessaloniki,40.63265095723885,22.94588699203685,Entire home/apt,153,2,3,2025-05-05,1.18,1,321,3,00003171385
738092538156658832,Thessaloniki Presidential Suite - Panoramic View,135356834,George,,Thessaloniki,40.6219601,22.9528987,Entire home/apt,172,2,6,2024-08-29,0.23,1,138,1,00002651480
738280137587708433,LIA’s Luxury Intown Apartment *Prime location*,265729546,Lia,,Thessaloniki,40.63511,22.94118,Entire home/apt,50,2,110,2025-06-19,3.39,1,356,35,00002604680
738360816878125407,Salto - Free Parking #Skgbnb,153342675,Georgia,,Thessaloniki,40.6440153,22.9238989,Entire home/apt,48,2,95,2025-05-31,2.94,1,307,44,00003173735
738816627353372903,Luxury apartment in city center,172595834,Isidora And Christos,,Thessaloniki,40.6342892,22.9481653,Entire home/apt,47,1,113,2025-06-22,3.62,1,162,38,00001799515
739176565383285639,Cozzzy. Exclusive Apartment.,315198910,Christos,,Thessaloniki,40.6363274,22.9393221,Entire home/apt,71,2,98,2025-06-15,3.05,1,95,41,1796668
739510214795804191,#A~ Ιoanna's Apartments,434347481,Ioanna Apartments,,Kordelio – Evosmos,40.66618829999999,22.9038874,Entire home/apt,41,2,75,2025-05-19,2.31,23,329,32,00001799296
739561144312673003,Your SKG Tiny House_1bdrm/3Persns/P,44486345,Αντώνιος-Πηνελόπη,,Kalamaria,40.58539,22.96842,Entire home/apt,50,2,25,2024-12-27,0.87,2,358,8,00001839606
739625265111727121,STUDIO 66 ΣΤΗΝ ΚΑΛΑΜΑΡΙΑ-,133159291,Κωνσταντίνος,,Kalamaria,40.5875259,22.9571273,Entire home/apt,57,1,20,2025-04-16,0.63,1,362,10,00001763268
740606699682758006,"*PRIVATE PARKING *(""2+1"")Σύγχρονο Διαμέρισμα",484148940,Athanasios,,Thessaloniki,40.643004566563285,22.948695681989193,Entire home/apt,57,2,62,2025-06-05,1.91,1,292,19,00001800661
741075923495712996,Effrosynis Appartment,484225683,Ευφροσυνη,,Kordelio – Evosmos,40.66318,22.89662,Entire home/apt,57,2,1,2023-09-04,0.05,1,365,0,00001777801
741819264367500096,"Άνετη φωτεινή σοφίτα με κουζίνα γραφείο, πάρκινγκ.",484364107,Καλλινικη,,Pavlou Mela,40.6793979,22.9339696,Entire home/apt,,1,4,2023-10-22,0.12,1,0,0,00001805862
741951378894371471,Be Queen-You Urban Stay,212951050,Socrates Junior Houses,,Thessaloniki,40.63325034698014,22.947374023497105,Entire home/apt,,1,63,2025-06-09,1.94,10,0,23,00001814088
741974274036721656,Irinis Twins apt #2,144328548,,,Thessaloniki,40.64189,22.93585,Entire home/apt,67,5,20,2024-08-24,0.62,2,112,1,00001806360
742038319572379664,Harmony Sea View Apartment,484415145,Harmony,,Thessaloniki,40.6199543,22.95389,Entire home/apt,191,1,36,2025-06-12,1.12,1,181,12,00002361195
742062517716490447,Entire cozy apartment in Panorama,484420746,Fotios,,Pilea – Chortiatis,40.58659728405031,23.016500896845397,Entire home/apt,61,1,2,2024-11-27,0.26,1,328,2,00002955474
742112266904286567,Fully Equipped apartment next to the Subway stop!,11223389,Ioannis,,Thessaloniki,40.6459224,22.9301531,Entire home/apt,41,3,55,2025-05-20,1.71,1,357,14,00001802054
743289457751806213,ThesSpacious Apartment,484615940,Paraskevi,,Thessaloniki,40.63919490000001,22.9396479,Entire home/apt,77,2,8,2025-05-28,0.26,1,241,3,00001840422
743385498100627798,"Vesper Apartment #1, The Luxury Suites",280458084,The Luxury Suites,,Thessaloniki,40.63765,22.93822,Entire home/apt,42,2,86,2025-06-09,2.65,180,175,23,00001767291
743511569780540735,Amazing apartment SKG center,63925795,Rania,,Thessaloniki,40.6049131,22.960478,Entire home/apt,,2,38,2024-06-30,1.19,1,0,1,00001804589
743900462081391423,Two bedroom apartment in the old town,17404160,,,Neapolis – Sykeon,40.64471,22.95518,Entire home/apt,43,3,13,2025-04-02,0.50,3,303,9,00002551739
744570524405945132,Ag.Sofias pedestrian area luxury ap. & big balcony,162673057,Olga,,Thessaloniki,40.6319974,22.9449073,Entire home/apt,72,1,14,2025-05-04,0.44,3,316,1,00001768815
744640204443284453,"Vesper Apartment #2, The Luxury Suites",280458084,The Luxury Suites,,Thessaloniki,40.63784,22.93767,Entire home/apt,41,2,36,2025-06-05,1.29,180,171,34,00001767244
744684493835544031,Όμορφο διαμέρισμα σε πολυκατοικία στην Θεσσαλονίκη,423865899,Kalliopi,,Thessaloniki,40.61949,22.95849,Entire home/apt,45,2,34,2024-09-26,1.05,1,235,5,00001801127
744836065090574815,THEss OLD TOWN 3 (free parking) of stayinthess,470416056,Στρατης,,Thessaloniki,40.638334,22.95476,Entire home/apt,56,2,39,2025-06-19,1.38,1,220,18,00002994477
745665590435061382,Eclectic Luxury 2 (free parking place),186568120,Foteini,,Thessaloniki,40.64462,22.9254,Entire home/apt,53,2,16,2025-04-05,0.52,7,342,4,00002294890
746288236636503768,Irinis Twins apt #1,144328548,,,Thessaloniki,40.6418191,22.9357383,Entire home/apt,68,2,14,2024-02-04,0.44,2,111,0,00001806354
746346386661695635,"Peaceful Lovely, 1st floor flat with Fast Internet",14851039,Nandia,,Thessaloniki,40.63252,22.95001,Entire home/apt,49,2,49,2025-06-08,1.53,3,360,22,00002462582
746709484669181963,Dreamy Apartment City Center 11 thesbnbgr,379910184,Νικόλαος,,Thessaloniki,40.6369477,22.9522056,Entire home/apt,52,2,15,2025-04-10,0.47,14,338,9,00001844180
746757355383194950,CC Urban Studio,48791781,Sofia,,Thessaloniki,40.606824891282265,22.961322344774615,Entire home/apt,54,2,15,2025-05-18,0.50,2,67,5,00001804467
747751085511920452,ARES - Suite,404625147,Angelos,,Thessaloniki,40.63547,22.9524,Entire home/apt,47,3,0,,,3,270,0,00001597012
749950988467422337,Luxury Downtown Apartment C1,485800812,Kinfeel North,,Thessaloniki,40.63341913325506,22.944184052725305,Entire home/apt,92,1,106,2025-06-21,3.33,8,306,34,00001808438
751174421855402400,Modern Central 1- bedroom apt. in Thessaloniki,27978979,George,,Thessaloniki,40.63334,22.9552,Entire home/apt,70,1,2,2023-11-12,0.09,1,359,0,00001810378
751209329292893129,C.8 Indigo&Leon  #suite_in_city_center,32216964,George,,Thessaloniki,40.6405809,22.9298416,Entire home/apt,70,2,28,2024-05-16,0.89,16,86,0,00001804159
752169274359150940,Ladadika sea view 101｜near Aristotle Square,337330816,Allen,,Thessaloniki,40.63586,22.935,Entire home/apt,58,1,116,2025-06-01,3.82,6,365,20,00002639920
752633314307481818,cozy apartment,250239088,Theodora,,Thessaloniki,40.63242,22.94713,Entire home/apt,66,1,8,2025-01-17,0.25,1,41,1,00001811545
753524380364339055,Vivi's home,119836244,Βασιλικη,,Thessaloniki,40.61429,22.95591,Entire home/apt,54,3,39,2025-04-21,1.28,1,226,17,00001829484
753720880732440002,Hermes Apartment at Aristotelous | Midas Home,158095749,Νίκος,,Thessaloniki,40.63577,22.9425,Entire home/apt,151,2,14,2025-03-09,0.44,6,290,2,00001812244
754760912608063715,PM - In the heart of Thessaloniki,25320105,Manos,,Thessaloniki,40.63114483205932,22.947431355714798,Entire home/apt,,2,19,2024-10-07,0.61,3,301,5,00001984501
754794925200159993,Newbuild superfresh n2 studio-apartment_SKG,138923036,Κατερινα,,Ampelokipon – Menemeni,40.65057944900291,22.91478719562292,Entire home/apt,,1,11,2024-09-29,0.35,1,235,4,00001812775
754830981243484772,#B~ Ioanna's Apartments,434347481,Ioanna Apartments,,Kordelio – Evosmos,40.66652,22.9036,Entire home/apt,38,2,111,2025-06-10,3.49,23,351,42,00001812935
755067807038337296,Menta Studios 8,174941806,Ioannis,,Thessaloniki,40.6418347,22.9335042,Entire home/apt,38,1,45,2025-06-09,1.41,2,38,16,3172451
756510429439984554,PEARL Studio (free private parking)of stayinthess,302947153,George,,Thessaloniki,40.6383205,22.9549095,Entire home/apt,45,2,58,2025-06-15,1.87,8,227,25,00001815196
757318662595325620,Luxury Downtown Apartment C2,485800812,Kinfeel North,,Thessaloniki,40.63339832898708,22.94432210304107,Entire home/apt,122,1,104,2025-06-23,3.27,8,288,36,00001808443
757659687138972620,Vasou no7 Apartment no1,233599991,,,Thessaloniki,40.63281569999999,22.9516094,Entire home/apt,82,1,13,2023-06-15,0.42,30,327,0,00001814721
758470882478007939,Green studio,219296169,Iosif,,Thessaloniki,40.59796,22.95588,Entire home/apt,37,2,33,2024-09-24,1.04,2,115,3,00001817201
758563335295203949,Mythos #1 apartment (Kalliston),303891297,Kalliston,,Thessaloniki,40.63844,22.9445,Entire home/apt,72,3,45,2025-05-09,1.43,4,259,17,00001819449
758619422816108960,Purple studio,219296169,Iosif,,Thessaloniki,40.5995,22.95735,Entire home/apt,34,2,37,2024-09-30,1.17,2,115,7,00001817217
759334518531659543,"Bliss #6, The Luxury Suites",280458084,The Luxury Suites,,Thessaloniki,40.64164,22.93646,Entire home/apt,40,2,17,2025-05-26,0.60,180,174,6,00001828376
759432648657167159,Homevision - Stylish & Serene Condo - City Center,515398068,Homevision,,Thessaloniki,40.63237,22.9486,Entire home/apt,57,2,51,2025-06-19,1.64,28,347,14,00003241169
759874237222606906,"Bliss #5, The Luxury Suites",280458084,The Luxury Suites,,Thessaloniki,40.64307,22.93474,Entire home/apt,40,2,39,2025-04-15,1.29,180,159,17,00001828334
759882608575162029,"Bliss #3,  The Luxury Suites",280458084,The Luxury Suites,,Thessaloniki,40.64301,22.93542,Entire home/apt,40,2,46,2025-05-17,1.51,180,166,13,00001828355
759884942526190927,"Bliss #2, The Luxury Suites",280458084,The Luxury Suites,,Thessaloniki,40.64251,22.93629,Entire home/apt,86,2,59,2025-04-21,1.96,180,173,22,00001828334
759904762115950202,"Bliss #1, The Luxury Suites",280458084,The Luxury Suites,,Thessaloniki,40.64242,22.936,Entire home/apt,40,2,51,2025-06-02,1.79,180,174,27,00001828329
760107611282366938,Menta Studios 2,174941806,Ioannis,,Thessaloniki,40.64098,22.93305,Entire home/apt,38,1,118,2025-05-25,3.74,2,38,51,3172330
760147019391924624,Cozy three BDRMS central APT at five Filippou str,487432055,Τάσος,,Thessaloniki,40.6393112,22.9419797,Entire home/apt,138,2,41,2025-04-07,1.31,1,22,12,00001819428
760788421735036104,Jacuzzi Suite No61,53934947,Vasilis,,Thessaloniki,40.6004876,22.9545884,Entire home/apt,64,1,23,2025-05-22,0.73,7,363,5,00000550713
762908332441232017,DeKo Penthouse Suite,214875317,DeKo,,Thessaloniki,40.6325162,22.945396,Entire home/apt,93,2,8,2025-04-27,0.26,4,125,2,00002811003
763549993753011184,F & B Collection - City Central 2 Bedroom Suite,31131449,Dimitris,,Thessaloniki,40.63051,22.951656,Entire home/apt,67,6,49,2025-05-21,1.57,50,365,14,00001795384
763698320578684092,F & B Collection - 2 Bedroom Flat,31131449,Dimitris,,Thessaloniki,40.6401612,22.9373673,Entire home/apt,59,6,22,2025-05-26,0.71,50,327,6,00000428159
763760015816433488,Nike appartment,488249523,Νικος,,Thessaloniki,40.61544,22.97855,Entire home/apt,95,1,0,,,1,363,0,00025977854
766643676801777171,Jacuzzi Suite no62,53934947,Vasilis,,Thessaloniki,40.6004876,22.9545884,Entire home/apt,64,1,25,2025-03-21,0.85,7,355,5,00000550702
767201386331245978,Lovely small apartment #2,44750245,Guy,,Thessaloniki,40.63751,22.95035,Entire home/apt,45,3,8,2025-05-30,0.30,3,31,5,00003219343
767420206021641367,2 bedroom flat in Sykies,19572831,Effie,,Neapolis – Sykeon,40.65227278865433,22.954636439681053,Entire home/apt,51,2,27,2025-06-14,1.08,1,97,17,00002478216
767929943883702028,Sofmare City Apartment,458887158,Eleni,,Thessaloniki,40.637146124627115,22.94417643809816,Entire home/apt,,2,38,2024-12-23,1.38,1,0,7,00001841184
770260219902358909,Silver apartment,57594898,Μαρια,,Kalamaria,40.58571,22.94499,Entire home/apt,,3,25,2025-05-08,0.82,1,0,4,00001845559
770743710689954200,Minimal style apartment,75541856,Yannis,,Thessaloniki,40.60129371916811,22.957578057672126,Entire home/apt,71,7,6,2023-03-12,0.20,1,362,0,00001830556
771617700626123863,"AdoorAble #1, The Luxury Suites",280458084,The Luxury Suites,,Thessaloniki,40.63878,22.93776,Entire home/apt,50,2,47,2025-03-31,1.58,180,174,12,00003230976
771624332433455919,"AdoorAble #2, The Luxury Suites",280458084,The Luxury Suites,,Thessaloniki,40.63756,22.93749,Entire home/apt,50,2,42,2025-04-08,1.47,180,173,6,00003230997
771641277685467355,"AdoorAble #3, The Luxury Suites",280458084,The Luxury Suites,,Thessaloniki,40.63895,22.93799,Entire home/apt,42,2,21,2025-02-12,0.71,180,166,4,00003231001
772196665588202124,Urban Elephant Suites: Large double room + balcony,489707491,Urban,,Thessaloniki,40.64063,22.9272,Private room,54,1,63,2025-06-18,2.04,3,259,12,1215203
772309067684278566,"WallStreet #21, The Luxury Suites",280458084,The Luxury Suites,,Thessaloniki,40.64112,22.9372,Entire home/apt,97,2,25,2024-09-28,0.88,180,173,4,00001846141
772311892391467827,"WallStreet #22, The Luxury Suites",280458084,The Luxury Suites,,Thessaloniki,40.64121,22.93725,Entire home/apt,40,2,65,2025-05-27,2.13,180,175,15,00001846157
772314376473468132,"WallStreet #23, The Luxury Suites",280458084,The Luxury Suites,,Thessaloniki,40.64217,22.93502,Entire home/apt,39,2,48,2025-06-09,1.58,180,166,23,00001846183
772315769826201694,"WallStreet #24, The Luxury Suites",280458084,The Luxury Suites,,Thessaloniki,40.64048,22.9371,Entire home/apt,39,2,72,2025-05-28,2.38,180,174,21,00001846178
772316732437181519,"WallStreet #25, The Luxury Suites",280458084,The Luxury Suites,,Thessaloniki,40.64274,22.93524,Entire home/apt,39,2,65,2025-05-26,2.24,180,172,19,00001846199
772318077143728900,"WallStreet #26, The Luxury Suites",280458084,The Luxury Suites,,Thessaloniki,40.64205,22.93653,Entire home/apt,39,2,40,2025-05-19,1.33,180,175,14,00001846200
772319147307027524,"WallStreet #27, The Luxury Suites",280458084,The Luxury Suites,,Thessaloniki,40.64136,22.93578,Entire home/apt,39,2,37,2025-05-31,1.21,180,174,12,00001846216
772553963292271116,Luxury studio with KING-SIZE bed,217110382,Giorgios,,Thessaloniki,40.6182606,22.9624305,Entire home/apt,78,3,1,2023-09-07,0.05,2,362,0,00001147929
773057254176322523,Gaia Studio 2,107373389,Anastasia,,Thessaloniki,40.63354986048131,22.938462893848442,Entire home/apt,,2,3,2024-03-10,0.10,5,20,0,00002508552
773163974720082976,Μεζονέτα στο Πανόραμα με πισίνα,489978376,Γεωργιος,,Pilea – Chortiatis,40.580424863699285,23.00952361534426,Entire home/apt,328,2,2,2023-02-05,0.07,1,191,0,00001829724
774617146497126564,Διαμέρισμα Θεσσαλονίκη/Κ. Τουμπα,490211280,Αλεξάνδρα,,Thessaloniki,40.60999,22.97134,Entire home/apt,46,5,12,2025-04-15,0.50,1,151,7,00001839392
775162210963078522,Eclectic Dot 2 (free parking),186568120,Foteini,,Thessaloniki,40.64493,22.92332,Entire home/apt,49,2,4,2024-10-24,0.13,7,358,1,00002294843
775176612519793006,Central Luxury Apartment,446450968,Nikos,,Thessaloniki,40.6288905,22.9485318,Entire home/apt,112,2,34,2025-04-24,1.11,2,280,6,00001824969
775870750358203576,Porto Sea View Apartments-Tsimiski 78,372140900,Κωνσταντινια,,Thessaloniki,40.630860877495095,22.945873746032724,Entire home/apt,,1,12,2025-06-08,0.43,41,344,7,00001818393
775914039561256426,Houseloft Rotunda Getaway,29565272,Houseloft,,Thessaloniki,40.6335976,22.9534239,Entire home/apt,82,1,22,2025-01-04,0.72,23,83,9,00001866845
776709465450897631,Old Town Luxe Suite W 100Mbps,490582655,Ali,,Thessaloniki,40.64253,22.94765,Entire home/apt,63,1,10,2025-03-16,0.33,1,69,2,00001818271
777393740134566527,master1 seaside lux apartment,490694538,Μιχαλης,,Thessaloniki,40.62805444953217,22.94652954232787,Entire home/apt,,4,10,2025-05-25,0.34,1,38,4,00001816156
778046674717350197,Secret Colors of Thessaloniki,460542477,Alexandros,,Kalamaria,40.575892757703684,22.94935517013073,Entire home/apt,86,1,59,2025-05-28,1.96,5,357,20,00001815830
778386983298363421,Apollo's Apartment on Radio City Midas Home,158095749,Νίκος,,Thessaloniki,40.6161,22.95677,Entire home/apt,98,2,4,2025-05-05,0.13,6,329,1,00001839170
779037155828183820,Casa di famiglia 3,490955236,Ιωαννα,,Neapolis – Sykeon,40.6541352,22.9568176,Entire home/apt,103,2,0,,,7,358,0,00002605103
779054401448973106,Sunny apartment near city center,490957800,Olga,,Thessaloniki,40.6151393,22.9567766,Entire home/apt,45,2,20,2024-02-04,0.70,1,297,0,00001850017
779633508160439326,Artemis Apartment Midas Home Project,158095749,Νίκος,,Thessaloniki,40.61741,22.95521,Entire home/apt,96,2,14,2024-11-01,0.46,6,360,11,00001839324
780051376179593400,Διαμέρισμα στα γραφικά σοκάκια,477806628,Χρήστος,,Thessaloniki,40.6422814,22.9514072,Entire home/apt,48,2,9,2025-06-03,0.30,3,4,3,00002801593
780165532891255334,Danae Luxurious Suite #TIFHelexpo,278921038,Nikoleta,,Thessaloniki,40.6275639731947,22.952468582909958,Entire home/apt,74,2,10,2024-09-15,0.33,3,53,1,00001842447
780236629939937225,White Tower Studio Apartment~!,482985601,Ioanna Apartments,,Thessaloniki,40.6281687,22.9520852,Entire home/apt,40,2,121,2025-06-21,4.20,12,317,46,00001840262
780942481851675512,Studio6,194224482,George,,Thessaloniki,40.63531839416149,22.948755025863647,Entire home/apt,35,3,48,2025-06-08,1.68,7,359,15,00001854933
780948617011246896,Ophelia Luxurious Suite #TIFHelexpo,278921038,Nikoleta,,Thessaloniki,40.6281687,22.9520852,Entire home/apt,71,2,3,2024-09-16,0.10,3,67,1,00001842410
781600632752780912,"Jolie Suit Art- Design Pent House, near seafront",468535127,Wenjun,,Thessaloniki,40.61455996826895,22.957354187965393,Entire home/apt,68,2,28,2025-05-26,0.93,1,112,8,00001804834
781632647039518169,Loft Sokrates 18 B,40847564,Spyridon,,Thessaloniki,40.64104,22.93959,Entire home/apt,94,2,4,2024-05-20,0.22,5,364,0,Exempt
781668408148947668,Solo | Nomades Suites,491161577,Nikolas,,Thessaloniki,40.6348513,22.9365647,Entire home/apt,76,1,6,2025-06-01,0.20,4,343,2,00001827741
781703155273937473,Durata | Nomades Suites,491161577,Nikolas,,Thessaloniki,40.6348513,22.9365647,Entire home/apt,87,1,4,2025-05-27,0.13,4,355,2,00001827700
781706513090896965,Tempo | Nomades Suites,491161577,Nikolas,,Thessaloniki,40.6348513,22.9365647,Entire home/apt,82,1,1,2023-01-02,0.03,4,359,0,00001827783
781727150004368351,Grande | Nomades Suites,491161577,Nikolas,,Thessaloniki,40.6348513,22.9365647,Entire home/apt,93,1,4,2025-03-31,0.13,4,329,1,00001827762
781727544197558365,"WeStay Apartment #43, The Luxury Suites",280458084,The Luxury Suites,,Thessaloniki,40.64111,22.93703,Entire home/apt,42,2,24,2025-05-24,0.78,180,174,14,00001540441
781731754336397297,"WallStreet #33, The Luxury Suites",280458084,The Luxury Suites,,Thessaloniki,40.64084,22.93632,Entire home/apt,40,2,67,2025-05-17,2.34,180,161,37,00001537498
781745960942940989,"Stylish #4, The Luxury Suites",280458084,The Luxury Suites,,Thessaloniki,40.63791,22.93972,Entire home/apt,39,2,57,2025-06-09,1.88,180,171,13,00002692546
781749211250602083,"Penthouse Apartment #3, The Luxury Suites",280458084,The Luxury Suites,,Thessaloniki,40.63766,22.93743,Entire home/apt,47,2,79,2025-06-09,2.58,180,121,45,00002991807
781790313511134775,Ancient Agora Central Living,192021753,Kosmas,,Thessaloniki,40.63662,22.94568,Entire home/apt,126,3,31,2025-06-23,1.03,3,283,18,00000955356
781823984844485284,Fori's Nest / SKG / 4P,491429613,Christoforos,,Thessaloniki,40.620867,22.9623514,Entire home/apt,35,2,28,2025-06-21,1.04,2,196,10,00001842548
782727173354465946,Van life CamperVan,18217265,Mavridis,,Neapolis – Sykeon,40.63523,22.96721,Entire home/apt,60,1,0,,,1,364,0,04495514000
783090274620300671,Κοντά στην παραλια της Καλαμαριας,155399708,Elena,,Kalamaria,40.57458341306459,22.959954001333255,Private room,24,2,38,2025-06-15,1.35,1,54,15,Exempt
783943819339156406,Ventura - Radio city #Skgbnb,1977386,Cristina&Tomas! Skgbnb,,Thessaloniki,40.61613,22.95701,Entire home/apt,67,2,71,2025-06-03,2.55,36,317,36,00002471988
784040650536610809,Ήσυχο διαμέρισμα 4ου ορόφου,110060937,Georgios,,Thessaloniki,40.61576,22.95807,Entire home/apt,,1,11,2024-10-06,0.36,1,0,2,00001837926
785289820175732840,ThessIkos,81117783,Nick,,Thessaloniki,40.6383068,22.9571774,Entire home/apt,32,1,0,,,1,2,0,00001833732
786105801862653802,F & B Collection-Carpe Diem-Flat close to Rotunda,31131449,Dimitris,,Thessaloniki,40.6349464,22.9516552,Entire home/apt,67,6,35,2025-06-04,1.17,50,355,14,00001839712
786653099191733357,ARES - Penthouse,404625147,Angelos,,Thessaloniki,40.6323106,22.9524671,Entire home/apt,114,2,15,2025-06-14,0.63,3,248,12,00001851922
786746742361900852,F & B Collection - Suite for 3,31131449,Dimitris,,Thessaloniki,40.639338,22.9386938,Entire home/apt,51,6,28,2025-05-03,0.95,50,365,4,00001822375
786811889717135403,Tailor's suites  #2,67280623,Maria,,Thessaloniki,40.639683593876434,22.938742212935196,Entire home/apt,31,1,45,2025-06-19,1.55,2,221,11,00002470307
787567979233818161,Athina Pantheon mitropoleos,492384435,Αθηνά,,Thessaloniki,40.631458724727885,22.943451917196647,Entire home/apt,104,2,6,2024-07-05,0.20,1,74,1,00001848427
788130772792529386,Ζεστό και Άνετο Διαμέρισμα,492473004,Ελενη,,Thessaloniki,40.6036614,22.9622126,Entire home/apt,38,2,28,2024-12-02,0.96,1,172,4,00001832591
788259620405439313,Anastasios’ artwork apartment,262766879,Olga,,Thessaloniki,40.5975573,22.9562428,Entire home/apt,69,1,77,2025-06-13,2.55,2,336,27,00001867518
788461754746600841,Apartment with garden in Pilaia.,262766879,Olga,,Pilea – Chortiatis,40.59385,22.98822,Entire home/apt,70,1,84,2025-06-16,2.80,2,335,31,01019328086
790324153632007087,Macadamia - Agias Sofias square #Skgbnb,28267881,Tomas&Cristina! Skgbnb,,Thessaloniki,40.6325478,22.9442557,Entire home/apt,133,2,25,2024-03-01,0.88,29,267,0,00001864714
791084038785844549,F & B Collection - MiniLux Studio for 3,31131449,Dimitris,,Thessaloniki,40.6416131,22.942025,Entire home/apt,51,6,31,2025-05-05,1.20,50,365,12,00001953986
792211195558904520,Urban Green Loft,26574526,Pinelopi,,Thessaloniki,40.63767,22.93992,Entire home/apt,59,2,60,2025-05-26,2.27,1,353,24,00001922431
796228497404261429,Central Deluxe Studios SKG1,2295249,Angelos,,Thessaloniki,40.63921,22.93967,Entire home/apt,50,1,0,,,5,91,0,00001589007
796463687254421572,#Totti | City center Penthouse | Beautiful View!,494151768,Dimitrios,,Thessaloniki,40.631846823304734,22.944556698203087,Entire home/apt,80,2,141,2025-06-23,5.01,1,0,49,00001972976
797673994795625396,Sanderson Suite from k2properties,257956713,Natasa,,Thessaloniki,40.63451353926907,22.948901076057425,Entire home/apt,61,2,27,2025-03-03,0.94,9,350,6,1854519
799081412191067590,Elaiones house,494772639,Κώστας,,Pilea – Chortiatis,40.59903278582945,23.004151359200478,Entire home/apt,87,2,14,2024-06-25,0.64,1,315,1,00002303947
799735704690016680,Eptalofos Studio loft,128655344,Ioannis,,Ampelokipon – Menemeni,40.6538852162505,22.917213900000007,Entire home/apt,26,1,27,2025-06-15,0.92,3,346,12,00001870688
800581436389275570,Black Onyx Comfort Suites 2,206134494,Ioanna,,Thessaloniki,40.63951,22.93751,Entire home/apt,70,1,0,,,3,322,0,00003336422
801257237782014866,Thess1home Stellar,34979760,,,Kalamaria,40.5827939,22.947374,Entire home/apt,75,1,54,2025-04-24,1.83,9,343,15,00001865093
802006116904862568,Central Deluxe Studios SKG2,2295249,Angelos,,Thessaloniki,40.63737,22.94026,Entire home/apt,50,2,1,2023-02-10,0.03,5,92,0,00001589007
802145616268638095,Rooftop96,151354719,,,Thessaloniki,40.6104507,22.9551794,Entire home/apt,53,2,37,2025-06-18,1.27,1,149,16,00001865737
802173030221428191,Sky Seaview suite 10min walk from Thessaloniki Ctr,495550951,Ilias,,Thessaloniki,40.647261346472376,22.934884134937906,Entire home/apt,87,4,2,2025-05-31,0.11,9,323,1,00001457616
802700068409783849,vera's rooms 7,156282533,Jordans Rooms Ike,,Neapolis – Sykeon,40.6517654,22.9366101,Entire home/apt,52,3,1,2024-09-28,0.11,12,332,1,2113910
803422214219654739,Lavie #Skgbnb,1977386,Cristina&Tomas! Skgbnb,,Thessaloniki,40.6198,22.9574,Entire home/apt,53,2,32,2025-03-04,1.19,36,58,15,00003357277
803431407184564009,Spazio 51,187063192,Vicky,,Thessaloniki,40.6406803,22.958471,Entire home/apt,39,1,119,2025-06-08,4.03,1,311,26,00001866558
804434792765255983,Azuro Luxury Living,132658526,Elena,,Thessaloniki,40.60036,22.96104,Entire home/apt,84,3,13,2025-06-09,0.52,3,322,3,00002072082
805869956251364551,G&G city center luxury studio 1-3 persons,496359029,Γεωργιος,,Thessaloniki,40.6314485,22.9426732,Entire home/apt,46,2,71,2025-06-18,2.41,1,348,30,00001859029
806194742284206223,Jolie II #Skgbnb,1977386,Cristina&Tomas! Skgbnb,,Thessaloniki,40.61932,22.95841,Entire home/apt,67,2,11,2025-05-05,0.42,36,207,6,00003357298
806212714614652593,Jolie for 4 #Skgbnb,1977386,Cristina&Tomas! Skgbnb,,Thessaloniki,40.62086,22.95822,Entire home/apt,67,2,46,2025-05-26,1.57,36,185,14,00003357336
806304143493143423,Houseloft Agora Residence,29565272,Houseloft,,Thessaloniki,40.63886,22.9417889,Entire home/apt,297,1,17,2025-03-07,0.59,23,282,4,00003199488
806524507107558024,Portrait - Deluxe Living,496595966,Eirini,,Thessaloniki,40.6352026,22.9354732,Entire home/apt,,2,0,,,1,1,0,00001855164
806603838645425483,Tailor's Suites #4,40505568,Thanos,,Thessaloniki,40.63857615259501,22.939294264556878,Entire home/apt,33,1,86,2025-05-26,2.91,2,360,22,00002470349
807074401526443150,Fobillo Apartment at Charilaou,496721592,Γιάννης,,Thessaloniki,40.59963,22.96791,Entire home/apt,49,1,45,2025-06-12,1.53,1,48,12,00001869304
807714364954665911,Tailor's suites  #3,67280623,Maria,,Thessaloniki,40.639633048898986,22.938725521660555,Entire home/apt,37,2,54,2025-06-10,1.83,2,362,21,00002470312
808631695388641533,Square Suite from k2properties,257956713,Natasa,,Thessaloniki,40.63460310000001,22.949003,Entire home/apt,59,2,38,2025-02-16,1.31,9,361,8,00001854545
808799716702566318,Meraki Home,497128803,Christos,,Thessaloniki,40.6096819,22.977108,Entire home/apt,40,1,46,2023-10-06,1.57,1,5,0,00001875666
809845043644944590,NeaPoliteia-Evosmos-Thessaloniki,497338688,Άννα,,Kordelio – Evosmos,40.67272248822536,22.914272332996028,Entire home/apt,50,2,19,2025-02-18,0.65,1,278,5,00001876860
811350463280843646,studio51 - bohemian oasis in historical ano poli,51567698,Ekaterini,,Thessaloniki,40.6421641,22.9468621,Entire home/apt,53,2,36,2025-06-15,1.23,2,69,7,00003257350
812137927564307577,Stelina’s Cosy Loft - Ideal Spot,59919167,Stelina,,Thessaloniki,40.60996563116811,22.96372275799513,Entire home/apt,41,1,19,2025-05-28,0.65,1,310,6,00001879950
812339110736989941,BlueSpike,491687089,Ιωαννα,,Thessaloniki,40.6013266,22.952104,Entire home/apt,90,2,7,2025-05-04,0.32,1,358,5,00001831685
812473164372647710,Modern Apartment in Thessaloniki,46848791,Vasileios,,Thessaloniki,40.6065,22.96249,Entire home/apt,64,2,10,2024-08-03,0.38,1,174,1,00001988636
814433179217369895,Diamond Luxury Suite,280326852,Lefteris,,Thessaloniki,40.6222755,22.9596984,Entire home/apt,221,1,8,2025-04-26,0.68,1,195,8,00001940212
814556924448179666,Πολυτελές διαμέρισμα ρετιρέ,52797288,Adam,,Kalamaria,40.5699,22.97007,Entire home/apt,184,2,0,,,1,365,0,
815084741632179344,"Aelia 7.3 , The Luxury Suites",280458084,The Luxury Suites,,Thessaloniki,40.63852,22.93803,Entire home/apt,81,2,27,2025-05-27,0.94,180,167,10,00003014031
815302993576064943,Adastro Apartment 17,132658526,Elena,,Thessaloniki,40.60087,22.96094,Entire home/apt,80,3,5,2025-02-13,0.20,3,354,2,00001948370
816368796292192010,Kostas Appartment,238050571,Aggelos,,Thessaloniki,40.620642425682476,22.957230146032707,Entire home/apt,32,2,26,2025-05-31,0.90,2,134,14,00001884689
817280799302085386,City heart Room,172777157,Gregory,,Thessaloniki,40.633550073251655,22.939055487513542,Entire home/apt,63,2,3,2024-12-30,0.11,2,354,1,00498253750
818063340796137877,"Adelle Studio #31, The Luxury Suites",280458084,The Luxury Suites,,Thessaloniki,40.63775,22.93937,Entire home/apt,44,2,110,2025-05-26,3.87,180,152,53,00001901549
818063640189700242,"Adelle Studio #32, The Luxury Suites",280458084,The Luxury Suites,,Thessaloniki,40.63983,22.94084,Entire home/apt,44,2,90,2025-06-01,3.36,180,167,49,00001902864
818067945770325642,"Adelle Studio #33, The Luxury Suites",280458084,The Luxury Suites,,Thessaloniki,40.63799,22.93893,Entire home/apt,44,2,96,2025-05-28,3.41,180,168,45,00001902902
818069574694619800,"Adelle Studio #34, The Luxury Suites",280458084,The Luxury Suites,,Thessaloniki,40.63965,22.93941,Entire home/apt,43,2,77,2025-05-26,2.72,180,165,26,00001902918
818144625573476919,The Elysian luxury apartment CITY centre,5122108,Eleni,,Thessaloniki,40.6297,22.9509,Entire home/apt,91,2,25,2024-10-13,0.89,1,222,2,00494474133
819541893526481041,"Spacious, quiet, Balcony next center,Mall, RailSt.",197543386,Aristeidis,,Thessaloniki,40.64218,22.92149,Entire home/apt,26,28,22,2025-04-30,0.79,3,234,7,00001890871
820367248949909675,"Old City,New Vibes#hosted by DoorMat",499715628,Efstratios,,Thessaloniki,40.640867156610696,22.951683135746936,Entire home/apt,40,2,132,2025-06-12,4.59,1,293,56,00002485730
821082280004745882,DoorMat #6 Domus Dei,23525724,Mario,,Thessaloniki,40.630806,22.9494402,Entire home/apt,89,1,50,2025-06-01,1.75,4,47,22,00001893649
821512122162060850,Modern apartment in Thessaloniki,44681685,Stavros,,Thessaloniki,40.6010524,22.9547045,Entire home/apt,76,2,30,2025-06-16,1.05,1,231,5,00001894922
822272932315117802,Christos II,481233847,Χρήστος,,Pilea – Chortiatis,40.62917139791446,23.044531116993152,Private room,37,1,1,2024-10-17,0.12,4,341,1,00002983179
822392579788069436,The Fine Home,500164306,Ioannis,,Thessaloniki,40.6313242116435,22.951269261538982,Entire home/apt,,10,17,2023-07-06,0.60,1,0,0,00001896442
822910018676555093,Industrial Apartment in Thessaloniki,36326447,Stamatis,,Thessaloniki,40.6248,22.97553,Entire home/apt,126,2,0,,,2,52,0,00001896277
823035627443860184,The Caravan B&B-Standard Double,59679245,The Caravan,,Thessaloniki,40.6378373,22.9415434,Private room,,1,0,,,6,0,0,1178802
823054394480848147,The Caravan B&B-City View Double,59679245,The Caravan,,Thessaloniki,40.63738137529656,22.941929638098152,Private room,,1,0,,,6,0,0,1178802
823084859827631825,The Caravan B&B-Luminous Suite,59679245,The Caravan,,Thessaloniki,40.6378373,22.9415434,Private room,,1,0,,,6,0,0,1178802
823139903147764825,"""Closer"" Egnatia Apartment 1",500325834,,,Thessaloniki,40.6342355,22.9477277,Entire home/apt,80,2,0,,,6,90,0,00001883422
823935847094114883,Villa Filarety Luxury House,95473472,Πέτρος,,Neapolis – Sykeon,40.64717,22.95612,Entire home/apt,198,3,1,2023-04-10,0.04,1,216,0,00001885612
825083192438910390,Galerius guesthouse,477823066,Miltos,,Thessaloniki,40.6301782065,22.9502567,Entire home/apt,56,3,54,2025-06-01,1.92,1,347,21,00001892270
825962314963300887,#ATS-Port de L'eau Roof Garden,399994221,Antigonos,,Thessaloniki,40.63684,22.93584,Entire home/apt,111,3,101,2025-06-11,3.54,1,69,30,00001894661
826669437045818644,Atmospheric 1 bedroom apartment near the park,29676007,Marina,,Thessaloniki,40.59816,22.95542,Entire home/apt,58,2,102,2025-06-20,4.35,1,60,66,00002588243
827204109660989802,Lux studio at French Institute,93631145,Απόστολος,,Thessaloniki,40.62141685651355,22.957188598147575,Entire home/apt,36,2,35,2025-05-04,1.24,6,349,8,00001898324
828046407388067851,Innovative 2-BR futuristic flat in Ladadika,350279014,Innovation,,Thessaloniki,40.63617,22.93799,Entire home/apt,71,1,96,2025-06-09,3.44,35,150,45,00001872958
828141316897032609,F & B Collection - Flat for 6,31131449,Dimitris,,Thessaloniki,40.633838,22.947452,Entire home/apt,77,6,26,2025-04-11,0.97,50,360,8,00001289355
828894941233834551,"Fancy, minimalist apt w/view",214857203,Powerbnb,,Thessaloniki,40.64813,22.93524,Entire home/apt,47,1,31,2025-05-21,1.09,12,79,9,00001886970
828967928931519753,Lux Nomad MGMT - SKG,501521934,Alex,,Thessaloniki,40.641944,22.9373906,Entire home/apt,,2,32,2024-07-17,1.13,1,0,1,00001901836
829397761914516591,Central charming apartment with view,114347076,Marianna,,Thessaloniki,40.6310772,22.944628,Entire home/apt,117,2,13,2025-05-18,0.49,1,265,7,00001857902
830200975486898180,Loft Aphrodite 18 A,40847564,Spyridon,,Thessaloniki,40.63988,22.93926,Entire home/apt,129,2,0,,,5,170,0,Exempt
830345560591781684,Studio minimalist apt w/view,214857203,Powerbnb,,Thessaloniki,40.6472481789936,22.934982746032716,Entire home/apt,35,1,34,2025-03-21,1.20,12,90,10,00001886985
830914255789941085,Sunny Street Apartment,482223766,Κυριακή,,Thessaloniki,40.6463701,22.9242352,Entire home/apt,56,2,3,2023-07-23,0.11,1,54,0,00001902030
830948379407561652,Hidden Island Oasis near the city center,93145510,Vasilis,,Thessaloniki,40.61918,22.95547,Entire home/apt,48,2,93,2025-05-25,3.31,7,306,34,00001910965
831096517775812365,Be My Guest Thessaloniki,501971772,Δημήτρης,,Ampelokipon – Menemeni,40.650210950064206,22.928310517196643,Entire home/apt,58,2,9,2025-05-26,0.33,1,65,4,00001892854
831293495777361920,Iconic minimalist apt w/ view,214857203,Powerbnb,,Thessaloniki,40.64738,22.93464,Entire home/apt,,1,34,2025-06-03,1.20,12,84,4,00001886964
831675296267544136,Cute 2bdrm in Salonica Center,502100914,,,Thessaloniki,40.6412,22.93884,Entire home/apt,48,1,45,2025-04-22,1.93,1,353,13,00001918752
832352385819817399,Hagia Sophia Cathedral,188458774,Arcus O.E.,,Thessaloniki,40.63263449999999,22.9454078,Entire home/apt,97,2,2,2023-04-10,0.07,18,185,0,00003206222
832447199006419270,Houseloft White Tower Collection,29565272,Houseloft,,Thessaloniki,40.6281695,22.9486307,Entire home/apt,,1,50,2025-06-07,1.86,23,348,23,00003199330
832525711116014299,"Thessaloniki, Ifestionos  2-Bedroom Apartment",2295249,Angelos,,Thessaloniki,40.64319,22.93927,Entire home/apt,48,2,11,2024-02-16,0.39,5,92,0,00001916722
832604481656806051,Nestos Apartment,152956485,Ioannis,,Thessaloniki,40.61886,22.9599,Entire home/apt,33,1,47,2025-02-27,2.39,4,296,22,00001890499
832736332324620353,White tower city center loft 2,70494327,Hlias,,Thessaloniki,40.6275733193396,22.94938400387764,Entire home/apt,38,1,114,2025-05-29,4.07,2,66,41,00001751175
833227106150053049,The Caravan B&B-Superior Suite,59679245,The Caravan,,Thessaloniki,40.6378373,22.9415434,Private room,,1,0,,,6,0,0,1178802
833330777654868685,"Luxury flat, view and parking, 200m from the metro",502476464,Αχιλλέας,,Thessaloniki,40.64433,22.924467,Entire home/apt,53,3,98,2025-05-31,3.61,1,282,33,00001896623
834650678727636706,"Horizon #1, The Luxury Suites",280458084,The Luxury Suites,,Thessaloniki,40.64279,22.93522,Entire home/apt,40,2,43,2025-06-09,1.60,180,173,31,00003238476
834655822911911035,"Horizon #2, The Luxury Suites",280458084,The Luxury Suites,,Thessaloniki,40.6419,22.93642,Entire home/apt,245,2,76,2025-01-21,2.79,180,165,23,00002393121
834658697113189827,"Horizon #4, The Luxury Suites",280458084,The Luxury Suites,,Thessaloniki,40.64311,22.93494,Entire home/apt,45,2,71,2025-06-09,2.67,180,143,38,00002393137
834659957824606179,"Horizon #5, The Luxury Suites",280458084,The Luxury Suites,,Thessaloniki,40.64237,22.93505,Entire home/apt,964,2,12,2024-09-13,0.46,180,172,2,00002393158
834661072337094677,"Horizon #6, The Luxury Suites",280458084,The Luxury Suites,,Thessaloniki,40.64289,22.93645,Entire home/apt,42,2,35,2025-06-01,1.28,180,174,11,00002393163
834876268070079302,City Center Suites SKG (A),502601454,Harris,,Thessaloniki,40.6405,22.93773,Entire home/apt,38,10,20,2024-01-02,0.72,2,341,0,00001948391
834948454776066312,Celestial Luxury SKG Port,21555625,Νίκη,,Thessaloniki,40.6353131,22.9353337,Entire home/apt,56,2,44,2025-06-08,1.62,2,249,9,00001878720
835565208892428013,2&2 Διώροφη μεζονέτα με δύο σουίτες με μπάνιο,73333419,Marios,,Pilea – Chortiatis,40.5866,23.01514,Entire home/apt,450,90,4,2023-07-24,0.15,2,2,0,00001916950
836123127347916211,Melodys Quiet Central Apartment,451827249,Alexander,,Thessaloniki,40.64033,22.9416,Entire home/apt,75,1,197,2025-06-09,7.10,1,321,66,00001965405
836721491199594182,F & B Collection - 3 Bedroom Penthouse,31131449,Dimitris,,Thessaloniki,40.5994768,22.961872,Entire home/apt,,6,36,2025-05-06,1.28,50,310,15,00001920337
836775795415049251,Houseloft Metropolitan Charm,29565272,Houseloft,,Thessaloniki,40.6278686,22.9525868,Entire home/apt,81,1,10,2025-05-18,0.36,23,354,5,00003224087
837316743090107197,"Turnkey, cozy house for rent.",501192041,Markos,,Thessaloniki,40.605613718121006,22.960861628836057,Entire home/apt,36,1,51,2024-11-01,1.84,1,70,20,00002518126
837571448260795413,"Cozy KN, Nilie Hospitality MGMT",239769711,Nilie Premium Hospitality MGMT,,Thessaloniki,40.6336,22.94445,Entire home/apt,49,1,36,2025-06-07,1.41,303,5,29,2408661
838086616333045086,kids friendly apartment,114512195,Sofi,,Thessaloniki,40.59581,22.95607,Entire home/apt,100,2,18,2024-11-02,0.75,1,174,10,00001986909
838168795689675261,Downtown one bedroom apartment,9531550,Katerina,,Thessaloniki,40.63703670691507,22.936270428773433,Entire home/apt,58,1,174,2025-06-07,6.40,13,305,65,00001925096
838244079625563650,Downtown 130 sqm -6th floor- 4 bedroom apartment,9531550,Katerina,,Thessaloniki,40.637090583153615,22.93624471045076,Entire home/apt,105,1,97,2025-06-01,3.60,13,323,46,00001925096
838274722298203771,City Center Suites SKG (B),502601454,Harris,,Thessaloniki,40.64032,22.93952,Entire home/apt,57,10,22,2024-01-02,0.81,2,364,0,00001948344
838280767685804433,Cozy Spacious Flat in City Center,100740048,Eleni,,Thessaloniki,40.6369,22.95202,Entire home/apt,32,1,99,2025-06-17,4.00,1,282,52,00002102505
838283431117091724,Downtown 160 sqm -5th floor- 5 bedroom apartment,9531550,Katerina,,Thessaloniki,40.63713536180563,22.93626080370485,Entire home/apt,113,1,104,2025-06-09,3.83,13,276,49,00001925080
839554820513161288,Fori's Nest / Homy / SKG / 3P,491429613,Christoforos,,Thessaloniki,40.62015,22.96323,Entire home/apt,43,2,25,2025-05-28,1.02,2,347,8,00001924701
839565654332831282,Urban Oasis - Central Stylish Studio with Balcony,503783671,Ioannis,,Thessaloniki,40.62833938241436,22.948215265606677,Entire home/apt,83,1,118,2025-06-17,4.22,1,315,46,00001926465
839767937335531052,"V1 #6 Studio with Balcony, Nilie Hospitality MGMT",239769711,Nilie Premium Hospitality MGMT,,Thessaloniki,40.64239,22.93478,Entire home/apt,,1,16,2025-05-11,0.72,303,357,4,2334875
839772204763837536,"V1 #5 Studio with Balcony, Nilie Hospitality MGMT",239769711,Nilie Premium Hospitality MGMT,,Thessaloniki,40.64239,22.93478,Entire home/apt,54,1,8,2024-09-21,0.29,303,278,4,2334860
839937193407958552,Luxury Apartment in Thessaloniki Center,47685676,Olga,,Thessaloniki,40.6209,22.95847,Entire home/apt,47,1,18,2025-05-14,0.65,2,333,6,00001926530
840476621152425759,"V1 #9 Studio with Balcony, Nilie Hospitality MGMT",239769711,Nilie Premium Hospitality MGMT,,Thessaloniki,40.64239,22.93478,Entire home/apt,43,1,17,2025-06-21,0.61,303,365,6,2334913
841026742139057868,"Avenue Standard Studios, Nilie Hospitality MGMT",239769711,Nilie Premium Hospitality MGMT,,Thessaloniki,40.63708,22.93944,Entire home/apt,42,1,38,2025-06-19,1.52,303,364,34,00001435280
841119892572797897,thessaloniki flat,503240538,Michail,,Pavlou Mela,40.67288,22.93392,Entire home/apt,53,2,0,,,1,265,0,00002340441
841765908315629005,Gorgeous exclusive penthouse next to the seafront,350279014,Innovation,,Thessaloniki,40.6037873,22.9525665,Entire home/apt,83,2,76,2025-06-01,2.81,35,136,29,00003167930
841946184133819007,CitycenterApartment,51508938,Aggeliki,,Thessaloniki,40.64200959407917,22.92738553136587,Entire home/apt,,30,2,2023-08-28,0.08,2,0,0,00001224641
841950189369297114,Hidden paradise apartment,504305332,Georgios,,Thessaloniki,40.60526,22.97658,Entire home/apt,48,2,26,2025-05-05,0.97,1,201,8,00002691384
842481709938664743,Central & comfortable apart!,181038870,City Apartments,,Thessaloniki,40.63841626636436,22.9424699395895,Entire home/apt,58,2,25,2024-08-24,0.96,2,23,1,00001941989
842739197636799444,Soul - the vibe of the city,25320105,Manos,,Thessaloniki,40.6317694,22.9462847,Entire home/apt,70,2,70,2025-06-18,2.53,3,265,26,00003176710
843219063040017873,"""Calliope"" premium flat in Evosmo Thessaloniki",136467908,Theodoros&Eleni,,Kordelio – Evosmos,40.67121,22.91384,Entire home/apt,61,2,0,,,2,66,0,00001934768
843538379320562886,Cozy Place Near Historic Center,504640397,Marina,,Thessaloniki,40.6412616,22.9493906,Entire home/apt,52,3,4,2025-04-10,0.15,1,341,3,00001934338
845611389689633030,KYANA luxury,238952971,Αθανάσιος,,Thessaloniki,40.63465076388415,22.94830910861492,Entire home/apt,60,2,11,2025-05-16,0.47,1,311,5,00002181390
846466723053689417,Luxury apartment,162014423,Lazaros,,Ampelokipon – Menemeni,40.6562878,22.9063664,Entire home/apt,48,2,12,2025-05-25,0.44,1,267,2,00001937131
846522371185958175,Ladadika street view 104｜near Aristotle Square,337330816,Allen,,Thessaloniki,40.63597,22.93474,Entire home/apt,46,1,15,2025-05-26,0.55,6,363,6,00003308016
847572713646032041,VIP SKG Central apartment,505483771,Unlock,,Thessaloniki,40.6341414710945,22.946799469311514,Entire home/apt,,2,1,2024-04-14,0.07,4,0,0,00002613480
847573749457914124,Πανεπιστήμιο - Έκθεση- Τούρκικο προξενείο,52202112,Mike,,Thessaloniki,40.6363813,22.9546744,Entire home/apt,40,2,7,2024-10-28,0.27,3,162,1,00002436350
847665681082679873,Agia Sofia Noir Apartment,101485509,Dimitra,,Thessaloniki,40.63245,22.9446,Entire home/apt,101,2,25,2025-06-20,0.93,1,262,6,00001961152
848259724198973324,"Cozy 120Sq/m,2 B/room Apartment",16161258,Ektoras,,Thessaloniki,40.63375,22.94665,Entire home/apt,133,2,3,2024-10-08,0.11,1,365,1,00002433903
848443491983633989,Park studio,161976560,Angeliki,,Kalamaria,40.58602,22.96504,Entire home/apt,49,2,9,2025-05-31,0.50,1,90,6,00002347975
848532185896622243,Garden House/Thessaloniki/wifi,505691399,Styliani,,Kalamaria,40.58859,22.9636,Entire home/apt,72,2,1,2023-09-24,0.05,1,0,0,00001942980
849236381277802692,Appartamento Centrale Salonicco,189163224,Sofia,,Thessaloniki,40.6333732,22.944628,Entire home/apt,77,2,72,2025-06-18,2.63,1,145,30,00001938314
849796631460588795,Simplicity Flat near white tower,505311073,Haya,,Thessaloniki,40.6316,22.95288,Entire home/apt,50,2,10,2024-10-07,0.36,1,266,1,00001935940
851207669966373751,"Trendy studio with fast Wifi, Netflix & Nespresso",350279014,Innovation,,Thessaloniki,40.63684,22.93663,Entire home/apt,37,1,83,2025-06-09,3.11,35,52,45,00003167967
851447270349887772,Super stylish studio II,11536415,Costas,,Thessaloniki,40.61574,22.95747,Entire home/apt,32,3,17,2025-06-14,0.62,2,2,6,00001948318
851460410600874424,Λουξ Διαμέρισμα στην Καλαμαριά!,118179802,Antonis,,Kalamaria,40.58779,22.95019,Entire home/apt,72,6,10,2024-09-29,0.37,1,296,4,00002167473
852009401622389559,"Closer ""Egnatia Apartment 2""",500325834,,,Thessaloniki,40.63472,22.94664,Entire home/apt,79,2,0,,,6,365,0,00001883443
852017524427973315,"Closer ""Egnatia Apartment 4""",500325834,,,Thessaloniki,40.6342355,22.9477277,Entire home/apt,58,2,1,2023-06-22,0.04,6,365,0,00001883438
852673478609934106,Gavi Eleven Apartment,233599991,,,Thessaloniki,40.6477885,22.9323872,Entire home/apt,57,1,9,2025-06-20,0.33,30,347,4,00001950077
852825945076704381,East Coast Senses,108992327,Katerina,,Kalamaria,40.57608,22.96408,Entire home/apt,82,1,49,2025-06-11,1.78,3,311,20,00001952474
853435198630419092,The Caravan-Superior Apartment,506697607,George,,Thessaloniki,40.63947,22.9402,Entire home/apt,115,1,0,,,2,166,0,00001954951
853448125748745623,The Caravan-Deluxe Apartment,506697607,George,,Thessaloniki,40.63814,22.93884,Entire home/apt,103,1,1,2023-04-30,0.04,2,174,0,00001955013
855726765329014242,Comfort Studio,328710724,Smaro,,Pilea – Chortiatis,40.6074445,22.9939736,Entire home/apt,73,3,0,,,1,179,0,00001165289
856325988096644846,Downtown 160 sqm -7th floor- 5 bedroom apt,9531550,Katerina,,Thessaloniki,40.63707429999999,22.9361106,Entire home/apt,113,1,87,2025-05-26,3.26,13,279,41,00001974104
856446412443622144,Eliza's luxury apartment  next to metro station #2,505199704,Ολγα,,Thessaloniki,40.63496,22.94913,Entire home/apt,41,2,154,2025-06-20,5.71,1,350,56,00001960225
857328025374268083,exclusive ladadika apartment 1,84186875,Dimitris,,Thessaloniki,40.637600835623275,22.938863709568977,Entire home/apt,49,2,23,2025-05-04,0.88,3,359,12,00001957410
857638318199102289,Porto Sea View Apartments #41,372140900,Κωνσταντινια,,Thessaloniki,40.6344631,22.9364128,Entire home/apt,145,1,17,2025-01-26,0.75,41,349,4,00002062541
857649852173094016,Relax in the city center 1,72608852,,,Thessaloniki,40.64670769528922,22.92723649563136,Entire home/apt,42,3,0,,,2,296,0,00001964875
857662826725358928,#Pearl: Penthouse suite with amazing view,251290631,Halu,,Thessaloniki,40.63415,22.94527,Entire home/apt,76,1,33,2025-06-14,1.23,99,347,9,00002889311
857668207764059675,Sanders Old Port - Cute 1-Bdr Apt with Balcony,437864658,Sanders,,Thessaloniki,40.64485,22.92178,Entire home/apt,54,1,6,2024-12-14,0.23,46,323,2,00002467066
857668959079411539,Sanders Old Port - Precious 1-Bdr Apt with Balcony,437864658,Sanders,,Thessaloniki,40.64485,22.92178,Entire home/apt,46,1,4,2025-03-01,0.17,46,299,2,00002466983
857669406549189833,Sanders Old Port - Nice Studio with Balcony,437864658,Sanders,,Thessaloniki,40.64485,22.92178,Entire home/apt,42,1,5,2025-01-23,0.20,46,291,3,00002467024
857670196902112290,Sanders Old Port - Super 1-Bdr Apt with Balcony,437864658,Sanders,,Thessaloniki,40.64485,22.92178,Entire home/apt,49,1,4,2025-01-06,0.17,46,317,3,00002467030
857670482118314230,Sanders Old Port - Adorable 1-Bdr Apt with Balcony,437864658,Sanders,,Thessaloniki,40.64485,22.92178,Entire home/apt,49,1,3,2025-04-13,0.48,46,297,3,00002467045
857670874889804282,Sanders Old Port - Charming 1-Bdr Apt with Balcony,437864658,Sanders,,Thessaloniki,40.64485,22.92178,Entire home/apt,49,1,0,,,46,284,0,00002467050
857701481161435539,Urban suites- Helexpo,507586350,Babis,,Thessaloniki,40.6295391,22.9520711,Entire home/apt,77,2,9,2025-05-31,0.38,1,23,6,00002000833
857722214874328551,Porto Sea View Apartments #42,372140900,Κωνσταντινια,,Thessaloniki,40.63434911335531,22.936198223278808,Entire home/apt,139,1,16,2025-06-13,0.70,41,348,10,00002062663
857744859753819868,Porto Sea View Apartments #43,372140900,Κωνσταντινια,,Thessaloniki,40.6344631,22.9364128,Entire home/apt,123,1,7,2025-05-30,0.31,41,359,3,00002062891
857782685556956226,Porto Sea View Apartments #44,372140900,Κωνσταντινια,,Thessaloniki,40.63507,22.93743,Entire home/apt,87,1,0,,,41,346,0,00002062802
857799105354983358,Porto Sea View Apartments #46,372140900,Κωνσταντινια,,Thessaloniki,40.6344631,22.9364128,Entire home/apt,93,1,1,2023-11-19,0.05,41,323,0,00002062930
857818023492796887,Porto Sea View Apartments #45,372140900,Κωνσταντινια,,Thessaloniki,40.63544,22.93599,Entire home/apt,76,1,0,,,41,336,0,00002062919
857968377358544094,Urban Living 4,112627287,Urban Living,,Thessaloniki,40.6368963,22.9427198,Entire home/apt,50,3,2,2023-12-11,0.08,9,358,0,00001895148
858516898419237990,Studio Agia Triada - Theageneio,507754548,Ηλίας,,Thessaloniki,40.6182789,22.9579867,Entire home/apt,,2,31,2025-02-02,1.16,1,1,18,00001963550
858521480438358193,ITHACA: Διαμέρισμα με αυτόνομη είσοδο,474940787,Ειρήνη,,Pavlou Mela,40.6685221,22.9244788,Entire home/apt,62,1,35,2025-06-01,1.31,2,340,11,00001648868
858521776565249248,#4 Ioanna Apartments,434347481,Ioanna Apartments,,Pavlou Mela,40.67682,22.93462,Entire home/apt,39,2,55,2025-06-08,2.30,23,332,31,00001967520
858710237433889782,Exclusive ladadika apartment 2,84186875,Dimitris,,Thessaloniki,40.63845,22.93796,Entire home/apt,51,2,1,2023-09-10,0.05,3,259,0,00002276982
859234741292410140,#3 Ioanna Apartments,434347481,Ioanna Apartments,,Pavlou Mela,40.67751,22.93477,Entire home/apt,41,2,77,2025-06-06,2.83,23,326,38,00001967515
859248245809026457,#2 Ioanna Apartments,434347481,Ioanna Apartments,,Pavlou Mela,40.67728,22.93619,Entire home/apt,42,2,71,2025-05-16,2.61,23,318,28,00001967500
859258563459735836,#1 Ioanna Apartments,434347481,Ioanna Apartments,,Pavlou Mela,40.67678,22.93546,Entire home/apt,42,2,102,2025-06-16,3.93,23,334,47,00001967498
859355763408929775,Cozy City Centre  Apartment,120540147,,,Thessaloniki,40.6294387349038,22.949934527277946,Entire home/apt,47,3,38,2025-06-09,1.41,1,270,17,00001968559
859405792197015294,Rea's place,53163893,George,,Thessaloniki,40.6158765,22.9674337,Entire home/apt,48,2,1,2023-04-30,0.04,1,364,0,00001968383
859883774537272636,Cozy 20 sq flat in Salonica,418406263,Ioannis,,Thessaloniki,40.64759,22.93884,Entire home/apt,37,3,8,2025-06-10,0.33,1,365,2,00001948689
860862171129442628,Promenade Apartment with Sea View_T11,260979712,Erasmus,,Thessaloniki,40.61594,22.95435,Entire home/apt,32,2,0,,,18,206,0,00001738506
860892548977686530,Serenity,508234250,Charis,,Thessaloniki,40.64298,22.9402633,Entire home/apt,40,2,6,2024-01-07,0.22,1,76,0,00001964780
861209060264034755,Lux Studio at French Institude 2,93631145,Απόστολος,,Thessaloniki,40.62067,22.95825,Entire home/apt,35,2,17,2025-03-25,0.63,6,345,4,00002038562
861322325320484304,Urban Elegance in Thessaloniki,436387571,Kyriakos,,Thessaloniki,40.62999588386072,22.951277043814887,Entire home/apt,64,1,11,2025-06-08,0.44,6,104,4,00002029656
861343488913377390,Chloe by halu! Apartments,251290631,Halu,,Thessaloniki,40.63101,22.94994,Entire home/apt,61,1,14,2025-02-16,0.53,99,361,3,00001967966
861619767915283349,Sunny Rooftop House,114389106,Τασος,,Kordelio – Evosmos,40.6628196,22.9118911,Entire home/apt,58,1,51,2025-06-16,2.05,1,352,18,00003356743
861678983247015240,Το σπιτάκι της Αθηνάς,180953199,Αθηνά,,Neapolis – Sykeon,40.64746738646681,22.939562425017357,Entire home/apt,43,1,54,2025-06-17,2.00,2,300,18,00001939262
862168527449288505,Urban Elephant suites: Junior suite with balcony,489707491,Urban,,Thessaloniki,40.64238,22.92774,Private room,64,1,2,2024-12-20,0.18,3,196,2,1266218
862360180705951169,Petite Palace Aristotelous 2,508557034,Spyros,,Thessaloniki,40.6335698,22.9447676,Entire home/apt,95,3,1,2023-05-01,0.04,1,27,0,1985519
862619275622800610,CenterStage1-Boutique Apartment,458932050,George,,Thessaloniki,40.6312298,22.942999,Entire home/apt,162,2,5,2024-06-13,0.19,1,181,0,00002428669
862989416069014496,Superb apartment in city center.,237581754,Christos-Dimitrios,,Thessaloniki,40.62801990000001,22.9518728,Entire home/apt,51,1,49,2025-06-22,1.88,1,282,10,00002021450
863021706645065284,Christos,481233847,Χρήστος,,Pilea – Chortiatis,40.6294761,23.0442657,Entire home/apt,38,1,4,2025-05-04,0.17,4,340,3,00001978218
863510034907755230,"Green Tulip, Nilie Hospitality MGMT",239769711,Nilie Premium Hospitality MGMT,,Thessaloniki,40.6353034,22.9358475,Entire home/apt,47,1,26,2025-06-15,1.25,303,305,11,00003085432
863540312461104473,Lefkothea's central apartment,508803749,Ιφιγενεια,,Thessaloniki,40.61651680000001,22.9603943,Entire home/apt,56,2,15,2025-05-25,0.58,1,358,9,00001989213
863617658288144161,Kleious Ground Floor Apartment,474464191,Ana,,Thessaloniki,40.64325,22.94511,Entire home/apt,39,120,4,2023-09-15,0.16,5,356,0,00001981649
863664188088266402,"Maison Cristal, The Luxury Suites",280458084,The Luxury Suites,,Thessaloniki,40.63953,22.93663,Entire home/apt,50,2,38,2025-04-05,1.44,180,166,21,00002535739
863818914171916975,Φιλοξενία2,501988071,Γιωργος,,Neapolis – Sykeon,40.64799,22.93672,Entire home/apt,74,2,6,2024-08-31,0.41,1,336,4,00001977705
864300288256528514,C.1 Elia Old_Town,32216964,George,,Thessaloniki,40.6440871,22.9440113,Entire home/apt,168,2,35,2025-06-09,1.31,16,109,9,00001983839
864448614251430298,Laonikos Seaside Urban Studio SKG,20816730,,,Thessaloniki,40.600249,22.95335,Entire home/apt,63,1,55,2025-06-21,2.74,1,347,35,00002236750
864481499624191486,Velvet Hours | Luxury Stay in Thessaloniki,505252855,Ηλίας,,Thessaloniki,40.61517,22.96919,Entire home/apt,69,2,15,2025-03-08,0.58,2,327,2,00001943808
864514192493213083,Syggrou Project 44,49272219,Timos,,Thessaloniki,40.6388,22.94104,Entire home/apt,90,1,0,,,6,336,0,00001950439
865144813589893454,Cozy apartment next to subway station for 2 !,42366041,Giannis Roditis,,Thessaloniki,40.60848,22.95595,Entire home/apt,42,2,60,2025-06-22,2.24,1,181,30,00001859438
865814465741914144,Green Doors Penthouse,4166285,Magda,,Thessaloniki,40.6316166,22.9475369,Entire home/apt,,2,49,2025-06-07,1.87,1,238,24,00001991456
866632169909596364,Άνετο και όμορφο ρετιρέ στο κέντρο της πόλης,509234022,Maria,,Thessaloniki,40.63573,22.94701,Entire home/apt,86,3,8,2025-06-01,0.31,1,290,3,00001987474
866692712372002577,Cosy apt. near the city centre,124442977,Μάγδα,,Ampelokipon – Menemeni,40.65133,22.92453,Entire home/apt,39,2,2,2024-08-14,0.09,1,103,1,00001988535
866699757853291127,Spacious | Luminous | Central,43633063,Harry,,Thessaloniki,40.63190828897352,22.949149744180318,Entire home/apt,117,2,19,2024-09-22,0.72,5,108,4,00001988600
868009934545086049,Acanthus,509724832,Γρηγορης,,Thessaloniki,40.6101704,22.9588959,Entire home/apt,99,2,0,,,1,90,0,00001975966
868037966197564438,Petit 58 City Apartment,359806903,Ioanna,,Kalamaria,40.56966,22.96039,Entire home/apt,70,2,26,2025-04-21,0.98,1,59,13,00002411232
868073825609710274,Στούντιο Ιωάννα,411457403,Ιωάννα,,Thessaloniki,40.60882,22.96214,Entire home/apt,44,2,105,2025-04-28,3.96,1,235,26,00002002024
868502563365411117,Mamo Thessaloniki Studios ~2,300676576,Magdalini,,Thessaloniki,40.64682811466789,22.923523150384426,Entire home/apt,41,3,29,2025-05-04,1.10,2,214,12,00001988072
868686502797999591,4 Travelers - Together,91511772,Crisa,,Thessaloniki,40.6338509,22.9426049,Entire home/apt,134,2,11,2024-09-14,0.42,4,329,2,00001996758
868711852799394080,Filota Luxury Home - free public parking,103306415,Angel,,Thessaloniki,40.64264084089942,22.94132803558199,Entire home/apt,112,3,2,2023-06-02,0.08,3,349,0,00001996838
869210908192555208,Lydia's,433637970,Georgios,,Thessaloniki,40.6098659,22.9601904,Entire home/apt,47,1,113,2025-04-07,4.35,1,294,39,00002010110
870019640339589378,"Big Apple 6.14 | Apartment BLC, Nilie Hospitality",239769711,Nilie Premium Hospitality MGMT,,Thessaloniki,40.63934,22.93869,Entire home/apt,44,1,23,2025-01-04,0.94,303,359,6,2662237
870314491949610894,Domi's Rooftop Apartment,510197474,Θεοκλήτη,,Kalamaria,40.57753,22.95228,Entire home/apt,72,2,16,2025-06-22,0.64,1,333,9,00001996657
870316370441764580,LuxLiving Agiou Dimitriou,510197006,Alexandros,,Thessaloniki,40.6377684,22.9485706,Entire home/apt,46,1,74,2025-06-10,2.83,9,353,26,00002015150
870705978684692425,"Big Apple 6.12 | Apartment BLC, Nilie Hospitality",239769711,Nilie Premium Hospitality MGMT,,Thessaloniki,40.63934,22.93869,Entire home/apt,41,1,8,2025-05-03,0.36,303,355,4,2665577
870723143429455810,"Big Apple 6.10 | Apartment BLC, Nilie Hospitality",239769711,Nilie Premium Hospitality MGMT,,Thessaloniki,40.63934,22.93869,Entire home/apt,41,1,13,2024-05-05,0.79,303,349,0,2665582
870732616176376935,"Big Apple 7.12 | Studio, Nilie Hospitality",239769711,Nilie Premium Hospitality MGMT,,Thessaloniki,40.63934,22.93869,Entire home/apt,44,1,8,2024-11-17,0.41,303,363,5,2665657
871693931569568462,Mamo Thessaloniki Studios ~1,300676576,Magdalini,,Thessaloniki,40.64683396557166,22.923476547002792,Entire home/apt,37,3,14,2025-05-05,0.53,2,214,7,00001988067
871802240199223289,Santa Sophia’s Elegant Pop Suite,460542477,Alexandros,,Thessaloniki,40.633254407672354,22.94843651354313,Entire home/apt,72,1,41,2025-01-02,1.56,5,259,8,00003223118
872172902339832378,Cosy Studio,43145005,Evι,,Pilea – Chortiatis,40.59707,22.98435,Entire home/apt,53,4,1,2023-06-05,0.04,1,215,0,00001998730
872277020215370051,F & B Collection - Flat for 4,31131449,Dimitris,,Kalamaria,40.5839128,22.9536056,Entire home/apt,58,7,29,2025-06-09,1.26,50,359,11,00001931172
872492358786742837,cozy house,510670334,,,Pavlou Mela,40.66167,22.95243,Entire home/apt,40,2,6,2025-05-26,0.27,1,358,4,00002098108
873048378946372961,White City Stay Studios & Apts 2,510781981,Babis,,Thessaloniki,40.64089550681795,22.929087164418014,Entire home/apt,25,1,0,,,2,0,0,00001847813
873057217901659120,Elegant apartment with balcony next to seafront,350279014,Innovation,,Thessaloniki,40.60491,22.95141,Entire home/apt,65,1,58,2025-06-09,2.23,35,121,29,00002007554
873760221403457515,New penthouse  near center and subway/free parking,27467340,Alexandros,,Thessaloniki,40.64444,22.922,Entire home/apt,34,2,35,2025-05-29,1.33,1,146,11,00002006042
873852259137404239,Studio in Mpotsari Str,474464191,Ana,,Thessaloniki,40.607155,22.9643154,Entire home/apt,21,30,0,,,5,205,0,00002010428
873896397983830405,black dot,510965923,Blackdotrooms,,Thessaloniki,40.6409891,22.9373673,Entire home/apt,43,10,8,2025-06-08,0.30,2,320,6,00002007958
874401514110339575,White City Stay 2,510781981,Babis,,Thessaloniki,40.64207,22.92845,Entire home/apt,,1,0,,,2,0,0,00001921318
874527348662622085,Queen sized bed | Luxury Accommodation | Balcony,505252855,Ηλίας,,Thessaloniki,40.6155,22.96956,Entire home/apt,56,2,15,2025-06-22,0.59,2,258,8,00002005592
876081492528535726,MF Luxury Apartments,241268374,Μαριάνθη Marianna,,Thessaloniki,40.64504,22.92315,Entire home/apt,45,2,10,2025-05-04,0.38,1,365,5,00002303096
876631988863814998,Kalamaria-in-Center,377310536,Olena,,Kalamaria,40.5799900446338,22.951752356652815,Entire home/apt,,1,10,2025-05-22,0.39,1,73,5,00002008535
876769768637305552,Κέντρο,224059789,George,,Thessaloniki,40.6314583,22.9452842,Entire home/apt,,3,3,2024-09-08,0.13,1,178,1,00000272948
877200798608478053,Relax in the city center 2,72608852,,,Thessaloniki,40.6467716,22.9273075,Entire home/apt,38,3,2,2023-05-09,0.08,2,296,0,00002014244
877269580613256458,Rusion Fortress,188458774,Arcus O.E.,,Thessaloniki,40.6303288,22.963805,Entire home/apt,108,3,13,2025-06-01,0.58,18,179,9,00001921647
877360054321202718,Mariza's luxury suites #1A,155265031,Mariza,,Ampelokipon – Menemeni,40.6513009,22.9131306,Entire home/apt,59,1,22,2025-06-15,0.84,2,353,5,00002011482
877399418878026890,Mariza's luxury suites #2M,155265031,Mariza,,Ampelokipon – Menemeni,40.6513009,22.9131306,Entire home/apt,58,1,91,2025-06-14,3.47,2,357,29,00002011477
878729850185032432,Sunshine Apartments #01,466333344,Γεωργιος,,Thessaloniki,40.6441548,22.9241644,Entire home/apt,30,1,25,2025-05-25,0.96,2,259,14,00001926806
880181423428366275,ΟλντΣίτιαπαρτμεντ,79446546,Dimitrios,,Thessaloniki,40.64597819999999,22.9406506,Entire home/apt,41,4,0,,,5,337,0,00002011397
880224477599489883,Exclusive ladadika apartment 3,84186875,Dimitris,,Thessaloniki,40.6375928,22.9386705,Entire home/apt,68,2,5,2024-10-28,0.20,3,356,1,00002277018
881001727314981156,Adam's apartment with large sunny balcony,160330109,Yorgos,,Thessaloniki,40.62967,22.95211,Entire home/apt,63,5,10,2025-05-31,0.56,2,69,5,00002584883
881152807490223892,City Nest 5 @ Thessaloniki Center / 2p,512430842,Mirella,,Thessaloniki,40.639347106076364,22.94167292345545,Entire home/apt,51,2,41,2025-05-13,1.73,1,347,13,00002024354
881179092137920604,SKG City Cabin,512498750,Jose,,Thessaloniki,40.636302334010836,22.937297407934583,Entire home/apt,74,2,20,2025-05-18,0.79,1,62,11,00002032360
881380540839682750,Agapi’s apartment,333690273,Αγάπη,,Kalamaria,40.5861987,22.956322,Entire home/apt,58,2,14,2025-06-15,0.54,1,267,6,00002015204
881507225143728660,City Nest 4 @ ThessalonikiCenter/2p,512565241,Μιχαήλ,,Thessaloniki,40.63938583938309,22.941619585736486,Entire home/apt,51,2,28,2025-03-28,1.12,1,342,8,00002028388
882429901924382738,"Artistic eco aprt, Rotunda SKG",502266610,Vasilis,,Thessaloniki,40.63607,22.95151,Entire home/apt,73,1,50,2025-06-06,2.09,1,259,30,00002717888
884671250162443821,#Penelope by halu! apartments,251290631,Halu,,Thessaloniki,40.63026,22.95114,Entire home/apt,119,1,40,2025-05-09,1.62,99,337,17,00002883878
885345040342499278,Jim House Thessaloniki,160126520,Giorgos,,Pilea – Chortiatis,40.60621,22.98183,Entire home/apt,73,2,44,2025-06-21,1.90,1,342,23,2212367
885937398829827744,"Pantheon 6.4 | Port View, Nilie Hospitality MGMT",239769711,Nilie Premium Hospitality MGMT,,Thessaloniki,40.63525,22.93638,Entire home/apt,44,1,50,2025-06-22,1.93,303,347,46,2562405
886065409928838558,Marilians Luxury Apartment,452499645,Dimitrios,,Thessaloniki,40.6122814,22.9610044,Entire home/apt,72,2,10,2024-12-25,0.39,1,265,3,00001989377
886970152977022616,Apartment  urban loft,513792785,Φιλιππια,,Thessaloniki,40.60216,22.95554,Entire home/apt,43,3,69,2025-06-06,2.73,1,360,27,00002080402
887511554652706910,Ημιυπόγειο-ισόγειο φωτεινό,513907285,Ευθαλια,,Thessaloniki,40.62997,22.96261,Entire home/apt,24,2,0,,,1,143,0,00001827353
887696725063239765,Ladadika street view 103｜near Aristotle Square,337330816,Allen,,Thessaloniki,40.63571,22.93658,Entire home/apt,54,1,38,2025-05-13,1.57,6,351,20,00003307996
887710302345777392,Authentic City Living,513965058,Ioana,,Thessaloniki,40.63155,22.94911,Entire home/apt,65,2,4,2024-11-11,0.18,1,364,2,00001167054
888071912656590439,Tasos apartment,146027074,Anastasios,,Thessaloniki,40.60101864066437,22.952935583889488,Entire home/apt,53,1,69,2025-06-23,2.68,1,86,30,00001973882
888105401753748012,Studios Iris,514034276,Βαρβαρα,,Kordelio – Evosmos,40.676108584048805,22.894484717886968,Private room,73,3,2,2024-06-22,0.09,1,365,0,0933Κ122Κ0443700
888119404450561368,Old school - classic value,7926196,Elena,,Thessaloniki,40.64554260000001,22.9400668,Entire home/apt,51,1,21,2024-09-16,0.82,2,360,7,01183066305
888246193328306723,Thanos Luxurious Apartment,60917896,Thanos,,Thessaloniki,40.61918,22.95905,Entire home/apt,51,2,40,2025-06-15,1.60,1,346,21,00002034894
888247366886988439,Earthy and cozy 55sqm condo in the historic center,382941620,Antonios,,Thessaloniki,40.642208,22.9379668,Entire home/apt,52,5,35,2025-06-19,1.36,1,243,17,00002050013
888924759590678586,Next to railway station | K room,212454949,Evans' Apartments,,Thessaloniki,40.64402369201323,22.93297056108713,Entire home/apt,40,1,37,2025-06-08,1.47,6,126,11,00002013061
888944352058391446,Emerald House,508345975,Komno,,Neapolis – Sykeon,40.6604115,22.9888891,Entire home/apt,70,2,18,2025-06-23,0.72,1,364,6,00001960660
889744690277657343,Family friendly~4 BEDS~Free priv. Parking~Balcony,172482632,Alexandros,,Neapolis – Sykeon,40.6474031,22.950595,Entire home/apt,55,1,126,2025-06-18,4.97,1,104,69,2050805
890345513848081773,Γκαρσονιέρα στις 40 εκκλησίες,50346796,Konstadinos,,Thessaloniki,40.6330065,22.9673271,Entire home/apt,33,2,22,2025-06-22,0.94,1,365,15,00002057117
890451527369856925,Bocca’s,45415850,Darko,,Thessaloniki,40.641395,22.946525,Entire home/apt,29,3,7,2025-05-01,0.34,1,6,3,00002085464
891067525525517704,Lux Locals 1 by Luxlikehome,231048679,Luxlikehome,,Thessaloniki,40.63705,22.93811,Entire home/apt,85,2,2,2023-11-03,0.09,19,318,0,00003006414
891094211294556449,Lux Locals 2 by Luxlikehome,231048679,Luxlikehome,,Thessaloniki,40.63777,22.93815,Entire home/apt,85,2,4,2023-12-17,0.16,19,299,0,00003006440
891882950808384342,Ikos central spacious apartment,261937610,Dimitriadis,,Thessaloniki,40.6340719,22.9487661,Entire home/apt,86,1,0,,,10,179,0,00002371693
891982777141699303,Kalamaria Brand New 1 Bedroom Apartment,183460322,Christos,,Kalamaria,40.5847053,22.9474206,Entire home/apt,114,2,1,2023-08-16,0.04,2,172,0,00002046498
892040797693637327,Kalamaria Brand New 2 Bedroom Apartment,183460322,Christos,,Kalamaria,40.5847053,22.9474206,Entire home/apt,143,2,3,2023-10-23,0.13,2,179,0,00002046461
892468404108461224,Minimal Penthouse by Maria,514979313,Maria,,Thessaloniki,40.63966378636701,22.93842581651316,Entire home/apt,72,2,68,2025-06-01,2.72,1,327,33,00002100490
892508477850477585,Snow White studios: Memorable city break,251290631,Halu,,Thessaloniki,40.63181,22.94962,Private room,,1,27,2025-02-23,1.06,99,0,5,0933Ε70000225701
892561439530454741,Ifos Apartments,499857867,Ruslana,,Ampelokipon – Menemeni,40.6491326,22.9231502,Entire home/apt,42,1,2,2023-06-25,0.08,6,364,0,00001878268
892561720667436400,Upper View Grande Terrace Apart,474464191,Ana,,Thessaloniki,40.6425212,22.9460619,Entire home/apt,39,10,0,,,5,361,0,00002062435
892705510794931570,Stylish Urban Studio w Balcony,477781969,Eg Urban Stay,,Thessaloniki,40.64261,22.9315,Entire home/apt,44,2,32,2025-05-24,1.47,5,133,10,00002063458
892728456011998934,Ifos Apartments,499857867,Ruslana,,Ampelokipon – Menemeni,40.6491326,22.9231502,Entire home/apt,42,1,0,,,6,364,0,00001878268
892736275012720638,Ifos Apartments,499857867,Ruslana,,Ampelokipon – Menemeni,40.6491326,22.9231502,Entire home/apt,42,1,4,2024-03-02,0.16,6,363,0,00001878247
892740243830245344,Ifos Apartments,499857867,Ruslana,,Ampelokipon – Menemeni,40.6491326,22.9231502,Entire home/apt,42,1,19,2025-05-28,0.75,6,363,10,00001878247
892745748264461185,Ifos Apartments,499857867,Ruslana,,Ampelokipon – Menemeni,40.6491326,22.9231502,Entire home/apt,,1,15,2025-06-10,0.61,6,353,6,00001878247
892759358195242950,Ifos Apartments,499857867,Ruslana,,Ampelokipon – Menemeni,40.6491326,22.9231502,Entire home/apt,32,1,37,2025-05-31,1.48,6,338,29,00001878268
893161452313853990,Porto Sea View Apartments - #48,372140900,Κωνσταντινια,,Thessaloniki,40.6344631,22.9364128,Entire home/apt,121,1,7,2025-02-01,0.30,41,363,3,00002063028
893164007775976689,Porto Sea View Apartments - #49,372140900,Κωνσταντινια,,Thessaloniki,40.6344631,22.9364128,Entire home/apt,110,1,1,2023-11-03,0.05,41,317,0,00002062802
893446921438608817,Art Corner in the heart of the city,515398068,Homevision,,Thessaloniki,40.63198,22.94979,Entire home/apt,59,2,12,2025-05-17,0.50,28,346,4,00002066613
893876092625700029,"Stylish Urban Studio with private entrance, #G1",477781969,Eg Urban Stay,,Thessaloniki,40.64324,22.93261,Entire home/apt,41,2,9,2024-03-21,0.40,5,119,0,00001839345
894266241752830034,Almond Apartment,349542441,Argo,,Kalamaria,40.5765807,22.9538434,Entire home/apt,42,2,2,2023-11-02,0.08,6,32,0,00002316830
894817165449958402,Ioanna Apartments | Luxury Studio 2,434347481,Ioanna Apartments,,Thessaloniki,40.6187216,22.96142,Entire home/apt,47,2,93,2025-06-17,3.71,23,345,51,00002069470
894935506619152537,Ioanna Apartments | Luxury Studio 3,434347481,Ioanna Apartments,,Thessaloniki,40.6187216,22.96142,Entire home/apt,34,2,85,2025-06-21,3.36,23,323,44,00002069363
895433361149840878,Villanova - Emerald Suite,350701586,Polina,,Thessaloniki,40.64375,22.93328,Entire home/apt,41,1,97,2025-05-25,3.91,7,298,53,00003221363
895557736895054575,Pretty Petitie Fully Equipped City Center Studio,8875256,Alex,,Thessaloniki,40.638252434694806,22.940991773155204,Entire home/apt,30,2,77,2025-06-18,3.04,3,321,15,00002160035
896323956520204030,Gorgeous Room-Jacuzzi-CityCenter,217068162,Marabou Unique Stay,,Thessaloniki,40.6386434,22.9377632,Private room,87,1,25,2025-05-22,1.07,7,100,12,00002084011
896423609345348391,Stunning room-CityCenter-Getaway,217068162,Marabou Unique Stay,,Thessaloniki,40.6386434,22.9377632,Entire home/apt,69,1,53,2025-06-09,2.10,7,135,25,00002084011
896437853971798830,Stylish & Tiny Room-City Center,217068162,Marabou Unique Stay,,Thessaloniki,40.6386434,22.9377632,Entire home/apt,59,1,14,2024-09-09,0.69,7,39,3,00002084011
896450129719100956,Unique Room-Jacuzzi and Balcony,217068162,Marabou Unique Stay,,Thessaloniki,40.6386434,22.9377632,Entire home/apt,118,1,35,2025-06-01,1.40,7,102,13,00002084011
896451656986762457,Modern Apartment in Kalamaria,147341432,Christina,,Kalamaria,40.58796,22.96472,Entire home/apt,46,1,44,2025-06-17,1.76,2,315,21,00002074608
896457921780355886,Boho Room-Jacuzzi-City Center,217068162,Marabou Unique Stay,,Thessaloniki,40.6386434,22.9377632,Entire home/apt,84,1,39,2025-02-20,1.55,7,85,16,00002084011
896975034489996943,Ioanna Apartments | Luxury  Suite Νο1,482985601,Ioanna Apartments,,Thessaloniki,40.6388548,22.9362016,Entire home/apt,42,2,65,2025-05-31,2.66,12,312,34,00002077109
897040614176039426,Rooftop Tsimiski Apartment,119416356,Fani,,Thessaloniki,40.63358,22.93919,Entire home/apt,41,1,74,2025-05-29,2.98,34,23,34,00002084499
897688486755271680,SKG Retreat - Emerald | 5 min to Metro & Seafront,155913725,Dimosthenis,,Thessaloniki,40.6102925,22.9559068,Entire home/apt,45,2,16,2025-01-07,1.16,1,306,7,00002441212
898271567172831134,Edem #Skgbnb,1977386,Cristina&Tomas! Skgbnb,,Thessaloniki,40.63833,22.94892,Entire home/apt,81,2,15,2025-05-24,0.59,36,315,9,00002069337
898574727120106081,DoorMat #8 Retro Soul,555435959,Fotios,,Thessaloniki,40.6287266,22.9475892,Entire home/apt,47,1,107,2025-06-22,4.30,23,339,77,00002702194
898962732962741275,Ιδανική  διαμονή στο κέντρο με παροχή parking,516453603,Seas,,Thessaloniki,40.6288865,22.9497012,Entire home/apt,50,2,123,2025-06-18,5.10,1,32,70,00002084558
899793045435746788,Ioanna Apartments | Luxury Studio 1,434347481,Ioanna Apartments,,Thessaloniki,40.6187216,22.96142,Entire home/apt,41,2,85,2025-06-16,3.46,23,341,36,00002069443
899800384570559013,Ioanna Apartments | Luxury Suite Νο2,482985601,Ioanna Apartments,,Thessaloniki,40.6388548,22.9362016,Entire home/apt,33,2,60,2025-06-19,2.51,12,341,31,00002077135
899802564004489137,Ioanna Apartments | Luxury Suite Νο3,482985601,Ioanna Apartments,,Thessaloniki,40.6388548,22.9362016,Entire home/apt,44,2,62,2025-06-10,2.52,12,340,31,00002077140
899804619746283983,Ioanna Apartments | Luxury  Suite Νο4,482985601,Ioanna Apartments,,Thessaloniki,40.6388548,22.9362016,Entire home/apt,47,2,79,2025-06-21,3.24,12,336,34,00002077156
899804781726420097,Ioanna Apartments | Luxury Suite Νο5,482985601,Ioanna Apartments,,Thessaloniki,40.6388548,22.9362016,Entire home/apt,48,2,64,2025-06-10,2.63,12,333,30,00002077161
899809250962686126,Ioanna Apartments | Luxury Suite Νο6,482985601,Ioanna Apartments,,Thessaloniki,40.63965,22.93726,Entire home/apt,47,2,74,2025-06-13,3.05,12,353,40,00002077177
899811745924578475,Ioanna Apartments | Luxury Suite Νο7,482985601,Ioanna Apartments,,Thessaloniki,40.6388548,22.9362016,Entire home/apt,45,2,90,2025-06-07,3.67,12,335,39,00002077198
899818238446233856,Ioanna Apartments | Luxury Jacuzzi Suite Νο8,482985601,Ioanna Apartments,,Thessaloniki,40.6388548,22.9362016,Entire home/apt,48,2,85,2025-05-23,3.46,12,329,39,00002077182
900045317097229640,Victoria’s apartment,484209905,Victoria,,Thessaloniki,40.6291,22.951,Entire home/apt,43,4,71,2025-06-21,3.25,1,87,29,00002303517
900432016887314287,Two bedroom apartment in the city center,442073493,Daniel,,Thessaloniki,40.64363669999999,22.9396536,Entire home/apt,84,2,36,2025-05-26,1.42,3,154,18,00002056604
900681955522898620,BeOurGuest#1-Bright Central Suite,516830304,Ευαγγελία,,Thessaloniki,40.62827,22.95392,Entire home/apt,,3,14,2025-03-10,0.58,2,71,4,00002091801
900690361615256143,The secret place -Mona Lisa,504251838,Χρύσα,,Thessaloniki,40.61052,22.97564,Entire home/apt,59,2,18,2024-10-28,0.72,1,88,5,00002081000
900745850997292869,Industrial Loft with sea view,68887084,Sofia (Fei),,Thessaloniki,40.63677066691969,22.93622776865959,Entire home/apt,118,2,12,2025-01-01,0.55,1,89,7,00002902183
901202033603823394,BeOurGuest#2-Bright Corner Suite,516830304,Ευαγγελία,,Thessaloniki,40.6294016,22.952836,Entire home/apt,55,3,30,2025-01-02,1.29,2,87,10,00002091817
901238340098898195,Casa di famiglia 1,490955236,Ιωαννα,,Neapolis – Sykeon,40.653918,22.9578437,Entire home/apt,88,2,5,2025-06-02,0.22,7,359,4,00002605091
901284203943315778,Seaside Heights: Awe-Inspiring City Views!,516952908,Yanis,,Thessaloniki,40.6397854,22.9477833,Entire home/apt,56,3,93,2025-06-14,4.06,1,57,47,00002149704
901320980106453898,Casa di famiglia 2,490955236,Ιωαννα,,Neapolis – Sykeon,40.653949,22.9579848,Entire home/apt,81,2,5,2024-07-06,0.23,7,358,1,00002605086
901445409640551495,Κήπος στο κέντρο της Θεσσαλονίκης!,516972432,Nikos,,Thessaloniki,40.63963009705216,22.95233946293592,Entire home/apt,93,2,42,2025-01-12,1.70,1,175,16,00002091763
901875504007381962,Nicole6Attic PH,517092278,Nicole,,Thessaloniki,40.646209951076216,22.924397885799408,Entire home/apt,,3,0,,,1,0,0,00002092516
901898614925516511,Sweet Home Ano Poli,517097328,Ιωάννης,,Thessaloniki,40.6422172,22.948059,Entire home/apt,79,1,94,2025-06-16,3.79,1,283,49,00002833923
901958409610422855,Agias Sofias City Center,107517588,Τιμολέων,,Thessaloniki,40.63591,22.94897,Entire home/apt,53,1,4,2025-02-16,0.53,12,348,4,00002014860
902110033381073286,"Aelia 1.2, The Luxury Suites",280458084,The Luxury Suites,,Thessaloniki,40.63702,22.93632,Entire home/apt,43,2,31,2025-06-09,1.31,180,171,23,00003188738
902673628586028383,Siggrou 44 City Center,107517588,Τιμολέων,,Thessaloniki,40.64054,22.9431,Entire home/apt,83,2,3,2024-11-17,0.12,12,365,1,00002003992
902819535033232131,"Nephele 1.1 With 2 Double Beds, The Luxury Suites",280458084,The Luxury Suites,,Thessaloniki,40.64154,22.9328,Entire home/apt,46,2,45,2025-06-07,1.86,180,156,21,00003047633
902822761316454978,"Nephele 1.2, The Luxury Suites",280458084,The Luxury Suites,,Thessaloniki,40.64196,22.93241,Entire home/apt,40,2,66,2025-06-10,2.71,180,175,41,00002094753
902824986270138653,"Nephele 2.1 With 2 Double Beds, The Luxury Suites",280458084,The Luxury Suites,,Thessaloniki,40.64203,22.93085,Entire home/apt,43,2,46,2025-06-08,1.88,180,167,30,00002094780
902826828203301055,"Nephele 2.2, The Luxury Suites",280458084,The Luxury Suites,,Thessaloniki,40.64129,22.93261,Entire home/apt,41,2,58,2025-05-30,2.36,180,146,34,00002094795
902830062606579627,"Nephele 3.1 With 2 Double Beds, The Luxury Suites",280458084,The Luxury Suites,,Thessaloniki,40.6413,22.93158,Entire home/apt,42,2,57,2025-06-05,2.32,180,159,40,00002094828
902831570294504186,"Nephele 3.2, The Luxury Suites",280458084,The Luxury Suites,,Thessaloniki,40.64128,22.9327,Entire home/apt,42,2,16,2025-03-01,0.66,180,145,11,00002094833
902835062324536125,"Nephele 4.1 With Jacuzzi, The Luxury Suites",280458084,The Luxury Suites,,Thessaloniki,40.64211,22.93116,Entire home/apt,98,2,65,2025-05-21,2.65,180,163,40,00002789537
902838689658535913,"Nephele 4.2, The Luxury Suites",280458084,The Luxury Suites,,Thessaloniki,40.64064,22.93317,Entire home/apt,40,2,46,2025-05-16,1.94,180,166,36,00002094860
902841088178463972,"Nephele 5.1 With Jacuzzi, The Luxury Suites",280458084,The Luxury Suites,,Thessaloniki,40.64143,22.93309,Entire home/apt,89,2,59,2025-06-09,2.40,180,162,34,00002789563
902842949432011015,"Nephele 5.2, The Luxury Suites",280458084,The Luxury Suites,,Thessaloniki,40.64175,22.93135,Entire home/apt,40,2,34,2025-06-06,1.86,180,163,28,00002094854
903584130773646756,Code Green Studio,154602004,Εμμανουέλα Μαρία,,Thessaloniki,40.62805,22.95211,Entire home/apt,51,2,33,2025-06-10,1.33,1,290,19,00002095367
904081694285943975,Central stylish modern classic apartment 70m2,195991693,Lucia And Konstantinos,,Thessaloniki,40.6328615,22.949098,Entire home/apt,98,2,60,2025-05-31,2.41,3,153,19,00002103580
904393943950877009,Valaoritou Studio 2,29643928,Desen Hospitality,,Thessaloniki,40.63492,22.93985,Entire home/apt,43,1,74,2025-06-09,3.00,6,340,38,00002104641
904902662046646074,NestInThess,414517785,Θεοδωρος,,Thessaloniki,40.62019406628698,22.96200279146433,Entire home/apt,48,1,114,2025-06-15,4.58,1,239,35,00002108740
905036737804202750,Anthokipon 60,517885036,Eleni,,Kordelio – Evosmos,40.67014,22.92333,Entire home/apt,46,1,84,2025-05-21,3.53,1,213,38,00003298074
905042509157882209,#5 Ioanna Apartments,434347481,Ioanna Apartments,,Pavlou Mela,40.6778161,22.9351296,Entire home/apt,42,2,61,2025-06-18,2.44,23,337,39,00002112716
905047645758810162,#6 Ioannas Apartments,434347481,Ioanna Apartments,,Pavlou Mela,40.6778161,22.9351296,Entire home/apt,39,2,55,2025-06-24,2.26,23,332,31,00002112700
905062629043219263,Porto Boutique #B,29643928,Desen Hospitality,,Thessaloniki,40.63664989999999,22.9345011,Entire home/apt,80,1,4,2025-05-04,0.16,6,263,2,00002470683
905080328404157392,ZaroHome,517897998,Tasos,,Thessaloniki,40.63664259999999,22.9509913,Entire home/apt,56,1,3,2025-01-02,0.14,1,331,1,00002106502
905087193081497215,Porto Boutique #A,29643928,Desen Hospitality,,Thessaloniki,40.63664989999999,22.9345011,Entire home/apt,80,1,16,2025-04-12,0.70,6,169,11,00002941139
905109775025537047,VIP Apt. Pezodromos Kalamarias / Free Parking,517906148,Παντελεημων,,Kalamaria,40.581342364429645,22.95116545767212,Entire home/apt,68,1,36,2025-06-22,1.47,1,320,14,00002094981
905498363552889785,Cozy and classic apartment,517981543,Γεσθημανη,,Thessaloniki,40.59633,22.9546,Entire home/apt,70,1,0,,,1,365,0,00497662850
905698650113857386,#8 Ioanna Apartments 2bedrooms,434347481,Ioanna Apartments,,Pavlou Mela,40.67755,22.9349,Entire home/apt,76,2,40,2025-06-22,1.64,23,350,27,00002112636
905815498347403828,Sea view Flat Skg center,495550951,Ilias,,Thessaloniki,40.64195844704683,22.930866703391075,Entire home/apt,43,4,5,2025-03-10,0.23,9,364,2,00002007495
906404563905117521,The City Block 3,241226463,Margarita,,Thessaloniki,40.62289,22.96434,Entire home/apt,943,230,0,,,5,365,0,00002108245
907169316200256847,Allegro,503094449,Vasileios,,Thessaloniki,40.6183624,22.968079,Entire home/apt,86,1,55,2025-06-01,2.25,1,345,37,00002105659
907662973581090274,Flowery Penthouse in city centre,518503608,Marjana,,Thessaloniki,40.6337128,22.9498262,Entire home/apt,84,2,5,2023-08-06,0.21,1,267,0,00002013136
907682398637791922,Our little apartment,162763006,Nelly,,Thessaloniki,40.64092,22.95301,Entire home/apt,47,3,0,,,2,358,0,00002131243
907707902367994809,Houseloft Queen Olga Casa,29565272,Houseloft,,Thessaloniki,40.613871,22.9543554,Entire home/apt,129,1,25,2025-01-26,1.07,23,333,20,00001326308
907755458679601976,Houseloft Forum Premium,29565272,Houseloft,,Thessaloniki,40.6274714,22.9521857,Entire home/apt,118,1,37,2025-05-07,1.54,23,335,20,00003199387
908431113669071115,Apartment in Thessaloniki,504711205,Dimitris,,Thessaloniki,40.6416115,22.9341706,Entire home/apt,54,2,1,2024-01-02,0.06,1,358,0,00002158344
908538830122295596,Central Flat with mountain views,495550951,Ilias,,Thessaloniki,40.64223372233447,22.930237358197036,Entire home/apt,43,6,9,2025-01-16,0.42,9,365,2,00002007495
908574116880213912,Your Sweet Home,180686424,Kosmas,,Thessaloniki,40.6440159,22.9343773,Entire home/apt,44,3,3,2023-09-17,0.13,1,342,0,00002251817
908745131871373834,Mini Paradise,518778529,Σεβαστή,,Thessaloniki,40.63773,22.93612,Entire home/apt,39,3,5,2025-06-01,0.20,1,169,2,00002118169
909235862184814083,#Oddity: Superior apartment by halu!,251290631,Halu,,Thessaloniki,40.63536,22.93527,Entire home/apt,108,1,22,2025-05-28,0.89,99,311,9,00002170469
909346258959806073,Oddity: Deluxe apartment by halu!,251290631,Halu,,Thessaloniki,40.63372,22.93685,Entire home/apt,112,1,4,2024-12-27,0.18,99,325,2,00002170023
909349020418433759,City heart Room 3,172777157,Gregory,,Thessaloniki,40.6335203030211,22.939097061753273,Entire home/apt,63,2,2,2023-08-20,0.08,2,365,0,00002121213
910505580666691333,Απέραντη θέα,335000102,Sandra,,Thessaloniki,40.6411169,22.9567604,Entire home/apt,58,1,75,2025-06-08,3.80,1,329,34,00002324462
910539406178653810,Iconic Salonica Suite seafront,468818538,Konstantinos,,Thessaloniki,40.6301907,22.9435033,Entire home/apt,281,1,34,2025-06-18,1.44,2,289,26,00003179901
910576600016343828,#7Ioanna Apartments,434347481,Ioanna Apartments,,Pavlou Mela,40.67812,22.93492,Entire home/apt,33,2,63,2025-04-05,2.63,23,332,26,00002112721
910883614773452532,Centaurus Διαμέρισμα στην Παλιά πόλη,4642786,Ioanna,,Thessaloniki,40.63945690000001,22.9583261,Entire home/apt,61,2,13,2025-05-29,0.60,1,141,1,00002124219
912146993109000116,Roman-Market Luxury Apartment,519565119,Koup,,Thessaloniki,40.6374234,22.947299,Entire home/apt,126,1,0,,,1,196,0,00002143300
912161903367500779,#SKGH Aigli luxury suite- Tsimiski|CityCenter,146634219,Helias,,Thessaloniki,40.6306443,22.9459778,Entire home/apt,58,1,32,2025-05-11,1.30,19,287,12,00002127160
912176380007558435,#SKGH Arianna luxury suite - Tsimiski|CityCenter,146634219,Helias,,Thessaloniki,40.6306443,22.9459778,Entire home/apt,55,2,26,2025-05-02,1.11,19,344,14,00002127181
912181052808275898,#SKGH Aurelia luxury suite - Tsimiski|CityCenter,146634219,Helias,,Thessaloniki,40.63088,22.94636,Entire home/apt,53,2,15,2025-06-09,0.62,19,267,6,00002127209
912184473900645857,#SKGH Arsinoi luxury suite - Tsimiski|CityCenter,146634219,Helias,,Thessaloniki,40.6306443,22.9459778,Entire home/apt,47,2,37,2025-05-04,1.52,19,269,8,00002127220
912190376264866433,#SKGH Armonia luxury suite- Tsimiski|CityCenter,146634219,Helias,,Thessaloniki,40.6306443,22.9459778,Entire home/apt,57,2,33,2025-06-08,1.35,19,262,14,00002127113
912267787248855250,Mina's Spacious Studio Apt : June '23 Renovated,519605111,Dimitra Athanasia,,Thessaloniki,40.61930704700773,22.968355153967302,Entire home/apt,45,1,14,2025-01-05,0.60,2,174,2,00002118690
913020429450082360,υπέροχο σπίτι κοντά στην παραλία,328492457,Πετρος,,Thessaloniki,40.6099673,22.9568021,Entire home/apt,55,2,18,2025-01-06,0.81,1,364,11,00002134637
913518783685122255,"#FLH - The Wild Lobster, Thessaloniki",9244884,FeelsLikeHomeGR,,Thessaloniki,40.6316487,22.9476533,Entire home/apt,,2,10,2024-10-08,0.41,19,29,3,00002726183
913576408764064280,#Oddity: 1BD apartment by halu!,251290631,Halu,,Thessaloniki,40.63552,22.93674,Entire home/apt,117,1,54,2025-06-15,2.22,99,299,26,00002170453
913802645182838803,Modern  Penthouse Thessaloniki,520025329,Ruben,,Thessaloniki,40.6140023,22.9596803,Entire home/apt,45,1,2,2023-09-15,0.09,1,269,0,00002138305
914224197936268773,Incognito #Skgbnb,28267881,Tomas&Cristina! Skgbnb,,Thessaloniki,40.6333289,22.9542146,Entire home/apt,62,2,40,2025-06-02,1.64,29,286,21,00002207028
914309446317259100,MaNasio Apartment,188458774,Arcus O.E.,,Thessaloniki,40.6312483,22.9513975,Entire home/apt,72,2,0,,,18,160,0,00002106570
914333823965723744,Suggrou,188458774,Arcus O.E.,,Thessaloniki,40.640449128668806,22.943218458376204,Entire home/apt,54,2,0,,,18,50,0,00002063096
914847032149356416,Elli’s Home,150622514,Elisavet,,Thessaloniki,40.6289176,22.9500214,Entire home/apt,63,2,4,2023-10-08,0.17,2,22,0,00002093826
915262732684273624,The City of Thessaloniki in a cozy studio,40768337,Nestor,,Thessaloniki,40.60457,22.95593,Entire home/apt,81,1,0,,,1,327,0,00002144874
915642752717874757,Traveller's Spot cozy apt,50521631,Napoleon,,Thessaloniki,40.598571,22.9556579,Entire home/apt,70,2,4,2024-07-10,0.18,2,126,1,00002143140
915653114675985159,Matovic One-bedroom Apartment close to the center,464565696,Milenko,,Thessaloniki,40.64854011810142,22.934613078832626,Entire home/apt,52,1,4,2024-08-12,0.20,1,1,1,00002150195
916001406925253683,Thess Vibes @ City Center,358149592,NamasteHomes,,Thessaloniki,40.63389,22.94301,Entire home/apt,57,1,10,2025-05-26,0.41,5,65,2,00003224475
916404600859649478,fruit tower,520611143,Nicolas,,Thessaloniki,40.6121809,22.9601453,Entire home/apt,60,1,29,2025-05-15,1.23,1,191,12,00002203828
916643134756260854,Mina's Spacious Apt : June '23 Renovated,519605111,Dimitra Athanasia,,Thessaloniki,40.61931926262285,22.968312238623064,Entire home/apt,44,1,14,2025-05-24,0.65,2,88,10,00002118717
917175895812862907,Olympou Thessaloniki Comfy City Centre Apartment,138883668,Konstantinos,,Thessaloniki,40.63868031386916,22.945105673016375,Entire home/apt,66,2,38,2025-06-01,2.68,1,294,32,00002879391
918648559186981676,Prime B by thess1home,126573074,Dimitra,,Thessaloniki,40.6043847,22.9549913,Entire home/apt,65,5,5,2024-02-04,0.21,1,365,0,00002100479
918691990150277457,Dora's SKG Apartment,521205814,Αθανάσιος,,Thessaloniki,40.64212819999999,22.9253411,Entire home/apt,45,2,27,2025-06-12,1.13,1,356,11,00002095532
918705562717783238,One Salonica Deluxe Apartment 1,521211529,Aristeidis,,Thessaloniki,40.64793509751791,22.920562352778617,Entire home/apt,52,1,2,2024-08-25,0.10,3,288,1,00002120600
919341035157601841,Crystal Studio-downtown escape-Navarinou square,110774772,Alexia,,Thessaloniki,40.62956541922268,22.949555174141672,Entire home/apt,42,2,33,2025-06-08,1.38,1,352,17,00002064980
919345020356349121,One Salonica Deluxe Apartment 2,521211529,Aristeidis,,Thessaloniki,40.64795544814776,22.920572093991733,Entire home/apt,57,1,2,2023-10-01,0.09,3,360,0,00002120413
919382369300419566,One Salonica Deluxe Apartments 3,521211529,Aristeidis,,Thessaloniki,40.64788625598102,22.92048188650817,Entire home/apt,48,1,7,2024-10-23,0.33,3,323,2,00002120413
919607302451253679,Waterfront Apartent_OT3,6836073,Georgios,,Thessaloniki,40.61323,22.95308,Entire home/apt,41,1,3,2025-03-09,0.22,13,283,1,00002978637
919612270268923618,Waterfront Apartment_OT4,6836073,Georgios,,Thessaloniki,40.61391,22.95467,Entire home/apt,50,1,2,2024-06-16,0.14,13,297,0,00002978637
919631959564226870,Waterfront Apartment_OT7,6836073,Georgios,,Thessaloniki,40.61356,22.95317,Entire home/apt,54,1,0,,,13,296,0,00002978637
920080519446240710,BedCity Apartment | Free Parking & City Center,521557985,,,Thessaloniki,40.6383162,22.9408699,Entire home/apt,42,1,62,2025-06-22,2.56,1,150,29,00002091131
922153300508438583,Casa de Castro - Loft Apartment,522075344,Vasiliki,,Thessaloniki,40.6420568,22.9608684,Entire home/apt,71,2,4,2025-02-20,0.17,2,180,2,00002202630
922189400381974868,Casa de Castro - Patio Apartment,522075344,Vasiliki,,Thessaloniki,40.64252,22.96171,Entire home/apt,73,2,3,2023-08-27,0.13,2,184,0,00002202687
922266011423101334,Skyline Suite&Spa,522101309,Anastasios-Vasileios,,Neapolis – Sykeon,40.64049,22.96023,Entire home/apt,117,1,82,2025-06-18,3.43,2,291,40,00003286040
922271429910565427,"Αγίας Σοφίας MINKK, 2δωμ+σαλονι+μπαλκόνι,φ.αέριο",162673057,Olga,,Thessaloniki,40.6326183,22.9450286,Entire home/apt,81,1,5,2025-06-09,0.21,3,150,1,00002132660
922349594809786976,Lasari comfort living 1-bedroom apt.,1619493,Georgios,,Thessaloniki,40.645867,22.9292457,Entire home/apt,52,15,1,2023-10-11,0.05,10,359,0,1303627
922628740463001985,LuxLiving Velissariou Retire,510197006,Alexandros,,Thessaloniki,40.61692790000001,22.9565724,Entire home/apt,45,1,89,2025-05-25,3.70,9,231,27,00002169903
922878721156488912,Spectacular Sea & City View Penthouse,20797761,Rodney Paul,,Thessaloniki,40.6429013,22.9387879,Entire home/apt,54,28,36,2025-01-30,1.49,1,124,16,00002119261
923057846185650256,Alexandros Family Home,185616424,Vaggelis,,Thessaloniki,40.63624,22.95046,Entire home/apt,61,2,7,2025-05-11,0.30,4,359,4,00002156622
923262109628905721,DoorMat #9 Casa Pelin,555435959,Fotios,,Thessaloniki,40.63919490000001,22.9396479,Entire home/apt,47,1,80,2025-06-18,3.39,23,132,30,00002851236
923554047945254627,Sunshine Apartments #02,466333344,Γεωργιος,,Thessaloniki,40.64440059133268,22.92429664603272,Entire home/apt,33,2,8,2025-05-04,0.37,2,266,1,00002806811
923564709267681163,Lasari comfort living - one bedroom type apt.,1619493,Georgios,,Thessaloniki,40.64512,22.92978,Entire home/apt,59,3,3,2024-12-22,0.19,10,105,2,1303627
923578257028381244,Lasari comfort living - Studio type,1619493,Georgios,,Thessaloniki,40.64495,22.93033,Entire home/apt,56,3,3,2023-10-14,0.14,10,81,0,1303627
923578676549012607,Cosmopolitan Oasis by thesbnb,379910184,Νικόλαος,,Thessaloniki,40.6377628,22.9384456,Entire home/apt,66,1,5,2025-03-15,0.42,14,116,5,00002092845
923596083554593539,Delmare Kram Vee apartment,522481571,Konstantinos,,Thessaloniki,40.630669396197234,22.953425048839414,Entire home/apt,128,2,2,2025-02-03,0.12,1,172,1,00002169207
923644706227388091,Lasari comfort living Apt.13,1619493,Georgios,,Thessaloniki,40.6454,22.93021,Entire home/apt,76,3,2,2024-01-21,0.09,10,61,0,1303627
923730760702899217,Breloque #Skgbnb,1977386,Cristina&Tomas! Skgbnb,,Thessaloniki,40.63231,22.95158,Entire home/apt,53,2,28,2025-05-11,1.16,36,351,11,00002808406
924059378022437262,LuxLiving Mavili Square II,510197006,Alexandros,,Thessaloniki,40.6414111,22.937752,Entire home/apt,33,1,55,2025-05-20,2.28,9,174,15,00002170560
924242486605846950,Lux Central apt Great Balcony 5p,196107063,Nikolaos,,Thessaloniki,40.6288055,22.9528541,Entire home/apt,66,2,20,2025-05-11,0.85,1,311,6,00002862762
924390943748502641,Homevision - Galerius Arch Condo,515398068,Homevision,,Thessaloniki,40.63115,22.95344,Entire home/apt,74,2,74,2025-04-15,3.19,28,341,33,00002175580
924527462250729634,Olga's Luxury Apartment - Thessaloniki Centre,47685676,Olga,,Thessaloniki,40.62348,22.96163,Entire home/apt,46,1,9,2025-05-18,0.39,2,339,4,00002920469
924763902557012448,LuxLiving Mavili Square IV,510197006,Alexandros,,Thessaloniki,40.6414111,22.937752,Entire home/apt,35,1,34,2025-05-05,1.45,9,174,14,00002173363
925862811671393481,Raise Thessaloniki Urban Stay 41,29885761,Raise Team,,Thessaloniki,40.6443036,22.9342954,Entire home/apt,36,1,2,2024-06-02,0.09,4,340,0,00002176513
925867754688962809,Raise Thessaloniki Urban Stay 42,29885761,Raise Team,,Thessaloniki,40.64367,22.93367,Entire home/apt,36,1,1,2023-08-06,0.04,4,344,0,00002176412
925936325154876737,Modern 5th floor Apartment near city center,45547160,Christos,,Thessaloniki,40.6439209,22.9401701,Entire home/apt,42,3,16,2025-04-07,0.71,2,231,9,00002224258
927162366671944060,Phidias House,233126822,Theognosia,,Thessaloniki,40.6415565,22.9384389,Entire home/apt,87,1,2,2023-08-24,0.08,1,62,0,00002183150
927265697050441177,Grey Home,368983757,Giorgos,,Thessaloniki,40.64383,22.93953,Entire home/apt,47,3,8,2025-01-12,0.36,1,48,6,00002938760
927273447515338246,#Toucan by halu! apartments,251290631,Halu,,Thessaloniki,40.63523,22.94837,Entire home/apt,99,1,52,2025-05-29,2.26,99,339,22,00002185249
927298979129424277,"Hermes Suites, Agia Sofia, Nilie Hospitality MGMT",239769711,Nilie Premium Hospitality MGMT,,Thessaloniki,40.6331,22.94542,Entire home/apt,45,1,34,2025-05-30,1.55,303,246,18,3256725
927475018231276052,Διαμέρισμα δίπλα στο METRO κοντά στην παραλία,73977913,Dimitris,,Thessaloniki,40.6067694,22.9578502,Entire home/apt,63,3,34,2025-06-21,1.46,1,261,19,00002184620
927531427696104810,Harmony studio,523502421,Dimitris,,Thessaloniki,40.63678,22.93862,Entire home/apt,,4,2,2024-08-10,0.09,1,0,1,00001678651
928097515424821841,LuxLiving Stratou Avenue Comfort,510197006,Alexandros,,Thessaloniki,40.6186448,22.9581157,Entire home/apt,44,1,81,2025-03-31,3.38,9,243,30,00002186810
928138522568467235,LuxLiving Stratou Avenue Cozy,510197006,Alexandros,,Thessaloniki,40.6186448,22.9581157,Entire home/apt,50,1,57,2025-05-19,2.38,9,259,20,00002186771
928257965085956963,Skg Cozy Apartment,193271466,Makis,,Thessaloniki,40.60132,22.96678,Entire home/apt,45,2,6,2025-05-29,0.28,1,331,5,00002121866
928281078538477128,Cozy Apartment in Thessaloniki,93631145,Απόστολος,,Thessaloniki,40.64365919999999,22.939419,Entire home/apt,,1,3,2023-11-19,0.13,6,0,0,00002193169
928847207563232137,Stylish Urban Getaway by thesbnb,379910184,Νικόλαος,,Thessaloniki,40.60121,22.9628,Entire home/apt,54,1,30,2025-04-12,1.26,14,332,15,00002182041
928887796961602684,Star View Suite,173876627,Xenia,,Thessaloniki,40.6343302,22.9463501,Entire home/apt,41,2,88,2025-06-22,4.10,1,207,48,00002256700
929351462884557170,Seaside flat,51892059,Evdoxia,,Thessaloniki,40.62123920000001,22.9533701,Entire home/apt,85,3,5,2024-10-28,0.28,1,365,4,00002217058
929479423486173635,Green Bedrooms in Thessaloniki,74318088,Maria,,Thessaloniki,40.6198095,22.9595891,Entire home/apt,64,2,5,2024-08-17,0.22,2,121,1,00002193068
929499538268307823,Studio7,194224482,George,,Thessaloniki,40.63448131092986,22.948363088071346,Entire home/apt,27,2,59,2025-06-22,2.49,7,311,33,00002194484
930483317769348332,Aristotelous Downtown Suites#404,119416356,Fani,,Thessaloniki,40.63738,22.94291,Entire home/apt,40,1,4,2025-06-17,0.17,34,53,3,00002240491
931639478612956122,Carpe Diem SKG,216443728,Despoina,,Thessaloniki,40.6415247,22.9360659,Entire home/apt,36,1,152,2025-06-11,6.48,1,353,78,00003326051
931959667193659089,Stylish Apartment in City Center,470648435,Forget The Hotel,,Thessaloniki,40.64012,22.94287,Entire home/apt,41,1,21,2025-06-08,0.92,6,306,8,Exempt
931961098509025579,Relaxing Nest with Hydromassage,524702071,Theodoros,,Pilea – Chortiatis,40.6069605,22.9840256,Entire home/apt,60,2,21,2025-04-23,0.91,1,146,4,00002174344
931974765421165232,Ladadika Deluxe Studio#1,305664744,Welcome Bnb,,Thessaloniki,40.63483773623135,22.938795386953753,Entire home/apt,54,1,55,2025-05-31,2.33,17,360,32,00002198025
932276166691390225,Sanders Old Port - Lovely 1-Bdr Apt,437864658,Sanders,,Thessaloniki,40.64478068617557,22.921854553234095,Entire home/apt,50,1,4,2024-12-30,0.19,46,331,1,00002467146
932276907745808226,Sanders Old Port - Cozy 1-Bdr Apt with Balcony,437864658,Sanders,,Thessaloniki,40.64478068617557,22.921854553234095,Entire home/apt,57,1,7,2025-03-26,0.31,46,321,2,00002467130
932295168699504800,Avia Luxury Apartment with Hydromassage,524787868,Ιωάννης,,Kordelio – Evosmos,40.66884834765161,22.921399115344254,Entire home/apt,102,1,5,2025-05-18,0.21,1,55,2,00002199240
932408716229972204,Minoan's Mythic Hideout,524813830,Elisavet,,Thessaloniki,40.60492,22.95477,Entire home/apt,102,2,17,2025-06-09,0.72,1,266,9,00000653129
932494174059595642,Grand Apartment Next to Center 3bd 110sqm,180137380,Μαριος,,Neapolis – Sykeon,40.65421,22.93692,Entire home/apt,96,2,13,2024-07-15,0.55,1,311,1,00002201590
932496320624067510,Aristotelous Downtown Suites 301,119416356,Fani,,Thessaloniki,40.63586,22.94297,Entire home/apt,38,1,14,2025-02-01,0.60,34,28,6,00002243455
932706089719077956,Minimal Two-Floor Apartment,452249587,Δανάη,,Thessaloniki,40.61946,22.95561,Entire home/apt,68,2,3,2023-08-16,0.13,1,342,0,00002214010
933028027400196733,Luxurious get-away chez Kat,35365262,Thanos,,Thessaloniki,40.640472,22.932539,Entire home/apt,,3,26,2025-03-03,1.20,2,0,14,00001975169
933035773779428587,Triple private room in uppertown,129257949,Constantino,,Thessaloniki,40.64503,22.94407,Private room,,1,0,,,6,0,0,0933K133K0466700
933249628887290687,Όμορφο Διαμέρισμα,483789277,Giorgos,,Pavlou Mela,40.6605237,22.9240187,Entire home/apt,51,1,19,2025-06-23,0.83,1,363,9,00002204861
933312253111372817,4 Seasons Breeze / Thessaloniki,522105114,Marios,,Thessaloniki,40.63916,22.95459,Entire home/apt,74,2,44,2025-05-10,1.89,1,339,19,00002205167
933843262181729580,Artistic Family Apartment,524661893,Χριστίνα,,Thessaloniki,40.60092,22.97177,Entire home/apt,58,5,16,2025-04-22,1.22,1,241,14,00002272045
934393339898401633,Cozyhome3 Navarinoy,44893060,Sotir,,Thessaloniki,40.63141299999999,22.9507135,Entire home/apt,91,2,1,2024-03-17,0.06,3,346,0,00002147902
934410530498431223,#C Ioannas Apartments,434347481,Ioanna Apartments,,Kordelio – Evosmos,40.6661954,22.9038924,Entire home/apt,38,2,48,2025-05-28,2.07,23,352,25,00002173401
934508769653818925,Panorama Loft,4919698,Sotiris,,Pilea – Chortiatis,40.591109,23.036908,Entire home/apt,,5,0,,,1,0,0,00002210114
934712286422289890,Goldhair apartments   I,525457609,Σωτηρης,,Thessaloniki,40.63938988068052,22.948440650926205,Entire home/apt,42,2,46,2025-05-19,1.97,2,83,29,00002087043
936850875166145892,#D Ioanna Apartments,434347481,Ioanna Apartments,,Kordelio – Evosmos,40.6661954,22.9038924,Entire home/apt,35,2,64,2025-06-06,2.74,23,346,44,00002173422
936933681125415673,Aristotelous Downtown Suites#303,119416356,Fani,,Thessaloniki,40.63695,22.94297,Entire home/apt,37,1,164,2025-06-14,7.05,34,46,111,00002242676
937007552743239205,Thessaloniki Amazing Apartment,395011507,Νικόλαος,,Thessaloniki,40.60853609999999,22.9693346,Entire home/apt,,1,60,2024-08-23,2.60,1,0,8,00002284410
937296262802545800,Stylish Modern 4BR Maisonette.,134636028,Georgios,,Pavlou Mela,40.66867,22.92705,Entire home/apt,81,1,27,2025-05-25,1.28,1,347,12,00002245384
938005249600932486,Vintage apt in the heart of SKG,650143,,,Thessaloniki,40.62811,22.95304,Entire home/apt,72,5,0,,,1,89,0,00002205045
938085703505114585,Nesting Ramblers SKG #3,210667008,Nesting Ramblers SKG,,Thessaloniki,40.6352303,22.9406857,Entire home/apt,94,3,30,2025-04-10,1.39,4,99,9,00002308500
938243646358405660,"#FLH - The Koi Apartment, Thessaloniki",9244884,FeelsLikeHomeGR,,Thessaloniki,40.633267147765395,22.93966595396729,Entire home/apt,124,2,22,2025-02-16,0.96,19,139,8,00002353865
939146772951093853,Elpidas houses #2  Private parking,483437417,Christos,,Thessaloniki,40.625248,22.964623,Entire home/apt,57,2,29,2025-06-02,1.25,1,328,16,00002227147
939617681670239001,Hestia Apartment!,119416356,Fani,,Thessaloniki,40.63731,22.93686,Entire home/apt,41,1,4,2024-12-31,0.17,34,19,2,00002243455
939656351102923721,F & B Collection - 2 Bedroom Flat,31131449,Dimitris,,Thessaloniki,40.6105142,22.9559284,Entire home/apt,,6,16,2025-06-09,0.70,50,0,7,00002456624
939679798942610710,F & B Collection - Flat for 4,31131449,Dimitris,,Thessaloniki,40.6105142,22.9559284,Entire home/apt,,7,9,2024-09-16,0.39,50,0,2,00002456619
940369230627846851,City center Diamond suite - 300m from the seafront,40036228,Βασίλης,,Thessaloniki,40.63531559542044,22.940648719668392,Entire home/apt,56,3,13,2025-04-27,0.61,1,37,6,00002293714
941764064567137591,Modern Memories apartment,427556969,Ilias,,Thessaloniki,40.63428,22.95228,Entire home/apt,44,1,115,2025-06-22,4.93,1,332,71,00002229114
941918906790682448,Spacious & Bright 2BRM Apartment,238507757,Angelos,,Thessaloniki,40.60428,22.95833,Entire home/apt,44,61,4,2025-06-09,0.31,1,298,3,00002237283
942461230295056186,Ideally situated apartment.,2824514,George,,Thessaloniki,40.63985524696945,22.948434501886368,Entire home/apt,68,2,1,2024-01-06,0.06,1,201,0,00002239595
942577841371732155,Family Sea & City,315578528,Κατερίνα,,Thessaloniki,40.6103876,22.9533173,Entire home/apt,108,3,17,2025-05-07,0.82,4,104,12,00002223181
942585924290703680,Lido Studios,179230394,Lazaros,,Thessaloniki,40.63717229886179,22.939288296295153,Entire home/apt,63,2,1,2023-08-25,0.04,1,364,0,00002142945
942658736219468008,Sunflower by halu!,251290631,Halu,,Thessaloniki,40.6322,22.94882,Entire home/apt,104,1,7,2025-05-02,0.44,99,351,3,00002355242
942703275236899380,Stelios Seaside apartment,527642367,Στελιος,,Thessaloniki,40.61005,22.9525,Entire home/apt,56,2,39,2024-11-03,1.81,1,259,1,00002308175
943215440802262575,Tsimiski33 - DT stylish apt.,527784411,Eugenia,,Thessaloniki,40.63384569999999,22.941447,Entire home/apt,54,2,10,2025-04-14,0.50,1,72,8,00002217754
943848999911995118,Urban Escape by Luxlikehome,231048679,Luxlikehome,,Thessaloniki,40.6282017,22.9510114,Entire home/apt,77,2,3,2024-08-07,0.13,19,323,2,00002858185
943979889331742706,Aristotelous Downtown suites 305,119416356,Fani,,Thessaloniki,40.63705,22.94373,Entire home/apt,35,1,134,2025-06-10,5.86,34,57,93,00002242453
944086834802651277,Elegant spacious apartment!,44500463,Mpampis,,Thessaloniki,40.60301,22.96523,Entire home/apt,43,15,6,2024-09-08,0.33,2,157,5,2334510
944175546511708543,Cozy Home in Upper Town,528057676,Ellada,,Thessaloniki,40.6415605,22.9490231,Entire home/apt,38,2,23,2025-06-08,1.05,1,108,12,00002243965
944861724708377048,K8 Apartment,51923854,Katerina,,Thessaloniki,40.6375325,22.9526997,Entire home/apt,91,50,0,,,1,89,0,00001939241
944869815802966933,Μοντέρνο διαμέρισμα.,406754468,Κωνσταντίνος,,Thessaloniki,40.61383254473966,22.984017814906842,Entire home/apt,44,1,74,2025-06-16,3.23,1,259,27,00002135623
944889382606867554,Sweet Home 5min από Παπαγεωργίου,180616755,Xenia,,Pavlou Mela,40.67429,22.94329,Entire home/apt,54,2,5,2023-09-18,0.22,1,174,0,00002257679
944955312050360392,new & modern city apartment21B,528272168,Iliana,,Thessaloniki,40.5965567,22.9567523,Entire home/apt,47,2,40,2025-06-19,1.75,1,329,26,00002246057
944992723055749498,Sea view Aristotelous square,67571388,Ermis,,Thessaloniki,40.63211,22.9393,Entire home/apt,64,1,32,2024-12-13,1.40,1,96,4,00000599329
945047065091771532,Μοναδική κατοικία στο δάσος,528059424,Spyros,,Neapolis – Sykeon,40.65052,22.96075,Entire home/apt,342,2,0,,,1,364,0,2246083
945349873196672057,K45 Serenity Studio,59203703,Nikolaos,,Thessaloniki,40.64045,22.94615,Entire home/apt,37,2,26,2025-06-18,1.43,1,159,23,2370905
945355378956534474,Tsimiski's Pearl,188458774,Arcus O.E.,,Thessaloniki,40.6277315,22.9513534,Entire home/apt,161,2,4,2024-10-27,0.19,18,190,2,00003213300
945366390986486237,Zealot,188458774,Arcus O.E.,,Thessaloniki,40.6347284,22.9474024,Entire home/apt,89,2,3,2023-11-05,0.13,18,213,0,00002241037
945378107716336806,Μ. Ιωσήφ 12,188458774,Arcus O.E.,,Thessaloniki,40.6296095,22.9458512,Entire home/apt,,2,0,,,18,240,0,00002241101
948429810490998928,Prive Apartment Thessaloniki-Easy Parking,100776361,Μανωλης,,Thessaloniki,40.6321255,22.9625724,Entire home/apt,46,1,40,2025-06-11,1.77,9,89,18,00002254546
949318347632746081,Travelers Suite,91511772,Crisa,,Thessaloniki,40.63337,22.94201,Entire home/apt,78,2,1,2023-08-10,0.04,4,223,0,00002148584
950470153067940825,Houseloft Kalamaria Highview,29565272,Houseloft,,Kalamaria,40.579694,22.9461191,Entire home/apt,166,1,0,,,23,0,0,00002337047
950494939610249336,Flat 75m2 + Balcony | New beach | METRO Efklidis,385116261,Ioannis,,Thessaloniki,40.61414,22.95926,Entire home/apt,51,2,13,2025-04-15,0.58,1,111,7,00002164601
950540217316154971,Alkea Thessaloniki,96699440,,,Thessaloniki,40.64054,22.9435,Entire home/apt,64,2,55,2025-06-22,2.47,1,312,32,00002208545
950601254498069819,"Creme 1, Nilie Hospitality MGMT",239769711,Nilie Premium Hospitality MGMT,,Thessaloniki,40.64267,22.93993,Entire home/apt,36,1,5,2024-12-29,0.22,303,250,3,2987458
951216940701589211,Vista by halu!: Spacious City Centre Home,251290631,Halu,,Thessaloniki,40.63351,22.94736,Entire home/apt,159,1,41,2025-05-31,1.88,99,333,31,00002882573
951226196673370647,"Lusso Bianco, Nilie Hospitality MGMT",239769711,Nilie Premium Hospitality MGMT,,Thessaloniki,40.6296231,22.9507096,Entire home/apt,73,1,11,2025-06-08,0.48,303,210,9,2484971
951232165044837240,"Metropolitan, Nilie Hospitality MGMT",239769711,Nilie Premium Hospitality MGMT,,Thessaloniki,40.62976,22.94607,Entire home/apt,,1,26,2025-06-11,1.19,303,235,19,00002501751
951253606574634513,"Ocra #1, Nilie Hospitality MGMT",239769711,Nilie Premium Hospitality MGMT,,Thessaloniki,40.63525,22.94493,Entire home/apt,51,1,104,2025-06-19,4.92,303,253,81,2961439
951323503270783852,"Ocra #2, Nilie Hospitality MGMT",239769711,Nilie Premium Hospitality MGMT,,Thessaloniki,40.63525,22.94493,Entire home/apt,46,1,23,2025-06-22,1.02,303,264,14,2961100
951910477425038304,#Ioanna apartments | RooMore 2,482985601,Ioanna Apartments,,Thessaloniki,40.6407313,22.9385051,Entire home/apt,35,2,62,2025-05-31,2.73,12,325,32,00002245788
951919315206856527,#Ioanna apartments | RooMore 1,482985601,Ioanna Apartments,,Thessaloniki,40.6407313,22.9385051,Entire home/apt,41,2,90,2025-06-09,4.13,12,343,60,00002245793
951926573400163386,Loft Galatea,40847564,Spyridon,,Thessaloniki,40.64074,22.94538,Entire home/apt,149,7,1,2024-01-01,0.06,5,267,0,Exempt
952758272557463563,Amazing apartment in the center,17404160,,,Thessaloniki,40.63671315999433,22.94801138341427,Entire home/apt,46,2,23,2025-06-12,1.04,3,292,6,00002250150
952826249465081382,Ladadika Family Apartment,305664744,Welcome Bnb,,Thessaloniki,40.63857,22.93536,Entire home/apt,58,1,13,2025-04-03,0.64,17,347,10,00003224428
952878194196524723,Loft 35a,91623474,Nikos,,Pilea – Chortiatis,40.594704062200144,22.98801177420501,Entire home/apt,62,2,14,2025-01-18,0.62,1,0,4,00002265482
953280190406168347,depis rooms 8,156282533,Jordans Rooms Ike,,Thessaloniki,40.6416115,22.9341706,Entire home/apt,52,3,1,2023-09-11,0.05,12,325,0,00002266256
954055020392172566,Στούντιο Άνω Πόλη,373864309,Maria,,Thessaloniki,40.64100699999999,22.9527089,Entire home/apt,36,2,40,2025-06-08,1.99,1,242,18,00002334546
954056996958765209,TerraCity Apartment,106149335,Alexandra-Markos,,Thessaloniki,40.634409464994846,22.952862424872464,Entire home/apt,51,2,123,2025-06-21,6.01,1,322,76,00002238424
954154968650844464,Stylish skg apartments,134406697,Dimitris,,Thessaloniki,40.63181,22.95102,Entire home/apt,90,2,0,,,1,270,0,00001839998
954164752456460820,"Best location, perfect view 3 bedroom apartment",461802811,Joanna,,Thessaloniki,40.62231,22.95412,Entire home/apt,117,3,14,2025-01-27,0.63,1,234,7,00002243093
954269100157810549,Ladadika Luxury Apartment #4,305664744,Welcome Bnb,,Thessaloniki,40.63635,22.937,Entire home/apt,61,1,61,2025-06-08,2.68,17,303,28,00002463499
954492008798119810,Top location modern apartment,4160730,Nikolas,,Thessaloniki,40.63008,22.94464,Entire home/apt,89,4,4,2024-10-30,0.18,1,83,3,00000342645
954757544417068542,"Spacious apartment, 2 Bedrooms",93631145,Απόστολος,,Thessaloniki,40.64389,22.94066,Entire home/apt,40,2,17,2025-03-23,0.76,6,288,5,00002801492
955134058556736633,Lovely Central Suite | Ioanna Apartments,434347481,Ioanna Apartments,,Thessaloniki,40.6347721,22.9536805,Entire home/apt,39,2,94,2025-06-22,4.15,23,343,48,00002270567
955563903856740786,C.34 Onyx Stylish Central,32216964,George,,Thessaloniki,40.6307761,22.9512836,Entire home/apt,81,2,9,2024-04-07,0.41,16,129,0,00002488331
955831975918669301,Luxury Downtown Apartment Z1,485800812,Kinfeel North,,Thessaloniki,40.63308802068889,22.94464587301638,Entire home/apt,116,2,31,2025-06-08,1.38,8,243,19,00003411933
960615271286234887,ΟΛΟΚΛΗΡΟ  ΙΣΟΓΕΙΟ ΔΙΑΜΕΡΙΣΜΑ  50 Τ.Μ,245269264,Savvas,,Thessaloniki,40.6033694,22.954172,Entire home/apt,59,2,10,2025-01-25,0.49,1,95,4,00002332670
960635984365494832,Porto Sea View Apartments #47,372140900,Κωνσταντινια,,Thessaloniki,40.63511,22.93608,Entire home/apt,87,1,1,2025-04-04,0.36,41,337,1,00002062924
960680050077448954,Renovated family friendly condo,532536453,Dimitrios,,Kalamaria,40.57974,22.95603,Entire home/apt,125,2,1,2023-09-24,0.05,1,75,0,00002283726
960859870312683481,Sevi House,249011968,Σεβη,,Neapolis – Sykeon,40.6534688,22.9534804,Entire home/apt,68,1,3,2025-01-12,0.31,1,364,3,00002056390
961982922384772752,Elegance Apartment 2 Bedroom Suites.,119416356,Fani,,Thessaloniki,40.64019,22.94117,Entire home/apt,102,1,14,2025-06-01,0.64,34,17,9,00002306942
962186199180204661,ΚΑΙΝΟΥΡΓΙΟ ΣΤΟΥΝΤΙΟ ΓΡΑΦΕΙΟ,526882620,Joanna,,Pavlou Mela,40.657499818986516,22.931979820132256,Entire home/apt,,2,1,2024-06-21,0.08,1,354,0,00002343776
962408491642256078,Ladadikathess,532951662,Αλεξανδρος,,Thessaloniki,40.63437957151525,22.93641320315471,Entire home/apt,,2,0,,,1,0,0,00002228478
962761092891429274,Bright and modern apartment with big balcony,99863035,Dimitris,,Thessaloniki,40.6392,22.95288,Entire home/apt,50,2,61,2025-06-11,2.77,2,173,34,00002016970
963494109777425809,Porto Sea View Apartments #38,372140900,Κωνσταντινια,,Thessaloniki,40.6344631,22.9364128,Entire home/apt,123,1,15,2025-06-18,0.68,41,363,13,00002063113
963545448125905545,Ursa Minor,7716076,Stathis,,Thessaloniki,40.5965082,22.9539181,Entire home/apt,64,2,43,2025-05-19,1.93,2,74,20,00002519032
963577323616360594,Ursa Major,7716076,Stathis,,Thessaloniki,40.5965082,22.9539181,Entire home/apt,68,2,41,2025-06-01,1.93,2,97,17,00002519069
963667984443042891,Lovely Central Studio | Ioanna Apartments,434347481,Ioanna Apartments,,Thessaloniki,40.6347721,22.9536805,Entire home/apt,36,2,81,2025-06-22,3.64,23,328,39,00002326121
963736606663074175,Kona’s Apartment,459841900,Konstantina,,Thessaloniki,40.64155,22.93768,Entire home/apt,45,1,23,2024-05-02,1.03,1,10,0,00002207570
964347724508290876,CASA Di TRE,128150540,Christy,,Thessaloniki,40.6361374,22.9521171,Entire home/apt,88,1,0,,,1,124,0,00002851805
964967801779521565,Aelia Tsimiski by G&O,188458774,Arcus O.E.,,Thessaloniki,40.62835093962513,22.950651449644727,Entire home/apt,108,2,1,2025-04-28,0.52,18,151,1,00003268759
965596049294583310,Angelic place,266459457,Kseniia,,Thessaloniki,40.6416115,22.9341706,Entire home/apt,,2,6,2025-05-04,0.32,1,269,3,00002341645
965616409184278330,Daphne by halu! : Downtown family penthouse,251290631,Halu,,Thessaloniki,40.63242,22.9452,Entire home/apt,167,1,25,2025-06-11,1.14,99,301,20,00002316255
966405951905775994,Heartbeat City-Renovated Studio with parking,533945358,Christos,,Thessaloniki,40.61491,22.95568,Entire home/apt,52,1,38,2025-06-10,1.78,1,259,23,00002259370
966410795477379188,Newly renovated apartment,397063881,Christos,,Thessaloniki,40.642857508740754,22.942760959267616,Entire home/apt,,2,29,2024-07-18,1.34,1,0,4,00002294991
967520168534361554,"Central flat ,Mitropoleos st.",47615492,,,Thessaloniki,40.63146,22.94627,Entire home/apt,37,1,51,2025-06-15,2.36,7,358,34,00009683973
967781249390717792,Loftaki SKG,534264637,,,Thessaloniki,40.61838799650936,22.960345598147594,Entire home/apt,50,2,8,2024-05-20,0.40,1,174,0,00002308133
967984389350641630,Άνετο και όμορφο διαμέρισμα στην Άνω Πόλη,72169762,Lia,,Thessaloniki,40.6432318,22.9434287,Entire home/apt,54,1,43,2025-05-26,1.95,1,139,16,00002293798
968065746945603912,Μαγικό διαμέρισμα στο κέντρο της Θεσσαλονίκης,229556744,Eleni,,Thessaloniki,40.62849,22.94695,Entire home/apt,77,2,5,2023-11-12,0.23,1,171,0,00002308234
968773300083674060,Urban Luxury in the heart of SKG,145820951,Konstantinos,,Thessaloniki,40.63161,22.95038,Entire home/apt,46,4,57,2025-06-08,2.95,2,244,40,00002362639
968837474113211937,"Penthouse Gem with Balcony, Netflix & more",350279014,Innovation,,Thessaloniki,40.6382388,22.9371113,Entire home/apt,54,1,52,2025-06-09,2.41,35,154,28,00002333013
969382006950590531,"PlatonRod's house - Λεωφ. Καραμανλή, Karamanli Ave",534639647,Ioannis,,Thessaloniki,40.605926,22.9627375,Entire home/apt,51,4,5,2024-09-17,0.27,1,251,2,00002297036
970000710142957280,Japanese Serenity in the Heart of Thessaloniki,350279014,Innovation,,Thessaloniki,40.6468914,22.9233577,Entire home/apt,,2,20,2024-08-19,1.20,35,0,6,00002408513
970009485079041141,"Bright, lovely, 1st floor flat @Thessaloniki",14851039,Nandia,,Thessaloniki,40.632730780767574,22.948834151029583,Entire home/apt,49,2,38,2025-05-26,1.86,3,361,21,00002312789
970375362054231239,"Stylish 3-Bed Flat in Kalamaria, Thessaloniki",9968758,,,Kalamaria,40.58046,22.96314,Entire home/apt,87,2,9,2025-06-18,0.42,1,310,2,00000376696
970828361033588573,Central modern loft apartment,534962592,Σουλτάνα,,Thessaloniki,40.63410376468273,22.949415568122856,Entire home/apt,45,2,49,2025-05-25,2.24,2,347,26,00002237076
971032068850377972,Το σπίτι της Παρασκευής,541349870,Paraskevi,,Thessaloniki,40.613132,22.9785607,Entire home/apt,53,2,34,2024-10-15,1.56,1,152,8,00002300506
971091547000650452,NS88_Apartment,431157415,Nikos,,Thessaloniki,40.6094446,22.9600336,Entire home/apt,86,1,14,2024-12-30,0.64,1,257,6,00002282129
972140554936993577,City Moon: Seafront 3-Bedroom Apt by halu!,251290631,Halu,,Thessaloniki,40.61802,22.95304,Entire home/apt,166,1,26,2025-06-18,1.27,99,322,13,00002344938
972179159074610194,KORE Boutique Νέο διαμέρισμα στο κέντρο της πόλης,535244651,Konstantinos,,Thessaloniki,40.641323646722014,22.939661834046245,Entire home/apt,54,3,4,2025-05-15,0.18,1,65,3,00002955347
972417547266995493,Studio9,194224482,George,,Thessaloniki,40.63720013930521,22.94267244637013,Entire home/apt,32,3,46,2025-05-18,2.91,7,270,25,00002434134
972489491095050519,"Lovely flat,close to centre!",47615492,,,Thessaloniki,40.64242507712428,22.940024451743774,Entire home/apt,37,1,8,2025-06-11,3.24,7,291,8,00001958264
972494699399879767,Cute central flat with patio !,47615492,,,Thessaloniki,40.62246023204796,22.962186571383867,Entire home/apt,40,1,5,2025-05-07,0.30,7,52,3,00001979894
972536976119404062,ITHACA: Σπίτι με αυτόνομη είσοδο,474940787,Ειρήνη,,Pavlou Mela,40.65598,22.95299,Entire home/apt,60,1,10,2025-06-13,0.49,2,361,9,00002301024
973171134962765796,Anastasia1,445328649,Kleanthis,,Thessaloniki,40.6375102,22.9477568,Entire home/apt,53,2,0,,,2,361,0,00002296725
973236888437881660,Loft Thessaloniki Near Station Metro,62504535,Kostas,,Thessaloniki,40.63785604070918,22.93845199048519,Entire home/apt,54,2,16,2025-06-22,0.76,1,160,2,00002302663
973558611805158112,#Ioannas Νikopolis Apartments,434347481,Ioanna Apartments,,Pavlou Mela,40.68527664279421,22.930078123278825,Entire home/apt,37,2,63,2025-05-25,2.89,23,322,42,00002287750
973654859310058277,Houseloft Seaside Getaway,29565272,Houseloft,,Thessaloniki,40.6126241,22.9536573,Entire home/apt,260,1,68,2025-05-29,3.17,23,342,40,00002338214
973767464301762289,Charming Urban Retreat,128221426,Iraklis,,Thessaloniki,40.60193377464972,22.953651526983652,Entire home/apt,,3,0,,,1,0,0,00002303416
973901096003806061,maraia home,535658958,Μαρια,,Thessaloniki,40.62916874927737,22.95116520688477,Entire home/apt,47,1,12,2024-12-15,0.56,1,116,7,00002300696
973926937441302310,Panoramic City View Penthouse Nikopol,535666490,Σονια,,Thessaloniki,40.646733,22.9399314,Entire home/apt,124,2,30,2025-06-12,1.39,1,342,13,00002303893
974366758429480330,Luxurious get-away chez Crispi,35365262,Thanos,,Thessaloniki,40.640472,22.932539,Entire home/apt,62,3,19,2025-04-10,0.87,2,44,2,00001975254
974387914342211985,Marilyn: Luxe & Stylish 3BD retreat by halu!,251290631,Halu,,Thessaloniki,40.63457,22.94655,Entire home/apt,159,1,41,2025-05-16,2.00,99,320,17,00002370888
974429096464924869,Rotunda apartment,148501522,Ntinos,,Thessaloniki,40.63184,22.95073,Entire home/apt,89,1,68,2025-06-13,3.15,1,210,33,00002304183
974648628876761838,φιλόξενος χώρος στην παραλία,35968567,Christos,,Thessaloniki,40.606989879612016,22.953173629939556,Entire home/apt,80,1,0,,,1,88,0,00002306800
975118341403391582,C.3 Anemone Lux_Apartment,32216964,George,,Thessaloniki,40.6288865,22.9497012,Entire home/apt,84,2,9,2025-02-02,0.43,16,110,2,00002300059
975123194106451683,"Florence, The Luxury Suites",280458084,The Luxury Suites,,Thessaloniki,40.63779,22.93966,Entire home/apt,51,2,64,2025-06-02,2.98,180,163,38,00002305712
975765753755846685,The “Roman market” lux apartment,536084150,Χρίστος,,Thessaloniki,40.6372912,22.9475359,Entire home/apt,109,3,49,2025-05-05,2.27,2,28,20,00002305467
975808967958359807,Διαμέρισμα στην Άνω Πόλη,536082844,Christos,,Thessaloniki,40.64331697112596,22.951108999550343,Entire home/apt,62,2,5,2025-05-05,0.23,1,190,2,00002307408
976064089050327372,LUXE Boutique With Balcony,536151930,Mohamed,,Thessaloniki,40.61775,22.95906,Entire home/apt,66,2,3,2024-09-30,0.14,2,67,1,00002212840
976178721992448435,White lux heaven Saint Dimitrios,477806628,Χρήστος,,Thessaloniki,40.6427675,22.9387347,Entire home/apt,45,2,1,2023-10-15,0.05,3,7,0,00002306714
977288614810196364,"""To Spitaki""",536392833,Maria,,Thessaloniki,40.63662799999999,22.9554219,Entire home/apt,60,2,34,2025-06-07,1.73,1,26,18,00002305611
977330233703513461,"Bonsai 4.1, The Luxury Suites",280458084,The Luxury Suites,,Thessaloniki,40.63914,22.93775,Entire home/apt,49,2,21,2025-05-25,0.98,180,130,15,00002364935
977356838894140860,"Bonsai 4.5, The Luxury Suites",280458084,The Luxury Suites,,Thessaloniki,40.63914,22.93736,Entire home/apt,52,2,24,2025-05-28,1.14,180,127,14,00002364956
977374505129391045,"Bonsai 4.3, The Luxury Suites",280458084,The Luxury Suites,,Thessaloniki,40.63724,22.93674,Entire home/apt,46,2,37,2025-05-23,1.72,180,138,18,00002364982
977953664383869561,Dream Central Appartment,74954115,Alexandros,,Thessaloniki,40.63045,22.9461,Entire home/apt,,3,0,,,1,262,0,00002295415
978054779060982608,μerάκι,536569125,Θεοδωρος,,Thessaloniki,40.63414189486008,22.942833714187145,Entire home/apt,87,1,4,2024-09-25,0.19,1,140,1,00002266298
978071669967324723,"Zaphira 4.4 Apartment, Nilie Hospitality MGMT",239769711,Nilie Premium Hospitality MGMT,,Thessaloniki,40.64006,22.93965,Entire home/apt,43,1,11,2025-05-12,0.71,303,267,8,2925740
978094887399729274,"Big Apple 2.8 | Apartment BLC, Nilie Hospitality",239769711,Nilie Premium Hospitality MGMT,,Thessaloniki,40.63934,22.93869,Entire home/apt,44,1,45,2025-06-20,2.10,303,255,18,2948965
978658516545368609,Raphael’s Suites SKG,172186838,Rafail,,Pavlou Mela,40.67892,22.93646,Entire home/apt,74,1,31,2025-06-17,1.63,1,361,22,00002355880
978665655060035179,The Luxury Project,536724950,Κωνσταντίνος,,Thessaloniki,40.62785,22.94811,Entire home/apt,,3,0,,,1,133,0,00002294481
978801709963642981,City Center Modern Apt Queen Bed,472135889,Booking,,Thessaloniki,40.629984656108974,22.948997253967303,Entire home/apt,117,1,1,2023-09-17,0.05,2,23,0,00001450820
978811772647008905,Cozy Condo in Thessaloniki,476779892,Ignatios,,Thessaloniki,40.6355022,22.9545114,Entire home/apt,40,1,74,2025-06-22,3.43,1,2,46,00002312571
979056050568283175,Droke,504795424,Polixronis,,Thessaloniki,40.63109801381285,22.942921221256256,Entire home/apt,63,2,7,2025-06-03,0.33,1,241,3,00002312949
980223848653305879,"Phìlus Suite, Nilie Hospitality MGMT",239769711,Nilie Premium Hospitality MGMT,,Thessaloniki,40.6306353,22.9512371,Entire home/apt,46,1,41,2025-06-21,1.96,303,261,15,1381448
980868972235481913,Elysium Retreat Apt Next to White Tower & Helexpo,537214762,Theodoros,,Thessaloniki,40.6300052,22.9511905,Entire home/apt,111,1,7,2024-11-11,0.33,1,244,2,00002305143
981123667190349807,Cozy Studio 800m from the Sea & 2Min Walk to Metro,25568707,Eleni,,Thessaloniki,40.59918,22.95918,Entire home/apt,36,2,96,2025-06-22,4.51,1,284,56,00002314495
981597839894854320,Chez Getama’s apartment,537359586,Γεώργιος,,Thessaloniki,40.6107783,22.9543132,Entire home/apt,80,2,5,2025-06-09,0.25,1,364,1,00002293166
981681557949672009,Anopolh Apartment 33,194081871,Χρήστος,,Thessaloniki,40.63877817956147,22.954709642327877,Entire home/apt,50,2,3,2024-09-09,0.15,1,269,1,00002312444
982465774706860425,Anopolh apartment 11,534788593,Nikolaos,,Thessaloniki,40.63878225024633,22.954698913491818,Entire home/apt,47,2,3,2023-12-25,0.14,2,269,0,00002312385
982490991379560067,Anopolh front apartment,534788593,Nikolaos,,Thessaloniki,40.63879446229951,22.95468282023773,Entire home/apt,40,2,3,2024-04-09,0.15,2,270,0,00002312364
982511874228632000,Casa Luna,537542630,,,Thessaloniki,40.609399333554165,22.97692978880463,Entire home/apt,79,3,0,,,1,96,0,00002496118
983724776943205508,Central gem with an incredible balcony view,93145510,Vasilis,,Thessaloniki,40.63624,22.93917,Entire home/apt,46,1,72,2025-06-10,3.50,7,243,46,00002321531
983760347676254829,BS House,520462322,Ioanna,,Thessaloniki,40.62988,22.96578,Entire home/apt,68,2,5,2025-01-04,0.25,1,263,1,00002296630
983810182827858406,Damon's Apartment - 2 bedrooms,537844847,Manos,,Thessaloniki,40.6181647,22.9583247,Entire home/apt,72,1,16,2025-01-02,0.79,3,231,4,00002296097
984099820734634007,Simplicity Big Apartment 2bedroom/5p,537923030,Δημητριος,,Thessaloniki,40.6055244,22.9671163,Entire home/apt,49,2,7,2025-05-30,0.38,1,132,5,00002318142
984112606197407015,"Spacious 2 rooms,2 balconies next center, mall, RS",197543386,Aristeidis,,Thessaloniki,40.64594,22.9223,Entire home/apt,,6,18,2025-04-08,0.86,3,173,5,00002318217
984504761992405526,Downtown Seaside Studio 9,233599991,,,Thessaloniki,40.6335062,22.9388546,Entire home/apt,82,1,1,2024-12-01,0.14,30,247,1,00002984936
984603304722218939,Markou Mpotsari home -Νέα Παραλία,538030477,Χαραλαμπος,,Thessaloniki,40.607142,22.9572041,Entire home/apt,50,2,6,2024-08-27,0.29,1,224,2,00002319835
984621062870561145,Sunny studio,90780487,Olga,,Pavlou Mela,40.66004,22.92959,Entire home/apt,38,2,58,2025-06-19,2.71,4,52,25,00003234602
984760312924497641,City center 1bd flat,223119725,Iuliia,,Thessaloniki,40.64289,22.93935,Entire home/apt,30,1,5,2025-06-22,0.28,1,6,3,00002072907
985368943946687870,Cloud9-skg,538210020,Savvas,,Thessaloniki,40.635324,22.9353492,Entire home/apt,61,2,77,2025-06-13,3.66,1,49,64,00002300548
985473279019310111,Feidias Apartment - 1 bedroom,537844847,Manos,,Thessaloniki,40.61758,22.95872,Entire home/apt,57,1,30,2025-04-22,1.42,3,266,17,00002296034
986035716498117641,Comfort Corner apartment in Thessaloniki 75m2,38074324,Panagiotis,,Thessaloniki,40.6062419,22.9682971,Entire home/apt,62,1,43,2025-06-15,2.05,1,349,24,00002321796
986102770302736064,Emas Apartment A,247613731,Emanoela,,Thessaloniki,40.6444533,22.9387345,Entire home/apt,52,3,0,,,2,173,0,00002305632
986127031186020390,Emas Apartment B,247613731,Emanoela,,Thessaloniki,40.6444533,22.9387345,Entire home/apt,52,2,0,,,2,179,0,00002305627
986748774766938579,"Penthouse Level 8 #1, Nilie Hospitality MGMT",239769711,Nilie Premium Hospitality MGMT,,Thessaloniki,40.63516,22.94837,Entire home/apt,47,1,78,2025-06-20,3.77,303,196,47,2374902
987382325896363912,Dreamy Central Corner,535984430,Konstantinos,,Thessaloniki,40.6347203108322,22.94044067870544,Entire home/apt,43,2,38,2025-06-16,1.82,1,66,27,00001543649
987574254206342066,The five star apartment,509991974,Christina,,Thessaloniki,40.6291826,22.9482711,Entire home/apt,,2,2,2025-05-11,0.53,1,125,2,00002322018
988196182732624165,Elegant balcony Penthouse w/ Netflix and Nespresso,350279014,Innovation,,Thessaloniki,40.6382388,22.9371113,Entire home/apt,59,1,64,2025-05-16,3.11,35,135,36,00002333034
988226655102148293,Aegean Blue Apartments 2# Luxury Suite Studio 34,44106609,Aegean Blue,,Thessaloniki,40.6413651,22.9394385,Entire home/apt,50,1,34,2025-02-04,1.61,8,70,14,00002363364
988237991666099819,Aegean Blue Apartments 3חי Luxury Suite 1 BDR 1+1,44106609,Aegean Blue,,Thessaloniki,40.6413651,22.9394385,Entire home/apt,62,1,41,2025-02-23,1.94,8,70,11,00002363359
988784779006462374,Stylish central apartment!,181038870,City Apartments,,Thessaloniki,40.64214,22.94334,Entire home/apt,66,2,8,2024-05-20,0.39,2,115,0,00002307460
989130658169765478,ID Apartments,539060781,Ιασονας,,Thessaloniki,40.6434,22.93183,Entire home/apt,59,2,15,2024-12-02,0.74,1,233,6,00002325161
989718582405389122,Premium Apartment 90m2,424156639,Michail,,Thessaloniki,40.6052,22.95334,Entire home/apt,102,1,6,2024-10-09,0.29,1,255,3,00002329461
989763874570935101,"P30-1 | Apartment, Balcony, Nilie Hospitality MGMT",239769711,Nilie Premium Hospitality MGMT,,Thessaloniki,40.63866,22.94025,Entire home/apt,46,1,16,2025-06-05,0.76,303,268,9,2206456
989798011216178979,Aegean Blue Apartments 4 # Luxury Suite 1 BDR 1+1,44106609,Aegean Blue,,Thessaloniki,40.622024,22.9588909233,Entire home/apt,,1,77,2025-01-10,3.65,8,69,27,00002363566
989805391244641179,Aegean Blue Apartments 5 # Luxury Suite 1 BDR 1+1,44106609,Aegean Blue,,Thessaloniki,40.622024,22.9591055,Entire home/apt,,1,71,2025-02-15,3.36,8,69,32,00002363550
989848960081240125,Sofouli central,142956536,Georgios,,Thessaloniki,40.59427767075767,22.951100876721213,Entire home/apt,52,3,44,2025-06-07,2.09,1,329,24,00002311501
989893592343028295,Aegean Blue Apartments 6 # Luxury Suite 2BDR 2+2,44106609,Aegean Blue,,Thessaloniki,40.641312251493716,22.939685136079788,Entire home/apt,96,1,40,2025-03-02,1.96,8,69,13,00002316659
990321071241837767,F & B Collection - Luxury Seafront 2 Bedroom Flat,31131449,Dimitris,,Thessaloniki,40.62914,22.94572,Entire home/apt,247,6,27,2025-05-17,1.36,50,342,14,00002324824
990331926139143227,"Avenue Superior Apartment, Nilie Hospitality MGMT",239769711,Nilie Premium Hospitality MGMT,,Thessaloniki,40.6370746,22.9394385,Entire home/apt,63,1,66,2025-06-07,3.18,303,253,54,00001357974
990383632081163091,"Phìlus Deluxe Suite BLC, Nilie Hospitality MGMT",239769711,Nilie Premium Hospitality MGMT,,Thessaloniki,40.63064,22.95124,Entire home/apt,51,1,35,2025-03-16,1.72,303,246,25,1381448
990395819475167757,"Phìlus Deluxe Suite BLC, Nilie Hospitality MGMT",239769711,Nilie Premium Hospitality MGMT,,Thessaloniki,40.63064,22.95124,Entire home/apt,51,1,71,2025-06-21,3.45,303,252,41,1381448
990399408559849871,"Phìlus Deluxe Suite BLC, Nilie Hospitality MGMT",239769711,Nilie Premium Hospitality MGMT,,Thessaloniki,40.63064,22.95124,Entire home/apt,51,1,92,2025-05-08,4.39,303,251,74,1381448
990407172906257901,"Phìlus Deluxe Suite BLC, Nilie Hospitality MGMT",239769711,Nilie Premium Hospitality MGMT,,Thessaloniki,40.63064,22.95124,Entire home/apt,51,1,68,2025-06-09,3.71,303,245,61,1381448
990412587670138873,"Phìlus Penthouse Suite , Nilie Hospitality MGMT",239769711,Nilie Premium Hospitality MGMT,,Thessaloniki,40.63064,22.95124,Entire home/apt,53,1,33,2025-06-19,1.58,303,226,20,00002306272
990430447159411690,"Phìlus Suite BLC, Nilie Hospitality MGMT",239769711,Nilie Premium Hospitality MGMT,,Thessaloniki,40.63064,22.95124,Entire home/apt,46,1,58,2025-06-08,2.84,303,248,42,1381448
990440919792460210,"Phìlus Suite BLC, Nilie Hospitality MGMT",239769711,Nilie Premium Hospitality MGMT,,Thessaloniki,40.63064,22.95124,Entire home/apt,46,1,83,2025-06-12,3.96,303,252,42,1381448
990443476140011432,"Phìlus Suite BLC, Nilie Hospitality MGMT",239769711,Nilie Premium Hospitality MGMT,,Thessaloniki,40.6306353,22.9512371,Entire home/apt,46,1,29,2025-03-28,1.39,303,249,19,1381448
990451662585529306,"Phìlus Suite BLC, Nilie Hospitality MGMT",239769711,Nilie Premium Hospitality MGMT,,Thessaloniki,40.63064,22.95124,Entire home/apt,46,1,73,2025-06-19,3.49,303,246,46,1381448
990481753832283999,"Phìlus Suite, Nilie Hospitality MGMT",239769711,Nilie Premium Hospitality MGMT,,Thessaloniki,40.63064,22.95124,Entire home/apt,46,1,45,2025-04-12,2.28,303,254,29,1381448
990493367496799771,"Phìlus Suite, Nilie Hospitality MGMT",239769711,Nilie Premium Hospitality MGMT,,Thessaloniki,40.63064,22.95124,Entire home/apt,46,1,60,2025-06-18,2.94,303,258,44,1381448
990502831277459322,Chrisanthis Hause,539382293,Sofia,,Thessaloniki,40.64577,22.93943,Entire home/apt,75,5,3,2025-01-02,0.17,1,268,2,00002329340
990625901364279921,Dialeti Loft Apartment,119416356,Fani,,Thessaloniki,40.62915,22.95143,Entire home/apt,39,1,86,2025-06-09,4.09,34,55,48,00002355317
990637447371960394,DoorMat #10 Dream catcher-Jacuzzi edition,23525724,Mario,,Thessaloniki,40.63287,22.94813,Entire home/apt,53,1,99,2025-06-11,4.85,4,351,59,00002787246
990678686813714076,Cosy luxury apartment in Thessaloniki,250133552,Iraklis,,Thessaloniki,40.63856,22.94991,Entire home/apt,60,2,1,2024-06-23,0.08,1,174,0,00002614636
991019375048381935,"Phìlus Suite, Nilie Hospitality MGMT",239769711,Nilie Premium Hospitality MGMT,,Thessaloniki,40.63064,22.95124,Entire home/apt,46,1,26,2025-06-09,1.29,303,258,13,1381448
991025986371818608,"Phìlus Suite BLC, Nilie Hospitality MGMT",239769711,Nilie Premium Hospitality MGMT,,Thessaloniki,40.63064,22.95124,Entire home/apt,46,1,32,2024-05-18,1.57,303,239,0,1381448
991029620391777950,"Phìlus Suite BLC, Nilie Hospitality MGMT",239769711,Nilie Premium Hospitality MGMT,,Thessaloniki,40.63064,22.95124,Entire home/apt,46,1,112,2025-06-11,5.51,303,254,68,1381448
991036395565616566,"Phìlus Suite BLC, Nilie Hospitality MGMT",239769711,Nilie Premium Hospitality MGMT,,Thessaloniki,40.6306353,22.9512371,Entire home/apt,46,1,77,2025-06-19,3.68,303,257,49,1381448
991063853106687084,"Phìlus Suite BLC, Nilie Hospitality MGMT",239769711,Nilie Premium Hospitality MGMT,,Thessaloniki,40.63064,22.95124,Entire home/apt,46,1,130,2025-06-21,6.19,303,241,82,1381448
991095746279326157,"Phìlus Suite, Nilie Hospitality MGMT",239769711,Nilie Premium Hospitality MGMT,,Thessaloniki,40.63064,22.95124,Entire home/apt,46,1,25,2025-04-12,1.30,303,247,16,1381448
991101527154224030,"Phìlus Suite, Nilie Hospitality MGMT",239769711,Nilie Premium Hospitality MGMT,,Thessaloniki,40.63064,22.95124,Entire home/apt,46,1,39,2025-04-14,1.91,303,259,22,1381448
991105857451939959,"Phìlus Suite, Nilie Hospitality MGMT",239769711,Nilie Premium Hospitality MGMT,,Thessaloniki,40.63064,22.95124,Entire home/apt,46,1,43,2025-04-26,2.13,303,255,30,1381448
991136299319835999,"Phìlus Suite BLC, Nilie Hospitality MGMT",239769711,Nilie Premium Hospitality MGMT,,Thessaloniki,40.63064,22.95124,Entire home/apt,46,1,7,2025-01-06,0.37,303,262,4,1381448
991168936859251485,"Phìlus Suite BLC, Nilie Hospitality MGMT",239769711,Nilie Premium Hospitality MGMT,,Thessaloniki,40.63064,22.95124,Entire home/apt,46,1,21,2024-12-25,1.02,303,263,9,1381448
991197442138584149,"Phìlus Suite BLC, Nilie Hospitality MGMT",239769711,Nilie Premium Hospitality MGMT,,Thessaloniki,40.63064,22.95124,Entire home/apt,46,1,8,2024-09-06,0.39,303,261,4,1381448
991211741870537591,"Phìlus Suite BLC, Nilie Hospitality MGMT",239769711,Nilie Premium Hospitality MGMT,,Thessaloniki,40.6306353,22.9512371,Entire home/apt,46,1,16,2025-01-20,0.77,303,259,9,1381448
991223129710327299,"Phìlus Suite BLC, Nilie Hospitality MGMT",239769711,Nilie Premium Hospitality MGMT,,Thessaloniki,40.63064,22.95124,Entire home/apt,46,1,43,2025-05-25,2.08,303,259,25,1381448
991310321156700549,MD modern studio apartment w/garden in pilea,202441097,Μαρία,,Pilea – Chortiatis,40.60119047976972,22.991776317358017,Entire home/apt,51,2,43,2025-06-15,2.39,1,233,26,00002414551
991328176268561947,#Ioannas Apartments ~Nikopolis City View,434347481,Ioanna Apartments,,Pavlou Mela,40.6852441,22.9302927,Entire home/apt,37,2,51,2025-06-21,2.47,23,345,37,00002287791
992788173420446467,Tiny attic with incredible view,539858405,Dimitrios,,Neapolis – Sykeon,40.63922,22.96257,Entire home/apt,35,3,58,2025-06-14,2.79,1,223,33,00002327330
994152537595888139,"SpaceOne ""DownTown Prime"" by #GimiSpace.Rentals",540175132,Elena,,Thessaloniki,40.6293411,22.9466294,Entire home/apt,65,2,5,2025-06-21,0.35,6,349,4,00001875040
994170507102158284,"SpaceTwo ""DownTown Chill"" by #GimiSpace.Rentals",540175132,Elena,,Thessaloniki,40.64287830000001,22.9378208,Entire home/apt,45,2,1,2024-02-16,0.06,6,342,0,00002241632
994714790567180323,"Apartments 2 rooms, Thessaloniki",401184568,Sevastiana,,Thessaloniki,40.64646241159698,22.93756256509821,Entire home/apt,40,1,32,2025-04-11,1.55,1,222,20,00002334673
994806402658763505,Aristotelis Cozy and Playful at Roman Forum,309457877,Artemis,,Thessaloniki,40.637768002152924,22.944001542327896,Entire home/apt,59,2,9,2025-04-12,0.45,2,37,6,00000922273
995582630718336668,Aegean Blue Apartments10 # The Luxury Suite -2 BDR,44106609,Aegean Blue,,Thessaloniki,40.634308536418104,22.95251179486513,Entire home/apt,78,1,88,2025-03-04,4.26,8,163,40,00002330709
995615721255872469,Bright City Apartment,540511633,Δεσποινα,,Thessaloniki,40.5975507,22.9653161,Entire home/apt,72,2,28,2025-06-08,1.56,1,240,17,00002330389
996117326126567612,Bauhaus halu! : Standard studio,251290631,Halu,,Thessaloniki,40.63639,22.93866,Private room,,1,56,2024-12-30,2.75,99,0,43,00002295638
996131766200098258,Bauhaus by halu! : Superior studio,251290631,Halu,,Thessaloniki,40.6358,22.93659,Private room,,1,33,2025-01-26,1.64,99,0,25,00002295702
996178419540285425,LuxLiving Agiou Dimitriou II,510197006,Alexandros,,Thessaloniki,40.63892,22.94768,Entire home/apt,50,1,62,2025-06-05,2.98,9,337,32,00002331657
996996660650073936,Μοντέρνο κεντρικό διαμέρισμα,198560562,Lena,,Thessaloniki,40.6351005,22.9496891,Entire home/apt,55,2,15,2025-03-31,0.78,1,177,6,00002289163
997110655578215187,AniBo Studios & Apartments - ZP46,513545699,A.B Zero Point,,Thessaloniki,40.64045,22.93808,Entire home/apt,61,2,9,2025-02-01,0.46,4,130,2,00002321345
997514590420211775,Cosy 'Floating Studio' | 8' Walk to Seaside in SKG,20968410,Theodoros,,Thessaloniki,40.6184953,22.9595484,Entire home/apt,53,2,5,2025-04-25,0.24,1,324,1,00002333379
998660778562218191,DeKo PPG 36,214875317,DeKo,,Thessaloniki,40.63187665827317,22.949317037048356,Entire home/apt,194,2,1,2023-11-26,0.05,4,116,0,00002333948
999758382020555787,Mardi No12 Luxury Apartment,233599991,,,Thessaloniki,40.60493,22.95322,Entire home/apt,66,1,30,2025-05-29,1.46,30,251,12,00002332910
999941492748993218,The 'Old Fashioned' Apartment,75797747,Vasileios,,Kordelio – Evosmos,40.66870207631397,22.894552275538445,Entire home/apt,90,1,1,2024-10-28,0.13,1,265,1,00002275035
1000089832083715913,Next to railway station | T room,212454949,Evans' Apartments,,Thessaloniki,40.644009191335876,22.932964861392975,Entire home/apt,46,1,61,2025-06-09,3.17,6,142,40,2335426
1000563586498565070,"Villa Clio, Luxury Collection Executive Suite",285718389,Κωνσταντινος,,Thessaloniki,40.6054262,22.9564097,Private room,146,1,0,,,4,324,0,1314133
1000573576060333507,"Villa Clio, Luxury Collection Deluxe double room",285718389,Κωνσταντινος,,Thessaloniki,40.6054262,22.9564097,Private room,113,1,1,2023-12-03,0.05,4,350,0,1314133
1000576369483139816,"Villa Clio, Luxury Collection Superior double room",285718389,Κωνσταντινος,,Thessaloniki,40.60594,22.95621,Private room,129,1,0,,,4,343,0,1314133
1000579960220248027,"Villa Clio,  Luxury Collection Comfort triple room",285718389,Κωνσταντινος,,Thessaloniki,40.6054262,22.9564097,Private room,138,1,0,,,4,353,0,1314133
1000809061584659172,Villanova - Ruby Suite,350701586,Polina,,Thessaloniki,40.64229,22.9336,Entire home/apt,44,1,85,2025-06-09,4.67,7,324,66,00003221379
1001161089767909240,"Pantheon 6.2 | Studio, Nilie Hospitality MGMT",239769711,Nilie Premium Hospitality MGMT,,Thessaloniki,40.63525,22.93638,Entire home/apt,44,1,20,2025-05-06,0.99,303,264,7,2562388
1001216659235982112,Invictus Helexpo - #Skgbnb,28267881,Tomas&Cristina! Skgbnb,,Thessaloniki,40.6304401,22.9532713,Entire home/apt,124,2,4,2024-01-02,0.20,29,169,0,00002335612
1001275732615898044,Porto Sea View Apartments #19,372140900,Κωνσταντινια,,Thessaloniki,40.63334,22.93685,Entire home/apt,85,1,2,2025-04-02,0.22,41,330,2,00002062870
1001534645714788716,Queen Suites,499979015,Maria,,Thessaloniki,40.62183803170775,22.962158359587193,Entire home/apt,61,2,29,2025-06-22,1.87,2,71,20,00002504661
1001916805775484229,"Big Apple 2.4 | Apartment BLC, Nilie Hospitality",239769711,Nilie Premium Hospitality MGMT,,Thessaloniki,40.63934,22.93869,Entire home/apt,44,1,13,2024-09-16,0.72,303,88,7,2661973
1001931992155932680,"Big Apple 2.11 | Studio, Nilie Hospitality",239769711,Nilie Premium Hospitality MGMT,,Thessaloniki,40.63934,22.93869,Entire home/apt,44,1,13,2025-05-25,0.68,303,269,9,2962000
1001956022563360161,Όμορφο διαμέρισμα 5χλμ απο το κέντρο της πόλης!,541783701,Μαρία,,Ampelokipon – Menemeni,40.65535261557512,22.91346271349183,Entire home/apt,97,2,9,2025-04-30,0.46,1,224,2,00002331838
1002074309338683669,"Big Apple 5.4 | Studio Balcony, Nilie Hospitality",239769711,Nilie Premium Hospitality MGMT,,Thessaloniki,40.63934,22.93869,Entire home/apt,44,1,14,2025-06-15,0.71,303,270,7,1250120
1002077978575865887,"Big Apple 5.6 | Studio, Nilie Hospitality",239769711,Nilie Premium Hospitality MGMT,,Thessaloniki,40.63934,22.93869,Entire home/apt,44,1,10,2025-05-04,1.01,303,269,10,2662100
1002081810813699381,"Big Apple 5.10 | Apartment BLC, Nilie Hospitality",239769711,Nilie Premium Hospitality MGMT,,Thessaloniki,40.63934,22.93869,Entire home/apt,44,1,10,2025-02-23,0.49,303,266,4,2661989
1002122209576337331,elena's calmness home,529684352,Ελενη,,Pavlou Mela,40.66832,22.949,Entire home/apt,36,2,33,2025-01-11,1.62,1,307,16,00002403509
1002247012361125766,Evemma Luxury Apartment Skg,533946283,Evemma Apartment Luxury,,Thessaloniki,40.6201173,22.9557509,Entire home/apt,67,3,14,2025-04-07,0.69,1,258,2,00002289955
1002704755843208920,Boutique Charm & Stunning Views,72167863,Eleftheria,,Neapolis – Sykeon,40.639206182956784,22.962608864418034,Entire home/apt,72,2,36,2025-06-14,3.69,1,316,36,00002858808
1002869317198773455,City Pulse #URBN,529609791,Asset,,Thessaloniki,40.6287712,22.9495867,Entire home/apt,,2,8,2025-03-30,0.41,2,0,3,00002320470
1003520294619106947,"Pantheon 6.6 | Studio, Nilie Hospitality MGMT",239769711,Nilie Premium Hospitality MGMT,,Thessaloniki,40.63525,22.93638,Entire home/apt,44,1,8,2025-06-18,0.77,303,263,8,2562447
1003670026296556191,Το σπίτι των χρωμάτων!,398571478,Gerasimos,,Thessaloniki,40.60109,22.96253,Private room,28,7,13,2025-02-16,0.63,1,272,8,00002338559
1003675706379960380,THEA Thessaloniki,542139540,Ανεστης,,Thessaloniki,40.64499653295705,22.92615934704747,Entire home/apt,,7,2,2023-11-12,0.10,1,54,0,00002337870
1004067332205235950,Coco by halu! : Neoclassical apt with balcony,251290631,Halu,,Thessaloniki,40.63015,22.94822,Entire home/apt,69,1,5,2025-05-06,1.04,99,213,5,00002987745
1004111981350569669,Houseloft Rotunda Escape,29565272,Houseloft,,Thessaloniki,40.6330815,22.952036,Entire home/apt,90,1,38,2025-06-05,1.88,23,346,33,00003199493
1004776088196777405,DELUXE ΔΙΑΜΕΡΙΣΜΑ,542365842,Νικόλαος,,Thessaloniki,40.63936229999999,22.9451409,Entire home/apt,66,1,0,,,15,261,0,00002335001
1004818544380759364,View- Ano Poli #Skgbnb,1977386,Cristina&Tomas! Skgbnb,,Thessaloniki,40.64199,22.9547,Entire home/apt,57,2,22,2025-05-23,1.08,36,362,18,00003018432
1005005465912567486,"Hermes Suites, Agia Sofia, Nilie Hospitality MGMT",239769711,Nilie Premium Hospitality MGMT,,Thessaloniki,40.6331,22.94542,Entire home/apt,44,1,22,2025-04-23,1.21,303,249,15,3256969
1005123915961803815,AniBo Studios & Apartments - ZP52,513545699,A.B Zero Point,,Thessaloniki,40.6399451,22.9373208,Entire home/apt,41,1,7,2025-01-15,0.38,4,104,4,00002348037
1005583770798397942,DELUXE ΔΙΑΜΕΡΙΣΜΑ,542365842,Νικόλαος,,Thessaloniki,40.63936229999999,22.9451409,Entire home/apt,58,1,8,2024-10-06,0.39,15,346,1,00002335022
1005847472182310845,AniBo Studios & Apartments - ZP35,513545699,A.B Zero Point,,Thessaloniki,40.64238,22.93676,Entire home/apt,54,1,2,2024-03-04,0.11,4,147,0,00002321350
1006185082708287886,SUPERIOR ΔΙΑΜΕΡΙΣΜΑ,542365842,Νικόλαος,,Thessaloniki,40.63936229999999,22.9451409,Entire home/apt,138,1,3,2025-05-25,0.47,15,359,3,00002335017
1006185434068578875,STANDARD ΔΙΑΜΕΡΙΣΜΑ,542365842,Νικόλαος,,Thessaloniki,40.63936229999999,22.9451409,Entire home/apt,57,1,10,2025-03-02,0.49,15,356,4,00002335059
1006207587172588777,STANDARD ΔΙΑΜΕΡΙΣΜΑ,542365842,Νικόλαος,,Thessaloniki,40.63936229999999,22.9451409,Entire home/apt,57,1,5,2025-05-04,0.25,15,357,2,00002335070
1006215280318774827,STANDARD ΔΙΑΜΕΡΙΣΜΑ,542365842,Νικόλαος,,Thessaloniki,40.63936229999999,22.9451409,Entire home/apt,57,1,2,2023-11-12,0.10,15,335,0,00002335139
1006366774517765920,Aegean Blue Apartments11 #The Luxury Suite -2 BDR,44106609,Aegean Blue,,Thessaloniki,40.62313,22.95887,Entire home/apt,120,1,28,2025-02-27,1.40,8,163,18,00002363545
1006923754771331054,DELUXE ΔΙΑΜΕΡΙΣΜΑ,542365842,Νικόλαος,,Thessaloniki,40.63936229999999,22.9451409,Entire home/apt,71,1,7,2025-05-11,0.35,15,362,4,00002334976
1006938096639475673,DELUXE ΔΙΑΜΕΡΙΣΜΑ,542365842,Νικόλαος,,Thessaloniki,40.63833,22.94587,Entire home/apt,75,1,3,2024-10-27,0.17,15,362,2,00002335038
1006938192548286096,DELUXE ΔΙΑΜΕΡΙΣΜΑ,542365842,Νικόλαος,,Thessaloniki,40.63936229999999,22.9451409,Entire home/apt,71,1,2,2025-02-02,0.15,15,359,1,00002335043
1006950373746626195,DELUXE ΔΙΑΜΕΡΙΣΜΑ,542365842,Νικόλαος,,Thessaloniki,40.63936229999999,22.9451409,Entire home/apt,81,1,6,2025-04-13,0.30,15,353,4,00002335085
1006973353752927553,Ένα μοντέρνο διαμέρισμα.,542789644,Manolis,,Thessaloniki,40.62148,22.96018,Entire home/apt,72,2,1,2025-01-01,0.17,1,88,1,00002340112
1007329870323362106,the ONE,517573637,Olga,,Pilea – Chortiatis,40.6112,22.99067,Entire home/apt,137,2,16,2025-05-03,0.79,1,357,4,00002342626
1008403855756106235,DELUXE ΔΙΑΜΕΡΙΣΜΑ,542365842,Νικόλαος,,Thessaloniki,40.63936229999999,22.9451409,Entire home/apt,71,1,0,,,15,358,0,00002335090
1008471751505366175,Souvenir #Skgbnb,28267881,Tomas&Cristina! Skgbnb,,Thessaloniki,40.6315154,22.9425336,Entire home/apt,57,2,34,2025-02-24,1.69,29,208,19,00003019010
1008647092778114952,FLOW - White Tower Two Bedroom Suite,263237779,Stelios,,Thessaloniki,40.62887,22.95193,Entire home/apt,92,1,2,2024-07-01,0.10,12,165,1,00002345865
1009210384980400679,Room Garden: Double room,251290631,Halu,,Thessaloniki,40.61738,22.96212,Private room,,1,41,2025-05-21,2.16,99,356,24,12345678901
1009501942347934587,Vivian house,543309317,Giorilnta,,Thessaloniki,40.60857,22.95294,Entire home/apt,70,1,3,2024-08-11,0.22,2,365,2,3965085
1010107827888678976,Palmera FreeParking Studio,445400489,Theodora,,Thessaloniki,40.635022818329524,22.95061895396727,Entire home/apt,67,3,15,2025-05-12,0.76,2,243,6,00002313286
1010627013340159160,Comfortable apartment in Thessaloniki,391835910,Ευστρατια,,Thessaloniki,40.5973687,22.963213,Entire home/apt,73,2,8,2025-05-30,0.44,1,262,4,00002353557
1010805887246393293,Rotonda Reliving apartment,190054851,Χρήστος,,Thessaloniki,40.63363331600712,22.95207683439333,Entire home/apt,54,2,66,2025-06-10,3.33,1,188,39,00002298920
1012890877107578325,Στούντιο με θέα στον κήπο.,265211609,Μαρια,,Pilea – Chortiatis,40.5782172,23.0259111,Entire home/apt,54,2,2,2024-10-20,0.15,1,238,1,00002724642
1013558152832706424,The Nest,505483771,Unlock,,Thessaloniki,40.602233,22.9535317,Entire home/apt,,2,3,2024-12-29,0.15,4,0,1,00002607154
1013824863502112228,Tropical by Nest,544115668,Nest,,Thessaloniki,40.6300052,22.9511905,Entire home/apt,40,1,45,2025-06-08,2.25,23,158,36,00002322900
1013855897530710875,Faces by Nest,544115668,Nest,,Thessaloniki,40.6300052,22.9511905,Entire home/apt,39,1,16,2025-05-26,0.80,23,159,9,00002322836
1014196909414144834,Roua Mat,505483771,Unlock,,Thessaloniki,40.6371,22.95435,Entire home/apt,,2,0,,,4,0,0,00002607095
1014466793669089318,TravellerSpot_II cozy 2br apt,50521631,Napoleon,,Thessaloniki,40.59812,22.95189,Entire home/apt,,2,1,2024-05-09,0.07,2,0,0,00002143181
1014953133908711448,The traveler's house,505483771,Unlock,,Kordelio – Evosmos,40.67654,22.90601,Entire home/apt,,2,3,2025-05-19,0.22,4,0,1,00002674850
1015688281614528759,DoorMat #11 Bossa Nova,555435959,Fotios,,Thessaloniki,40.6420365,22.9395628,Entire home/apt,53,1,106,2025-06-14,5.42,23,310,63,00002489413
1015784136392750929,MORE_LiFE #Unique_Apartment,160048668,Tasos,,Thessaloniki,40.6331042,22.9480722,Entire home/apt,149,2,13,2025-05-26,0.76,1,328,12,00003012346
1016264116181594368,Stavroula's House City Center,61532598,Kostas,,Thessaloniki,40.6370203,22.9471113,Entire home/apt,182,2,0,,,2,298,0,00002439871
1016459348131567979,"Bonsai 4.4, The Luxury Suites",280458084,The Luxury Suites,,Thessaloniki,40.63928,22.93682,Entire home/apt,46,2,6,2024-12-13,0.33,180,133,2,00002364998
1016482411419852059,DELUXE ΔΙΑΜΕΡΙΣΜΑ,542365842,Νικόλαος,,Thessaloniki,40.64052,22.94558,Entire home/apt,71,1,0,,,15,339,0,00002335118
1016487917711700538,DELUXE ΔΙΑΜΕΡΙΣΜΑ,542365842,Νικόλαος,,Thessaloniki,40.63936229999999,22.9451409,Entire home/apt,71,1,2,2024-12-15,0.12,15,344,1,00002334997
1016630609492917304,Arvanitidis Suites 305 central luxury mini suite,108033866,Apostolos,,Thessaloniki,40.63691499999999,22.9390924,Entire home/apt,56,1,46,2025-06-10,2.34,9,357,40,00002351999
1016687087551729689,Arvanitidis Suites 306 central luxury mini suite,108033866,Apostolos,,Thessaloniki,40.63691499999999,22.9390924,Entire home/apt,56,1,26,2025-02-23,1.32,9,345,15,00002352030
1017158314366627928,ThessCasa,544839838,Αντωνια,,Thessaloniki,40.61252206615097,22.958784140646458,Entire home/apt,70,1,32,2025-05-17,1.75,1,316,22,00002375309
1018596525204606591,"Bonsai 4.2, The Luxury Suites",280458084,The Luxury Suites,,Thessaloniki,40.6394,22.93775,Entire home/apt,46,2,33,2025-04-24,2.15,180,141,19,00002364940
1018607005706253080,F & B Collection - Flat for 4,31131449,Dimitris,,Thessaloniki,40.6342386,22.950601,Entire home/apt,51,6,15,2025-01-03,0.81,50,359,11,00002344715
1018622707863417630,DELUXE ΔΙΑΜΕΡΙΣΜΑ,542365842,Νικόλαος,,Thessaloniki,40.63979,22.94585,Entire home/apt,71,1,1,2023-12-31,0.06,15,342,0,00002335123
1018895700233527327,New Helion Santaroza suites #2,421970238,Χρήστος,,Thessaloniki,40.64226,22.92958,Entire home/apt,40,3,48,2025-06-13,2.53,2,135,32,00002772828
1018975532758002622,Villanova - Sapphire Suite,350701586,Polina,,Thessaloniki,40.64292,22.93345,Entire home/apt,41,1,57,2025-06-09,3.09,7,324,41,00003221241
1018983535472049859,Villanova - Onyx Suite,350701586,Polina,,Thessaloniki,40.64259,22.9354,Entire home/apt,30,1,16,2025-03-31,0.89,7,158,11,00003221384
1019000418812522122,Lavish Residences - Agias Sofias,63911390,Marjan,,Thessaloniki,40.6319974,22.9449073,Entire home/apt,,1,72,2025-05-11,3.93,2,142,33,00003088767
1019368312046247899,"Divine 7th Floor Apartment , Panoramic City view",545354111,Thanasis,,Thessaloniki,40.6067371,22.9548285,Entire home/apt,90,2,68,2025-06-23,3.72,1,68,40,00002385795
1019590849267361893,Niovi Stylish Apartment Near the Waterfront,528381530,Panagiotis,,Thessaloniki,40.6185259,22.9554583,Entire home/apt,43,2,13,2025-06-20,0.73,1,80,9,00002101726
1020126479013571262,CityCenter-Apt-Private Hot-Tub,217068162,Marabou Unique Stay,,Thessaloniki,40.63760784817507,22.93526800409046,Entire home/apt,96,1,25,2025-06-07,1.28,7,100,7,00001480110
1022161653063943638,"Entire rental unit in Aretsou, Kalamaria, Greece",351343390,Κωνσταντίνος,,Kalamaria,40.57493799830327,22.952516908598326,Entire home/apt,63,3,9,2025-06-06,0.58,1,317,2,00002349166
1022258772023851076,Μουσείο Βενιζέλου,507883562,Νικόλαος,,Thessaloniki,40.63682302556413,22.94268761349184,Entire home/apt,92,2,2,2024-04-12,0.14,1,360,0,00002334689
1022424529912754488,Modern and Cosy flat,114031059,Efi,,Thessaloniki,40.60762,22.95361,Entire home/apt,50,2,61,2025-06-02,3.26,1,243,36,00002358274
1022475822958460605,Norra Apartments #2,421833328,Alexandros,,Thessaloniki,40.61256,22.97455,Entire home/apt,39,2,39,2025-06-14,2.03,1,195,22,00003285282
1022523032009397108,Spotted in Thessaloniki #10!-parking 15€/24h,71930151,Giannis,,Thessaloniki,40.63741643804732,22.935684835563602,Entire home/apt,,1,48,2025-02-02,2.47,4,0,25,00002354049
1023304614565752127,Clean and quiet apartment near the city center,546197654,Romylos,,Thessaloniki,40.6108494,22.9702262,Entire home/apt,35,3,8,2025-04-29,0.44,1,173,4,00002361541
1023769521132596703,"Avenue Superior Studio, Nilie Hospitality MGMT",239769711,Nilie Premium Hospitality MGMT,,Thessaloniki,40.63708,22.93944,Entire home/apt,51,1,61,2025-06-15,3.14,303,261,47,3257015
1023789138599192905,"Black&White Apartment, Nilie Hospitality MGMT",239769711,Nilie Premium Hospitality MGMT,,Thessaloniki,40.63818,22.93694,Entire home/apt,42,1,5,2024-11-24,0.38,303,269,4,2986891
1024046898715204669,Oasis Diamond Suite,50212813,Nikolaos,,Thessaloniki,40.6417388,22.9397347,Entire home/apt,51,1,2,2025-06-02,0.11,2,60,1,00002351310
1024601088761715349,"SpaceThree ""DownTown Fun"" by #Gimispace.Rentals",540175132,Elena,,Thessaloniki,40.6387259,22.9369442,Entire home/apt,43,2,4,2024-10-07,0.26,6,346,2,00002301172
1025150835602082247,"WeStay Apartment #37, The Luxury Suites",280458084,The Luxury Suites,,Thessaloniki,40.64039,22.93891,Entire home/apt,42,2,11,2025-06-02,0.64,180,168,8,00002381427
1025411575137491790,Fotini studio,546661133,Φωτεινη,,Thessaloniki,40.6143217,22.9793483,Entire home/apt,39,29,3,2024-07-23,0.16,1,263,1,00002361557
1025941105675294206,Otilia Suite,454062804,Sea And The City,,Thessaloniki,40.6338905,22.9395477,Private room,,1,22,2025-06-03,1.20,16,179,20,00002419832
1025942901000478536,"Filoxenia Living, Nilie Hospitality MGMT",239769711,Nilie Premium Hospitality MGMT,,Thessaloniki,40.63051,22.95166,Entire home/apt,68,1,68,2025-05-12,3.53,303,255,35,2357368
1026104341228505175,Konstamar Studio,89530691,Maria,,Thessaloniki,40.6352303,22.9406857,Entire home/apt,45,2,17,2025-05-10,0.87,1,83,1,00002319292
1026134836187325193,Spotted in Thessaloniki #13!-parking 15€/24h,71930151,Giannis,,Thessaloniki,40.63555,22.93827,Entire home/apt,,1,63,2025-03-02,3.27,4,0,35,00002353971
1026160119146527087,Angels Ap ( free private parking) of stayinthess,302947153,George,,Thessaloniki,40.638723,22.9556666,Entire home/apt,42,2,55,2025-06-22,2.86,8,236,32,00002357640
1026531818548538404,Alexander luxury,79446546,Dimitrios,,Thessaloniki,40.64269,22.94357,Entire home/apt,38,4,5,2025-05-07,0.29,5,339,4,00002345621
1026805858522769991,VN Urban House Thessaloniki,132581744,Giorgos,,Thessaloniki,40.6311354,22.9467396,Entire home/apt,,1,2,2023-12-28,0.11,1,208,0,00002362463
1027425650466200764,Cozy apartment in Sykies,547038734,Antonis,,Neapolis – Sykeon,40.64785,22.94932,Entire home/apt,59,2,3,2024-09-16,0.16,1,363,2,00002367770
1027502565477357462,Aristotelous 22 Suites,225531792,Ilias,,Thessaloniki,40.63482605501267,22.943426482379436,Entire home/apt,96,3,0,,,2,60,0,00002361945
1028155827237680659,Anastasia2,445328649,Kleanthis,,Ampelokipon – Menemeni,40.65611972087968,22.911498472094536,Entire home/apt,47,1,4,2025-06-06,0.26,2,363,2,00001912710
1028835336768189745,Φιλικό και Ζεστό,61297663,Dimitris,,Pavlou Mela,40.6628465,22.9448433,Private room,54,2,1,2024-01-03,0.06,1,269,0,00002365958
1028840410000792860,"Zaphira 4.2 Apartment, Nilie Hospitality MGMT",239769711,Nilie Premium Hospitality MGMT,,Thessaloniki,40.64006,22.93965,Entire home/apt,58,1,7,2024-10-18,0.39,303,240,4,2925292
1029485383395169983,Βρίσκεται στον δεύτερο όροφο,279748110,Errikos,,Kordelio – Evosmos,40.67475,22.9198,Entire home/apt,83,2,14,2025-05-11,0.90,1,175,7,00028284113
1030246535924418912,Cosy guesthouse in Thessaloniki,569356544,Nikos,,Thessaloniki,40.63352900894815,22.951301398147596,Entire home/apt,47,1,58,2025-06-18,3.17,1,104,36,00002373065
1030260661963638802,Homevision - City Chic: Cozy Balcony Bliss,515398068,Homevision,,Thessaloniki,40.63582,22.95304,Entire home/apt,53,2,35,2025-06-06,1.94,28,259,24,00002366025
1030548375821916967,New Helion Santaroza suites #1,421970238,Χρήστος,,Thessaloniki,40.64104,22.92971,Entire home/apt,38,3,37,2025-05-25,2.02,2,121,26,00002367579
1031549984047908572,Studio5,194224482,George,,Thessaloniki,40.63465,22.9488,Entire home/apt,35,2,28,2025-06-01,1.49,7,352,25,00002367723
1031553061909552791,Studio2,194224482,George,,Thessaloniki,40.63523060000001,22.9485472,Entire home/apt,35,3,22,2025-05-28,1.80,7,270,22,00002367638
1031662020400851435,Elisavet Luxury Apartment,13827342,Miltiadis,,Pilea – Chortiatis,40.60547,22.98286,Entire home/apt,52,1,56,2025-06-17,2.98,1,323,21,00002351102
1032538123840484068,"Big Apple 4.3 | Apartment, Nilie Hospitality",239769711,Nilie Premium Hospitality MGMT,,Thessaloniki,40.63934,22.93869,Entire home/apt,44,1,10,2024-09-13,0.54,303,262,1,2662056
1032544558452812407,"Big Apple 5.8 | Apartment BLC, Nilie Hospitality",239769711,Nilie Premium Hospitality MGMT,,Thessaloniki,40.63934,22.93869,Entire home/apt,44,1,3,2023-12-27,0.16,303,261,0,2665476
1032551015491199234,"Big Apple 6.6 | Studio, Nilie Hospitality",239769711,Nilie Premium Hospitality MGMT,,Thessaloniki,40.63934,22.93869,Entire home/apt,44,1,12,2025-04-28,0.65,303,257,6,2662178
1033968287918559444,Soso apartment Thessaloniki,548367347,Soso,,Thessaloniki,40.6383075,22.9490104,Entire home/apt,50,2,20,2025-05-11,1.07,1,118,12,00002324670
1034178647957473387,3bdroom apt close to City center 200Mbps internet,495550951,Ilias,,Thessaloniki,40.64780418994698,22.93679941445589,Entire home/apt,50,10,2,2024-11-27,0.11,9,233,1,00002359542
1034523605794637848,7 Pocket House Tiny Double Room,32028101,Sevenpocket,,Thessaloniki,40.6433391,22.9479037,Private room,,1,36,2025-05-17,1.92,2,356,18,00002093182
1034592432911877739,Aristotle Six City View Apartment by BiNoBi!,548386310,Κωνσταντίνος,,Thessaloniki,40.635,22.94536,Entire home/apt,48,1,3,2025-06-01,0.88,15,364,3,00002349002
1034946527939988371,Convenience Spot @ Dragoumi,203804111,Viveta,,Thessaloniki,40.63966,22.94256,Entire home/apt,33,1,14,2025-04-06,0.89,1,114,3,00002471398
1035296111642091276,DELUXE ΔΙΑΜΕΡΙΣΜΑ,542365842,Νικόλαος,,Thessaloniki,40.63936229999999,22.9451409,Entire home/apt,71,1,3,2025-05-12,0.47,15,342,3,00002335144
1035382362405058557,Πολυτελές Διαμέρισμα στο κέντρο της Θεσσαλονίκης!,214234617,George,,Thessaloniki,40.63866,22.94517,Entire home/apt,57,2,22,2025-05-25,1.21,1,254,13,00002378271
1035452461140237010,Horizon View Kalamaria,465858522,Matoula,,Kalamaria,40.5786917,22.945353,Entire home/apt,74,1,57,2025-06-20,3.03,2,351,37,00002134308
1035499754909225141,Silviya apartment,548701042,Silviya,,Thessaloniki,40.6464509,22.93763,Entire home/apt,49,3,5,2025-01-03,0.28,1,258,2,00002371402
1035525362674230775,"Venus 11, Studio-Balcony, Nilie Hospitality MGMT",239769711,Nilie Premium Hospitality MGMT,,Thessaloniki,40.641474,22.9347,Entire home/apt,,1,35,2024-10-29,1.89,303,0,17,2694576
1036055360339219948,Castra View Apartment,548809977,Maria,,Thessaloniki,40.64545,22.94229,Entire home/apt,80,3,2,2025-04-07,0.23,1,106,2,00002647920
1036169367526600768,Porto Sea View Apartments-Ermou,372140900,Κωνσταντινια,,Thessaloniki,40.6335,22.94314,Entire home/apt,130,1,11,2025-06-09,0.73,41,321,9,00002369546
1036173665804429226,"Serene, Nilie Hospitality MGMT",239769711,Nilie Premium Hospitality MGMT,,Thessaloniki,40.6349014,22.9486323,Entire home/apt,47,1,63,2025-06-22,3.82,303,251,50,00002374890
1037016643576288257,Melpomeni Luxury Studio,136930966,Konstantinos,,Thessaloniki,40.63905,22.94901,Entire home/apt,42,1,4,2024-10-13,0.37,2,269,4,00002449339
1037019349510487952,Michaela Luxury Studio,136930966,Konstantinos,,Thessaloniki,40.64022,22.94948,Entire home/apt,42,1,2,2024-12-15,0.23,2,269,2,00002449445
1037504198522201229,F & B Collection - City Center Hidden Gem,31131449,Dimitris,,Thessaloniki,40.6311173,22.9469552,Entire home/apt,68,6,26,2025-06-09,1.44,50,362,14,00002471260
1037630737104107627,F & B Collection - City Center Hidden Gem,31131449,Dimitris,,Thessaloniki,40.6381792,22.9369404,Entire home/apt,,6,15,2025-06-08,0.81,50,364,8,00002363100
1037650621733561513,Moroccan vibes,76974220,GeorGina,,Thessaloniki,40.64285,22.93858,Entire home/apt,73,3,22,2025-06-08,1.21,1,261,12,00002368645
1037684917525934057,F & B Collection- 360° View Mini Penthouse,31131449,Dimitris,,Thessaloniki,40.6313143,22.9654324,Entire home/apt,36,6,16,2025-05-15,0.86,50,97,9,00002878220
1038206623138143565,Macchiato by Nest,544115668,Nest,,Thessaloniki,40.6396608,22.9425585,Entire home/apt,40,1,26,2025-06-08,1.67,23,148,23,00002373798
1038325982484470581,Mint Green by Nest,544115668,Nest,,Thessaloniki,40.6396608,22.9425585,Entire home/apt,40,1,23,2025-06-01,1.21,23,160,14,00002373815
1038883035548001071,Cozy Corner,107235145,,,Thessaloniki,40.6134497,22.9571292,Entire home/apt,33,2,27,2025-05-04,1.46,2,309,8,00002377593
1038945325466564716,'D'Esperey Urban Stay',333223315,Monica,,Thessaloniki,40.6284735,22.9525432,Entire home/apt,74,1,7,2025-04-16,0.42,1,49,4,00002376013
1038981237956567194,Zenou 24 Downtown Apartment,233599991,,,Thessaloniki,40.63720319999999,22.9378858,Entire home/apt,82,1,12,2025-04-27,0.64,30,187,4,00002324340
1038982370320702401,Nikol apartment,148585454,Nikoleta,,Thessaloniki,40.6273015,22.9491197,Entire home/apt,300,1,0,,,1,269,0,00841768188
1038990400370185364,F & B Collection - City Center Hidden Gem,31131449,Dimitris,,Thessaloniki,40.6297074,22.9511933,Entire home/apt,51,6,29,2025-06-10,1.60,50,360,14,00002360380
1039693853728947138,"Bonsai One-Bedroom Apt, Nilie Hospitality MGMT",239769711,Nilie Premium Hospitality MGMT,,Thessaloniki,40.64323,22.93451,Entire home/apt,38,1,22,2025-04-30,1.25,303,269,11,1794824
1039789857440586080,Your House,549590102,Στέλλα,,Thessaloniki,40.6058013,22.9562317,Entire home/apt,50,1,68,2025-06-23,7.06,1,309,68,00002791031
1039850489591372433,Warm Brownie#hosted by DoorMat,23525724,Mario,,Thessaloniki,40.6097301,22.9628959,Entire home/apt,31,1,76,2025-06-22,4.18,4,342,59,00003271887
1039863724342176325,Honeybee Apartment,532004548,Alekso,,Kordelio – Evosmos,40.66969447019888,22.88945575373786,Entire home/apt,51,2,9,2025-06-15,0.48,1,338,5,00002375006
1040255829031980532,Petit 2,228392479,,,Thessaloniki,40.6314846,22.9522145,Entire home/apt,59,2,3,2025-02-12,0.17,1,42,2,00002376384
1040706165284727730,Vanilla Ladadika,95387361,Viktor,,Thessaloniki,40.63744,22.93681,Entire home/apt,44,1,24,2025-06-04,1.31,1,346,12,00002385605
1041247845809360645,"Ipanema 1, Nilie Hospitality MGMT",239769711,Nilie Premium Hospitality MGMT,,Thessaloniki,40.638492,22.9405005,Entire home/apt,38,1,10,2025-05-15,0.62,303,258,5,1138847
1041251629792283451,"Ipanema 2, Nilie Hospitality MGMT",239769711,Nilie Premium Hospitality MGMT,,Thessaloniki,40.638492,22.9405005,Entire home/apt,38,1,34,2025-04-27,1.83,303,268,25,1138873
1041253735503939999,"Ipanema 3, Nilie Hospitality MGMT",239769711,Nilie Premium Hospitality MGMT,,Thessaloniki,40.638492,22.9405005,Entire home/apt,38,1,31,2025-06-09,1.71,303,255,25,1149092
1041292370707260552,Pyrgos House,261937610,Dimitriadis,,Thessaloniki,40.60694,22.95334,Entire home/apt,59,2,4,2025-05-05,0.46,10,267,4,00002345679
1041899675007148493,Superior Suite | Segundo Molo,550053603,Agis,,Thessaloniki,40.6338905,22.9395477,Entire home/apt,74,1,2,2024-05-04,0.12,5,361,0,00002390641
1041969508625885879,Serenity apartment,264983292,Ilias,,Thessaloniki,40.6138708,22.9843698,Entire home/apt,100,1,5,2024-10-25,0.52,1,72,5,00002338140
1041989657504200929,Benz Apartment,342213434,,,Thessaloniki,40.60142,22.95411,Entire home/apt,66,3,7,2025-06-09,0.88,1,209,7,00002392384
1042822670073695145,Acvilla LUX Apartments in City Center,190582835,Elena,,Thessaloniki,40.61919773588626,22.95739844441414,Entire home/apt,114,1,0,,,1,251,0,00002384911
1043232795819424465,Studio στο κέντρο της Καλαμαριάς,347871308,Αφροδίτη,,Kalamaria,40.5836601,22.9514465,Entire home/apt,36,2,42,2025-06-21,2.27,1,331,26,00001762064
1043248746829173121,Sweetsuite,79332006,Γεωργιος,,Thessaloniki,40.63743958005477,22.9389014576721,Entire home/apt,52,2,6,2024-12-14,0.41,1,61,4,00002379799
1044065092607758458,Deluxe Suite | Segundo Molo,550053603,Agis,,Thessaloniki,40.6338905,22.9395477,Entire home/apt,69,1,1,2024-01-14,0.06,5,357,0,00002390598
1044085703355371782,Deluxe studio in the center - White Tower - TIF,67966696,Πολυχρόνης Νάκης,,Thessaloniki,40.628021677745956,22.951374873518944,Entire home/apt,41,2,44,2025-06-21,2.44,1,245,26,00002381798
1045439852035982703,"New Yorker 1, Nilie Hospitality MGMT",239769711,Nilie Premium Hospitality MGMT,,Thessaloniki,40.63862,22.94114,Entire home/apt,38,1,11,2025-06-07,0.61,303,270,2,1176688
1045463556828726226,"V1 #10 Apartment, Nilie Hospitality MGMT",239769711,Nilie Premium Hospitality MGMT,,Thessaloniki,40.64231,22.93491,Entire home/apt,,1,3,2025-02-02,0.28,303,98,3,2334929
1045547811132471333,"Ultima #2, Nilie Hospitality MGMT",239769711,Nilie Premium Hospitality MGMT,,Thessaloniki,40.6379717,22.9409977,Entire home/apt,39,1,8,2025-03-03,0.49,303,263,1,2433313
1045553175757082628,"Ultima #4, Nilie Hospitality MGMT",239769711,Nilie Premium Hospitality MGMT,,Thessaloniki,40.6379717,22.9409977,Entire home/apt,44,1,6,2024-08-27,0.39,303,261,1,2433397
1045557105073466521,"Avenue Studio with Balcony, Nilie Hospitality MGMT",239769711,Nilie Premium Hospitality MGMT,,Thessaloniki,40.63708,22.93944,Entire home/apt,42,1,41,2025-06-20,2.26,303,266,38,00001357927
1045589711120525358,"SuCasa Apartment, Nilie Hospitality MGMT",239769711,Nilie Premium Hospitality MGMT,,Thessaloniki,40.6294507,22.9488327,Entire home/apt,43,1,38,2025-06-22,2.12,303,231,14,1674920
1046750108223578339,fiveF appartement downtown,551056115,Αικατερίνη,,Thessaloniki,40.639303007528504,22.94194882306377,Entire home/apt,,2,6,2024-10-28,0.33,1,0,2,00002367180
1046895184019074235,Etiquette #Skgbnb,1977386,Cristina&Tomas! Skgbnb,,Thessaloniki,40.61365,22.9543,Entire home/apt,67,2,15,2025-04-20,0.91,36,337,11,00003203481
1047022091690010990,* CK Modern Loft Near Seaside *,401409581,Κωνσταντίνος,,Thessaloniki,40.6053467,22.9536925,Entire home/apt,54,1,67,2025-06-16,3.69,1,167,31,00002368630
1047186389339543889,Stylish & homy downtown studio @Ladadika,550808966,Λεμόνα,,Thessaloniki,40.636313504416165,22.937283932818602,Entire home/apt,35,2,51,2025-06-09,2.79,2,209,41,00002371954
1047194250331734481,Venizelou Vintage Appartment,551140183,Lacrima,,Thessaloniki,40.63839,22.9419,Entire home/apt,73,3,51,2025-05-10,2.81,1,242,21,00000951737
1047203080961261403,Downtown pocket paradise: steps from everything,550808966,Λεμόνα,,Thessaloniki,40.63632554308993,22.937276495271863,Entire home/apt,34,2,23,2025-06-01,1.25,2,177,15,00002371975
1047584350717090270,Breakfast at tiffany's,82685944,Stella,,Thessaloniki,40.60963,22.95474,Entire home/apt,48,2,15,2025-05-10,0.84,2,363,11,00000467937
1047751568354017503,AniBo Studios & Apartments ZP411,513545699,A.B Zero Point,,Thessaloniki,40.64055692288272,22.937579602003094,Entire home/apt,39,1,1,2024-06-10,0.08,4,114,0,00002350036
1048337500507888573,"THANOS HOUSE.Άνεση και ευκολία, σπίτι Συκιές.",551334797,Αθανασιος,,Neapolis – Sykeon,40.6530918,22.9494971,Entire home/apt,80,2,3,2024-03-25,0.18,1,177,0,00002383297
1049183222767182196,Aristotle Seven City View Apartment by BiNoBi!,548386310,Κωνσταντίνος,,Thessaloniki,40.63501540000001,22.945385,Entire home/apt,46,1,25,2025-06-07,2.76,15,268,25,00002349023
1049694305359677077,Luxury Apt B at Mitropoleos-Aristotelous Square,260748138,Maria,,Thessaloniki,40.6324687,22.9421147,Entire home/apt,82,3,4,2025-02-15,0.27,3,177,2,00003071580
1049722862337496333,Luxury Apt A at Mitropoleos-Aristotelous square,260748138,Maria,,Thessaloniki,40.6324687,22.9421147,Entire home/apt,89,2,2,2024-11-06,0.11,3,183,1,00003071628
1049746113892945115,"Luxury apt for Friends & Family, at Mitropoleos",260748138,Maria,,Thessaloniki,40.6316,22.94136,Entire home/apt,145,3,4,2024-11-21,0.29,3,180,3,00003071574
1049787065102173263,City center 2 bedroom apartment,9531550,Katerina,,Thessaloniki,40.631301,22.946257,Entire home/apt,80,1,40,2025-05-06,2.36,13,0,31,00002390067
1049837035856504433,"Bitola, Nilie Hospitality MGMT",239769711,Nilie Premium Hospitality MGMT,,Thessaloniki,40.64171,22.93338,Entire home/apt,45,1,35,2025-04-20,1.94,303,10,21,00002926762
1049844332314162607,"Bitola, Nilie Hospitality MGMT",239769711,Nilie Premium Hospitality MGMT,,Thessaloniki,40.64171,22.93338,Entire home/apt,45,1,13,2025-03-30,0.72,303,270,6,00002926800
1049879547608681750,Modern Urban Host with Private Courtyard,12176366,Alex,,Thessaloniki,40.60044,22.95895,Entire home/apt,27,2,33,2025-06-10,2.20,1,302,25,00002527340
1049928406229053863,Thess_Cozy_Home,551679589,Θοδωρης,,Thessaloniki,40.63875650359957,22.952720030688475,Entire home/apt,75,1,20,2025-06-19,1.14,1,163,14,00002394877
1049981746666792787,Panorama cozy maisonette,8003738,Elena,,Pilea – Chortiatis,40.5933678,23.0480684,Entire home/apt,,3,4,2024-05-27,0.22,1,0,0,00002388785
1050205730885797113,Toumba 's Apartments Superior 301,55383627,Στέλιος,,Thessaloniki,40.61949030954497,22.97704871163941,Entire home/apt,68,1,50,2025-06-22,2.79,6,236,43,1237062
1050411023506869219,Val City Center Apartment,233599991,,,Thessaloniki,40.638761996535365,22.937246142327865,Entire home/apt,82,1,10,2025-01-19,0.57,30,232,2,00002389399
1051118732555082177,Chris & Mary rooms Thessaloniki Center,498575104,Asteris,,Thessaloniki,40.60803,22.96846,Entire home/apt,75,2,1,2025-06-12,1,3,248,1,00002391006
1051307007079932911,Sanders Tower Centre - Elegant Studio w Balcony,437864658,Sanders,,Thessaloniki,40.6389522,22.9393687,Entire home/apt,65,1,6,2025-02-17,0.99,46,336,6,01242005626
1051312608730839800,Sanders Tower Centre - Efficient Studio w Balcony,437864658,Sanders,,Thessaloniki,40.6389522,22.9393687,Entire home/apt,62,1,7,2025-04-05,1.14,46,323,7,01242005829
1051461124377211687,SKG City Center Apartment,483551219,Katerina,,Thessaloniki,40.63312,22.94943,Entire home/apt,115,1,52,2025-06-19,2.85,1,338,31,00002392788
1051523870308235457,Semeli's sunny Apartment @Roman Forum,552019444,Semeli-Sofia,,Thessaloniki,40.6374495,22.9469495,Entire home/apt,73,2,47,2025-06-21,2.59,1,101,31,00002392459
1051607625585949613,Work from home Project,436387571,Kyriakos,,Thessaloniki,40.63792,22.9346,Entire home/apt,37,1,5,2025-02-23,0.28,6,154,2,00002392422
1051865026368776563,Anemone Deluxe Apartment,62055269,Θοδωρής,,Thessaloniki,40.6495328,22.9173255,Entire home/apt,68,2,0,,,2,313,0,00002376040
1052691891298655349,Euphoria free parking #Skgbnb,28267881,Tomas&Cristina! Skgbnb,,Thessaloniki,40.5989578,22.9553293,Entire home/apt,67,2,9,2025-02-08,0.50,29,155,8,00003114230
1054257463641919976,Στούντιο στο κέντρο της πόλης!,26469579,Dimitrios,,Thessaloniki,40.6383844,22.9411838,Entire home/apt,40,1,8,2025-06-18,0.54,1,296,7,00002935541
1055670210006464019,F & B Collection - Seaview 2 Bedroom Flat,31131449,Dimitris,,Kalamaria,40.5777365,22.9569618,Entire home/apt,90,6,11,2025-03-10,0.61,50,360,3,00002391643
1055685021904000294,Greco SKG,421452929,Athanasia,,Thessaloniki,40.64551,22.92395,Entire home/apt,66,2,28,2025-05-25,1.57,1,82,9,00002254264
1055705985644292151,Artemis Luxury Apt in Iktinou Pedestrian w/Balcony,154674284,Artemis,,Thessaloniki,40.63156177294693,22.946016479098528,Entire home/apt,99,3,9,2025-05-04,0.50,2,347,3,00002576655
1055760693722239713,Shiny and relaxing 5th floor apartment,124933329,Georgia,,Thessaloniki,40.60305,22.96331,Entire home/apt,72,5,25,2025-06-09,1.42,1,345,15,00002395092
1055798929154612914,Kassi Hanni Guesthouse,552930557,Apostolos,,Thessaloniki,40.64208,22.94908,Entire home/apt,137,2,10,2025-05-11,0.68,1,237,7,00002380648
1055936973297182864,Luxurious Comfort,510491482,Anna,,Thessaloniki,40.6359297,22.9476998,Entire home/apt,54,2,31,2025-05-25,1.72,1,261,21,00002375297
1056250430670142564,Elite Suite by Luxlikehome,231048679,Luxlikehome,,Thessaloniki,40.627018313870146,22.950288315344228,Entire home/apt,112,2,2,2024-08-14,0.13,19,212,1,00003190126
1056616089057596665,"Mavili #1, The Luxury Suites",280458084,The Luxury Suites,,Thessaloniki,40.64192,22.9366,Entire home/apt,964,2,29,2025-02-09,1.63,180,154,19,00002247165
1056625308216830035,"Mavili #2, The Luxury Suites",280458084,The Luxury Suites,,Thessaloniki,40.6409,22.9358,Entire home/apt,964,1,33,2025-02-19,1.86,180,149,18,00002334179
1057031591588397411,Tinker Bell by halu! : Colorful family apt,251290631,Halu,,Thessaloniki,40.63261,22.94914,Entire home/apt,126,1,12,2025-01-16,0.70,99,329,4,00002423150
1057151423378249705,"Bliss #4, The Luxury Suites",280458084,The Luxury Suites,,Thessaloniki,40.6419734,22.9356693,Entire home/apt,38,2,28,2025-05-01,1.57,180,168,14,00001828360
1057170176061562741,"Upper Floor #1,The Luxury Suites",280458084,The Luxury Suites,,Thessaloniki,40.6383854,22.937092,Entire home/apt,42,2,12,2025-03-03,0.74,180,170,8,00002991896
1057241598132000723,Urban Folks | Superior apartment,553323265,Nikos,,Thessaloniki,40.632442,22.9479093,Entire home/apt,156,1,64,2025-06-19,3.79,11,96,44,00002388275
1057332792806618463,Serene Apartment with Breathtaking Sea View,127526470,Ren,,Thessaloniki,40.61449,22.95394,Entire home/apt,58,2,11,2025-05-29,0.61,1,49,8,00002397300
1057956232333767219,Amalias - city oasis,7926196,Elena,,Thessaloniki,40.6197244,22.9568626,Entire home/apt,50,1,26,2025-06-01,1.54,2,353,21,01236752377
1059463423223142583,Family Apartment with Sea View_PO117,6836073,Georgios,,Thessaloniki,40.6142856,22.9538264,Entire home/apt,81,1,0,,,13,244,0,00002978701
1059832628607341760,Limani's Sea View Deluxe,418129285,Νικολαος,,Thessaloniki,40.6360762,22.9351522,Private room,84,1,5,2025-01-12,0.29,2,55,4,00002349453
1060211645924648079,Evosmos Thessaloniki,250646680,Aikaterini,,Kordelio – Evosmos,40.67208,22.91135,Entire home/apt,56,5,2,2024-05-18,0.13,1,79,0,Exempt
1060896888929369647,A warm bed for every traveller,554243183,Σοφία,,Thessaloniki,40.6412543,22.9332745,Entire home/apt,39,1,36,2025-05-22,2.10,1,254,22,00002422184
1060908982206127764,Railway Area Apt / Thessaloniki Center / 4p,517585116,Dimitrios,,Thessaloniki,40.64246396075085,22.9295564442873,Entire home/apt,42,2,19,2025-04-22,1.13,1,125,13,00002400439
1061427871476321972,ABOVE- premium rooftop suite| panoramic city view,542935090,Sofia,,Thessaloniki,40.635212036786214,22.935385555028915,Entire home/apt,231,2,26,2025-06-09,1.83,1,59,20,00003223070
1061476600725584538,Greecerent ladadika,443390248,,,Thessaloniki,40.6355455,22.9373634,Entire home/apt,52,1,5,2025-03-07,0.31,1,94,3,00002396891
1061563525888687940,Γαία,79446546,Dimitrios,,Thessaloniki,40.63836,22.93565,Entire home/apt,46,3,2,2025-03-30,0.12,5,354,1,00002401143
1061646068183694047,Happiness studio with terrace.,68375063,Nikolaos,,Thessaloniki,40.631070787969676,22.94445913285017,Entire home/apt,42,3,13,2024-05-18,0.79,2,342,0,00002415734
1062082388238160446,Wohnung in Thessaloniki Polichni,554595395,Stylianos,,Pavlou Mela,40.66516740000001,22.9487703,Entire home/apt,59,1,10,2024-12-29,0.66,1,236,4,00002405135
1062104926468996774,Kostas Cozy Charming Appartment,528038563,Konstantinos,,Thessaloniki,40.61933555010623,22.968290780950944,Entire home/apt,49,1,4,2025-04-27,0.44,1,20,4,00002401063
1062191547927444210,"#FLH -The Singing Leaf, Thessaloniki",9244884,FeelsLikeHomeGR,,Thessaloniki,40.6307638,22.9521371,Entire home/apt,,1,1,2024-02-25,0.06,19,30,0,00002380392
1062423478513330568,Elegance Luxury Suite,10167208,Maria,,Thessaloniki,40.60251,22.95254,Entire home/apt,72,1,7,2025-05-06,0.82,2,295,7,00002417684
1062484741961140392,"Empyrean Loft by Nexus, 10mins from City Centre",526319467,Prodromos,,Thessaloniki,40.60315689999999,22.9629265,Entire home/apt,48,1,12,2025-05-29,0.79,4,345,11,00002499241
1062560303910259513,"Emerald Oasis by Nexus, 5 min to White Tower",526319467,Prodromos,,Thessaloniki,40.6309486,22.9520878,Entire home/apt,89,1,16,2025-06-05,1.05,4,325,15,00002425233
1062823744097696879,"Venus 1, Studio, Nilie Hospitality MGMT",239769711,Nilie Premium Hospitality MGMT,,Thessaloniki,40.641474,22.9347,Entire home/apt,38,1,23,2025-04-23,1.30,303,261,22,00002694449
1062829468136046228,"Venus 3, Studio, Nilie Hospitality MGMT",239769711,Nilie Premium Hospitality MGMT,,Thessaloniki,40.641474,22.9347,Entire home/apt,36,1,6,2025-06-01,0.36,303,245,5,00002694480
1062845751390771938,"Venus 5, Studio, Nilie Hospitality MGMT",239769711,Nilie Premium Hospitality MGMT,,Thessaloniki,40.641474,22.9347,Entire home/apt,38,1,40,2025-06-13,2.39,303,260,32,00002694508
1062937202099606697,Raise Avocado Suite 1,29885761,Raise Team,,Thessaloniki,40.6395013,22.9362037,Entire home/apt,48,1,15,2025-06-08,0.94,4,357,2,00002401760
1062940972210142334,"Venus 8, One Bedroom Apart, Nilie Hospitality MGMT",239769711,Nilie Premium Hospitality MGMT,,Thessaloniki,40.641474,22.9347,Entire home/apt,38,1,22,2025-06-13,1.32,303,257,15,00002698712
1062943646018403154,Raise Avocado Suite 2,29885761,Raise Team,,Thessaloniki,40.6395013,22.9362037,Entire home/apt,,1,3,2024-05-09,0.19,4,359,0,00002401669
1063190771426660282,Ellis Oasis Apartment,126569414,Έλλη,,Thessaloniki,40.60427,22.95944,Entire home/apt,52,2,45,2025-06-09,2.65,1,354,24,00002403556
1063510701711661046,"no9, Chic & Modern 2Bdr Apartment in Thessaloniki",554985713,Ξένια,,Thessaloniki,40.6390714,22.9356623,Entire home/apt,94,1,9,2025-06-01,0.64,1,165,4,00002403662
1063620163153231008,Athena's Zen Den,122858749,Athina,,Thessaloniki,40.6365996,22.9554686,Entire home/apt,86,2,6,2025-06-10,1.05,1,24,6,00002403520
1063668262809620462,Modern Home,308655717,Tamara,,Thessaloniki,40.62937,22.94684,Entire home/apt,,1,6,2024-10-13,0.36,1,267,4,00002412240
1064273917574611674,Margarita by halu! : 3-BD tropical house,251290631,Halu,,Thessaloniki,40.63848,22.9475,Entire home/apt,148,1,2,2024-07-24,0.14,99,322,1,00002884025
1064504501516212559,Cosy Intimate studio w/ fast Wi-Fi close to harbor,350279014,Innovation,,Thessaloniki,40.63598,22.93638,Entire home/apt,36,1,77,2025-06-08,4.44,35,139,55,00002381389
1065172499123383242,Gaia Studio,107373389,Anastasia,,Thessaloniki,40.6336496,22.9385675,Entire home/apt,,2,1,2024-03-27,0.07,5,30,0,00002508547
1065795408807894102,"V1 #16 Studio, Nilie Hospitality MGMT",239769711,Nilie Premium Hospitality MGMT,,Thessaloniki,40.64233,22.93483,Entire home/apt,43,1,15,2024-09-14,0.91,303,269,4,00002416837
1065884578443535826,Crystal Ap (free private parking)of stayinthess,302947153,George,,Thessaloniki,40.63863329333954,22.95680869370699,Entire home/apt,46,2,6,2025-06-20,0.54,8,246,6,00002408640
1065893242896860624,Rainbow Floor,136815587,Tasos,,Pilea – Chortiatis,40.59747249999999,22.9934131,Private room,65,1,4,2025-02-19,0.25,1,119,2,00002403822
1065930532332899963,Aristotelous Apartment (Studio 1),554483078,Dimitris,,Thessaloniki,40.637592,22.943715,Entire home/apt,62,2,41,2025-06-10,2.43,2,357,33,00001515455
1066808539119065999,Rental room Thessaloniki,555952209,Rental,,Ampelokipon – Menemeni,40.65278,22.91245,Private room,39,1,8,2025-05-18,0.47,4,318,5,00000997057
1066894448773835097,Rental Room Thessaloniki,555952209,Rental,,Thessaloniki,40.65082,22.91199,Private room,38,1,5,2025-05-17,0.33,4,339,3,00000997057
1067226692810515250,"Big Apple 7.2 | Apartment BLC, Nilie Hospitality",239769711,Nilie Premium Hospitality MGMT,,Thessaloniki,40.63934,22.93869,Entire home/apt,44,1,14,2025-01-06,0.85,303,263,3,2662258
1067325387302728879,"Pantheon 6.1 | Studio, Nilie Hospitality MGMT",239769711,Nilie Premium Hospitality MGMT,,Thessaloniki,40.63525,22.93638,Entire home/apt,46,1,12,2025-05-24,0.73,303,259,8,2562330
1067331992397614959,"Pantheon 6.5 | Port View, Nilie Hospitality MGMT",239769711,Nilie Premium Hospitality MGMT,,Thessaloniki,40.63525,22.93638,Entire home/apt,44,1,19,2025-06-22,1.11,303,261,16,2562426
1067336263387241165,"Pantheon 6.7 | Studio, Nilie Hospitality MGMT",239769711,Nilie Premium Hospitality MGMT,,Thessaloniki,40.63525,22.93638,Entire home/apt,44,1,26,2025-06-06,1.54,303,261,8,2355895
1067434715034789858,KOI Apartment Toumba SKG,556107291,Ελευθερία,,Thessaloniki,40.60803480431798,22.97497685952454,Entire home/apt,49,1,66,2025-06-18,3.95,1,109,45,00002417308
1067630253297955873,Superb 1BR Suite Great Space at Thessaloniki,265824487,David,,Thessaloniki,40.63324,22.93974,Entire home/apt,129,1,0,,,4,146,0,0933Κ013A0166200
1067631276667790662,Great 1BR Suite Perfect Location at Thessaloniki,265824487,David,,Thessaloniki,40.63324,22.93974,Entire home/apt,155,1,0,,,4,178,0,0933Κ013A0166200
1067632231306209668,Marvelous 1BR Suite at Thessaloniki Greece,265824487,David,,Thessaloniki,40.63324,22.93974,Entire home/apt,176,1,0,,,4,203,0,0933Κ013A0166200
1067633099123261918,Beautiful 1BR Suite Gorgeous Design,265824487,David,,Thessaloniki,40.63324,22.93974,Entire home/apt,176,1,0,,,4,203,0,0933Κ013A0166200
1067887904445790468,π.38 Γ- στην καρδιά της πόλης,151486012,Π.38,,Thessaloniki,40.63021100554733,22.94667597666165,Entire home/apt,46,4,0,,,3,97,0,3416379
1068128049921678695,White tower  office-apartment,553671463,Theodoros,,Thessaloniki,40.6286575,22.950395,Entire home/apt,60,3,1,2025-05-06,0.60,1,136,1,00002241058
1068159539268836905,"INDIVIDUALliving 1 
Exzellente Lage 
Tzimiski! ! !",198897741,Petros,,Thessaloniki,40.62795141770624,22.951009087264538,Entire home/apt,63,1,31,2025-06-09,1.83,3,28,24,01243115510
1068319734082691692,Rental room,555952209,Rental,,Ampelokipon – Menemeni,40.65102,22.91265,Private room,33,1,24,2025-06-06,1.38,4,321,20,00000997068
1068739300308428289,Arch of Galerius Apartment,169701797,Kostas,,Thessaloniki,40.63505,22.9507,Entire home/apt,39,15,0,,,1,164,0,00002658255
1068813502068865121,New Luxury Apartment in Downtown,164363516,Byron,,Thessaloniki,40.6408705974755,22.936676032841206,Entire home/apt,54,1,23,2025-05-25,1.34,3,354,18,00002422062
1068822178167758846,"INDIVIDUALliving 3
Ausgezeichnete Lage! ! !",198897741,Petros,,Thessaloniki,40.629107437777606,22.952209040522575,Entire home/apt,73,1,11,2025-06-10,0.73,3,19,8,01243115501
1068888839109640271,New Glamorous Apartment in Downtown,164363516,Byron,,Thessaloniki,40.6408705974755,22.936676032841206,Entire home/apt,58,1,25,2025-05-23,1.53,3,341,20,00002422041
1069501640286345488,"Phìlus Suite, Nilie Hospitality MGMT",239769711,Nilie Premium Hospitality MGMT,,Thessaloniki,40.63064,22.95124,Entire home/apt,51,1,75,2025-06-03,4.34,303,252,44,1381448
1069527737868055253,"Pantheon 6.11 | City View, Nilie Hospitality MGMT",239769711,Nilie Premium Hospitality MGMT,,Thessaloniki,40.63525,22.93638,Entire home/apt,51,1,89,2025-06-22,5.21,303,246,59,2355933
1069533559978006776,Aristotelous Apartment (Studio 2),554483078,Dimitris,,Thessaloniki,40.637592,22.943715,Entire home/apt,52,1,15,2025-03-13,0.91,2,365,11,00001515520
1069534677100629844,"Pantheon 6.12 | City View, Nilie Hospitality MGMT",239769711,Nilie Premium Hospitality MGMT,,Thessaloniki,40.63525,22.93638,Entire home/apt,46,1,63,2025-06-19,3.61,303,260,36,2355949
1069547769577501794,"Pantheon 4.2 | Studio, Nilie Hospitality MGMT",239769711,Nilie Premium Hospitality MGMT,,Thessaloniki,40.63525,22.93638,Entire home/apt,44,1,32,2025-06-22,1.86,303,260,24,2645049
1069551660417359214,"Pantheon 4.3 | Studio, Nilie Hospitality MGMT",239769711,Nilie Premium Hospitality MGMT,,Thessaloniki,40.63525,22.93638,Entire home/apt,44,1,10,2025-06-08,0.61,303,261,5,2644971
1069554844067111026,"Pantheon 4.5 | Studio, Nilie Hospitality MGMT",239769711,Nilie Premium Hospitality MGMT,,Thessaloniki,40.63525,22.93638,Entire home/apt,44,1,46,2025-06-20,2.70,303,265,22,2645075
1069560357276167097,"Pantheon 4.6 | Studio, Nilie Hospitality MGMT",239769711,Nilie Premium Hospitality MGMT,,Thessaloniki,40.63525,22.93638,Entire home/apt,44,1,21,2025-05-12,1.28,303,264,9,2645108
1069577246646962564,"Pantheon 4.8 | Studio, Nilie Hospitality MGMT",239769711,Nilie Premium Hospitality MGMT,,Thessaloniki,40.6352465,22.9363757,Entire home/apt,44,1,29,2025-06-08,1.74,303,262,24,2645054
1069580467064676198,"Pantheon 4.9 | Studio, Nilie Hospitality MGMT",239769711,Nilie Premium Hospitality MGMT,,Thessaloniki,40.6352465,22.9363757,Entire home/apt,44,1,23,2025-03-10,1.34,303,265,16,2645012
1070024513203241338,WhiteKaravan Suite,291010439,Nikos,,Thessaloniki,40.63792850461776,22.941376737211094,Entire home/apt,59,3,2,2024-03-25,0.13,2,103,0,00002458983
1070047241902553090,ΟΡΟΦΟΔΙΑΜΕΡΙΣΜΑ 6ου ΟΡΟΦΟΥ,556603563,Παναγιωτης,,Thessaloniki,40.617691,22.9573014,Entire home/apt,63,2,2,2024-03-25,0.13,1,56,0,Exempt
1070507052377187869,Rental room thessaloniki,555952209,Rental,,Ampelokipon – Menemeni,40.65281,22.91256,Private room,34,1,18,2025-06-01,1.10,4,344,14,00000997068
1070801730276393286,City Centre Elegant Apartment,387424900,Ioannis,,Thessaloniki,40.6356242,22.9469972,Entire home/apt,52,3,65,2025-06-22,3.85,1,49,45,00003105425
1070953459660751226,Myrsini's residents apartment,26773233,Μυρσίνα,,Pilea – Chortiatis,40.60640050000001,22.9818178,Entire home/apt,56,1,18,2025-05-30,1.42,1,243,16,00002421671
1071169756435750715,Sansevieria Central,557123933,Natalia,,Thessaloniki,40.6349538,22.9525724,Entire home/apt,90,2,3,2024-04-11,0.17,1,19,0,00002403970
1071439689748920502,Sofias cozy and lovely place,557186311,Sofia,,Thessaloniki,40.636634,22.9508149,Entire home/apt,38,3,25,2025-05-25,1.49,1,343,19,00002440460
1072360207096914184,C.6 Ploumeria #City_Center,32216964,George,,Thessaloniki,40.63367,22.94896,Entire home/apt,75,1,2,2024-06-02,0.12,16,160,0,00002413805
1073590961354284668,καμάρα ρετιρέ 8ος 442,73801336,George,,Thessaloniki,40.63289,22.95132,Entire home/apt,33,3,43,2025-06-23,2.60,3,194,26,00002441701
1073659623789465784,"Thesshome Apartment in Kamara, Thessaloniki center",470411744,Eleni,,Thessaloniki,40.636394858339834,22.94987135581972,Entire home/apt,79,2,31,2025-06-08,1.95,2,288,21,00002436897
1073860704419380905,"WeStay Apartment #10, The Luxury Suites",280458084,The Luxury Suites,,Thessaloniki,40.6401323,22.9381353,Entire home/apt,49,2,22,2025-05-13,2.12,180,154,22,00003176619
1073875597376139193,Thessaloniki flat with a view,557783067,Vasiliki,,Kordelio – Evosmos,40.67309,22.9061,Entire home/apt,100,5,0,,,1,357,0,
1073925333267177167,Anna Maria,557796273,Anna Maria,,Thessaloniki,40.61053628836629,22.955516204237938,Entire home/apt,51,1,14,2025-01-10,0.96,1,344,10,00002505919
1073938194137729565,Central Apartment in Kamara square with 2bedrooms,557807493,Evangelia,,Thessaloniki,40.63465343251581,22.952006273016348,Entire home/apt,84,2,5,2025-05-26,0.85,1,365,5,00002886586
1074396416672107962,Office Home by Vilfredo,543392425,Dimitris,,Thessaloniki,40.635166576334306,22.95275708161468,Entire home/apt,35,2,3,2024-04-12,0.18,1,111,0,00002356733
1074430377552061982,Valaoritou studio 1,29643928,Desen Hospitality,,Thessaloniki,40.6370746,22.9394385,Entire home/apt,44,1,47,2025-05-02,2.99,6,357,34,00002104600
1074432126634657008,Urban Elephant Suites: Budget double room,489707491,Urban,,Thessaloniki,40.64184,22.92664,Private room,47,1,5,2025-02-07,0.29,3,204,1,1215203
1074441401893750428,Philidor Superior Apartment,346014374,דנה,,Thessaloniki,40.6394181,22.9418154,Entire home/apt,72,1,14,2025-06-07,0.81,1,201,5,00002420420
1074623427723964659,Limani's Sea view Suite,418129285,Νικολαος,,Thessaloniki,40.6360762,22.9351522,Private room,,1,1,2024-05-16,0.07,2,48,0,00002476770
1074624740558331502,Practical apartment close to the city centre,395437115,Aikaterini,,Thessaloniki,40.64808927815685,22.934444484655767,Entire home/apt,29,1,54,2025-06-22,3.23,1,82,33,00003246380
1074706395225366605,"WeStay Apartment #11, The Luxury Suites",280458084,The Luxury Suites,,Thessaloniki,40.64063,22.93743,Entire home/apt,42,2,15,2025-05-10,0.90,180,167,10,00002670630
1074749526900032496,Central Studio/Fully Equipped,63960745,Antonis,,Thessaloniki,40.6415004,22.9401035,Entire home/apt,31,2,22,2025-06-04,1.31,4,171,9,00002434458
1074751922421403872,"WeStay Apartment #12, The Luxury Suites",280458084,The Luxury Suites,,Thessaloniki,40.63993,22.93709,Entire home/apt,42,2,3,2025-04-11,0.53,180,167,3,00003198907
1074765677613378012,"WeStay Apartment #13, The Luxury Suites",280458084,The Luxury Suites,,Thessaloniki,40.6401323,22.9381353,Entire home/apt,40,2,8,2025-06-07,0.73,180,162,8,00003136231
1074768776241913031,"WeStay Apartment #14, The Luxury Suites",280458084,The Luxury Suites,,Thessaloniki,40.6401323,22.9381353,Entire home/apt,40,2,4,2025-06-01,0.36,180,173,4,00002670832
1075133375546649404,Kartell Luxury Apartment Thessaloniki Center,558131727,Asot,,Thessaloniki,40.6338944,22.9519655,Entire home/apt,71,2,19,2025-06-16,1.10,2,85,9,00002424879
1075341474829408388,"WeStay Apartment #16, The Luxury Suites",280458084,The Luxury Suites,,Thessaloniki,40.64101,22.9378,Entire home/apt,44,2,5,2024-11-30,0.32,180,174,3,00002670912
1075345642752471159,"WeStay Apartment #17, The Luxury Suites",280458084,The Luxury Suites,,Thessaloniki,40.64128,22.93839,Entire home/apt,44,2,10,2025-06-06,0.61,180,170,9,00002670853
1075350696088948379,"WeStay Apartment #18, The Luxury Suites",280458084,The Luxury Suites,,Thessaloniki,40.63946,22.93724,Entire home/apt,44,2,39,2025-05-04,2.43,180,160,32,00002670975
1075353882082851295,"WeStay Apartment #19, The Luxury Suites",280458084,The Luxury Suites,,Thessaloniki,40.64046,22.93845,Entire home/apt,45,2,6,2025-05-26,0.53,180,173,6,00002671037
1076203415974029292,θέα θάλασσα Βίλα Πανόραμα,558420635,Dimitrios,,Pilea – Chortiatis,40.58437741142301,23.027026914060116,Entire home/apt,55,1,5,2024-08-25,0.31,1,170,2,00002385833
1076693884387661511,Houseloft Cityscape Bliss,29565272,Houseloft,,Thessaloniki,40.6293796,22.9515065,Entire home/apt,124,1,23,2025-04-22,1.36,23,343,16,00003199425
1076708712497411012,σπίτι με 2 δωμάτια δίπλα στη ΔΕΘ,227230581,Viky,,Thessaloniki,40.62248289777556,22.959237433969975,Entire home/apt,87,2,0,,,1,269,0,Exempt
1076732401899245061,ΜΑΡΙΑ,557638264,Μαρια,,Kalamaria,40.58182,22.95557,Entire home/apt,90,1,5,2025-05-24,0.43,1,249,5,00002419009
1076986897965700790,Thessaloniki Central Apartment,404862511,Anna,,Thessaloniki,40.6385,22.93631,Entire home/apt,61,2,41,2025-06-22,2.46,1,88,23,00002353818
1077312705037752777,New modern 2nd floor apartment,179199715,Lamprinos,,Thessaloniki,40.60422,22.95483,Entire home/apt,55,1,20,2025-06-06,1.22,1,355,19,00002415310
1079111172407604940,Thess. Urban Apartment,463060959,Βασιλική,,Thessaloniki,40.6430582,22.9452749,Entire home/apt,68,2,11,2025-06-22,0.70,1,32,8,00002421619
1079609439102323405,Harry's Studio - Center,559230739,Θεοχάρης,,Thessaloniki,40.6415,22.93818,Entire home/apt,38,1,26,2025-05-24,1.56,1,298,18,00002432454
1079615026374137320,Φωτεινό διαμέρισμα με θέα στη θάλασσα,559232953,Γρηγορία,,Thessaloniki,40.64217497538209,22.95865893743438,Entire home/apt,43,2,14,2025-05-19,0.83,1,292,10,00002424050
1079628774796127710,Suite Blanche by Aristotelous Square,184277695,Evripidis,,Thessaloniki,40.63241195584536,22.941993176937103,Entire home/apt,123,2,22,2025-06-10,1.36,1,171,8,00003214780
1080072897579383199,Anna’s House,559370980,Vera,,Thessaloniki,40.6037405,22.9620181,Entire home/apt,68,1,5,2024-11-22,0.30,1,55,3,00002395395
1080208705256680826,Boheme Studio,559393155,Pavlos,,Thessaloniki,40.6307517,22.9477333,Entire home/apt,61,1,61,2025-05-25,3.66,1,364,30,00003230546
1080232181318678791,Harmonia Minimal Apartment 8,444906990,Smart Plan,,Neapolis – Sykeon,40.65211,22.93784,Entire home/apt,34,1,25,2025-05-19,1.51,18,256,15,00002433642
1080239109372664014,Harmonia Minimal Apartment 1,444906990,Smart Plan,,Neapolis – Sykeon,40.65095,22.93754,Entire home/apt,35,1,20,2025-04-05,1.30,18,267,15,00002433637
1081021691174764848,Harmonia Minimal Apartment 2,444906990,Smart Plan,,Neapolis – Sykeon,40.65185,22.93942,Entire home/apt,45,1,32,2025-03-19,2.00,18,259,21,00002433616
1081045432147825840,The luxe Room,559578052,Γιαννης,,Thessaloniki,40.6384662999084,22.938359395790048,Entire home/apt,57,1,6,2025-04-06,0.36,1,364,4,00002441397
1081080008800878435,Urban Folks | Deluxe apartment,553323265,Nikos,,Thessaloniki,40.632442,22.9479093,Entire home/apt,92,1,12,2025-06-05,0.72,11,98,8,00002388280
1081098327030720235,Christos Luxury Apartment,559617794,Christos,,Thessaloniki,40.61165,22.9644,Entire home/apt,41,1,57,2025-06-20,3.47,2,127,46,00002437495
1081639861107218505,Harmonia Minimal Apartment 3,444906990,Smart Plan,,Neapolis – Sykeon,40.65016,22.93874,Entire home/apt,37,1,37,2025-05-29,2.39,18,263,24,00002433583
1081661224336376496,Harmonia Minimal Apartment 4,444906990,Smart Plan,,Neapolis – Sykeon,40.65147,22.93898,Entire home/apt,39,1,34,2025-05-22,2.06,18,266,24,00002433600
1081677298326827101,Harmonia Minimal Apartment 5,444906990,Smart Plan,,Neapolis – Sykeon,40.65214,22.93789,Entire home/apt,38,1,46,2025-06-08,2.89,18,263,28,00002433578
1081681648432619420,Harmonia Minimal Apartment 6,444906990,Smart Plan,,Neapolis – Sykeon,40.65086,22.9391,Entire home/apt,41,1,55,2025-06-06,3.48,18,258,42,00002433621
1081897377072216663,couple-inn 2 Quality hot tab suite,426292229,ענבר,,Thessaloniki,40.6325,22.94218,Entire home/apt,81,2,1,2024-08-21,0.10,2,140,1,2317911
1082303964594286293,Natural modern studio in the heart of Thessaloniki,350279014,Innovation,,Thessaloniki,40.64711,22.92407,Entire home/apt,,2,36,2025-03-03,2.19,35,1,17,00002408581
1082368583744304405,Studio8,194015710,Athanasios,,Thessaloniki,40.63547,22.95003,Entire home/apt,30,2,19,2025-06-17,1.23,2,237,14,01210896209
1082726430715351036,DoorMat #14 Bona Fide,555435959,Fotios,,Thessaloniki,40.6123847,22.9542327,Entire home/apt,62,1,27,2024-12-29,1.62,23,225,18,00001998209
1082729231013701603,DoorMat #12 Beloved Paloma,555435959,Fotios,,Thessaloniki,40.6287266,22.9475892,Entire home/apt,74,1,92,2025-06-22,5.59,23,315,78,00002440778
1084039753775180154,Hestia Apartment #2,119416356,Fani,,Thessaloniki,40.63609,22.93815,Entire home/apt,37,1,9,2025-06-15,0.55,34,54,8,00001112976
1084825703217914771,Aristotle Junior,309457877,Artemis,,Thessaloniki,40.637033822565265,22.944399834927488,Entire home/apt,50,2,0,,,2,37,0,00000922273
1084910295066536011,Studio Billy,149051528,Aikaterini,,Pavlou Mela,40.66967,22.94199,Entire home/apt,58,2,0,,,1,266,0,00002443651
1085181592349261333,Μικρό Διαμέρισμα στο Κέντρο A/C,560614405,Μαρία,,Thessaloniki,40.63576,22.95341,Entire home/apt,39,2,30,2025-06-01,2.41,1,352,28,00002676116
1085493321078663188,"WeStay Apartment #54, The Luxury Suites",280458084,The Luxury Suites,,Thessaloniki,40.6394,22.93847,Entire home/apt,40,2,4,2025-04-25,0.24,180,169,3,00002676940
1085514336151603139,"WeStay Apartment #56, The Luxury Suites",280458084,The Luxury Suites,,Thessaloniki,40.63966,22.93732,Entire home/apt,43,2,9,2025-04-01,0.81,180,172,9,00002443604
1085530318158482526,"WeStay Apartment #57, The Luxury Suites",280458084,The Luxury Suites,,Thessaloniki,40.63901,22.93787,Entire home/apt,43,2,2,2024-11-13,0.12,180,257,1,00002675932
1085532898755388725,"WeStay Apartment #58, The Luxury Suites",280458084,The Luxury Suites,,Thessaloniki,40.64035,22.93763,Entire home/apt,44,2,3,2025-05-07,0.67,180,258,3,00003393636
1085553095711780508,Harmony studio with terrace.,68375063,Nikolaos,,Thessaloniki,40.63117,22.94424,Entire home/apt,41,2,11,2024-11-11,0.67,2,263,3,00002415734
1085631832409329744,Διαμέρισμα Θεσσαλονίκη,539651153,Βασίλης,,Thessaloniki,40.59001,22.96456,Entire home/apt,37,1,46,2025-06-23,2.94,1,250,35,00002457849
1085634073576377671,Cozy top floor apartment with large terrace,47452546,Thomais,,Thessaloniki,40.61903059999999,22.9554259,Entire home/apt,59,3,35,2025-06-08,2.13,1,111,26,00002431999
1085911746139513935,"2-Bdrm Apt Thessaloniki Center, with Parking (opt)",199768766,Ilias,,Thessaloniki,40.6414519,22.9386592,Entire home/apt,60,1,45,2025-06-19,3.60,1,260,44,00002669287
1086018968402847220,SKG Luxury Apartment,476224738,Stavros,,Thessaloniki,40.6409124,22.9368938,Entire home/apt,53,2,0,,,2,82,0,00002097005
1086086265189741394,Heaven on the 7th (Aparment A),218753761,Panos,,Thessaloniki,40.62077,22.95288,Entire home/apt,85,1,30,2025-06-04,1.81,2,207,18,00002443162
1086199197244997010,Amazing City-View penthouse flat,560853138,Pavlos,,Pavlou Mela,40.659695535975146,22.955305023803717,Entire home/apt,48,7,0,,,1,167,0,00002451035
1086753693763422053,Heaven on the 7th (Aparment B),218753761,Panos,,Thessaloniki,40.62187,22.95307,Entire home/apt,85,1,53,2025-06-16,3.20,2,206,37,00002443136
1086899837976959635,"WeStay Apartment #50, The Luxury Suites",280458084,The Luxury Suites,,Thessaloniki,40.64045,22.93729,Entire home/apt,48,2,5,2025-02-12,0.44,180,172,5,00002676896
1086901857626401091,"WeStay Apartment #51, The Luxury Suites",280458084,The Luxury Suites,,Thessaloniki,40.63953,22.9389,Entire home/apt,40,2,9,2025-06-04,0.54,180,173,5,00002675868
1086903454713157712,"WeStay Apartment #52, The Luxury Suites",280458084,The Luxury Suites,,Thessaloniki,40.63937,22.93767,Entire home/apt,40,2,12,2025-05-13,1.01,180,170,12,00002684099
1086905771160436600,"WeStay Apartment #59, The Luxury Suites",280458084,The Luxury Suites,,Thessaloniki,40.6397,22.93836,Entire home/apt,44,2,5,2025-05-15,0.42,180,173,5,00002675995
1086918446387530543,"One bedroom flat,sleeps 4!",47615492,,,Thessaloniki,40.622084,22.9731886,Entire home/apt,25,1,26,2025-06-06,1.59,7,323,16,00007834865
1086952533964517536,Natural boho studio next to train & sub station,350279014,Innovation,,Ampelokipon – Menemeni,40.6477,22.92441,Entire home/apt,37,2,45,2025-06-02,2.74,35,12,36,00002408529
1087020407603702249,'Terpsichore' cozy apartment in city center,331309714,,,Thessaloniki,40.6389,22.94779,Entire home/apt,33,2,30,2025-05-31,1.83,3,10,22,00002450108
1087074496112390512,Mavili#19 Διαμέρισμα για 4- Κέντρο Θεσσαλονίκης,29140175,Anastasia,,Thessaloniki,40.64222,22.93765,Entire home/apt,88,2,49,2025-06-16,3.17,1,152,38,00002499570
1087555804672325999,Queens luxury suite 1,63209462,Alexandros,,Thessaloniki,40.63902,22.94974,Entire home/apt,55,3,8,2025-05-19,0.56,2,321,6,00002547597
1087626880088235770,Natalie's Cozy Home,561183616,Ναταλία,,Thessaloniki,40.6014713,22.9738413,Entire home/apt,67,1,9,2025-03-09,0.63,2,93,4,00002488878
1088119810263494631,Central Suite by Nest,544115668,Nest,,Thessaloniki,40.62993,22.94449,Entire home/apt,35,1,19,2025-04-21,1.17,23,151,13,00002444935
1088371479670327176,Λαμπερό Διαμέρισμα 1,561345715,Shkelqim,,Neapolis – Sykeon,40.6522058,22.936772,Entire home/apt,68,3,8,2025-03-01,0.51,2,176,4,01230385369
1089379323163022703,Japanese Elegance in the Heart of Thessaloniki,350279014,Innovation,,Ampelokipon – Menemeni,40.64751,22.92446,Entire home/apt,,2,16,2024-08-11,0.98,35,0,7,00002408555
1089653911243755172,BlueKaravan Suite,291010439,Nikos,,Thessaloniki,40.6380054,22.9415562,Entire home/apt,79,3,5,2024-05-07,0.31,2,362,0,00002459003
1089654636573222768,GreenKaravan Suite,561643827,Δημήτριος,,Thessaloniki,40.638127368717804,22.94146243482828,Entire home/apt,71,2,3,2024-03-25,0.19,2,65,0,00002458978
1089657241602161558,Lovely Apartment in P.Patron,187780289,Evi,,Thessaloniki,40.63158051550649,22.94857815396728,Entire home/apt,63,1,1,2024-06-23,0.08,1,300,0,00002301210
1089745465024527858,Kallipso mini Jacuzzi  Suite,454062804,Sea And The City,,Thessaloniki,40.6346216,22.936194,Entire home/apt,125,1,7,2025-05-14,0.61,16,176,7,00003218867
1089808360699821177,"WeStay Apartment #53, The Luxury Suites",280458084,The Luxury Suites,,Thessaloniki,40.64113,22.93884,Entire home/apt,40,2,5,2025-04-28,0.42,180,168,5,00002675906
1090061800299763856,RedKaravan Suite,561643827,Δημήτριος,,Thessaloniki,40.63802395648666,22.94131306931376,Entire home/apt,71,2,0,,,2,61,0,00002459024
1090330575591972371,Aristotelous Sqr View Comfy Apt,561812376,Minas,,Thessaloniki,40.63478,22.94425,Entire home/apt,52,2,12,2025-05-31,0.74,2,74,8,00002425174
1090413474942441708,Suzana's Urban Apartment,561827388,Dimitris,,Kalamaria,40.584693078057526,22.947554710450742,Entire home/apt,54,2,41,2025-06-08,2.52,1,134,28,00002399840
1091097071420861282,Deluxe Silver Suite,188458774,Arcus O.E.,,Thessaloniki,40.63943380000001,22.9377862,Entire home/apt,41,2,0,,,18,48,0,00002447309
1091163535506072783,Aristotelous Plaza View Studio,444906990,Smart Plan,,Thessaloniki,40.63516,22.94071,Entire home/apt,37,1,35,2025-06-15,2.16,18,265,31,00002455281
1091835447687131873,Fractals Apartment,37143902,Georgios,,Ampelokipon – Menemeni,40.6478712,22.9297599,Entire home/apt,46,3,45,2025-06-08,2.83,2,351,38,00002999067
1092653566572780994,Julia's city apartment,319840130,Τζουλια,,Thessaloniki,40.6009312,22.9615179,Entire home/apt,50,1,19,2025-06-01,6.71,1,251,19,00003264788
1093949330493897271,Nagia apartment Thessaloniki,562626034,Γεωργία,,Thessaloniki,40.6001967,22.9586926,Entire home/apt,66,2,4,2025-06-09,0.27,1,351,3,00002464401
1094068996886845886,Smart Home°Balcony°5mins to N.Paralia°Full Kitchen,562650238,Athina,,Thessaloniki,40.6035,22.95887,Entire home/apt,111,1,8,2025-06-09,0.60,1,270,3,00002467938
1094237849659699201,Άνετο και ευχάριστο διαμέρισμα,562706050,Παρασκευη,,Thessaloniki,40.6393593,22.9485402,Entire home/apt,180,30,0,,,1,305,0,00001395216
1094307597269369281,Mary's House Kalamaria,43699462,Maria,,Kalamaria,40.5804985,22.9488672,Entire home/apt,80,3,19,2024-08-20,1.24,1,318,8,00002490729
1094945366476687285,TalkAbout,562886870,Jessie,,Thessaloniki,40.61117701710392,22.960225277909863,Entire home/apt,48,2,33,2025-05-08,2.12,1,54,18,00002470131
1095462544225080935,A&J CityTop floor 2 room apt with stunning views,137047452,Ioanna,,Thessaloniki,40.64153696536087,22.96001001230316,Entire home/apt,47,2,73,2025-06-10,4.77,1,278,61,00002468684
1095493061077720001,Studio  Maria Julia Cubana,121050788,Ioannis,,Thessaloniki,40.6419849,22.9445484,Entire home/apt,36,1,18,2025-05-14,1.22,1,11,12,00002536337
1095572087536191202,SKG Cityscape Metropolis,128968239,Konstantinos,,Thessaloniki,40.63674,22.93778,Entire home/apt,45,1,1,2024-03-10,0.06,13,70,0,00002428510
1096153106626591363,Futuristic oasis with patio next to train station,350279014,Innovation,,Thessaloniki,40.6468914,22.9233577,Entire home/apt,42,1,17,2025-06-09,1.07,35,3,9,00002408576
1096158430593037068,Urban gem next to train/sub station with Netflix,350279014,Innovation,,Thessaloniki,40.6468914,22.9233577,Entire home/apt,39,1,41,2025-06-08,2.59,35,5,33,00002408449
1096211741596391157,Horizon Apartment by Luxlikehome,231048679,Luxlikehome,,Thessaloniki,40.60326,22.95303,Entire home/apt,197,2,29,2025-06-09,1.93,19,198,22,00002473510
1096327034324114856,"Hi speed wifi, city centre flat",484098385,Marinela,,Thessaloniki,40.63884729999999,22.9495863,Entire home/apt,43,2,48,2025-06-01,3.02,1,229,31,00002486284
1096849290346062673,F & B Collection - Flat for 3,31131449,Dimitris,,Thessaloniki,40.6453795,22.9492055,Entire home/apt,46,6,4,2024-10-09,0.27,50,365,3,00002423920
1096971306562975934,The Lux Apartment Vol.2,536084150,Χρίστος,,Thessaloniki,40.6108509,22.9575735,Entire home/apt,53,3,30,2025-05-30,1.92,2,60,18,00002480974
1097043253883084512,Skg Cityscape Metropolis 104,128968239,Konstantinos,,Thessaloniki,40.63741,22.93951,Entire home/apt,52,1,1,2024-04-01,0.07,13,77,0,00002428531
1097056629512383148,Cityscape Haven in Thessaloniki,562461455,Georgios,,Thessaloniki,40.63017,22.94901,Entire home/apt,140,2,19,2025-05-21,1.21,1,74,11,00002411944
1097139448246572520,Family Apartment with Sea View_PO227,6836073,Georgios,,Thessaloniki,40.61593,22.95441,Entire home/apt,46,2,1,2025-02-03,0.21,13,339,1,00002978701
1097187353270677125,"WeStay Studio #15, The Luxury Suites",280458084,The Luxury Suites,,Thessaloniki,40.64062,22.93871,Entire home/apt,38,2,11,2025-05-31,0.71,180,159,6,00002672507
1097195686851845300,"WeStay Studio #55, The Luxury Suites",280458084,The Luxury Suites,,Thessaloniki,40.64122,22.93903,Entire home/apt,40,2,20,2025-06-08,1.28,180,164,12,00002834590
1097649470619209359,PerissaHouse SKG I,104350398,Peizhang,,Pilea – Chortiatis,40.60757,22.99323,Entire home/apt,95,2,7,2025-06-02,0.44,1,146,3,00002448969
1097719098409678464,1-Bedroom Apartment Center and city attractions,562365287,Travelnest,,Thessaloniki,40.63838,22.95078,Entire home/apt,189,1,0,,,1,364,0,4782691
1097954503331571600,Premium Loft In City Center,470648435,Forget The Hotel,,Thessaloniki,40.64178,22.941,Entire home/apt,43,2,11,2025-01-05,0.71,6,180,3,Exempt
1098514213329233846,Καμάρα ρετιρέ 47,73801336,George,,Thessaloniki,40.63267,22.95116,Entire home/apt,29,3,37,2025-02-02,2.32,3,260,20,00002471690
1098541334113397461,In the heart of the city 2,514565655,Central,,Thessaloniki,40.633316,22.9397947,Entire home/apt,90,1,1,2024-03-17,0.06,1,365,0,00002422652
1099109217450268292,2downtown-Dandelion,66849279,Marinou,,Thessaloniki,40.64377,22.933,Entire home/apt,42,3,12,2025-06-19,0.97,1,323,11,00002444940
1099143483756683661,Traditional house in Upper Town,30115133,Dimitris,,Thessaloniki,40.64397,22.95222,Entire home/apt,41,3,37,2025-06-14,2.31,1,189,29,00002478284
1099306787702576715,Λαμπερό Διαμέρισμα 2,561345715,Shkelqim,,Neapolis – Sykeon,40.65278254297717,22.93665423989296,Entire home/apt,71,3,8,2025-01-19,0.51,2,179,3,01230385350
1099808084817985144,Stavroula's House 2bed & 2bath,61532598,Kostas,,Thessaloniki,40.635842,22.9505309,Entire home/apt,164,2,1,2024-12-29,0.17,2,310,1,00002446535
1100572660724518052,Camelia: Comfy city apartment,251290631,Halu,,Thessaloniki,40.63389,22.94894,Entire home/apt,91,1,3,2024-10-13,0.20,99,346,1,00002548971
1100769382735484038,Bez Loft House #Skgbnb,564304396,Paulos,,Thessaloniki,40.6370621,22.940897,Entire home/apt,114,2,11,2025-05-11,0.70,1,293,3,00002486014
1100866026988539317,Suite 305,564324154,Zoe,,Thessaloniki,40.6409979,22.9354358,Entire home/apt,45,1,29,2024-10-27,1.84,2,308,16,00002440030
1101264208486143452,"Bitola, Nilie Hospitality MGMT",239769711,Nilie Premium Hospitality MGMT,,Thessaloniki,40.64171,22.93338,Entire home/apt,45,1,65,2025-06-17,4.16,303,270,54,2383951
1101274383955629532,Eva's house,564421674,Ευα,,Thessaloniki,40.61817262339933,22.959791645407677,Entire home/apt,74,1,13,2025-06-22,1.24,1,318,13,00002665269
1101279031815091036,"Bitola, Nilie Hospitality MGMT",239769711,Nilie Premium Hospitality MGMT,,Thessaloniki,40.6417093,22.9333803,Entire home/apt,45,1,20,2025-03-09,1.49,303,270,17,2383967
1101284124190610320,"Bitola, Nilie Hospitality MGMT",239769711,Nilie Premium Hospitality MGMT,,Thessaloniki,40.64171,22.93338,Entire home/apt,45,1,12,2025-06-16,0.76,303,269,10,00002383946
1101294288306213779,"Bitola, Nilie Hospitality MGMT",239769711,Nilie Premium Hospitality MGMT,,Thessaloniki,40.64171,22.93338,Entire home/apt,45,1,3,2024-12-08,0.20,303,270,2,00002926799
1101312064766284385,"Bitola, Nilie Hospitality MGMT",239769711,Nilie Premium Hospitality MGMT,,Thessaloniki,40.64171,22.93338,Entire home/apt,45,1,15,2025-05-17,0.96,303,268,11,00002926736
1101479982362274492,Ευρύχωρο διαμέρισμα στην καρδιά της Θεσσαλονίκης,564479603,Αφεντούλα,,Thessaloniki,40.61522,22.95991,Entire home/apt,47,1,7,2024-05-26,0.44,1,31,0,00002485400
1101494493746191673,Apartment two bedrooms in Thessaloniki,112860811,Nadi,,Pavlou Mela,40.66888,22.94206,Entire home/apt,61,2,4,2025-01-04,0.42,1,236,4,00555085423
1101940808361484729,"Big Apple 5.12 | Apartment BLC, Nilie Hospitality",239769711,Nilie Premium Hospitality MGMT,,Thessaloniki,40.63934,22.93869,Entire home/apt,41,1,3,2025-04-27,0.29,303,241,3,2665509
1101945654086771944,"Big Apple 5.14 | Apartment, Nilie Hospitality",239769711,Nilie Premium Hospitality MGMT,,Thessaloniki,40.63934,22.93869,Entire home/apt,44,1,0,,,303,266,0,2694863
1101951989142163424,"Big Apple 5.16 | Apartment, Nilie Hospitality",239769711,Nilie Premium Hospitality MGMT,,Thessaloniki,40.63934,22.93869,Entire home/apt,44,1,9,2025-04-27,0.81,303,269,9,2694884
1101955426322169781,"Big Apple 5.17 | Apartment, Nilie Hospitality",239769711,Nilie Premium Hospitality MGMT,,Thessaloniki,40.63934,22.93869,Entire home/apt,44,1,2,2025-04-05,0.42,303,266,2,2694890
1101959994002425032,"Big Apple 5.18 | Apartment BLC, Nilie Hospitality",239769711,Nilie Premium Hospitality MGMT,,Thessaloniki,40.63934,22.93869,Entire home/apt,44,1,17,2024-08-20,1.32,303,270,14,2694858
1101967810656704699,"Big Apple 6.9 | Studio Balcony, Nilie Hospitality",239769711,Nilie Premium Hospitality MGMT,,Thessaloniki,40.63934,22.93869,Entire home/apt,44,1,0,,,303,228,0,2662200
1101977921370471439,"Big Apple 7.4 | Apartment BLC, Nilie Hospitality",239769711,Nilie Premium Hospitality MGMT,,Thessaloniki,40.63934,22.93869,Entire home/apt,44,1,59,2025-06-16,4.30,303,243,52,2662279
1102130513967708613,Noelia Sea view suite,454062804,Sea And The City,,Thessaloniki,40.6346216,22.936194,Entire home/apt,160,1,2,2025-01-03,0.14,16,189,1,00002473323
1102181037368927442,Β & Β apartment,564646477,Βασιλης,,Thessaloniki,40.64478,22.94467,Entire home/apt,44,1,3,2024-04-14,0.19,1,234,0,00002487611
1102693401921041775,"Aelia 3.2, The Luxury Suites",280458084,The Luxury Suites,,Thessaloniki,40.6377,22.93811,Entire home/apt,44,2,35,2025-05-16,2.29,180,251,28,00002487956
1102785704096404311,360° View (500m to the sea),564779735,Ginia,,Kalamaria,40.5806564,22.9473275,Entire home/apt,100,7,26,2025-05-03,1.75,1,129,16,00002515402
1102790108653188556,Egnatia Central Spacious 3 Bd Apt in Thessaloniki,504569494,Aggelos,,Thessaloniki,40.63440019999999,22.9474558,Entire home/apt,147,2,1,2024-04-08,0.07,2,349,0,00002713228
1103287689064952939,FsN Central Lofts 301 / 3P,564902991,Φωτιος,,Thessaloniki,40.6352303,22.9406857,Entire home/apt,44,1,17,2025-05-11,1.10,3,363,13,00002498069
1103325318869258758,FsN Central Lofts 302 / 3P,564902991,Φωτιος,,Thessaloniki,40.6352303,22.9406857,Entire home/apt,44,1,16,2025-05-04,1.13,3,356,14,00002497991
1103685443016094106,Studio Heart Of city 2,201738738,Your.Rentals,,Thessaloniki,40.6289974,22.952214,Entire home/apt,44,5,1,2025-01-04,0.17,23,364,1,00046789263
1103720242443184400,Elegant Suite - Thessaloniki,60982106,Ioannis,,Thessaloniki,40.6323837,22.9452039,Entire home/apt,59,1,36,2025-06-21,2.29,2,246,30,00002489790
1103747592669314134,Ρετιρε διαμέρισμα δίπλα στην παραλία,224036867,Ioannis,,Thessaloniki,40.59781745214924,22.95262612402439,Entire home/apt,83,2,16,2025-06-06,1.16,1,199,13,00002535478
1104125085795043868,Orion White Tower Apartment,116807177,Ioannis,,Thessaloniki,40.6292724,22.9460259,Entire home/apt,,2,3,2024-06-08,0.19,3,301,0,00002471892
1104149599569320129,FsN Central Lofts 303 /2bed / 5P,564902991,Φωτιος,,Thessaloniki,40.6352303,22.9406857,Entire home/apt,69,1,43,2025-06-09,2.82,3,354,30,00002498080
1105541568665229403,'Melpomeny' modern chic city center apartment,334261979,Chrisa And Nick,,Thessaloniki,40.63804,22.94906,Entire home/apt,31,2,56,2025-06-02,3.57,2,240,39,00002500988
1105607712566993277,Aurora Sea view Suite,454062804,Sea And The City,,Thessaloniki,40.6346216,22.936194,Entire home/apt,110,1,1,2024-09-02,0.10,16,206,1,00002473270
1105662732833678099,DoorMat #15 Gris Dorande,555435959,Fotios,,Thessaloniki,40.6294928,22.9509619,Entire home/apt,43,1,55,2025-06-14,3.64,23,308,46,00002496050
1105673412821929486,Occazia sea view suite,454062804,Sea And The City,,Thessaloniki,40.6346216,22.936194,Private room,110,1,2,2024-07-11,0.14,16,174,1,00002473318
1105686447346689554,Riviera Jacuzzi&Sea view suite,454062804,Sea And The City,,Thessaloniki,40.6346216,22.936194,Entire home/apt,171,1,10,2025-05-11,0.67,16,174,6,00002472262
1105701106655414870,Luminis Apartment with Sea view,454062804,Sea And The City,,Thessaloniki,40.6346216,22.936194,Entire home/apt,162,1,5,2025-06-10,0.36,16,159,4,00002473344
1106191581983114900,JORDAN's ROOM 11,156282533,Jordans Rooms Ike,,Thessaloniki,40.64199,22.94569,Entire home/apt,58,3,2,2024-04-14,0.14,12,346,0,00002443284
1106217415458828101,JORDAN's ROOM 12,156282533,Jordans Rooms Ike,,Thessaloniki,40.64,22.94689,Entire home/apt,52,3,0,,,12,343,0,00002443279
1106258702023582480,Spacious apartment in the heart of the city,44841779,Christina,,Thessaloniki,40.6310815,22.9480256,Entire home/apt,,4,1,2024-04-30,0.07,1,0,0,00002497598
1107393022009822998,2 Bedroom Family Apartment II,126197040,George,,Pilea – Chortiatis,40.59795,22.983,Entire home/apt,65,2,14,2025-06-23,1.11,2,207,11,00002682951
1110184809784327442,Asterios Home,527573571,Αστεριος,,Thessaloniki,40.61756,22.96589,Entire home/apt,56,2,11,2024-08-06,0.72,1,16,2,00002516707
1110221055124525031,Fully equipped & close to SKG center | 200Mbps,55146166,Dimitrios,,Thessaloniki,40.64359399872776,22.946000673633314,Entire home/apt,41,2,76,2025-06-01,4.88,3,341,47,00002503814
1110676856224222985,Sage serenity central appartment,566669030,Λουκία,,Thessaloniki,40.6378254,22.9477231,Entire home/apt,63,2,5,2025-06-07,0.33,1,126,2,00002427667
1110912906195227705,Dimi-g luxury apartment,566733129,Γιωργος,,Thessaloniki,40.63731898225726,22.95446057301638,Entire home/apt,31,2,48,2025-06-22,3.41,1,302,43,00002508674
1111474632330672552,"Sueño, Nilie Hospitality MGMT",239769711,Nilie Premium Hospitality MGMT,,Thessaloniki,40.6428424,22.9493754,Entire home/apt,53,1,7,2025-05-30,0.56,303,223,5,00003421984
1111541102918729677,Aegean Blue Apartments13 #The Luxury Suite -2 BDR,44106609,Aegean Blue,,Thessaloniki,40.62006909878134,22.955549396574497,Entire home/apt,96,1,65,2025-02-18,4.23,8,163,34,00002513180
1111736602035280670,DoorMat #13 Black Mirror,555435959,Fotios,,Thessaloniki,40.62736,22.95119,Entire home/apt,66,1,84,2025-06-22,5.59,23,90,57,00002425498
1112044278693499738,LuxeNest apartment,6307048,Ελένη,,Thessaloniki,40.60184,22.95359,Entire home/apt,57,1,7,2025-03-31,0.46,2,328,5,00002494359
1112089602581452128,F & B Collection - Flat for 3,31131449,Dimitris,,Thessaloniki,40.60477,22.95984,Entire home/apt,46,6,17,2025-04-25,1.10,50,353,12,00002465264
1112170841660040417,Όμορφο σπίτι με αυλή και ιδιωτικό πάρκινγκ.,567018912,Aikaterini,,Pavlou Mela,40.6712923,22.9402181,Entire home/apt,78,2,3,2024-07-21,0.20,1,322,2,00001917129
1112314002262159917,Vantage Apartment,37143902,Georgios,,Thessaloniki,40.6405427,22.9361822,Entire home/apt,81,3,29,2025-06-14,1.95,2,52,26,00002514214
1112855795101079977,Rania's Cozy & Stylish Retreat,84391888,Ioannis,,Thessaloniki,40.63619,22.95101,Entire home/apt,39,1,29,2025-06-08,5.51,1,351,29,00003178957
1112872235745127160,UrbanZen studio,567174950,Nikolaos,,Thessaloniki,40.63582568645988,22.93646413121336,Entire home/apt,,1,0,,,4,0,0,00002533305
1112896898835118080,Sofia Sunshine Serenity,128968239,Konstantinos,,Thessaloniki,40.6321655,22.9483897,Entire home/apt,92,1,4,2024-05-20,0.27,13,67,0,00002509044
1113039863443956335,Ζεστός και άνετος χώρος,567216325,Κατερινα,,Pavlou Mela,40.668699486746625,22.94827870422975,Entire home/apt,45,1,35,2025-05-25,2.29,1,231,28,00002513722
1113589788976872581,53 Central Luxury Apartment Kalamaria Thessaloniki,55568974,Achilleas,,Kalamaria,40.58088,22.94898,Entire home/apt,90,2,24,2025-06-18,1.57,1,110,14,00002595980
1113855535129590956,Queen suites,499979015,Maria,,Thessaloniki,40.62225,22.96245,Entire home/apt,90,1,5,2024-10-26,0.33,2,251,1,01078142898
1114684266982284121,MG Sapphire Junior Premium Suite,539961393,The Fox'S Lair,,Thessaloniki,40.63575827801135,22.938634728836043,Entire home/apt,48,2,15,2025-06-21,2.74,4,137,15,00003011036
1114979296097024597,Dusky Pink by Nest,544115668,Nest,,Thessaloniki,40.6396608,22.9425585,Entire home/apt,35,1,5,2025-05-30,0.51,23,180,5,00002373820
1115179775794966726,Selanik Home- 3BR city-center neoclassical,14127877,Yagmur,,Thessaloniki,40.64082,22.93905,Entire home/apt,193,2,2,2024-09-11,0.14,1,176,1,2529572
1115224163782979509,"Thessaloniki Luxe Suite, Achilles' Private Getaway",464489378,Vasileios,,Ampelokipon – Menemeni,40.660490683774825,22.899198591614436,Entire home/apt,51,2,4,2024-09-30,0.26,2,354,2,00002508813
1115686043937186208,Yellow Blue by Nest,544115668,Nest,,Thessaloniki,40.63966,22.94256,Entire home/apt,38,1,11,2025-05-24,0.72,23,166,9,00002373782
1115767781231883326,ECA Suite,128968239,Konstantinos,,Thessaloniki,40.6348861,22.9455821,Entire home/apt,72,1,5,2025-02-21,0.34,13,256,3,00002505089
1115860610838983776,Vardan's apartment,32216964,George,,Thessaloniki,40.6468427,22.9235904,Entire home/apt,71,2,3,2024-10-15,0.21,16,326,2,00002480619
1116012438848779205,Mamo 3 Thessaloniki,567923577,Panagiotis,,Thessaloniki,40.6468427,22.9235904,Entire home/apt,38,3,5,2025-05-06,0.33,1,129,3,00002449694
1116439865652859223,Μοντέρνο στούντιο,64728783,Φώτης,,Thessaloniki,40.60586609285961,22.954979427158836,Entire home/apt,33,3,11,2025-05-24,1.40,1,260,11,00002444531
1116468501633904991,Feel Greek Hospitality #Θ003,568023192,Κωνσταντινος,,Thessaloniki,40.63665,22.94522,Entire home/apt,69,1,18,2025-05-04,1.23,20,61,17,00002533192
1116618187484550220,Pelagus City - Luxury Suite I,567554214,Pelagus City,,Thessaloniki,40.635017163743,22.938678333729538,Entire home/apt,75,2,4,2024-08-25,0.27,5,241,1,00002492249
1116643395007252114,Pelagus City - Deluxe apartment I,567554214,Pelagus City,,Thessaloniki,40.635009021913824,22.938672969311508,Entire home/apt,89,2,12,2025-02-16,0.81,5,219,6,00002492260
1116711608582567616,Pelagus City - Luxury Suite II,567554214,Pelagus City,,Thessaloniki,40.63500495099888,22.938672969311508,Entire home/apt,64,2,3,2025-05-25,0.20,5,216,2,00002492355
1116727928088051255,Pelagus City - Deluxe apartment II,567554214,Pelagus City,,Thessaloniki,40.635009021913824,22.938699791401657,Entire home/apt,82,2,3,2025-05-19,0.30,5,221,3,00002492360
1116749866656137925,Downtown Living 3,568096366,Eleni,,Thessaloniki,40.63817,22.93961,Entire home/apt,43,2,17,2024-09-25,1.16,3,158,11,00002509634
1116749892676137286,Pelagus City - Grand View Suite,567554214,Pelagus City,,Thessaloniki,40.634980525503906,22.938753435581955,Entire home/apt,113,2,3,2024-10-16,0.25,5,240,3,00002492440
1116753014551655921,Downtown Living 2,568096366,Eleni,,Thessaloniki,40.63806,22.9399,Entire home/apt,42,2,11,2024-10-12,0.73,3,144,7,00002509629
1117134831906869406,Modern 3 bedroom Luxury Apartment,188458774,Arcus O.E.,,Thessaloniki,40.6177901,22.9549504,Entire home/apt,124,2,2,2024-10-13,0.20,18,179,2,00003268684
1117246754552671738,F & B Collection - Flat for 4,31131449,Dimitris,,Kalamaria,40.5873634,22.9552397,Entire home/apt,68,6,30,2025-06-09,2.04,50,360,25,00002523322
1117262706325170525,Kallaris Deluxe House,504568339,Despina,,Thessaloniki,40.6283313,22.946551,Entire home/apt,,2,3,2025-02-02,0.20,1,163,2,00002418585
1117296125001178588,"Aelia 5.2, The Luxury Suites",280458084,The Luxury Suites,,Thessaloniki,40.63871,22.93649,Entire home/apt,44,3,17,2025-04-04,1.12,180,172,12,00002211243
1117325319231530324,Antigonidon Square 5,107517588,Τιμολέων,,Thessaloniki,40.6403635,22.9413363,Entire home/apt,84,2,6,2024-12-15,0.49,12,336,6,00002337482
1117445324883127225,Antigonidon Square 2,107517588,Τιμολέων,,Thessaloniki,40.6403635,22.9413363,Entire home/apt,94,2,4,2024-11-08,0.32,12,335,3,00001886783
1118842279255608029,Armonia-City Center #Skgbnb,28267881,Tomas&Cristina! Skgbnb,,Thessaloniki,40.632122,22.9497221,Entire home/apt,76,2,6,2025-05-03,0.61,29,121,6,00003370595
1120802877057425887,White Lotus by halu! : 2BD apartment,569020662,Halu,,Thessaloniki,40.63457,22.94906,Entire home/apt,128,1,36,2025-05-17,1.38,11,345,21,00001999812
1120851135362031642,White Lotus by halu! : 1BD apartment,569020662,Halu,,Thessaloniki,40.63525,22.9492,Entire home/apt,99,1,9,2025-03-26,0.35,11,343,4,00001999780
1120911003475464065,White Lotus by halu! : Deluxe apartment,569020662,Halu,,Thessaloniki,40.63531,22.94748,Entire home/apt,89,1,4,2024-11-15,0.20,11,344,1,00001999807
1120948790124042600,Mandarin by halu!: Street view,569020662,Halu,,Thessaloniki,40.62872,22.94672,Entire home/apt,87,1,58,2025-06-22,2.73,11,362,34,00002886995
1120970814114553656,Penthouse with private pool,569060513,Σοφία,,Neapolis – Sykeon,40.64708,22.9486,Entire home/apt,403,1,2,2024-08-17,0.19,7,312,2,1307676
1120974228064296375,CityPulse residence,567174950,Nikolaos,,Thessaloniki,40.63581754472929,22.93656235501765,Entire home/apt,,1,0,,,4,0,0,00002533230
1121065844465700322,Maisonette,569060513,Σοφία,,Neapolis – Sykeon,40.64794,22.94932,Entire home/apt,177,1,0,,,7,361,0,1307676
1121081021085349404,Deluxe Suite,569060513,Σοφία,,Neapolis – Sykeon,40.64724,22.94872,Entire home/apt,177,1,0,,,7,365,0,1307676
1121085878628729762,Deluxe Suite with sea view,569060513,Σοφία,,Neapolis – Sykeon,40.64818,22.94896,Entire home/apt,224,1,0,,,7,344,0,1307676
1121100157186415115,Ground floor Standard double room,569060513,Σοφία,,Neapolis – Sykeon,40.64685,22.94797,Entire home/apt,104,1,0,,,7,298,0,1307676
1121103718062194624,Superior suite with sea view jacuzzi,569060513,Σοφία,,Neapolis – Sykeon,40.64727,22.94786,Entire home/apt,286,1,0,,,7,355,0,1307676
1121561866687405944,Mandarin by halu!: Inner court view,569020662,Halu,,Thessaloniki,40.62922,22.9453,Entire home/apt,80,1,27,2025-05-12,1.50,11,365,22,00002886969
1121736315716103617,Skyview Bliss #4,128968239,Konstantinos,,Thessaloniki,40.60563,22.95457,Entire home/apt,70,1,8,2025-03-01,0.53,13,88,5,00002493378
1122216319994130060,Greek Evil Eye Aprt #1| ΔΕΘ Θεσσαλονίκης Κέντρο,569353830,Eleni,,Thessaloniki,40.621425,22.9572637,Entire home/apt,,1,19,2025-06-20,1.33,3,265,18,00002488640
1122301089741954509,St.Dimitrios Apartment,254120346,Μαρία,,Thessaloniki,40.64298828485218,22.93886672705412,Entire home/apt,49,2,11,2025-01-06,0.74,1,244,6,00003365931
1122309610509339360,Greek Evil Eye Aprt #2| ΔΕΘ Θεσσαλονίκης Κέντρο,569353830,Eleni,,Thessaloniki,40.621425,22.9572637,Entire home/apt,48,1,42,2025-06-22,2.84,3,265,39,00002488660
1122397795181226940,Feel Greek Hospitality #Θ002,568023192,Κωνσταντινος,,Thessaloniki,40.6294,22.95133,Entire home/apt,56,2,23,2025-05-23,1.55,20,63,21,00002533331
1122866660474766119,Odyssey Apt 1,569503845,Christos,,Thessaloniki,40.6429,22.93528,Entire home/apt,48,2,8,2025-02-23,0.55,5,315,5,00002530810
1122875921178276327,Odyssey Apt 2,569503845,Christos,,Thessaloniki,40.64125,22.93491,Entire home/apt,,2,5,2024-09-29,0.34,5,45,1,00002531020
1122878110837735626,Odyssey Apt 3,569503845,Christos,,Thessaloniki,40.64296,22.9354,Entire home/apt,38,2,1,2024-04-07,0.07,5,337,0,00002531035
1122973830357684642,Homevision Okto Penthouse View - Super Central,515398068,Homevision,,Thessaloniki,40.63603,22.93864,Entire home/apt,88,2,9,2025-05-06,0.62,28,327,7,00002531183
1123041242048918532,Houseloft Cosmopolitan Comfort,29565272,Houseloft,,Thessaloniki,40.6314905,22.9460708,Entire home/apt,,1,50,2025-06-09,3.82,23,332,42,00003228749
1123114002613990666,Primavera by halu!: Seafront apartment,569020662,Halu,,Thessaloniki,40.6274,22.94691,Entire home/apt,285,1,39,2025-06-16,1.63,11,306,14,00002887940
1123116812182111074,Infinity: Serene seafront apartment w/ sea view,569020662,Halu,,Thessaloniki,40.63119,22.94231,Entire home/apt,226,1,41,2024-12-29,1.12,11,332,8,00002884312
1123298916693055371,Stylish central 1-BR apt 5 min to Central Station,564069541,Hristo And Sisi,,Thessaloniki,40.6418291,22.9291998,Entire home/apt,48,1,96,2025-06-15,6.61,2,352,75,00002514421
1123369631828670482,Luna You Urban Stay,212951050,Socrates Junior Houses,,Thessaloniki,40.641011,22.941232,Entire home/apt,41,1,30,2025-06-21,2.02,10,199,24,00002546915
1123371328307166370,Luna-You Urban Stay,212951050,Socrates Junior Houses,,Thessaloniki,40.641011,22.941232,Entire home/apt,37,1,13,2025-06-08,0.89,10,195,8,00002546920
1123672073955936244,Modern central 1-BR apt 5 min to Central Station,564069541,Hristo And Sisi,,Thessaloniki,40.6418291,22.9291998,Entire home/apt,38,1,64,2025-06-22,4.27,2,362,47,00002514400
1123977387451642767,Smart flat downton,11835062,Vaso,,Thessaloniki,40.63452255416271,22.94094181534424,Entire home/apt,59,2,18,2025-05-12,1.27,1,235,13,00002544725
1124060950457815562,Papoulias Suite,569562810,Chrysa,,Thessaloniki,40.6156025,22.9757642,Entire home/apt,78,3,1,2024-10-06,0.11,1,110,1,00002505260
1124420941165817035,Loft Zeus,40847564,Spyridon,,Thessaloniki,40.6403447,22.9477457,Entire home/apt,126,1,0,,,5,269,0,00001755614
1124485964844588220,Eden Luxury Suite #3,557485641,Christos,,Thessaloniki,40.6367268,22.9353427,Entire home/apt,78,2,3,2024-06-18,0.23,1,264,0,01249140230
1125127297193408116,Διαμέρισμα στη Θεσσαλονίκη,569977519,Kiki,,Thessaloniki,40.6054,22.96162,Entire home/apt,90,1,0,,,1,269,0,00002492010
1125192511150272202,Skyline suite,569990602,Ολυμπία,,Thessaloniki,40.6281535,22.9530034,Entire home/apt,108,10,0,,,1,83,0,00002540669
1125691786263117204,Ladadika Fine Living,195434423,,,Thessaloniki,40.63554,22.93814,Entire home/apt,59,2,23,2025-05-31,1.57,4,301,19,00002604430
1125969801990594283,P deluxe suite 1,560827799,Christos,,Thessaloniki,40.62978022106486,22.950725332550064,Entire home/apt,104,2,0,,,1,241,0,00002458426
1126055659280269987,Suite 300 Steps Ladadika,570216645,Eleni,,Thessaloniki,40.637487106500004,22.93523,Entire home/apt,48,1,26,2025-04-22,1.75,1,135,16,00002541900
1126130267627946928,appartement chaleureux avec terrasse,73955620,Dyana,,Thessaloniki,40.61017666942712,22.96206951322934,Entire home/apt,42,10,4,2024-05-11,0.27,2,365,0,00002547990
1126668444126802813,Kastadin,567174950,Nikolaos,,Thessaloniki,40.6354,22.93731,Entire home/apt,,1,1,2024-05-27,0.08,4,0,0,00002685346
1126670912714660861,Kastadinn,567174950,Nikolaos,,Thessaloniki,40.63664,22.9367,Entire home/apt,,1,0,,,4,0,0,00002556456
1126676824162268046,"Feel Greek Hospitality
#Θ001",568023192,Κωνσταντινος,,Thessaloniki,40.61923,22.96,Entire home/apt,56,1,8,2024-12-10,0.54,20,72,7,00002547188
1126913373252004368,Boutique Apartment City Center of Thessaloniki,226618966,Kristina,,Thessaloniki,40.63085,22.94906,Entire home/apt,86,2,24,2025-06-08,2.01,1,139,24,2739278
1126935968627123249,"Sweet Vanilla 2-bdrm Residence, Vesta Philoxenia",336527202,Vesta Philoxenia,,Thessaloniki,40.61251,22.95405,Entire home/apt,65,3,12,2025-01-03,0.82,2,138,9,00002488963
1127223155590891401,Altus- old town #Skgbnb,1977386,Cristina&Tomas! Skgbnb,,Thessaloniki,40.64218,22.95623,Entire home/apt,43,2,22,2025-06-01,1.51,36,365,18,00002551400
1127314535656544745,Loft in the center,293672648,Zoe,,Thessaloniki,40.63735,22.9485,Entire home/apt,47,1,85,2025-06-09,5.82,6,354,72,01239316298
1127377348202402762,City Vibe-Sigrou 44,107517588,Τιμολέων,,Thessaloniki,40.63985,22.94206,Entire home/apt,59,1,1,2024-06-16,0.08,12,363,0,00002524707
1127451796948434872,Στούντιο θέαση,570552926,Χαρης,,Thessaloniki,40.64014,22.93324,Entire home/apt,,2,1,2024-04-10,0.07,1,89,0,00000186967
1127588372868805701,"Vellow Door | Studio 2.5, Nilie Hospitality MGMT",239769711,Nilie Premium Hospitality MGMT,,Thessaloniki,40.63803,22.93862,Entire home/apt,40,1,2,2024-08-15,0.15,303,164,1,2484924
1127597655341379952,"Vellow Door | Studio 2.6, Nilie Hospitality MGMT",239769711,Nilie Premium Hospitality MGMT,,Thessaloniki,40.63803,22.93862,Entire home/apt,40,1,20,2025-04-07,1.44,303,164,15,2523450
1127600930282319984,"Vellow Door | Studio 2.7, Nilie Hospitality MGMT",239769711,Nilie Premium Hospitality MGMT,,Thessaloniki,40.63803,22.93862,Entire home/apt,40,1,10,2025-03-24,0.74,303,165,4,2523503
1127988798577882418,City Vibe-Family studio,107517588,Τιμολέων,,Thessaloniki,40.63975,22.94213,Entire home/apt,51,1,0,,,12,335,0,00002525411
1128032888979702327,City Vibe-Urban studio,107517588,Τιμολέων,,Thessaloniki,40.639747,22.9421249,Entire home/apt,44,2,4,2025-05-02,0.33,12,363,4,00002525192
1128037855415253007,"Estrella, Nilie Hospitality MGMT",239769711,Nilie Premium Hospitality MGMT,,Thessaloniki,40.62132,22.9688,Entire home/apt,47,2,7,2025-04-17,0.48,303,209,5,2510652
1128121423407612818,Modern & Comfy Apartment,93631145,Απόστολος,,Neapolis – Sykeon,40.6547,22.93455,Entire home/apt,30,2,9,2025-04-14,0.61,6,22,6,00002547964
1128145551741718547,Paloma by halu!: Inner court view,251290631,Halu,,Thessaloniki,40.62727,22.94959,Entire home/apt,,1,0,,,99,0,0,00002533709
1128163281619374362,Coloris Aureus room,348677868,Ilias,,Thessaloniki,40.61461,22.97804,Entire home/apt,67,2,10,2025-02-23,0.71,2,356,8,00002566061
1128166607662174801,"Paloma by halu!: 1-BD apartment, street view",251290631,Halu,,Thessaloniki,40.62861,22.94755,Entire home/apt,,1,3,2025-02-16,0.31,99,0,3,00002533709
1128174254484287293,Pumpkin by halu! Lux 2BD-apartment,251290631,Halu,,Thessaloniki,40.6304,22.95389,Entire home/apt,93,1,3,2024-10-04,0.32,99,357,3,00002533394
1129071278539324052,Ένα διαμάντι στη Θεσσαλονίκη,570929183,Vasiliki,,Thessaloniki,40.62872178983058,22.952886286508186,Entire home/apt,89,2,5,2025-01-02,0.52,1,254,5,00002648800
1129437735405580807,"Thessaloniki Center 
2 Bedroom  Apt",140913983,Kleanthis,,Thessaloniki,40.63630099944574,22.937768027186394,Entire home/apt,64,2,10,2025-06-09,0.84,1,302,10,00002673514
1129801286139779458,Appartement cosy 2 chambres,73955620,Dyana,,Thessaloniki,40.61054,22.96133,Entire home/apt,40,10,11,2025-06-09,0.77,2,311,5,00002554447
1129836632262238159,Zeta's Homes,399214685,Zeta,,Ampelokipon – Menemeni,40.65004,22.93298,Entire home/apt,45,1,25,2025-03-16,1.83,1,175,18,00002611811
1130250260978485606,F & B Collection - MiniLux Suite for 2,31131449,Dimitris,,Thessaloniki,40.61111,22.9559,Entire home/apt,44,6,8,2025-04-14,0.58,50,365,6,00002508404
1130294057578815114,L aparts Thessaloniki,67542666,Anna,,Thessaloniki,40.61506,22.974,Entire home/apt,64,1,47,2025-06-14,3.37,1,323,39,00002593683
1130771370461443235,Jordans room 13,156282533,Jordans Rooms Ike,,Thessaloniki,40.64281,22.93463,Entire home/apt,,3,0,,,12,353,0,00002542636
1130771738006535340,Jordans Apartment 10,156282533,Jordans Rooms Ike,,Pavlou Mela,40.65802,22.92626,Entire home/apt,59,3,0,,,12,145,0,00002557787
1131005291154883423,F & B Collection - Mini Studio for 2,31131449,Dimitris,,Thessaloniki,40.6043847,22.9549913,Entire home/apt,36,6,8,2025-06-07,0.55,50,357,6,00002496709
1131136303665755514,ΟΜΟΡΦΟ ΑΝΑΚΑΙΝΙΣΜΕΝΟ ΔΙΑΜΕΡΙΣΜΑ,250112109,Stefanos,,Thessaloniki,40.60417,22.95662,Entire home/apt,83,1,10,2025-06-08,0.73,2,355,9,00002560321
1131149439426085755,"Historic Seaview Apartment, Downtown Thessaloniki",571428062,Stavros,,Thessaloniki,40.63138,22.9442,Entire home/apt,74,1,3,2025-05-20,0.80,1,274,3,00002547816
1131204941488216946,Glass House by Nest,544115668,Nest,,Thessaloniki,40.6356233,22.9495188,Entire home/apt,43,1,22,2025-06-01,1.57,23,146,18,00002568608
1131257452912588675,PePe Le MoKo,54358604,Aris,,Thessaloniki,40.631675273295876,22.941919052778612,Entire home/apt,43,2,33,2025-05-18,2.31,1,269,25,00002562900
1131575565477431518,"Luxury in the city heart, 95 Tsimiski st in the ce",201738738,Your.Rentals,,Thessaloniki,40.6301461,22.9469234,Entire home/apt,,1,2,2024-11-10,0.24,23,289,2,00000522752
1131689501031306684,Apartment in Thessaloniki,571554628,Panagiotis,,Thessaloniki,40.6054958,22.9524898,Entire home/apt,55,2,29,2025-06-01,1.99,1,318,27,00002554628
1131740007755806379,Tranquil Thessaloniki Apartment,571565573,Gili,,Thessaloniki,40.6386,22.93915,Entire home/apt,54,1,2,2024-07-01,0.15,1,21,1,00002249616
1131851849457409389,Coloris Rubrum room,348677868,Ilias,,Thessaloniki,40.61418099999999,22.978656,Entire home/apt,67,2,6,2025-04-24,0.43,2,362,4,00002560040
1131854542943037798,"Κεντρικό, άνετο, διαμέρισμα 3λεπτά από την παραλία",82169332,Vasiliki,,Thessaloniki,40.60497,22.95394,Entire home/apt,37,4,19,2025-06-19,1.31,1,330,17,00002562820
1132357130834264559,"Center of the city, washer(100m from S. Dimitrios)",571717700,Iraklis,,Thessaloniki,40.63951,22.94819,Entire home/apt,31,2,48,2025-06-01,3.39,1,213,43,00002587969
1132390276546664665,Thessalonian Suite I - 2 Steps from White Tower,571625243,Paraschos,,Thessaloniki,40.6277587,22.9487264,Entire home/apt,64,2,10,2025-06-07,0.70,1,257,9,00002555635
1132603077941129841,Hypatia's Cosy Apartment,152956485,Ioannis,,Thessaloniki,40.61625,22.97287,Entire home/apt,40,1,67,2025-06-21,4.77,4,314,59,00002565357
1133461063679591668,Pefka Apartment next to nature,172559007,Panagiotis,,Neapolis – Sykeon,40.65266,22.99824,Entire home/apt,50,1,48,2025-06-12,3.35,1,158,32,00002557665
1133842215839326452,Naos Studio (free private parking) of stayinthess,302947153,George,,Thessaloniki,40.6392187,22.9559384,Entire home/apt,50,2,5,2025-06-08,0.35,8,237,3,00002434490
1133862139031001735,Vintage Family Apartment,572056549,Μαρία,,Thessaloniki,40.612313131180095,22.970917667683324,Entire home/apt,50,1,82,2025-06-22,5.87,1,333,73,00002593716
1133876022359581657,Μεζονέτα στην Άνω πόλη,228364171,Pelagia,,Thessaloniki,40.640302,22.9579979,Entire home/apt,87,3,30,2025-06-17,2.17,1,316,25,00002542147
1133943452326702503,Tsimiski Blue by Luxlikehome,231048679,Luxlikehome,,Thessaloniki,40.63237,22.94539,Entire home/apt,92,2,3,2024-10-06,0.29,19,80,3,00002628329
1134121976109553214,AMJ  Thessaloniki Apartment,572121833,Νικόλαος,,Thessaloniki,40.6066068,22.9562234,Entire home/apt,69,2,23,2025-06-22,1.64,1,294,19,00002568629
1134661669052413186,City Oasis,185616424,Vaggelis,,Thessaloniki,40.63766,22.95123,Entire home/apt,75,2,1,2024-07-02,0.08,4,365,1,00002566263
1134819588478543956,Amalia's Luxury Apartment,572290585,Αμαλία,,Pilea – Chortiatis,40.601738740584366,22.985132338721282,Entire home/apt,51,2,41,2025-06-10,3.05,1,132,37,00002591909
1134957256219942635,MG Sapphire Jacuzzi Premium Suite,539961393,The Fox'S Lair,,Thessaloniki,40.635790844956624,22.938607906745894,Entire home/apt,98,1,36,2025-05-23,2.76,4,87,34,00003011020
1135261098764255798,Best Views in Old Town!,326119046,Kyriaki,,Thessaloniki,40.6382998,22.956782,Entire home/apt,74,5,32,2025-06-02,2.39,1,234,26,00002810367
1135396607066567316,Luxury Sea View Retreat,549616215,Παυλος,,Thessaloniki,40.6283313,22.946551,Entire home/apt,205,1,44,2025-06-13,3.13,1,351,41,00002582880
1136105834697145322,white & grey Diamond,293672648,Zoe,,Thessaloniki,40.6417245,22.9440134,Entire home/apt,47,2,45,2025-05-28,3.15,6,358,38,00002358779
1136124255755011171,M Boutigue Apartments,572608934,Stelios,,Ampelokipon – Menemeni,40.65164311843864,22.91328232698366,Entire home/apt,114,2,2,2024-09-22,0.20,2,94,2,00002569067
1136144812990244852,ECA Suite #2,128968239,Konstantinos,,Thessaloniki,40.6348861,22.9455821,Entire home/apt,63,1,1,2024-04-27,0.07,13,236,0,00002566279
1136148602005194402,HouseThessaloniki!,544273844,Maria,,Thessaloniki,40.60114,22.96782,Entire home/apt,44,1,6,2025-01-04,0.45,1,267,5,3377255
1136208718796288522,The RED apartment- 5’ από κέντρο,56602377,Pasxalis,,Thessaloniki,40.6192062,22.9579359,Entire home/apt,56,2,0,,,2,109,0,00002573054
1136231295088979068,"Maison Studio 5.3, The Luxury Suites",280458084,The Luxury Suites,,Thessaloniki,40.63813,22.93618,Entire home/apt,47,2,30,2025-06-09,2.17,180,166,24,00003054546
1136283327585160629,"Maison Studio 5.1, The Luxury Suites",280458084,The Luxury Suites,,Thessaloniki,40.63869,22.93749,Entire home/apt,46,2,38,2025-06-09,3.51,180,160,38,00003209420
1136313776951317962,The GRΕΕN apartment,56602377,Pasxalis,,Thessaloniki,40.61921,22.95794,Entire home/apt,48,2,1,2024-04-22,0.07,2,184,0,00002573049
1136749234184377217,"Rocco, Nilie Hospitality MGMT",239769711,Nilie Premium Hospitality MGMT,,Thessaloniki,40.6310632,22.952544,Entire home/apt,58,1,34,2025-06-16,2.40,303,218,23,00002631803
1136931025460726948,LuxuryApartments inThessaloniki2,323768806,Ευαγγελία,,Thessaloniki,40.6421312,22.947249,Entire home/apt,59,1,27,2025-04-27,1.91,1,73,24,00002598050
1136954193165112592,Κάντυ,507941857,Ioanna,,Thessaloniki,40.60696075642761,22.963728750091146,Entire home/apt,42,3,0,,,1,363,0,00003408544
1137430637076513118,Dolly by halu!: Luxe apartment in Thessaloniki,251290631,Halu,,Thessaloniki,40.63456,22.95077,Entire home/apt,140,1,11,2025-05-26,0.85,99,346,9,00002655627
1137451977506170152,C.16 The nest #Colony City heart,32216964,George,,Thessaloniki,40.64331749999999,22.9376162,Entire home/apt,73,2,0,,,16,312,0,00002544040
1137642504543134763,Calm & Cosy Studio at Kalamaria center,572986880,Christoforos,,Kalamaria,40.58181,22.94632,Entire home/apt,39,2,11,2025-06-12,0.82,1,179,6,00002582423
1138153217557559570,CityScape Haven - Amazing Old Town Area,165143941,Athanasios,,Thessaloniki,40.63817880000001,22.9550945,Entire home/apt,,2,2,2024-07-08,0.17,1,0,2,00002583775
1138161897053113005,Basquiat by halu!: Gallery apartment in the center,251290631,Halu,,Thessaloniki,40.63175,22.94715,Entire home/apt,127,1,39,2025-06-18,2.79,99,341,35,00002531869
1138184952912252558,Urban Jungle,188458774,Arcus O.E.,,Thessaloniki,40.631390022759426,22.949291684655773,Entire home/apt,95,1,5,2025-04-21,0.43,18,173,5,00002575319
1138218070960041845,"Adelle Studio #72, The Luxury Suites",280458084,The Luxury Suites,,Thessaloniki,40.63988,22.93939,Entire home/apt,44,2,32,2025-05-21,2.28,180,157,28,00003200364
1138274300995063837,"Adelle Studio #71, The Luxury Suites",280458084,The Luxury Suites,,Thessaloniki,40.63932,22.93908,Entire home/apt,44,2,36,2025-05-16,3.12,180,162,36,00003200359
1138280253644072203,"Adelle Studio #73, The Luxury Suites",280458084,The Luxury Suites,,Thessaloniki,40.63806,22.94067,Entire home/apt,44,2,50,2025-06-01,3.52,180,163,42,00003200385
1138282092686889657,"Adelle Studio #74, The Luxury Suites",280458084,The Luxury Suites,,Thessaloniki,40.63813,22.93888,Entire home/apt,44,2,16,2025-06-13,1.44,180,174,16,00003200402
1139083604377325064,Prince of Persia - Luxurious Apartment,213603241,Νίκος,,Pilea – Chortiatis,40.60786,22.99073,Entire home/apt,70,3,11,2025-05-01,0.87,2,155,10,00002584937
1139139419725513429,Be my Guest-Your Urban Stay,212951050,Socrates Junior Houses,,Thessaloniki,40.6419269,22.9353863,Entire home/apt,41,1,22,2025-06-08,2.51,10,2,22,00002672050
1139170062897495555,Greko Home,262535219,Georgios,,Thessaloniki,40.6415078,22.9405555,Entire home/apt,89,2,9,2025-04-04,0.70,1,155,7,00002573108
1139183210476521000,Be my guest-You Urban Stay,212951050,Socrates Junior Houses,,Thessaloniki,40.64192691224135,22.93538622558117,Entire home/apt,41,1,20,2025-06-17,2.42,10,23,20,00002672267
1139313755733055890,Amazing Studio Next To Center only 10 minutes walk,201738738,Your.Rentals,,Thessaloniki,40.6417727,22.9472899,Entire home/apt,40,4,0,,,23,353,0,00046582908
1140415293112444966,G.Douglas Diamond,188458774,Arcus O.E.,,Thessaloniki,40.629194,22.9522711,Entire home/apt,52,2,0,,,18,49,0,00002036900
1140428985409156048,Coloris Viridis room,119136694,Despoina,,Thessaloniki,40.61418099999999,22.978656,Entire home/apt,79,1,10,2025-04-18,0.72,2,363,8,00002590157
1140697890111218800,CenterCity3-Apartment Thessaloniki,100776361,Μανωλης,,Thessaloniki,40.6416115,22.9341706,Entire home/apt,45,1,25,2025-06-06,1.83,9,270,16,00002599690
1141013689847629541,Oditee Thessaloniki Spartis,52529760,Konstantinos,,Thessaloniki,40.6189455,22.9554724,Entire home/apt,58,2,1,2024-07-22,0.09,4,97,1,00002550396
1141102191143305936,Yapi Living,573798205,Smaro,,Thessaloniki,40.64353058955632,22.93445963439331,Entire home/apt,65,3,6,2025-05-26,0.56,1,340,6,2592272
1141123720018599618,DeKolomvou,214875317,DeKo,,Thessaloniki,40.63859131428915,22.938866926093425,Entire home/apt,64,2,1,2024-10-06,0.11,4,173,1,00002931161
1141130757908050290,"Penthouse Apartment #9, The Luxury Suites",280458084,The Luxury Suites,,Thessaloniki,40.63948,22.9367,Entire home/apt,46,2,2,2025-06-09,0.63,180,157,2,00002991908
1141147186080479520,"Stylish #3, The Luxury Suites",280458084,The Luxury Suites,,Thessaloniki,40.63781,22.94199,Entire home/apt,39,2,5,2025-05-15,0.38,180,168,3,00002692424
1141158786328189336,"Cielo #3, The Luxury Suites",280458084,The Luxury Suites,,Thessaloniki,40.63674,22.93582,Entire home/apt,46,2,27,2025-05-14,1.99,180,150,25,00002111039
1141208784907753517,Estia on White Tower | Midas Home Project,158095749,Νίκος,,Thessaloniki,40.62888,22.95017,Entire home/apt,152,1,37,2025-06-05,2.63,6,195,30,00002595591
1141347623540824354,Alora house near to Thessaloniki center,573869907,Clio,,Thessaloniki,40.62069387106518,22.958462946116924,Entire home/apt,65,2,6,2025-05-04,0.45,1,201,3,00002594281
1141899589179722793,Διαμέρισμα με θέα στο λιμάνι,23731332,Georgios,,Thessaloniki,40.644566065963105,22.927607148885727,Entire home/apt,71,1,4,2025-06-01,0.31,1,318,2,00002618957
1142039581689237267,'Urania' aesthetic apartment in city center,334261979,Chrisa And Nick,,Thessaloniki,40.6377685,22.948571,Entire home/apt,33,2,43,2025-06-09,3.05,2,21,35,00002565766
1142416663807382923,Center4City-Apartment Thessaloniki,100776361,Μανωλης,,Thessaloniki,40.6416115,22.9341706,Entire home/apt,45,1,10,2025-06-19,0.81,9,270,9,00002599743
1142432329200457068,"Thessaloniki Apt 1 by Metro, Parking & Netflix",439956375,Dimitris,,Thessaloniki,40.64361,22.928,Entire home/apt,57,1,61,2025-06-23,4.30,2,345,42,00002310026
1142455186651429184,Urban Folks | Modern apartment,553323265,Nikos,,Thessaloniki,40.6355888,22.9483415,Entire home/apt,83,1,41,2025-06-23,4.30,11,95,41,00002593460
1142547901107050602,Urban Nest,107235145,,,Thessaloniki,40.6374886,22.9500547,Entire home/apt,45,3,13,2024-12-27,0.94,2,238,11,00002578095
1142557355201694005,Urban Folks | Cozy apartment,553323265,Nikos,,Thessaloniki,40.6355888,22.9483415,Entire home/apt,68,1,21,2025-06-23,1.66,11,96,20,00002593481
1142773194693055169,Hyperion Premium Suite,265363053,Hyperion Premium,,Ampelokipon – Menemeni,40.64841,22.92903,Entire home/apt,62,1,1,2024-10-20,0.12,1,109,1,00002568130
1142864782490023033,Namastay PP6# hosted by DoorMat,370588541,Mariana,,Thessaloniki,40.63206599999999,22.9492803,Entire home/apt,45,1,45,2025-06-08,3.25,6,361,43,00002572891
1142868383314669870,Mazi Rooms Charilaou 2.1,59687021,Pau,,Thessaloniki,40.60227744577844,22.970181182026863,Entire home/apt,47,1,31,2025-05-15,2.22,14,351,26,00002603120
1142879185108615771,Namastay PP5# hosted by DoorMat,370588541,Mariana,,Thessaloniki,40.63206599999999,22.9492803,Entire home/apt,44,1,71,2025-06-18,5.05,6,351,62,00002572903
1143428036015347394,SKG Center Apartment,177639997,Christos,,Thessaloniki,40.63068,22.94966,Entire home/apt,75,1,12,2025-05-17,0.90,1,98,7,00002583749
1143539290719594674,Central elegant loft apartment,534962592,Σουλτάνα,,Thessaloniki,40.63992231296774,22.94810115439272,Entire home/apt,41,2,13,2025-05-25,0.97,2,360,12,00002586670
1143576617954619461,DoorMat #16 Sunkissed,555435959,Fotios,,Thessaloniki,40.6417037,22.936566,Entire home/apt,53,2,72,2025-06-17,5.19,23,343,62,00002602108
1143591171052798035,Eleven Elysium #URBN,529609791,Asset,,Thessaloniki,40.6292514149385,22.947807088360594,Entire home/apt,147,2,43,2025-06-09,3.09,2,322,39,00002602140
1144047625470005610,"""Rebecca's Philoxenia"" Apartment",290484337,Rebecca,,Thessaloniki,40.6367075,22.9537056,Entire home/apt,75,2,35,2025-06-02,2.70,1,317,31,00002587746
1144398018274635264,Mazi Rooms Charilaou 2.3,59687021,Pau,,Thessaloniki,40.6022384990302,22.970055118203163,Entire home/apt,57,1,3,2024-05-18,0.22,14,97,0,00002603141
1144795306653490763,Mazi Rooms Charilaou 2.2,59687021,Pau,,Thessaloniki,40.602257845188404,22.97012384980917,Entire home/apt,43,1,16,2025-02-16,1.22,14,233,14,00002603035
1144824050902126375,D&A Apartments,545350233,,,Thessaloniki,40.604813293879886,22.95888639986515,Entire home/apt,96,2,18,2025-04-07,1.44,1,153,17,00002603077
1144878656394921329,Dora Guest House,522581135,Maria,,Neapolis – Sykeon,40.64864,22.94806,Entire home/apt,56,1,7,2024-09-08,0.52,1,39,2,00002602670
1144957933737940385,Thea,52529760,Konstantinos,,Thessaloniki,40.64022,22.94903,Entire home/apt,125,3,9,2024-10-05,0.69,4,18,6,00002560283
1145391105932483956,Feel Greek Hospitality #Θ004,568023192,Κωνσταντινος,,Thessaloniki,40.63433,22.94791,Entire home/apt,58,1,1,2025-05-24,0.94,20,39,1,00002559286
1145486313331350932,Coloris Caeruleus room,119136694,Despoina,,Thessaloniki,40.61418099999999,22.978656,Entire home/apt,63,1,14,2025-05-26,1.04,2,363,13,00002590141
1145507134319057315,Orietta Suite,454062804,Sea And The City,,Thessaloniki,40.6338905,22.9395477,Entire home/apt,105,1,18,2025-06-09,1.63,16,196,18,00002419853
1145529771433804381,Feel Greek Hospitality #Θ005,568023192,Κωνσταντινος,,Thessaloniki,40.64186,22.93502,Entire home/apt,78,2,6,2025-06-22,0.62,20,58,6,00002578750
1145745454176247165,Bella2015,543309317,Giorilnta,,Thessaloniki,40.6104,22.95336,Entire home/apt,64,1,4,2025-01-22,0.30,2,326,3,3865085
1146333345754886137,Boho & Art Suite,36630816,Stefanos,,Thessaloniki,40.63943380000001,22.9378104,Entire home/apt,95,3,0,,,1,358,0,00002673662
1146366645725024171,The Den skg,5161200,Anastasia,,Thessaloniki,40.63866,22.95216,Entire home/apt,43,1,18,2025-06-08,1.46,1,234,17,00002590120
1146409239544803245,A. art suite downtown luxury living,92991406,,,Thessaloniki,40.62818351334848,22.95083474367857,Entire home/apt,62,2,34,2025-04-27,2.52,1,152,29,00002611907
1146499846434474801,Casa de Pavel,18403360,Elena,,Thessaloniki,40.6298021,22.9497305,Entire home/apt,105,1,2,2025-04-26,0.15,1,116,1,00002591190
1146732720433141268,Leon's Thessaloniki Escape,310344859,Leon,,Thessaloniki,40.64012695906935,22.94024237605743,Entire home/apt,37,4,3,2025-03-08,0.39,1,318,3,00002603566
1147159648646504357,forest-view-panorama,575259190,Φωτεινη,,Pilea – Chortiatis,40.5893,23.03355,Entire home/apt,92,1,4,2025-06-02,0.50,1,364,4,00002596419
1147725523973195312,F & B Collection - Apartment for 4,31131449,Dimitris,,Kalamaria,40.5873634,22.9552397,Entire home/apt,68,6,7,2024-11-24,0.58,50,360,7,00002614067
1148286633757757309,AZ premium suite- 106,574327789,Shiuan,,Thessaloniki,40.63586,22.93576,Entire home/apt,90,1,12,2025-05-18,1.04,2,151,12,00002639977
1149727461102319277,"Aelia 6.1 with Jacuzzi, The Luxury Suites",280458084,The Luxury Suites,,Thessaloniki,40.63877,22.93636,Entire home/apt,79,2,21,2025-05-26,1.84,180,175,21,00002789791
1149762077610459677,"Room 8, Nilie Hospitality MGMT",239769711,Nilie Premium Hospitality MGMT,,Thessaloniki,40.63668,22.95234,Entire home/apt,44,1,23,2025-06-22,1.69,303,255,21,2639808
1149776863670768489,"Room 8, Nilie Hospitality MGMT",239769711,Nilie Premium Hospitality MGMT,,Thessaloniki,40.63668,22.95234,Entire home/apt,44,1,10,2025-05-12,0.74,303,262,7,2639813
1149782758576488040,"Room 8, Nilie Hospitality MGMT",239769711,Nilie Premium Hospitality MGMT,,Thessaloniki,40.63668,22.95234,Entire home/apt,44,1,7,2025-05-26,0.53,303,267,3,2639829
1149791121978563072,"Room 8, Nilie Hospitality MGMT",239769711,Nilie Premium Hospitality MGMT,,Thessaloniki,40.63668,22.95234,Entire home/apt,44,1,44,2025-06-06,3.57,303,258,42,2639834
1149799283934574724,"Room 8, Nilie Hospitality MGMT",239769711,Nilie Premium Hospitality MGMT,,Thessaloniki,40.63668,22.95234,Entire home/apt,44,1,16,2025-05-26,1.20,303,256,14,2639876
1151152352347622654,"Room 8, Nilie Hospitality MGMT",239769711,Nilie Premium Hospitality MGMT,,Thessaloniki,40.63668,22.95234,Entire home/apt,44,1,31,2025-06-20,2.35,303,268,25,2639855
1151251944929623876,"Room 8, Nilie Hospitality MGMT",239769711,Nilie Premium Hospitality MGMT,,Thessaloniki,40.63668,22.95234,Entire home/apt,44,1,16,2025-02-13,1.20,303,266,13,1234567
1151257258606097161,"Room 8, Nilie Hospitality MGMT",239769711,Nilie Premium Hospitality MGMT,,Thessaloniki,40.63668,22.95234,Entire home/apt,44,1,27,2025-04-21,2.21,303,265,26,2639840
1151323081847566879,Apartment near train station,545741235,Gino,,Ampelokipon – Menemeni,40.6484145,22.9280159,Entire home/apt,45,1,33,2025-06-22,3.04,2,323,33,00001864878
1151387638969997171,Ανακαινισμένο ευρύχωρο διαμέρισμα με θέα,18470025,Patroklos,,Kalamaria,40.57469,22.96693,Entire home/apt,93,2,19,2025-05-29,1.59,2,273,19,00002616710
1151916989119220602,Celestial Garden- 2 bd  penthouse mtn & city view,76732936,Dimitra,,Thessaloniki,40.59975559999999,22.9774839,Entire home/apt,108,2,4,2025-05-26,0.30,1,125,3,00002608438
1152158955237680351,MainAvenue Living Local,451501319,Nikolaos Taxiarchis,,Thessaloniki,40.6281687,22.9520852,Entire home/apt,79,1,10,2025-05-31,0.82,2,342,9,00002539428
1152193432222737884,LuxLiving Sarantaporou Studio 1,510197006,Alexandros,,Thessaloniki,40.6200278,22.9560678,Entire home/apt,34,1,28,2025-06-07,2.04,9,354,23,00002619125
1152229635504851455,LuxLiving Sarantaporou Studio 2,510197006,Alexandros,,Thessaloniki,40.6200278,22.9560678,Entire home/apt,33,1,21,2025-06-05,1.70,9,357,20,00002619146
1152577430088164917,BH774 - C - Suite Thessaloniki,461193921,Aikaterini,,Thessaloniki,40.62689,22.94844,Entire home/apt,,3,0,,,14,307,0,1146800
1152633553984770294,Skyview Bliss #2,128968239,Konstantinos,,Thessaloniki,40.60506,22.95514,Entire home/apt,76,1,22,2025-06-08,1.71,13,157,20,00002629846
1152645339072638364,Dream Suite near Metro Station!,86924681,Dimitrios,,Thessaloniki,40.59563709034853,22.961567164749226,Entire home/apt,104,1,19,2025-05-28,1.47,2,358,18,00002603343
1152723239402733620,Bel Air: Elegant apartment in the center,251290631,Halu,,Thessaloniki,40.63476,22.94752,Entire home/apt,127,1,36,2025-06-01,2.73,99,334,32,00002882526
1153031539316060036,Aristotelous View Cozy Apartment,116801102,Dimitra,,Thessaloniki,40.63524970742208,22.94335504232788,Entire home/apt,119,3,2,2024-08-23,0.19,1,180,2,00002627677
1153410764658415915,Amber studios by halu!: One bedroom apartment,251290631,Halu,,Neapolis – Sykeon,40.64917,22.93723,Entire home/apt,,1,3,2024-08-29,0.22,99,0,2,00002688220
1153485049570529710,Amber studios by halu!: Loft apartment,251290631,Halu,,Neapolis – Sykeon,40.64983,22.93648,Private room,,1,0,,,99,0,0,00002689014
1153678401667596518,Mirror#Skgbnb,28267881,Tomas&Cristina! Skgbnb,,Thessaloniki,40.6227621,22.9608841,Entire home/apt,57,1,7,2024-12-03,0.54,29,358,6,00002631149
1153732283875663217,Latomeiou 3 Luxury Apartment,195434423,,,Thessaloniki,40.64753169999999,22.9390903,Entire home/apt,64,2,29,2025-06-08,2.50,4,318,29,00002574625
1154142327398372594,SKG Apartment Kotsidis,518900602,Stylianos,,Thessaloniki,40.62197,22.95947,Entire home/apt,55,3,5,2024-10-29,0.37,1,131,2,00002628153
1154349468632494124,Elysian Bliss by InFox Suites,436387571,Kyriakos,,Thessaloniki,40.63892952258145,22.945785186508168,Entire home/apt,99,1,2,2024-12-19,0.17,6,159,2,01126726645
1154855994522324410,GetHome City Charm,577102361,Nikolaos,,Thessaloniki,40.6290562577836,22.951721449737548,Entire home/apt,53,2,4,2025-04-29,0.32,1,331,3,00002622307
1155655874009031381,Thessalonian Suite II - 2 Steps from Whiter Tower,577299080,Athanasios,,Thessaloniki,40.627761210267124,22.948700492686033,Entire home/apt,62,2,9,2025-06-18,0.67,1,280,7,00002631196
1155748394650167701,Cozy modern stylish apartment,44500463,Mpampis,,Thessaloniki,40.60307,22.96609,Entire home/apt,39,15,1,2024-08-28,0.10,2,160,1,00002636047
1156435204549530532,Bauhaus by halu!: Deluxe studio,540613164,Halu,,Thessaloniki,40.63664,22.93822,Private room,,1,37,2025-02-16,2.75,2,0,32,0933E70000225701
1156442738099466823,Bauhaus by halu!: Junior suite,540613164,Halu,,Thessaloniki,40.63544,22.93867,Entire home/apt,,1,5,2025-02-16,0.38,2,0,3,0933E70000225701
1156487707905608787,Mirror-City Center #Skgbnb,28267881,Tomas&Cristina! Skgbnb,,Thessaloniki,40.6227621,22.9608841,Entire home/apt,38,2,9,2025-05-04,0.68,29,356,8,00002631074
1156939661438399533,BH762 - C - Room Thessaloniki,461193921,Aikaterini,,Thessaloniki,40.62883,22.94844,Entire home/apt,,3,0,,,14,346,0,1146800
1156962185057775876,BH763 - C - Room Thessaloniki,461193921,Aikaterini,,Thessaloniki,40.62896,22.94959,Entire home/apt,151,3,0,,,14,331,0,1146800
1156995241650426595,BH765 - C - Room Thessaloniki,461193921,Aikaterini,,Thessaloniki,40.62813,22.94806,Entire home/apt,,3,0,,,14,351,0,1146800
1156997321931032528,BH704 - C - Suite Thessaloniki,461193921,Aikaterini,,Thessaloniki,40.63774,22.93963,Entire home/apt,281,3,1,2025-03-24,0.32,14,167,1,1302202
1157009781365358742,BH766 - C - Room Thessaloniki,461193921,Aikaterini,,Thessaloniki,40.62691,22.9499,Entire home/apt,177,3,0,,,14,290,0,1146800
1157017794537043679,BH767 - C - Room Thessaloniki,461193921,Aikaterini,,Thessaloniki,40.62832,22.94887,Entire home/apt,188,3,0,,,14,347,0,1146800
1157029804869332444,BH770 - C - Room Thessaloniki,461193921,Aikaterini,,Thessaloniki,40.62832,22.95006,Entire home/apt,210,3,0,,,14,342,0,1146800
1157121442606898350,Homfortable Corner,577685125,Δήμητρα,,Thessaloniki,40.61475,22.96703,Entire home/apt,54,2,3,2024-12-29,0.30,1,0,3,00002639552
1157389712708401390,Oditee Konitsis,52529760,Konstantinos,,Kalamaria,40.57898,22.94983,Entire home/apt,89,2,3,2025-03-18,0.43,4,331,3,00002548026
1157824232661503532,Ancient Greece Apartment,34593310,Kiriakos,,Thessaloniki,40.64176594565758,22.948673754280463,Entire home/apt,50,1,2,2024-08-25,0.17,1,179,2,00002669660
1158416671398315210,Jq lux ap,513283537,,,Thessaloniki,40.645917146283075,22.94062377790985,Entire home/apt,,5,0,,,1,0,0,00002633450
1158510189627609289,Urban Retro Retreat,254132366,Calliope,,Thessaloniki,40.64136,22.94456,Entire home/apt,49,60,16,2025-06-01,1.92,1,121,16,00002936745
1158517851437839518,Ladadika sea view - 102,574327789,Shiuan,,Thessaloniki,40.6343,22.93488,Entire home/apt,45,1,9,2025-04-12,0.87,2,181,9,00002639961
1158522951964385383,The Grapiti - Spectacular view spacious apartment,6860117,Nikolaos,,Thessaloniki,40.63315,22.96148,Entire home/apt,88,2,2,2024-10-28,0.21,1,191,2,00002931182
1158796827655474433,Loena Luxury Suites | Thessaloniki,145736762,Christos,,Thessaloniki,40.6367705,22.937251,Entire home/apt,85,1,17,2025-06-09,1.58,1,122,17,00002825758
1159114590094333442,Cozy corner,62612905,Alexander,,Neapolis – Sykeon,40.6483959,22.9470528,Entire home/apt,46,1,4,2024-12-28,0.42,2,365,4,00002874920
1159332649161469227,Cozy Apartment with Work-Space in Thessaloniki,130916259,Avraam,,Thessaloniki,40.60959,22.97088,Entire home/apt,41,2,8,2025-06-03,2.31,1,212,8,00002852116
1159414903653242031,Secret Medow# hosted by DoorMat,374735588,Sofia,,Thessaloniki,40.6075104,22.9599499,Entire home/apt,39,1,74,2025-06-17,5.61,1,319,71,00002655324
1159538491187069246,StartDreamingMiniSuite,575747886,Δημοσθενης,,Thessaloniki,40.64353040775184,22.93934516608715,Entire home/apt,44,5,3,2025-04-12,0.24,1,96,1,00002656681
1159697165136805116,The Urban Nest Thessaloniki,464779891,Nebil,,Thessaloniki,40.64207889951989,22.944628661076795,Entire home/apt,32,1,16,2025-05-25,7.16,2,252,16,00003298750
1159947846596349758,"Next Door #1, Nilie Hospitality MGMT",239769711,Nilie Premium Hospitality MGMT,,Thessaloniki,40.63769,22.94002,Entire home/apt,45,1,15,2025-05-30,1.12,303,122,14,2694700
1159958195542510478,"Next Door #2, Nilie Hospitality MGMT",239769711,Nilie Premium Hospitality MGMT,,Thessaloniki,40.63769,22.94002,Entire home/apt,44,1,30,2025-06-04,3.04,303,123,30,2694720
1159963609470259010,"Next Door #3, Nilie Hospitality MGMT",239769711,Nilie Premium Hospitality MGMT,,Thessaloniki,40.63769,22.94002,Entire home/apt,45,1,7,2025-04-11,0.76,303,117,7,2993210
1159966526035596359,"Next Door #4, Nilie Hospitality MGMT",239769711,Nilie Premium Hospitality MGMT,,Thessaloniki,40.63769,22.9400175,Entire home/apt,47,1,36,2025-05-11,2.76,303,120,34,00003442269
1159976856697100857,"Next Door #5, Nilie Hospitality MGMT",239769711,Nilie Premium Hospitality MGMT,,Thessaloniki,40.63769,22.94002,Entire home/apt,45,1,19,2025-05-15,1.47,303,126,17,2694741
1160086575737800640,ELEON Apartment,487633007,Παναγιωτά,,Kalamaria,40.58672019682718,22.95462628888549,Entire home/apt,91,2,10,2025-06-09,0.83,1,64,10,00002647977
1160102153186101813,"Sonia's SKG 3 Bedroom Family Apartment, Near Metro",578425120,Androniki,,Thessaloniki,40.6082,22.9586,Entire home/apt,87,2,6,2025-05-17,0.50,1,217,6,00002642191
1160198139970436391,Namaste Boho Loft Near Seaside,358149592,NamasteHomes,,Thessaloniki,40.61608,22.957415,Entire home/apt,67,1,10,2025-03-17,0.76,5,90,5,00002502605
1160237005847881568,Namaste Loft Near Seaside,358149592,NamasteHomes,,Thessaloniki,40.61608,22.957415,Entire home/apt,77,1,12,2025-05-05,0.91,5,87,11,00002502466
1161398599856118106,F & B Collection - Central Gems,31131449,Dimitris,,Thessaloniki,40.6388374,22.9411742,Entire home/apt,51,6,6,2025-01-06,0.50,50,365,6,00002620594
1161419826408707460,F & B Collection - Central Gems,31131449,Dimitris,,Thessaloniki,40.6388374,22.9411742,Entire home/apt,41,6,0,,,50,365,0,00002620728
1161429183416683284,F & B Collection - Central Gems,31131449,Dimitris,,Thessaloniki,40.6388374,22.9411742,Entire home/apt,51,6,3,2024-12-15,0.29,50,365,3,00002620712
1161433420895412756,F & B Collection - Central Gems,31131449,Dimitris,,Thessaloniki,40.6388374,22.9411742,Entire home/apt,51,6,5,2025-05-18,0.43,50,365,5,00002620760
1161440902571155762,F & B Collection - Central Gems,31131449,Dimitris,,Thessaloniki,40.6388374,22.9411742,Entire home/apt,41,6,0,,,50,365,0,00002620754
1161445790297682441,F & B Collection - Central Gems,31131449,Dimitris,,Thessaloniki,40.6388374,22.9411742,Entire home/apt,51,6,1,2024-10-28,0.13,50,362,1,00002620775
1162085152423252625,Elysium Mediterranean Estate,10654206,Alexandra,,Pilea – Chortiatis,40.58888,23.01085,Entire home/apt,972,5,1,2024-08-27,0.10,26,308,1,00003334784
1162086751532631726,Urban Rotonda Retreat in the City Center!,578973229,Apostolos,,Thessaloniki,40.633308544910534,22.95435943928679,Entire home/apt,,2,21,2025-02-10,1.61,1,0,17,00002658180
1162198918369102863,Manolis House,578999635,Emmanouil,,Kalamaria,40.58437,22.95757,Entire home/apt,101,2,1,2024-07-29,0.09,1,96,1,00002680507
1162768663044031392,"Zaphira 4.1 Apartment, Nilie Hospitality MGMT",239769711,Nilie Premium Hospitality MGMT,,Thessaloniki,40.64005,22.93972,Entire home/apt,46,1,6,2024-10-10,0.46,303,224,5,2925346
1162905538150174038,F & B Collection - 2 Bedroom Flat,31131449,Dimitris,,Kalamaria,40.5719766,22.957392,Entire home/apt,78,6,8,2025-06-09,0.68,50,348,8,00002598110
1162909585500549892,Central Modern Comfort,131007098,Artan,,Thessaloniki,40.619,22.95729,Entire home/apt,75,6,0,,,1,269,0,00002660127
1162914890498393985,Super apartment in Thessaloniki!,339814713,,,Thessaloniki,40.63845,22.94931,Entire home/apt,,1,0,,,1,0,0,00002715715
1163026014693258305,Residents at Elysium Estate,10654206,Alexandra,,Pilea – Chortiatis,40.58954,23.01175,Entire home/apt,372,3,12,2025-06-09,1.07,26,365,12,00003334784
1163538221925683347,Downtown Stylish Apartment 2,444906990,Smart Plan,,Thessaloniki,40.63459,22.9526,Entire home/apt,59,1,16,2025-04-30,1.24,18,263,13,00002654710
1163560034220831399,Downtown Stylish Apartment 4,444906990,Smart Plan,,Thessaloniki,40.63435,22.95191,Entire home/apt,52,1,20,2025-06-06,1.57,18,261,18,00002653910
1163771498162327165,Nice & Quiet Toumba Area / 4P,579415261,Ουρανια,,Thessaloniki,40.615939,22.9698725,Entire home/apt,54,2,13,2025-02-17,1.19,1,365,13,00002665986
1165035093173034700,Helena's Apartment,269803467,Elena,,Thessaloniki,40.6126241,22.9536573,Entire home/apt,53,2,19,2025-06-08,1.56,1,98,19,00002695329
1165115569877571405,Modern 2-bedroom Penthouse city centre,579725563,Pavlos,,Thessaloniki,40.63189664273164,22.948912286508193,Entire home/apt,,2,79,2025-05-30,6.16,1,0,76,00002666601
1165624922087116933,BH636 - C - Room Thessaloniki,461193921,Aikaterini,,Thessaloniki,40.63867,22.93892,Entire home/apt,161,3,0,,,14,161,0,1302202
1165657255959095421,BH637 - C - Room Thessaloniki,461193921,Aikaterini,,Thessaloniki,40.63917,22.93876,Entire home/apt,157,3,0,,,14,171,0,1302202
1165683313629972715,Shinny downtown living,52202112,Mike,,Thessaloniki,40.6361654,22.9504853,Entire home/apt,46,1,1,2025-01-04,0.17,3,328,1,00002621103
1165688836054767128,BH654 - C - Room Thessaloniki,461193921,Aikaterini,,Thessaloniki,40.63757,22.94045,Entire home/apt,176,3,0,,,14,174,0,1302202
1165690046782390157,Cozy central studio,63960745,Antonis,,Thessaloniki,40.63884,22.95242,Entire home/apt,33,2,25,2025-05-04,1.98,4,160,23,00002442220
1165715213426993747,BH061 - C - Room Thessaloniki,461193921,Aikaterini,,Thessaloniki,40.63718,22.94069,Entire home/apt,191,3,0,,,14,177,0,1302202
1165796103879779549,BH701 - C - Room Thessaloniki,461193921,Aikaterini,,Thessaloniki,40.63796,22.93948,Entire home/apt,249,3,0,,,14,188,0,1302202
1165818751690905378,BH708 - C - Room Thessaloniki,461193921,Aikaterini,,Thessaloniki,40.63727,22.94061,Entire home/apt,337,3,0,,,14,170,0,1302202
1165999996492850982,Cozy City Apartment,579977084,Αθηνά,,Thessaloniki,40.6304138,22.9522462,Entire home/apt,70,2,18,2025-06-23,1.48,1,60,18,00002672883
1166386351009630175,Huge 'n' Happy Apartment,539360291,Ioannis,,Thessaloniki,40.63118757877338,22.95266508717194,Entire home/apt,145,3,14,2025-05-14,1.45,1,45,14,00002245316
1166407554544737641,Homevision - Boutique Pop Up Condo - City Center,515398068,Homevision,,Thessaloniki,40.63301,22.9477,Entire home/apt,55,2,27,2025-05-19,2.21,28,270,26,00002665870
1166482259117490856,Arch View Apartment,261937610,Dimitriadis,,Thessaloniki,40.63062,22.95248,Entire home/apt,70,2,11,2025-04-11,0.85,10,292,9,00002660195
1166559524898149153,"Cielo #2, The Luxury Suites",280458084,The Luxury Suites,,Thessaloniki,40.63672,22.93564,Entire home/apt,46,2,42,2025-06-05,3.38,180,140,41,00002672549
1167279854337132649,Urban Oasis - Heated Pool Villa in Thessaloniki,580316026,Ιωαννης,,Kalamaria,40.5872719,22.9676744,Entire home/apt,258,3,0,,,1,118,0,00002672039
1167504385501689019,Luxury Downtown Apartment D1,485800812,Kinfeel North,,Thessaloniki,40.63047,22.951,Entire home/apt,120,1,21,2025-05-27,1.68,8,221,18,00002669760
1167948533615209739,Cosmopolitan Oasis by thesbnb 2,379910184,Νικόλαος,,Thessaloniki,40.63683,22.93933,Entire home/apt,53,1,9,2025-06-09,0.72,14,205,7,00002092845
1167972914724522183,Valeria: Comfortable apartment with city view,251290631,Halu,,Thessaloniki,40.63211,22.9455,Entire home/apt,148,1,27,2025-06-23,2.64,99,321,27,00002607892
1167978745523684944,"Iasonas Downtown 
 Tsimiski Ladadika",580506995,Ελισαβετ,,Thessaloniki,40.635479,22.9382905,Entire home/apt,57,2,3,2025-03-15,0.23,1,269,2,00002592145
1168110804343597173,Great Sea View / 2bed / 6P,280251551,Christos,,Thessaloniki,40.64649,22.94646,Entire home/apt,47,2,11,2025-04-22,0.91,1,289,11,00002678990
1168139864871744443,Hermes Garden,580548580,MyRoom,,Thessaloniki,40.63428,22.95949,Entire home/apt,58,2,0,,,1,96,0,00002450926
1168177571268799243,Διαμέρισμα στην πόλη Θεσσαλονίκη - THESS HOME,356589497,Eleni,,Thessaloniki,40.64214,22.94384,Entire home/apt,79,2,56,2025-05-14,5.03,1,95,56,00002679260
1168245167057794014,Eva’s home,509850288,Ευαγγελινή,,Thessaloniki,40.6455419,22.9219954,Entire home/apt,40,1,36,2025-06-13,2.78,1,266,32,00002616299
1168650598579522516,Leonardo: Mondern apartment in the center,251290631,Halu,,Thessaloniki,40.63375,22.94418,Entire home/apt,103,1,8,2025-04-05,0.69,99,61,8,00002608040
1168699396018580115,"Florence, Nilie Hospitality MGMT",239769711,Nilie Premium Hospitality MGMT,,Thessaloniki,40.62783,22.94919,Entire home/apt,55,1,23,2025-06-15,2.07,303,203,23,2410166
1168930183373927760,Apartment in Thessaloniki,579723925,Lazaros,,Thessaloniki,40.6234812,22.9742917,Entire home/apt,52,2,14,2025-05-12,1.51,1,268,14,00002738590
1169204580367328444,katalagia Modern suite,293672648,Zoe,,Thessaloniki,40.6415887,22.9379179,Entire home/apt,48,1,34,2025-06-07,2.91,6,365,34,00002671138
1169639529296972299,Loft Living Thessaloniki,44815306,Eva,,Kalamaria,40.57736,22.94619,Entire home/apt,106,2,6,2025-05-01,0.86,3,131,6,00002870700
1169929339258295058,Β&Μ suites,502772007,Migena,,Thessaloniki,40.63290303700692,22.939975820481777,Entire home/apt,55,2,20,2025-05-31,1.57,2,65,19,00002679759
1170204846486389731,Thea Apartments New,1619493,Georgios,,Thessaloniki,40.64443,22.92324,Entire home/apt,60,14,0,,,10,257,0,12147687981
1170507080681374674,Κεντρικό & Άνετο Διαμέρισμα!,52271945,Thalia,,Thessaloniki,40.63297,22.95006,Entire home/apt,40,14,0,,,3,365,0,00002667624
1170724733188363891,Downtown Fragkon Strt Apt 31,581219436,Theofanis,,Thessaloniki,40.63688,22.93755,Entire home/apt,39,2,54,2025-06-19,4.25,2,338,50,00002655998
1170745529818605463,Downtown Fragkon Strt Apt 51,581219436,Theofanis,,Thessaloniki,40.63694,22.93845,Entire home/apt,36,2,51,2025-06-22,4.02,2,331,47,00002656002
1170752383609001594,"Armonia, Nilie Hospitality MGMT",239769711,Nilie Premium Hospitality MGMT,,Thessaloniki,40.63363,22.95185,Entire home/apt,84,1,8,2025-06-01,0.76,303,239,8,2718040
1170874774763021609,Της Σοφίας.,579921656,Χατζηπαναγιωτου,,Thessaloniki,40.64195,22.94927,Entire home/apt,,2,15,2025-06-22,1.41,1,11,15,00002651395
1170957188565369736,D1 Suite στα Λαδάδικα Θεσσαλονίκη,168317299,Δέσποινα,,Thessaloniki,40.6377898,22.936739,Entire home/apt,92,2,0,,,2,257,0,00002707332
1171127818499855934,"Luxury Downtown Apartment D2 ""Guya""",485800812,Kinfeel North,,Thessaloniki,40.6405205,22.9391217,Entire home/apt,109,2,26,2025-01-06,2.07,8,293,21,00002594739
1171503842577065173,Homey luxury 2 bedroom apartment,5704250,Mario,,Thessaloniki,40.61868140000001,22.9551467,Entire home/apt,68,2,0,,,1,83,0,00002922112
1171537442793704072,"Fox Guesthouse
Στο κέντρο της Θεσσαλονίκης",546261577,Teo,,Thessaloniki,40.63486,22.95276,Entire home/apt,42,1,42,2025-06-14,4.33,1,326,42,00002861760
1171590575229217890,7pockethouse classic triple room,32028101,Sevenpocket,,Thessaloniki,40.64305,22.94671,Private room,32,1,16,2025-05-30,1.27,2,356,14,00002612760
1171592834275543213,Mary's  cozy apartment,56841223,Maria,,Thessaloniki,40.64018,22.94982,Entire home/apt,45,2,1,2024-07-25,0.09,1,256,1,00002691438
1171647434887342326,"Arama, Nilie Hospitality MGMT",239769711,Nilie Premium Hospitality MGMT,,Thessaloniki,40.6302123,22.9466521,Entire home/apt,48,1,15,2025-06-21,1.25,303,248,15,2406807
1171657554360267464,"Arama, Nilie Hospitality MGMT",239769711,Nilie Premium Hospitality MGMT,,Thessaloniki,40.6302123,22.9466521,Entire home/apt,48,1,40,2025-06-22,3.43,303,243,40,2406854
1171664722305524713,Lovely apartment (loft bed) #4,44750245,Guy,,Thessaloniki,40.60487,22.95568,Entire home/apt,,2,0,,,3,0,0,00002713339
1171815957656393488,Sanny's cozy apartment,130724217,Θεοδοσια,,Thessaloniki,40.64001,22.93696,Entire home/apt,,2,3,2024-09-16,0.25,1,0,3,00002702843
1171883944384251752,#ALS-Cozy apartment,505228383,Αντωνία,,Thessaloniki,40.61176,22.95893,Entire home/apt,61,4,13,2025-06-12,1.07,9,232,13,13171187009
1172099148108887611,Castle View 2BR Spacious Lux Apartment,581619270,Μαρία,,Thessaloniki,40.64574,22.94231,Entire home/apt,91,2,1,2024-07-15,0.09,1,258,1,00002427221
1172142306394207178,"Port View, Veranda, 80 sqm, Spacious place for 6",83216418,Viktoria,,Neapolis – Sykeon,40.6470066,22.9417412,Entire home/apt,70,1,15,2025-05-04,1.25,2,363,15,00002722649
1172372510681384160,Aristotelian Virtues - Tharros,581678990,Nikolaos,,Thessaloniki,40.633823918760996,22.942052010450762,Entire home/apt,119,1,3,2024-07-31,0.25,6,142,3,00002698286
1172399321059117136,"Aelia 6.2, The Luxury Suites",280458084,The Luxury Suites,,Thessaloniki,40.63747,22.93667,Entire home/apt,48,2,25,2025-05-18,2.63,180,146,25,00002789824
1172454611808952344,"Aelia 6.4, The Luxury Suites",280458084,The Luxury Suites,,Thessaloniki,40.63783,22.93744,Entire home/apt,41,2,6,2025-05-05,0.49,180,174,6,00002789850
1172457228270767139,"Aelia 6.5, The Luxury Suites",280458084,The Luxury Suites,,Thessaloniki,40.63935,22.9375,Entire home/apt,46,2,2,2025-04-16,0.17,180,162,2,00002789866
1173090363542180523,Aristotelous Central Lodge,131276887,Χριστίνα,,Thessaloniki,40.6377624058498,22.948448918759823,Entire home/apt,45,1,10,2024-09-18,0.80,1,75,8,00002701368
1173768724993231290,Aristotelian Virtues - Enkrateia,581678990,Nikolaos,,Thessaloniki,40.63385241566456,22.941993001852435,Entire home/apt,116,1,13,2024-10-20,1.05,6,112,12,00002698319
1173775216374640671,Aristotelian Virtues - Sophia,581678990,Nikolaos,,Thessaloniki,40.633848344679095,22.941939357672137,Entire home/apt,155,1,1,2024-08-05,0.09,6,126,1,00002698244
1174252367931368000,"Adelle Studio #64, The Luxury Suites",280458084,The Luxury Suites,,Thessaloniki,40.63944,22.94035,Entire home/apt,43,2,4,2024-08-21,0.35,180,162,4,00002693473
1174579803999599008,"Big Apple 2.2 | Apartment BLC, Nilie Hospitality",239769711,Nilie Premium Hospitality MGMT,,Thessaloniki,40.63937,22.93867,Entire home/apt,43,1,7,2025-06-02,0.59,303,267,7,2662009
1174589222031849518,"Big Apple 3.1 | Studio Balcony, Nilie Hospitality",239769711,Nilie Premium Hospitality MGMT,,Thessaloniki,40.63937,22.93867,Entire home/apt,44,1,13,2025-05-09,1.04,303,263,12,2662020
1175068198647092722,Castle view in the heart of Thessaloniki- Concon,582377950,Georgios,,Thessaloniki,40.63401288485092,22.954723611474037,Entire home/apt,57,2,32,2025-03-14,2.56,1,280,30,00002704109
1175397237046444709,Blackdot2,510965923,Blackdotrooms,,Thessaloniki,40.6409905,22.9373742,Entire home/apt,53,10,3,2025-06-15,0.33,2,348,3,00002007958
1175932292737360799,Houseloft Urban Retreat,29565272,Houseloft,,Thessaloniki,40.6061157,22.9577271,Entire home/apt,105,1,8,2024-09-09,0.67,23,257,8,00002686757
1175963094358871740,"Big Apple 5.19 | Apartment BLC, Nilie Hospitality",239769711,Nilie Premium Hospitality MGMT,,Thessaloniki,40.63937,22.93867,Entire home/apt,44,1,27,2025-05-03,2.22,303,268,27,2694901
1175975817638932832,"Big Apple 6.8 |Apartment BLC, Nilie Hospitality",239769711,Nilie Premium Hospitality MGMT,,Thessaloniki,40.63937,22.93867,Entire home/apt,44,1,16,2025-05-12,1.36,303,258,16,2662199
1175982417575924274,"Hermes Suites, Agia Sofia, Nilie Hospitality MGMT",239769711,Nilie Premium Hospitality MGMT,,Thessaloniki,40.6331,22.94542,Entire home/apt,51,1,42,2025-06-16,3.72,303,243,42,3256948
1176222277428066886,DoorMat #17 Phoenix,555435959,Fotios,,Thessaloniki,40.6184231,22.9562986,Entire home/apt,50,1,48,2025-06-21,3.89,23,331,47,00002706713
1176485080548276425,Comfort Place Thessaloniki,582794868,Σοφία,,Thessaloniki,40.6185175,22.9587586,Entire home/apt,51,1,12,2025-06-01,1.04,1,171,12,00002704565
1176650521777191900,f apartment,453731169,Αποστολος,,Thessaloniki,40.632706342165214,22.96294156461954,Entire home/apt,51,1,21,2025-04-04,1.71,1,325,19,00002709522
1176661752513730901,Thessaloniki Tsinari 2 BR  With patio,409238876,Gil,,Thessaloniki,40.6424503,22.9464377,Entire home/apt,,2,0,,,4,0,0,00001553823
1177369330958007340,Penthouse No7 - #TIF Helexpo,204550542,Vivian,,Thessaloniki,40.62698,22.95275,Entire home/apt,130,1,0,,,1,335,0,00002268164
1177418532169502883,"Vellow Door | Studio 3.1, Nilie Hospitality MGMT",239769711,Nilie Premium Hospitality MGMT,,Thessaloniki,40.63803,22.93862,Entire home/apt,40,1,36,2025-06-22,2.90,303,159,33,2484891
1177421551370852633,"Vellow Door | Studio 3.4, Nilie Hospitality MGMT",239769711,Nilie Premium Hospitality MGMT,,Thessaloniki,40.63803,22.93862,Entire home/apt,40,1,27,2025-05-11,2.20,303,164,26,2484919
1177425572933484913,"Vellow Door |  Studio 3.5, Nilie Hospitality MGMT",239769711,Nilie Premium Hospitality MGMT,,Thessaloniki,40.63803,22.93862,Entire home/apt,40,1,70,2025-06-22,5.60,303,162,68,2484870
1177434706028704403,Studio close to Campus & hospitals-Thessaloniki,182786997,Natasha,,Neapolis – Sykeon,40.63507,22.95973,Entire home/apt,69,2,0,,,5,269,0,00003189416
1177581878741514505,Bi&Ly 34 old town with view,583103824,Αθανασιος,,Thessaloniki,40.63946,22.95557,Entire home/apt,45,2,2,2024-07-16,0.17,1,109,2,00002709851
1177590375278097933,Luxe Haven Suites 1,561746986,Иванка,,Thessaloniki,40.63754895346077,22.95021414756775,Entire home/apt,49,2,12,2025-04-27,1.30,2,358,12,00002786079
1177957005365465520,City Dream Studio near Coast,444906990,Smart Plan,,Thessaloniki,40.63803,22.93539,Entire home/apt,31,1,15,2025-05-22,1.26,18,94,15,00002713976
1178173817450331244,"Aelia 6.3, The Luxury Suites",280458084,The Luxury Suites,,Thessaloniki,40.63714,22.93584,Entire home/apt,45,2,3,2025-04-29,0.38,180,171,3,00002789830
1178332112875078209,Luxury Downtown Apartment Α5,485800812,Kinfeel North,,Thessaloniki,40.6359,22.93864,Entire home/apt,89,7,19,2025-06-10,1.70,8,248,19,00002704831
1178476735965768261,La dolce vita-You Urban Stay,212951050,Socrates Junior Houses,,Thessaloniki,40.638439426263794,22.936846688389778,Entire home/apt,43,1,9,2025-06-20,1.05,10,200,9,00003057770
1178478043848230979,La dolce vita-You Urban Stay,212951050,Socrates Junior Houses,,Thessaloniki,40.63829,22.93681,Entire home/apt,40,1,20,2025-06-19,2.22,10,192,20,00002977454
1178743455884845688,Momentum #Skgbnb,28267881,Tomas&Cristina! Skgbnb,,Thessaloniki,40.6333527,22.9392026,Entire home/apt,54,2,13,2025-05-18,1.06,29,362,12,00003412935
1178821389713121915,Downtown top floor apartment.,525991824,Ourania,,Thessaloniki,40.6356389,22.9475609,Entire home/apt,55,2,22,2025-06-15,1.80,1,308,21,00002697869
1178839125599868845,Sunny Retro Apartment near centre,444906990,Smart Plan,,Thessaloniki,40.64205,22.93883,Entire home/apt,46,1,8,2025-05-10,0.65,18,103,7,00002721572
1178854381888859472,Red Velvet Apt near City centre,444906990,Smart Plan,,Thessaloniki,40.639,22.93867,Entire home/apt,38,1,8,2025-03-17,0.65,18,122,7,00002721812
1178869102910326803,"Stylish City Flat – 300Mbps WiFi ,Walk Everywhere!",583434505,Αφροδιτη,,Thessaloniki,40.6381835,22.9508541,Entire home/apt,63,2,3,2025-02-02,0.25,1,162,3,00002718768
1179003310127686681,Fori's Nest / City Center / SKG,583479687,Agni,,Thessaloniki,40.6372833,22.937761,Entire home/apt,33,2,16,2025-06-08,1.33,1,323,16,00002719387
1179081646316354603,Teta’s place: Minimal and modern apartment,399942045,Paraskevi,,Thessaloniki,40.6036045,22.953767,Entire home/apt,68,2,23,2025-06-18,2.15,1,200,23,00002765553
1179511424940888714,D2Suite στα Λαδάδικα Θεσσαλονίκη,168317299,Δέσποινα,,Thessaloniki,40.6377898,22.936739,Entire home/apt,84,2,2,2024-09-16,0.21,2,333,2,00002707348
1180231423323833992,FunkyFlatGR,583768623,Anagnostis,,Thessaloniki,40.64321,22.94813,Entire home/apt,54,1,1,2024-08-09,0.09,1,296,1,00002367563
1180250581411178763,RetroMetro Thesso-Stay,409238876,Gil,,Thessaloniki,40.6433557,22.939997,Entire home/apt,64,3,3,2025-06-15,0.29,4,71,3,00001553824
1180333997731133074,Aigaiou House 2,44262685,Christos,,Kordelio – Evosmos,40.6681793,22.918779,Entire home/apt,72,3,6,2025-05-05,0.54,2,188,6,00002720948
1181113341794268831,Luxury Downtown Apartment Α6,485800812,Kinfeel North,,Thessaloniki,40.6359013,22.9386404,Entire home/apt,53,1,10,2025-03-08,1.11,8,252,10,00002704847
1181764611130611443,Kleko Project A by halu!: Apartment in the center,251290631,Halu,,Thessaloniki,40.63767,22.94193,Entire home/apt,60,1,0,,,99,353,0,00002786796
1181776779072525769,Beautiful room in a pleasant neighbourhood.,61624996,Nikolaos,,Thessaloniki,40.60128,22.97646,Private room,40,3,0,,,1,121,0,00002794164
1181784783407856484,Kleko project B by halu!: Apartment in the center,251290631,Halu,,Thessaloniki,40.63844,22.93995,Entire home/apt,68,1,0,,,99,358,0,00002786881
1181792502954676427,Tinker's Urban Penthouse,53912139,Leonidas,,Thessaloniki,40.63347,22.95117,Entire home/apt,109,2,19,2025-06-13,2.15,1,217,19,00002910667
1181797466939554634,Kleko project C by halu!: Apartment in the center,251290631,Halu,,Thessaloniki,40.63856,22.93992,Entire home/apt,74,1,0,,,99,365,0,00002786897
1181820756308646826,1Bd - apartment for family,584223498,,,Neapolis – Sykeon,40.6599749,22.9744282,Entire home/apt,64,1,1,2025-05-10,0.65,1,182,1,00002727909
1181892512492874814,Ano Poli Modern Apartment,202371400,Dimitra,,Thessaloniki,40.6428585208745,22.958601750433445,Entire home/apt,65,2,0,,,1,176,0,00002728608
1182279791567676296,Jordan's room  14,156282533,Jordans Rooms Ike,,Thessaloniki,40.6416115,22.9341706,Entire home/apt,,3,0,,,12,322,0,00002745030
1182355364842037681,Loui's Garden House,584383660,Κωνσταντινος,,Pilea – Chortiatis,40.6876664,23.0025089,Entire home/apt,57,2,14,2025-06-10,1.23,1,208,14,00002324866
1182493219962046638,Elpida apartments,584417794,Svetlana,,Thessaloniki,40.61612899578498,22.95762676745653,Entire home/apt,57,1,0,,,1,219,0,00002708802
1182506766271908201,City Center  Loft • Walk to Old Town | Casa Nativa,57377730,Natasa,,Thessaloniki,40.64114715089724,22.9462293908,Entire home/apt,31,1,39,2025-06-19,3.25,3,262,39,01247639353
1182510661600156272,Balancepointskg,584423195,,,Ampelokipon – Menemeni,40.6559234,22.9046505,Entire home/apt,60,1,8,2025-05-07,0.70,1,65,8,00002708578
1182561995294507448,Cntr,411627657,Andreana,,Thessaloniki,40.6319579,22.9438368,Entire home/apt,75,2,9,2025-05-04,0.75,1,363,9,00002717300
1182932356976734133,Amazing Studio 10 minutes To Center no1,201738738,Your.Rentals,,Thessaloniki,40.6414817,22.9473382,Entire home/apt,42,4,1,2024-07-03,0.08,23,324,1,00002094795
1182978046689605583,Studio Heart Of city number 1,201738738,Your.Rentals,,Thessaloniki,40.6378461,22.9511335,Entire home/apt,40,3,0,,,23,339,0,00003992697
1183113215178015580,Simone by halu!: Apartment in the center,251290631,Halu,,Thessaloniki,40.63283,22.94848,Entire home/apt,84,1,2,2025-01-08,0.22,99,353,2,00002753950
1183127356868863508,Simone by halu!: Studio in the center,251290631,Halu,,Thessaloniki,40.633,22.94724,Entire home/apt,68,1,3,2024-10-06,0.26,99,354,3,00002754128
1184545007680194563,AllatiniSeaView-Deluxe 2 Bedroom & Bathroom Apt,599454166,Γεώργιος Αθανάσιος,,Thessaloniki,40.59745340000001,22.9527887,Entire home/apt,71,2,4,2025-06-06,0.56,1,320,4,00002867580
1184577723788322070,Konstantinos' Studio,101759902,Σπυριδων,,Thessaloniki,40.6377852,22.9545819,Entire home/apt,43,1,15,2025-04-20,1.25,1,259,15,00002733176
1184657237225854540,"TheVacationers 2,New Studio Skg Downtown",429975024,Mary,,Thessaloniki,40.63865,22.94868,Entire home/apt,54,2,51,2025-04-14,4.25,1,124,51,00002723247
1184804357840413984,KRINI Apartment,585052223,Panagiotis,,Kalamaria,40.5671954,22.9576595,Entire home/apt,88,3,4,2025-04-27,0.40,1,307,4,00002766146
1184937932199499725,Άνετο  διαμέρισμα στο κέντρο,585094425,Αλέξης,,Thessaloniki,40.637061,22.950351,Entire home/apt,88,2,21,2025-05-19,1.86,1,362,21,00002792926
1185413979838869742,Prism Studios (Free Private Parking),445787114,Efstathios,,Thessaloniki,40.6384609050756,22.95603829325408,Entire home/apt,49,1,44,2025-06-22,3.92,3,334,44,00002762053
1185471977467024333,Unique Sunny Post-modern Apartment,195991693,Lucia And Konstantinos,,Thessaloniki,40.63294451074706,22.948822751641273,Entire home/apt,55,2,5,2024-11-17,0.46,3,142,5,00002718530
1186599076630579477,AYA Luxury Home - free public parking,103306415,Angel,,Thessaloniki,40.64217,22.94197,Entire home/apt,120,3,7,2025-03-03,0.65,3,365,7,00002744676
1186773629532081810,Moby by halu!: Elegant apartment in the center,251290631,Halu,,Thessaloniki,40.63519,22.95017,Entire home/apt,82,1,2,2024-07-20,0.17,99,365,2,00002567829
1187737066537412437,Art Deco Apartment,392489003,Georgios,,Thessaloniki,40.63338,22.94932,Entire home/apt,67,3,5,2025-06-20,0.44,7,164,5,00002982215
1188196405685344429,Άνετος και φωτεινός χώρος,424809214,Αλέξιος,,Thessaloniki,40.60769,22.95543,Entire home/apt,51,1,13,2025-06-02,1.17,1,132,13,00002736634
1188271559301936840,Honey Oak by Nest,544115668,Nest,,Thessaloniki,40.62811,22.95177,Entire home/apt,33,1,19,2025-05-19,1.59,23,169,19,00003219486
1188512207614447678,"Theofilos Urban Apartment, close to city center",581872803,Christina,,Thessaloniki,40.61795,22.95557,Entire home/apt,52,1,9,2025-05-31,0.87,1,197,9,00002712523
1188912161127712653,2-BR Luxury Apartment with Enchanting Sea View,590895,Ioannis,,Thessaloniki,40.6047,22.95141,Entire home/apt,114,2,38,2025-06-01,3.29,1,176,38,00002755401
1188930572895547416,Anopolh Apartment 1,586223972,Μαρια,,Thessaloniki,40.63873,22.95492,Entire home/apt,37,2,1,2025-03-31,0.34,2,149,1,00002711866
1188975371524924760,Anopolh Apartment 2,586223972,Μαρια,,Thessaloniki,40.63871990197759,22.954937741139236,Entire home/apt,35,2,7,2025-05-13,0.68,2,117,7,00002711845
1189016141111700652,"Dazzling, minimalist apt w/ view",214857203,Powerbnb,,Thessaloniki,40.6472692,22.9348378,Entire home/apt,43,1,28,2025-06-02,2.38,12,193,28,00002021465
1189750796737687542,Athonos Secret Diamond,586424553,Ioanna,,Thessaloniki,40.6347651,22.9451921,Entire home/apt,97,1,17,2025-06-16,1.43,1,190,17,00002757426
1189830509715041033,"Διαμέρισμα στη Θεσσαλονίκη
Emerald Suite",586448849,George,,Thessaloniki,40.64169,22.9295,Entire home/apt,92,4,2,2024-08-23,0.17,1,155,2,00002758231
1190202611543037279,Luxurious Penthouse with Jacuzzi - Town Centre,358984136,Παναγιώτης,,Ampelokipon – Menemeni,40.64781443793568,22.928443858061044,Entire home/apt,213,2,49,2025-06-16,4.13,1,230,49,00003001398
1190221462441562542,Orchidea Bianca Apt,32216964,George,,Thessaloniki,40.6399942,22.9408485,Entire home/apt,122,2,0,,,16,2,0,00000459846
1190478965344207814,Loft4U,413117489,Efthalia,,Thessaloniki,40.6202,22.95375,Entire home/apt,76,2,18,2024-09-16,1.53,1,38,18,00002762213
1190627250238823118,Hh | Family Suite w/ Balcony,586657219,,,Thessaloniki,40.6403628,22.9411154,Entire home/apt,58,1,13,2025-04-06,1.14,2,301,13,00002771906
1191058507268202042,Blow- Free parking #Skgbnb,1977386,Cristina&Tomas! Skgbnb,,Thessaloniki,40.63857,22.93969,Entire home/apt,59,1,22,2025-06-07,1.88,36,298,22,00002753051
1191124497428463138,Urban luxury suites- 201,586786136,Πετρος,,Thessaloniki,40.6377409,22.9344181,Entire home/apt,45,1,6,2025-05-14,0.53,7,351,6,00002763826
1191193772456362986,San Marco di Petro Thessaloniki,405376667,Πετρος,,Thessaloniki,40.6436374,22.9441424,Entire home/apt,35,2,26,2025-06-15,2.21,1,185,26,Exempt
1191320443453265069,Thess Living Suites #01,490955236,Ιωαννα,,Thessaloniki,40.64225080000001,22.9339398,Entire home/apt,59,1,5,2024-10-20,0.49,7,346,5,00002719749
1191388682652469001,Chromatic Comfort House | #SKG,389468695,Ελενη,,Thessaloniki,40.63259,22.95039,Entire home/apt,92,1,55,2025-03-09,4.63,2,140,55,00002566284
1191744496865008834,Downtown Living 1,568096366,Eleni,,Thessaloniki,40.63761,22.9397,Entire home/apt,37,2,5,2024-09-26,0.46,3,179,5,00002726450
1191918580411454407,Studio antigonidon square,261937610,Dimitriadis,,Thessaloniki,40.64394,22.939,Entire home/apt,59,1,1,2025-02-14,0.23,10,190,1,00002799471
1192672565720194024,PanFanone,587228979,Ιωαννης,,Neapolis – Sykeon,40.647,22.94014,Entire home/apt,60,2,5,2025-02-03,0.51,1,315,5,00002751547
1193382193596190174,V. Olgas Sea View Apartment,261937610,Dimitriadis,,Thessaloniki,40.6044132,22.9523993,Entire home/apt,85,2,3,2025-05-25,0.45,10,340,3,00002798767
1193993527092457273,O-mikron Luxury Apartment,317603243,Evgenia,,Ampelokipon – Menemeni,40.6505964,22.9140244,Entire home/apt,54,1,5,2025-06-05,0.45,1,301,5,00002774050
1194030590368579739,Fabulous Sea View by halu!:Apartment in the center,251290631,Halu,,Thessaloniki,40.63326,22.94314,Entire home/apt,,1,0,,,99,0,0,00002878120
1194335084700622322,Cozy central apartment!,587762902,George,,Thessaloniki,40.6358602,22.9533534,Entire home/apt,44,2,27,2025-06-02,2.31,1,280,27,00002776129
1194381930949105375,Cozy apartment II in Kalamaria,286712098,Κυριάκος,,Kalamaria,40.5886657,22.9626706,Entire home/apt,51,2,14,2025-05-30,1.26,2,232,14,00002750693
1195062574472273021,Cozy Gold / DTerra Apartments!   +FREE Parking,303076969,Δαφνη,,Thessaloniki,40.64064,22.94924,Entire home/apt,74,2,15,2025-05-27,1.28,4,197,15,00002777040
1195511664060905949,Magenta Ruby / DTerra Apartments!   +FREE Parking,303076969,Δαφνη,,Thessaloniki,40.6396,22.94737,Entire home/apt,73,2,32,2025-06-12,2.79,4,167,32,00002759420
1195538745477951878,Spacious 4-BD by St. Dimitrios,424401261,Gleb,,Thessaloniki,40.6393601,22.9468212,Entire home/apt,,1,19,2024-09-14,1.64,2,0,19,00002753010
1195606541658470898,Διαμέρισμα στις 40 εκκλησίες.,588104307,Μαριάνθη,,Thessaloniki,40.6328402,22.966956,Entire home/apt,45,1,15,2025-05-05,1.50,1,29,15,00587133590
1195653015840893169,Ρετιρέ στο κέντρο της πόλης,588120352,The Nest,,Thessaloniki,40.6282886,22.9515086,Entire home/apt,60,3,2,2024-09-09,0.18,1,323,2,00002676222
1196063173034467191,"Oikia
City centre rental",128134334,Maria,,Thessaloniki,40.63850499999999,22.9359582,Entire home/apt,,1,4,2024-09-28,0.38,1,0,4,00002691198
1196182096875829634,Aurora by halu!: Cozy apartment in the center,251290631,Halu,,Thessaloniki,40.63573830301616,22.937874419763787,Entire home/apt,58,1,1,2024-08-10,0.09,99,362,1,00002842335
1196195556669191910,White Tower Elegance #1,128968239,Konstantinos,,Thessaloniki,40.62647,22.94871,Entire home/apt,,1,4,2025-03-25,0.43,13,169,4,00002776830
1196202362967459451,Thess Living Suites #02,490955236,Ιωαννα,,Thessaloniki,40.64225080000001,22.9339398,Entire home/apt,56,2,2,2025-05-25,0.22,7,361,2,00002719733
1196301808740806929,Thess Living Suites #03,490955236,Ιωαννα,,Thessaloniki,40.64225080000001,22.9339398,Entire home/apt,53,1,1,2024-10-20,0.12,7,363,1,00002719712
1196422233216343216,Luxe Loft Near Seaside,536151930,Mohamed,,Thessaloniki,40.61542,22.95702,Entire home/apt,71,1,4,2025-03-31,0.37,2,61,4,00002678024
1196684582266090659,Yellow Skg City Loft,216892234,Nikolaos,,Thessaloniki,40.603790435252435,22.961986420332124,Entire home/apt,49,1,18,2025-06-01,4.74,1,331,18,00003194820
1196775988214103952,Thess Living Suites #04,490955236,Ιωαννα,,Thessaloniki,40.64225080000001,22.9339398,Entire home/apt,54,2,0,,,7,365,0,00002719707
1196917542907619662,Elizabeth's Loft,588528163,Ελισσάβετ,,Thessaloniki,40.632761060609404,22.952641926983652,Entire home/apt,80,2,0,,,1,186,0,00002756036
1197036664796530444,Vavel #Skgbnb,28267881,Tomas&Cristina! Skgbnb,,Thessaloniki,40.6185081,22.9554625,Entire home/apt,63,2,14,2025-05-04,1.28,29,330,14,00002770516
1197110066613639943,Downtown Suite by Luxlikehome,231048679,Luxlikehome,,Thessaloniki,40.63256,22.94856,Entire home/apt,80,2,0,,,19,331,0,00003190189
1197601541712972355,Urban Luxury Suites - 202,586786136,Πετρος,,Thessaloniki,40.6377409,22.9344181,Entire home/apt,45,2,1,2025-03-14,0.29,7,354,1,00002763793
1197607947922697831,"V1 Penthouse Studio #7, Nilie Hospitality MGMT",239769711,Nilie Premium Hospitality MGMT,,Thessaloniki,40.64233,22.93483,Entire home/apt,45,1,7,2024-11-24,0.70,303,180,7,2562574
1197654381467053795,Promitheus 2 Bedroom Apartment,537844847,Manos,,Thessaloniki,40.63242,22.94991,Entire home/apt,99,2,11,2025-06-11,0.99,3,364,11,00002541958
1197665828038525085,TheGrayHouse,588794993,Thomas,,Thessaloniki,40.61102,22.95422,Entire home/apt,46,3,23,2025-05-17,2.04,1,174,23,00002737025
1197807416798016556,Tiny room with magic balcony view,78078357,Chrysoula,,Neapolis – Sykeon,40.6385896,22.9629578,Entire home/apt,30,3,27,2025-06-14,2.51,2,220,27,00002786982
1198384520881849465,Cyriacus’ Flat in the heart  of Thessaloniki,589043973,Κυριακος,,Thessaloniki,40.641042336079124,22.941262274980545,Entire home/apt,51,2,1,2024-11-24,0.14,1,260,1,00002789128
1198415954549588844,White Tower Elegance #2,128968239,Konstantinos,,Thessaloniki,40.62819,22.94885,Entire home/apt,56,1,9,2025-06-22,0.81,13,206,9,00002776810
1199029328954540425,Urban Luxury Suites - 204,586786136,Πετρος,,Thessaloniki,40.63774,22.93442,Entire home/apt,45,1,3,2024-08-19,0.27,7,325,3,00002763868
1199065993255639554,Green View Haven,128968239,Konstantinos,,Kalamaria,40.57139,22.95961,Entire home/apt,68,1,9,2025-06-09,0.84,13,177,9,00002790066
1199081232005932975,Arvanitidis Suites Beautiful sunny apartment,108033866,Apostolos,,Thessaloniki,40.6410971,22.9308167,Entire home/apt,52,3,8,2024-09-26,0.74,9,151,8,00002793519
1199087273248705881,Urban Luxury Suites - 205,586786136,Πετρος,,Thessaloniki,40.63774,22.93442,Entire home/apt,45,1,9,2025-05-18,0.78,7,328,9,00002763873
1199151904104974617,Balcony Studio in Thessaloniki,586288229,Raviv,,Thessaloniki,40.64237784133513,22.93857090674591,Entire home/apt,32,2,5,2024-09-27,0.45,2,20,5,01238640942
1199179482003758952,Studio in Thessaloniki,586288229,Raviv,,Thessaloniki,40.6423642,22.938587,Entire home/apt,26,2,10,2025-06-22,0.91,2,10,10,01240511496
1199179607411719704,Natsina Studio,261937610,Dimitriadis,,Thessaloniki,40.60268,22.96696,Entire home/apt,65,1,4,2025-02-09,0.38,10,220,4,00002802915
1199429538006873957,Urban Luxury Suites - 206,586786136,Πετρος,,Thessaloniki,40.6377409,22.9344181,Entire home/apt,50,1,5,2025-06-10,0.78,7,365,5,00002763980
1199449882629286609,Urban Luxury Suites - 207,586786136,Πετρος,,Thessaloniki,40.6377409,22.9344181,Entire home/apt,45,1,2,2025-03-31,0.35,7,363,2,00002764000
1199464001400433745,Urban Luxury Suites - 208,586786136,Πετρος,,Thessaloniki,40.6377409,22.9344181,Entire home/apt,45,2,3,2025-05-19,0.26,7,365,3,00002764041
1199481661407354282,Δίκλινο δωμάτιο,589497295,Ελευθερία,,Thessaloniki,40.6245607,22.9751865,Private room,68,4,0,,,2,364,0,1353722
1199962214882531038,Metaxenia's apartment 301,589611816,,,Kalamaria,40.5728152,22.9697952,Entire home/apt,99,2,4,2025-03-23,0.39,4,358,4,00002789340
1200469259143522618,Lasstudio 1,589725893,Rita,,Ampelokipon – Menemeni,40.64838,22.93113,Entire home/apt,38,1,56,2025-06-22,4.97,2,266,56,00002793773
1200657875088399088,Lasstudio 2,589725893,Rita,,Ampelokipon – Menemeni,40.65004,22.92965,Entire home/apt,32,1,57,2025-06-17,5.10,2,269,57,00002794021
1201359416649358738,Feel Greek Hospitality #Θ007,568023192,Κωνσταντινος,,Neapolis – Sykeon,40.64739,22.94064,Entire home/apt,76,1,16,2025-06-22,1.43,20,26,16,00002779171
1201381464286517828,"Bohemian, The Luxury Suites",280458084,The Luxury Suites,,Thessaloniki,40.63376,22.93984,Entire home/apt,65,2,11,2025-06-09,0.99,180,136,11,00002797314
1201421282419177689,Aristotelian Virtues - Agapi,581678990,Nikolaos,,Thessaloniki,40.6339949,22.9419179,Entire home/apt,164,1,2,2024-09-17,0.20,6,158,2,00002698262
1201433466233404092,Aristotelian Virtues - Elpida,581678990,Nikolaos,,Thessaloniki,40.63367736306478,22.942025188360613,Entire home/apt,115,1,8,2024-11-02,0.72,6,162,8,00002698239
1201630776494038107,"Tsinari Comfort & Luxury Suite, private parking",509224244,Αναστασιος,,Thessaloniki,40.64316,22.94788,Entire home/apt,70,2,16,2025-05-27,1.66,1,207,16,00002748318
1201867535371206068,Central Open Space Apt,588845297,Vassilios,,Thessaloniki,40.63853,22.94061,Entire home/apt,43,2,8,2024-09-29,0.75,1,78,8,00002800459
1202028969464055301,Cozy Apartment for Business Trips & Young Couples,586657219,,,Thessaloniki,40.6403628,22.9411154,Entire home/apt,44,1,14,2025-03-18,1.25,2,291,14,00002800013
1202111195347424200,LIV Luxury City Center 7A Mini Penthouse,590170763,,,Thessaloniki,40.6332039,22.9449694,Entire home/apt,85,1,6,2025-06-08,0.76,4,337,6,00002793789
1202123917867125866,LIV Luxury City Center 7B Mini Penthouse,590170763,,,Thessaloniki,40.6332039,22.9449694,Entire home/apt,86,1,14,2025-06-21,1.28,4,340,14,00002793806
1202201006643976822,Stylish&Bright Apt near Rotonda,424401261,Gleb,,Thessaloniki,40.6348497,22.9496813,Entire home/apt,54,1,13,2024-09-22,1.15,2,56,13,00003327107
1202322545598528475,House Near Beach,182472010,Μαριος,,Thessaloniki,40.61889692516662,22.956122383475304,Entire home/apt,39,1,22,2025-06-07,2.04,2,77,22,2804865
1202654627101505141,Ocean - City Center,28267881,Tomas&Cristina! Skgbnb,,Thessaloniki,40.6324915,22.9514883,Entire home/apt,53,1,4,2025-05-26,0.50,29,78,4,00002856129
1202764564466942724,Aura Suite V6 by halu!,251290631,Halu,,Thessaloniki,40.63949,22.93741,Entire home/apt,53,1,8,2024-10-15,0.74,99,92,8,12345678901
1202766544810862784,Cream Patio by Nest,544115668,Nest,,Thessaloniki,40.62811,22.95177,Entire home/apt,35,1,16,2025-05-18,1.54,23,138,16,00003219519
1202916829230594790,Stylish Oasis / Thessaloniki [500 Mbps Internet],590401239,Kyriakos,,Thessaloniki,40.61394537182353,22.958654926983648,Entire home/apt,91,2,20,2025-04-13,1.98,2,153,20,00002837915
1203050058970872258,The Cozy Nest - City Center,23277852,Ioannis,,Thessaloniki,40.6399411,22.9457952,Entire home/apt,66,1,69,2025-06-15,6.37,4,292,69,00002817902
1203588010932396334,LIV Luxury City Center 7D,590170763,,,Thessaloniki,40.6332039,22.9449694,Entire home/apt,71,1,4,2025-03-02,0.56,4,347,4,00002793752
1203592810236159793,LIV Luxury City Center 7C,590170763,,,Thessaloniki,40.6332039,22.9449694,Entire home/apt,78,1,3,2025-06-01,0.42,4,349,3,00002793811
1204194145973927458,DoorMat #19 Blueberry,590770058,Daria,,Thessaloniki,40.6373681,22.9502911,Entire home/apt,49,1,29,2025-05-30,3.12,1,352,29,00002818685
1204201199065995359,Feel Greek Hospitality #Θ006,568023192,Κωνσταντινος,,Thessaloniki,40.64739,22.93209,Entire home/apt,59,1,4,2025-06-05,0.41,20,37,4,00002797739
1204418485493797488,Urban Loft 3,590848728,,,Thessaloniki,40.636535433433835,22.955019696295178,Entire home/apt,44,2,12,2025-06-15,1.13,1,324,12,00002812679
1204512200186102764,Stylish Loft in City Center 1,470648435,Forget The Hotel,,Thessaloniki,40.6186037,22.9596904,Entire home/apt,42,1,5,2025-03-30,0.50,6,324,5,Exempt
1204514509147407316,Stylish Loft In City Center 2,470648435,Forget The Hotel,,Thessaloniki,40.6186037,22.9596904,Entire home/apt,39,1,6,2025-05-30,0.62,6,350,6,Exempt
1205627468650478797,SmartCenterApartmentThessaloniki,100776361,Μανωλης,,Thessaloniki,40.638521,22.9538303,Entire home/apt,49,1,33,2025-06-21,3.21,9,362,33,00003258447
1206352434993350562,"Dream Apartment ""self check in""",591378773,Αλεξάνδρα,,Neapolis – Sykeon,40.6542701,22.9363706,Entire home/apt,63,3,0,,,2,92,0,00001652707
1206404883939918068,Étoile by halu!: Chic apartment in the center,569020662,Halu,,Thessaloniki,40.62897,22.94873,Entire home/apt,221,1,38,2025-06-06,2.81,11,310,31,00002686858
1206637618534315026,Aura Skg Apartment,591490117,Αθανάσιος Τσαμπίκος,,Thessaloniki,40.6412,22.93786,Entire home/apt,45,2,8,2025-06-01,0.74,1,335,8,00002776602
1207041385277918261,Kamara Urban Retreat,442073493,Daniel,,Thessaloniki,40.633501,22.951207,Entire home/apt,66,1,7,2025-06-17,0.78,3,361,7,00002817600
1207087922003002643,Feel Greek Hospitality #Θ008,568023192,Κωνσταντινος,,Thessaloniki,40.64385,22.94356,Entire home/apt,73,1,12,2024-12-15,1.12,20,77,12,00002802708
1207092125873153401,Amazonia by halu!: Stylish artistic apartment,569020662,Halu,,Thessaloniki,40.63083,22.94873,Entire home/apt,114,1,34,2025-04-14,0.88,11,332,7,00002251636
1207104065493030952,Blossom by halu!: Cozy 2-BD apartment,569020662,Halu,,Thessaloniki,40.63175,22.9442,Entire home/apt,88,1,19,2025-06-22,1.08,11,246,13,00002396308
1207116845414147011,Zoe by halu!: Lovely penthouse,569020662,Halu,,Thessaloniki,40.63236,22.94323,Entire home/apt,116,1,35,2025-01-24,0.84,11,340,1,00002368422
1207235927487946180,Industrial Vibes#hosted by DoorMat,461106291,Konstantinos,,Thessaloniki,40.6465926,22.9238874,Entire home/apt,33,2,30,2025-06-10,2.78,1,314,30,00002557155
1207706119331450752,City loft Thessaloniki,363438255,,,Thessaloniki,40.608238636810896,22.962509728968143,Entire home/apt,106,1,0,,,1,364,0,00002762685
1207919609614750996,Elite House 2,172176636,Γιάννης,,Thessaloniki,40.6342613,22.951927,Entire home/apt,51,1,22,2025-05-04,2.14,4,221,22,2798570
1207927756307401269,Aristotelous Central apartment,75569337,Magda,,Thessaloniki,40.6333328,22.9435177,Entire home/apt,40,3,25,2025-06-23,2.53,1,356,25,00001907682
1207933761638163057,Namastay PP2# hosted by DoorMat,370588541,Mariana,,Thessaloniki,40.63206599999999,22.9492803,Entire home/apt,,2,9,2025-04-27,0.85,6,0,9,00002572930
1207950400507883428,Elite House 1,172176636,Γιάννης,,Thessaloniki,40.6342613,22.951927,Entire home/apt,58,1,23,2025-05-18,2.28,4,36,23,2798603
1208121713966912626,Alexandrias23House,591952252,Μιχαήλ,,Thessaloniki,40.60379,22.95362,Entire home/apt,63,1,3,2025-05-18,0.27,1,350,3,00002802962
1208475750298894949,Butterfly by halu!: Colourful house in the center,251290631,Halu,,Thessaloniki,40.62801,22.94781,Entire home/apt,,1,9,2025-06-03,0.89,99,355,9,00002931198
1208486968116696717,Lithos- Ano poli #Skgbnb,1977386,Cristina&Tomas! Skgbnb,,Neapolis – Sykeon,40.64203,22.9628,Entire home/apt,54,1,8,2025-04-13,0.78,36,345,8,00002845165
1208588153509921004,Luxurious Penthouse City Centre,252020271,Alexander,,Thessaloniki,40.63064,22.94706,Entire home/apt,169,1,24,2025-05-29,2.28,1,35,24,00002825600
1208779563288826730,Four Reasons Apts Ntepo,405470096,,,Thessaloniki,40.5974009,22.9575583,Entire home/apt,66,2,0,,,1,176,0,00002522220
1208797875916947115,ΜΑΤΙΝÈ,577692955,Anthi,,Thessaloniki,40.6378249,22.9530318,Entire home/apt,48,1,1,2024-08-17,0.10,1,24,1,00002822768
1208847862342743302,Ottima Living Thessaloniki - Ermou 1,410213894,Γεωργια,,Thessaloniki,40.63702084068018,22.93888855211488,Entire home/apt,55,2,8,2025-05-13,0.81,2,171,8,00002704725
1209165629005670070,Portoseaview Apartments - A.Svolou 53,372140900,Κωνσταντινια,,Thessaloniki,40.62981,22.95261,Entire home/apt,129,1,2,2024-09-08,0.20,41,363,2,00002823531
1209369906927350461,Luxury central apartment,592299462,Dimitris,,Thessaloniki,40.6359013,22.9386404,Entire home/apt,59,1,1,2024-10-06,0.11,1,19,1,00002817843
1209581990018729438,"53m 1-Bdrm Apt first to Metro, Parking (opt)",568187035,Ουρανία,,Thessaloniki,40.643334,22.9291501,Entire home/apt,62,1,17,2025-06-01,1.75,1,270,17,00002824044
1209975162916438692,Downtown stories,92886429,Ioannis,,Thessaloniki,40.6389747,22.9359029,Entire home/apt,67,2,3,2024-10-28,0.31,1,269,3,00002824560
1210088349854690261,Chic Center SKG,88883632,Foteini,,Thessaloniki,40.632359397540796,22.949343042327886,Entire home/apt,,25,0,,,1,170,0,00002833072
1211415646219656780,Celine by halu!: Budget apartment in the center,251290631,Halu,,Thessaloniki,40.64443,22.91351,Entire home/apt,,1,3,2024-12-21,0.28,99,0,3,00002876349
1211426200458230025,Celine by halu!: Standard apartment in the center,251290631,Halu,,Thessaloniki,40.64451,22.91362,Entire home/apt,,1,6,2025-01-06,0.56,99,0,6,00002876354
1211750124163338506,Agias Sofias 28,177205094,Despina,,Thessaloniki,40.63343,22.94491,Entire home/apt,69,2,0,,,2,355,0,00002827948
1212013311731906940,'Υρια house's,593040868,Μαρία,,Thessaloniki,40.6386,22.95109,Entire home/apt,74,2,2,2025-05-11,0.68,1,205,2,00002828142
1212236473514999339,Antigonidon Loft,593095620,Γιαννης,,Thessaloniki,40.64253,22.94004,Entire home/apt,56,2,0,,,1,13,0,00002770850
1212496147083688564,"Stunning sea views, spacious terrace, modern 1BR",593103315,Maria,,Kalamaria,40.59075,22.94661,Entire home/apt,78,2,37,2025-06-21,3.58,1,319,37,00002830322
1212746466445437758,Dream Home SKG,52111232,Daniil,,Thessaloniki,40.637823,22.9506404,Entire home/apt,50,2,41,2025-06-17,3.82,1,319,41,00002831920
1212816982917994791,Vivienne by halu!: Deluxe apartment in the center,251290631,Halu,,Thessaloniki,40.64192,22.94014,Entire home/apt,62,1,10,2025-06-01,0.95,99,365,10,00002883204
1213160650246050384,The Fine Home 2,195434423,,,Thessaloniki,40.64116,22.93893,Entire home/apt,41,2,8,2025-05-13,0.76,4,79,8,00002669186
1214411585162838031,Villanova - Pearl Suite,350701586,Polina,,Thessaloniki,40.64455,22.93379,Entire home/apt,27,1,10,2025-05-03,1.20,7,318,10,00003221390
1214527492318530017,Modern Downtown Flat,582607756,Dimitrios,,Thessaloniki,40.6292071,22.9496081,Entire home/apt,45,2,3,2025-05-11,1.13,1,298,3,00002654625
1215114545115022916,The Blue House,392489003,Georgios,,Thessaloniki,40.63952042384293,22.95395955767213,Entire home/apt,48,3,19,2025-06-20,1.86,7,158,19,00002960926
1215212986328633130,Vagia · Urban Apartments,593941025,Θεοδόσης,,Thessaloniki,40.6384423,22.9422936,Entire home/apt,,2,15,2025-02-11,1.43,1,0,15,00002834739
1215276140905079311,Metaxenia's apartment 302,589611816,,,Kalamaria,40.57272963114873,22.969838115344242,Entire home/apt,108,2,6,2025-05-12,0.74,4,363,6,00002789309
1215746132256288411,Ikos Appartment,594072047,Γεωργιος,,Thessaloniki,40.6396447,22.9508549,Entire home/apt,79,1,3,2024-10-28,0.35,1,84,3,00002838620
1215951945511028787,Le Alex,594142072,Ilona,,Neapolis – Sykeon,40.6502426,22.9407658,Entire home/apt,46,1,4,2024-10-13,0.39,4,186,4,00002326083
1216010741924094160,Modern Apartment in a quiet neighborhood,143981851,Stavroula,,Thessaloniki,40.6232106,22.9739128,Entire home/apt,44,3,4,2025-04-13,0.43,1,171,4,00002838837
1216097156342792505,Sunshine room studio,123750052,Aimilia,,Thessaloniki,40.61179315539835,22.972343128568376,Private room,25,2,10,2025-06-04,1.12,3,359,10,Exempt
1216797605759130969,Casa-Blanca,573778294,María,,Neapolis – Sykeon,40.64819,22.94698,Entire home/apt,43,2,3,2024-09-22,0.28,1,174,3,00002839717
1217149556335633811,Le Plaza,594142072,Ilona,,Kalamaria,40.57631835101794,22.94999386256563,Entire home/apt,87,1,4,2024-12-16,0.44,4,179,4,00002326100
1217155789522476362,Le Floor,594142072,Ilona,,Neapolis – Sykeon,40.6502426,22.9407658,Entire home/apt,43,1,3,2024-11-13,0.29,4,190,3,00002326099
1217354725921545750,Hippocampus Home,565828961,Ελπιδα,,Thessaloniki,40.6371195,22.9497388,Entire home/apt,91,2,2,2024-10-07,0.21,1,304,2,00002810287
1217439368910843626,Urban SKG apartment free Netflix,594584252,Damianos,,Thessaloniki,40.6033694,22.954172,Entire home/apt,53,2,25,2025-06-06,2.37,1,342,25,00002841641
1217506494519860289,Urban Studio 14,594610913,Ζωή,,Kalamaria,40.5835359,22.9658779,Entire home/apt,63,2,3,2025-06-20,0.33,1,220,3,00002861266
1218714113103115874,"Leon, Nilie Hospitality MGMT",239769711,Nilie Premium Hospitality MGMT,,Thessaloniki,40.6371441,22.9370711,Entire home/apt,44,1,10,2025-06-22,0.95,303,361,10,2993890
1219339256468053387,Amber Studios by halu!: Studio with balcony,251290631,Halu,,Neapolis – Sykeon,40.6502576,22.9374844,Entire home/apt,,1,1,2024-09-18,0.11,99,0,1,00002634022
1219688625095698336,Alkazar Suites #301,119416356,Fani,,Thessaloniki,40.63729,22.94035,Entire home/apt,36,1,5,2025-02-16,0.52,34,46,5,00002866223
1220180782394154117,CityChic Penthouse,595314940,Asterios,,Thessaloniki,40.62851965176655,22.946301475167274,Entire home/apt,,1,2,2025-03-30,0.60,1,320,2,00002817481
1220197518925359394,Hypnos Skg Room 101,595327396,Ιωαννα,,Thessaloniki,40.64268261636447,22.93878760188818,Private room,38,1,15,2025-06-09,1.52,4,179,15,00002851619
1220259031583663012,Hypnos Skg Room 103,595327396,Ιωαννα,,Thessaloniki,40.64344,22.93903,Private room,38,1,13,2025-05-24,1.41,4,176,13,00002851539
1220259222780597933,Hypnos Skg Room 102,595327396,Ιωαννα,,Thessaloniki,40.64298,22.93931,Private room,38,1,14,2025-05-03,1.42,4,176,14,00002851704
1220276358282843904,Hypnos Skg Room 104,595327396,Ιωαννα,,Thessaloniki,40.64161,22.93989,Private room,38,1,21,2025-06-01,2.11,4,144,21,00002851725
1220373662237583359,#ALS-Luxury Aura in the city,505228383,Αντωνία,,Thessaloniki,40.6430651,22.9389331,Entire home/apt,78,2,31,2025-06-03,3.04,9,340,31,00002852551
1220401093145893019,Harmonious Heaven   (Α.M.A:00002885095),520692330,Kristina,,Thessaloniki,40.62937,22.94725,Entire home/apt,,2,13,2025-06-09,1.42,1,326,13,00002885095
1220755368129169539,Διαμέρισμα στον Εύοσμο,595464596,Κυριακη,,Kordelio – Evosmos,40.66317,22.90361,Entire home/apt,72,3,2,2024-12-26,0.20,1,253,2,00002857651
1221467711929852325,Domus #Skgbnb,1977386,Cristina&Tomas! Skgbnb,,Thessaloniki,40.61776,22.95587,Entire home/apt,45,1,7,2025-02-27,0.68,36,305,7,00002820228
1222135655396686536,Τhessalonikia center 2bd 110sqm metro 400m,524283438,Κυριακή,,Thessaloniki,40.618698920704986,22.957939580082893,Entire home/apt,92,3,2,2024-10-28,0.23,1,79,2,00002851081
1222214716246947001,Seafront Apartment With Sea View D1,201738738,Your.Rentals,,Thessaloniki,40.6148594,22.9539681,Entire home/apt,,2,1,2024-11-11,0.13,23,349,1,00001095753
1222244131733855289,Arvanitidis Suites Studio 74 premium lux apartment,108033866,Apostolos,,Thessaloniki,40.6103827,22.9632069,Entire home/apt,40,3,16,2025-06-08,1.79,9,359,16,00002854252
1222617805909779197,Neon City Pulse - Casa Nativa,57377730,Natasa,,Thessaloniki,40.63828,22.94122,Entire home/apt,29,1,20,2025-06-08,2.04,3,266,20,00002853713
1222929382643692017,Karma - sea view #Skgbnb,28267881,Tomas&Cristina! Skgbnb,,Thessaloniki,40.6288896,22.9467012,Entire home/apt,,2,6,2025-02-23,0.75,29,298,6,00002869601
1222963783876593752,Canela #Skgbnb,28267881,Tomas&Cristina! Skgbnb,,Thessaloniki,40.61850949999999,22.9560812,Entire home/apt,45,2,3,2024-10-29,0.33,29,363,3,00002809455
1223693685084848003,Orange Downtown Apartment,233599991,,,Thessaloniki,40.6287397,22.9476015,Entire home/apt,64,2,6,2024-11-07,0.59,30,351,6,00002779857
1224061028452520131,Δωμάτιο με θέα,450582160,Δανάη,,Thessaloniki,40.64369,22.94178,Entire home/apt,29,2,33,2025-06-22,3.33,1,88,33,00002869590
1224397791638517429,Ocean - city center #Skgbnb,28267881,Tomas&Cristina! Skgbnb,,Thessaloniki,40.6324915,22.9514883,Entire home/apt,41,2,5,2025-06-09,0.88,29,70,5,00002856134
1225307121832178107,Thessaloniki Downtown Gem,596715582,Eli,,Thessaloniki,40.59994,22.95528,Entire home/apt,82,2,12,2025-03-28,1.17,1,352,12,00002826521
1226060166288656930,Sir Paco's place,163123431,Ntemi And Nick,,Thessaloniki,40.63783568699989,22.942580580711365,Entire home/apt,58,2,36,2025-06-08,3.55,16,349,36,00002823084
1226096789442152565,Alkazar Suites 302,119416356,Fani,,Thessaloniki,40.63857,22.94096,Entire home/apt,38,1,19,2025-06-15,1.88,34,64,19,11209403345
1226499160948285529,Roman Forum 3-bedroom New apt,147338122,Maria,,Thessaloniki,40.63788,22.94429,Entire home/apt,200,2,0,,,1,343,0,00002865439
1226568236120686218,Jasmine #hosted by DoorMat,569871229,Ioannis,,Thessaloniki,40.6419219,22.9310359,Entire home/apt,39,2,21,2025-06-09,2.93,1,322,21,00002547576
1226725351373904229,Alkazar Suites with Kitchen #303,119416356,Fani,,Thessaloniki,40.63843,22.94071,Entire home/apt,34,1,14,2025-04-27,1.38,34,68,14,00002866239
1226780236670437087,"Cosy, feel-good apartment in Thessaloniki",46399772,Ευστράτιος,,Ampelokipon – Menemeni,40.65366,22.91175,Entire home/apt,41,1,11,2025-06-05,1.14,1,328,11,00002855992
1226788389256832640,Sir Dip's place,163123431,Ntemi And Nick,,Thessaloniki,40.6383096,22.942471,Entire home/apt,46,2,33,2025-06-10,3.69,16,358,33,00002823042
1226939070913155846,Central Luxurious Apartment near Metro Station,145800043,Dimitris,,Thessaloniki,40.642869963491854,22.93393486441804,Entire home/apt,77,1,1,2024-09-06,0.10,4,318,1,00002854682
1227526573438694546,Tiny Oasis / Thessaloniki [500 Mbps Internet],590401239,Kyriakos,,Thessaloniki,40.61389243321711,22.958697842327886,Entire home/apt,70,1,12,2025-05-03,1.20,2,349,12,00002837962
1227570238352523053,Alkazar Suites #305,119416356,Fani,,Thessaloniki,40.63896,22.94104,Entire home/apt,37,1,18,2025-05-25,1.79,34,66,18,00002866250
1228172232892109742,Luxury Suite Centre Thessaloniki with Balcony,266567687,Petr,,Thessaloniki,40.64148616787483,22.944208413491815,Entire home/apt,72,3,2,2024-11-11,0.25,1,284,2,00002946961
1228838963847021015,Aesthetic Loft in the Heart of the City,444906990,Smart Plan,,Thessaloniki,40.63723,22.93642,Entire home/apt,39,1,20,2025-06-16,2.11,18,360,20,00002911653
1229225920522010364,Amazing Studio 10 minutes' walk Center,201738738,Your.Rentals,,Thessaloniki,40.6418411,22.9470693,Entire home/apt,41,5,0,,,23,364,0,00046582978
1230162601250799497,"Ωραίο, άνετο και αγαπησιάρικο!",597961854,Ανθουλα,,Thessaloniki,40.6182,22.96284,Entire home/apt,77,2,5,2025-05-11,0.52,1,365,5,00002869180
1230186186387858079,Anastasia Apartment Thessaloniki,338198774,Brankica,,Thessaloniki,40.64331130000001,22.9345529,Entire home/apt,,7,0,,,1,356,0,00002463213
1230274102553678930,City Glow Apartment by Luxlikehome,231048679,Luxlikehome,,Thessaloniki,40.63407,22.94698,Entire home/apt,112,2,14,2025-06-08,1.67,19,348,14,00003197538
1230348901147297722,Central Deluxe Spacious Studio,1428384,Stavros,,Thessaloniki,40.601064,22.9542847,Entire home/apt,54,3,12,2025-05-20,1.33,1,155,12,00002891427
1230364247762468541,Estia city-center elegant place,40801888,Φένια,,Thessaloniki,40.6335006,22.9469497,Entire home/apt,113,2,0,,,1,116,0,00494898112
1230378745059613857,"""Aristi"" Apartment by the Music Hall",570447509,Γεωργιος,,Thessaloniki,40.5991747,22.9510213,Entire home/apt,80,1,6,2025-04-05,0.62,1,143,6,00002868025
1230558492334567729,Elite house 3,172176636,Γιάννης,,Thessaloniki,40.6443117,22.9392047,Entire home/apt,47,1,6,2024-11-14,0.62,4,352,6,00002586260
1230565915820448019,Αριστοτέλους μίνι στούντιο,15074402,,,Thessaloniki,40.6351479131325,22.94380635023117,Entire home/apt,39,1,29,2025-05-12,3.00,1,95,29,00002868189
1231673454453084607,AiR YMCA Square 100sqm 3Bedrooms Apartment,988264,Architecture In Residence,,Thessaloniki,40.62857,22.95203,Entire home/apt,111,1,5,2025-04-20,0.57,3,213,5,00002868923
1231744925087764628,Joud's Apartment,91511772,Crisa,,Thessaloniki,40.64095289999999,22.9454041,Entire home/apt,91,2,3,2024-10-28,0.32,4,347,3,00002784947
1231826815777013909,DISTRiCT01 - Penthouse,42519930,George,,Kalamaria,40.5789078,22.945841,Entire home/apt,98,1,3,2024-10-01,0.32,4,23,3,00002014633
1231878021876591207,Cozy Apartm. with View & Parking,581055333,Konstantina,,Thessaloniki,40.6423482,22.9524161,Entire home/apt,84,2,9,2025-06-09,0.97,1,319,9,00002683730
1231980540369889581,Thess Urban Suites 2,521553216,Sofia,,Thessaloniki,40.61965,22.96229,Entire home/apt,49,1,8,2025-02-10,1.00,2,78,8,00003007650
1232596586849385286,Luxury Skg Living,561812376,Minas,,Thessaloniki,40.63609,22.93972,Entire home/apt,59,2,25,2025-05-21,2.64,2,310,25,00002868440
1232628373692627791,Homevision -  Chic n classy,598577062,,,Thessaloniki,40.63758,22.94917,Entire home/apt,71,1,1,2024-09-15,0.11,1,2,1,00002851730
1232636903146076316,Dreamy Loft Thessaloniki,44815306,Eva,,Kalamaria,40.57736,22.94619,Entire home/apt,115,2,2,2025-01-01,0.28,3,150,2,00002870700
1233127149603489936,Central Suites Thessaloniki,598697714,Hidri,,Thessaloniki,40.61563,22.9586,Entire home/apt,103,2,1,2024-10-21,0.12,1,126,1,00002862534
1233150739684383795,Roman Market Studio,270656463,Martha,,Thessaloniki,40.6383399,22.9448594,Entire home/apt,57,2,13,2025-06-01,1.49,1,244,13,00002820280
1233197814246994793,Ηλιόλουστο ΔιαμέρισμαΔιαμπερές,461829545,Κρυσταλλία,,Thessaloniki,40.61239149836555,22.955864556133747,Entire home/apt,54,1,0,,,1,365,0,00000466999
1233230388028871317,Sotiria's appartment Kalamaria,598723155,Σωτηρία,,Kalamaria,40.5855558,22.9512751,Entire home/apt,80,2,15,2025-06-12,1.55,1,355,15,00783014723
1233281403603130088,Urban Folks | Cityscape apartment,553323265,Nikos,,Thessaloniki,40.6339259,22.9488525,Entire home/apt,78,1,28,2025-06-15,2.84,11,99,28,00002842361
1233284217664176518,Urban Folks | Downtown apartment,553323265,Nikos,,Thessaloniki,40.6339259,22.9488525,Entire home/apt,105,1,29,2025-06-24,2.94,11,95,29,00002842420
1233285755037703942,Urban Folks | Central apartment,553323265,Nikos,,Thessaloniki,40.6339259,22.9488525,Entire home/apt,89,1,32,2025-06-11,3.32,11,95,32,00002842356
1233830541079774164,Home Away From Home,182895508,Nikolaos,,Thessaloniki,40.6037474,22.9626177,Entire home/apt,38,3,0,,,1,364,0,00002872160
1234080865710062678,Υπέροχο open space loft με αυλή.,206839161,Ιωάννης,,Thessaloniki,40.6099696,22.9598718,Entire home/apt,45,2,2,2025-05-02,0.40,1,165,2,00002873359
1234168420898399131,Angie’s LedSigns apartment,598793615,Angeliki,,Thessaloniki,40.6202143,22.95739,Entire home/apt,94,1,3,2025-05-11,0.31,1,360,3,00002873530
1234626474456841209,Νεοκλασικό σπίτι στο κέντρο,497738946,Charlotte,,Thessaloniki,40.6318595,22.9470132,Entire home/apt,,1,2,2025-01-03,0.21,1,84,2,00002869892
1234761201855465584,THEA Deluxe 2Bd Apartment,571592277,Propertly Management,,Thessaloniki,40.61880952692409,22.960190280950933,Entire home/apt,59,3,11,2025-06-09,1.24,2,309,11,00002895769
1235438992253536906,Spotted in Thessaloniki #12!,71930151,Giannis,,Thessaloniki,40.6374398,22.9356759,Entire home/apt,,1,24,2025-02-15,2.55,4,0,24,00002833784
1236022652244192212,Tito's Apartment,598517136,Jihad,,Thessaloniki,40.6342075,22.9495276,Entire home/apt,56,1,5,2025-06-01,0.60,1,41,5,00002785912
1236200262379307269,Iasonidou Resort,392489003,Georgios,,Thessaloniki,40.63675,22.94872,Entire home/apt,68,3,10,2025-04-14,1.18,7,185,10,00003002401
1236367027655053400,Hello#Home Classic 5th floor 1bd flat,191164222,Liza,,Thessaloniki,40.6206564,22.9541101,Entire home/apt,54,60,11,2025-05-23,1.16,2,340,11,00002865710
1236892765296621513,F & B Collection - Flat for 3,31131449,Dimitris,,Thessaloniki,40.6299643,22.949126,Entire home/apt,46,6,2,2025-03-16,0.35,50,365,2,00002532956
1236893484009385950,Feel Greek Hospitality #Θ009,568023192,Κωνσταντινος,,Thessaloniki,40.63015,22.9524,Entire home/apt,63,1,8,2025-06-09,0.82,20,71,8,00002843182
1236895934776018487,Modern Design Studio Close to Thessaloniki Center,504569494,Aggelos,,Thessaloniki,40.6291671,22.9506087,Entire home/apt,46,2,2,2024-10-21,0.23,2,0,2,00002416773
1236922032721495074,TheUrbanLoft,21710781,Γεωργιος,,Ampelokipon – Menemeni,40.65025894320852,22.92817443609238,Entire home/apt,41,1,19,2025-06-23,1.96,1,0,19,00002877154
1236941439309897696,Elegant Central Studio with Balcony & WiFi Fiber,116832438,Leonidas,,Thessaloniki,40.6421169,22.9377339,Entire home/apt,44,2,15,2025-05-28,1.88,1,270,15,00002887525
1237412934897925422,ReLux House,599749911,Polyxeni,,Kalamaria,40.57155,22.95939,Entire home/apt,92,2,14,2025-06-09,1.45,1,359,14,00002814827
1237439695843149203,Elcada renovated apartments -downtown,579778424,Ανδρέας,,Thessaloniki,40.63295008688001,22.939928671665484,Entire home/apt,74,2,1,2024-09-22,0.11,1,101,1,00002794568
1237457760615632643,Martiou Apartment next to the Subway,409132198,Ioannis,,Thessaloniki,40.6016548,22.9623308,Entire home/apt,68,1,10,2025-03-08,1.06,1,327,10,00002877765
1237511754543895081,Classic Apartment B2,599770135,Ioannis,,Thessaloniki,40.643454,22.9349497,Entire home/apt,38,1,2,2025-01-28,0.30,42,140,2,00002143033
1237558691426141841,Maisonette in Panorama,595323354,Dimitra,,Pilea – Chortiatis,40.58845,23.03617,Entire home/apt,113,3,1,2025-05-30,1,1,196,1,00002878300
1237719140229781488,Luxury Downtown Apartment E1,561903238,Alketa,,Thessaloniki,40.630584668118296,22.95175086190185,Entire home/apt,148,1,7,2024-12-27,0.72,1,95,7,00002878603
1238287700289148100,The Skeptic Home,650161363,Sofronios,,Kordelio – Evosmos,40.6652867,22.9175746,Entire home/apt,76,1,15,2025-05-06,1.62,1,66,15,00002742693
1238349670607895279,Alma Libre Urban Apartment,650178747,Eleni,,Thessaloniki,40.63315392974896,22.94648426036154,Entire home/apt,134,2,0,,,1,363,0,00794897306
1238486255873304894,Natalie's Urban Condo,561183616,Ναταλία,,Thessaloniki,40.62171,22.96098,Entire home/apt,77,1,5,2025-05-11,0.85,2,365,5,00002109700
1238893049993374920,διαμέρισμα ισογείου,206852734,Ταξιάρχης,,Thessaloniki,40.64408652824534,22.939053811132908,Entire home/apt,62,1,0,,,1,52,0,00002882982
1239007707858562034,' 'Mirroring' ' by InFox Suites,436387571,Kyriakos,,Thessaloniki,40.60909,22.95484,Entire home/apt,82,1,4,2025-03-16,0.42,6,149,4,00002884662
1239200573477248305,Studio Luxe by Casa D'Oro,650416274,Casa D'Oro,,Thessaloniki,40.6366731,22.9505611,Entire home/apt,48,1,3,2024-10-30,0.32,4,160,3,00002718491
1239238795936616110,Urban Elegance by Nest,544115668,Nest,,Thessaloniki,40.6330573,22.9517392,Entire home/apt,42,1,13,2025-05-20,1.54,23,164,13,00002878980
1239239074368775972,Home away from home,183934022,Emmanuel,,Thessaloniki,40.63754981524784,22.94933120740968,Entire home/apt,71,2,12,2025-01-21,1.41,1,311,12,00002897024
1239615818625127776,City Center Heart apartment,151860432,Nikolaos,,Thessaloniki,40.62862,22.95381,Entire home/apt,80,3,0,,,1,174,0,00002887551
1239696207335748640,Studio Apartment B5,599770135,Ioannis,,Thessaloniki,40.643454,22.9349497,Entire home/apt,38,1,0,,,42,143,0,00002143108
1239705139963435360,Urban Chic by Casa D'Oro,650416274,Casa D'Oro,,Thessaloniki,40.6366731,22.9505611,Entire home/apt,53,2,2,2024-11-03,0.25,4,321,2,00002718503
1239711140559438228,Superior Apartment B8,599770135,Ioannis,,Thessaloniki,40.64239786138978,22.934023474206302,Entire home/apt,42,1,0,,,42,176,0,00002143060
1239721317821866254,Superior Apartment C3,599770135,Ioannis,,Thessaloniki,40.64253901594173,22.936132917747873,Entire home/apt,42,1,0,,,42,170,0,00002311458
1239731038377008263,Studio Apartment C6,599770135,Ioannis,,Thessaloniki,40.64411966841447,22.935153067671745,Entire home/apt,38,1,0,,,42,127,0,00002311463
1239741431251178285,Studio Apartment 42,599770135,Ioannis,,Thessaloniki,40.64325207939835,22.935576145806746,Entire home/apt,51,1,0,,,42,0,0,00002531832
1239842566228636212,Rias house,373129026,Δημητριος,,Thessaloniki,40.6475252,22.9317649,Entire home/apt,54,2,29,2025-05-12,3.06,1,327,29,00002910178
1240321472078595300,Urban Luxury by InFox Suites,436387571,Kyriakos,,Thessaloniki,40.639,22.95023,Entire home/apt,66,1,6,2025-03-25,0.62,6,177,6,00002889045
1240329164396686762,Dimar4 Studiocentral,60934399,Dimitrios,,Thessaloniki,40.6383118,22.940676,Entire home/apt,49,1,0,,,1,168,0,00002894034
1240447386749092021,"Niraya 2 Bedroom Penthouse, The Luxury Suites",280458084,The Luxury Suites,,Thessaloniki,40.63768,22.93792,Entire home/apt,99,2,28,2025-05-31,2.90,180,162,28,00002876540
1240573270588379373,TheNSluxuryloft,547121750,Giwrgos,,Thessaloniki,40.642624996658775,22.945522964000702,Entire home/apt,61,1,29,2025-06-24,3.70,1,231,29,01241345346
1241053643617008892,SmallCozy flat: 15’ from center,335694476,Tatiana,,Thessaloniki,40.64685,22.93773,Entire home/apt,35,5,1,2025-05-09,0.60,1,68,1,00002902020
1241141885647332413,Villa IO,599568435,Χριστιαννα,,Ampelokipon – Menemeni,40.6476452,22.9289434,Entire home/apt,,1,11,2025-05-31,1.17,1,162,11,00002901926
1241381887113625038,Bright Elegance /  DTerra Apartments!,303076969,Δαφνη,,Thessaloniki,40.64102,22.9492,Entire home/apt,61,2,2,2025-05-05,0.56,4,86,2,00002886459
1241447784145552100,Moet Apartment (Free Private Parking),445787114,Efstathios,,Thessaloniki,40.63854297363428,22.956201508641243,Entire home/apt,65,1,15,2025-06-23,2.34,3,359,15,00002884636
1241717578357790610,Superior Apartment 13,599770135,Ioannis,,Thessaloniki,40.64358144787759,22.936989762705778,Entire home/apt,60,1,0,,,42,0,0,00002496862
1241724758094736635,Studio Apartment 16,599770135,Ioannis,,Thessaloniki,40.64376681680021,22.936746951449113,Entire home/apt,51,1,1,2025-02-03,0.21,42,0,1,00002496820
1241729976591748745,Superior Apartment 23,599770135,Ioannis,,Thessaloniki,40.64338920320435,22.93699089893655,Entire home/apt,54,1,0,,,42,0,0,00002496857
1241734657807079635,Studio Apartment 31,599770135,Ioannis,,Thessaloniki,40.64152842227296,22.935532527807542,Entire home/apt,51,1,0,,,42,0,0,00002497025
1241738506873030280,Studio Apartment 34,599770135,Ioannis,,Thessaloniki,40.64316411148937,22.935716836026398,Entire home/apt,51,1,1,2025-03-03,0.26,42,0,1,00002496963
1241746584751562347,Studio Apartment 36,599770135,Ioannis,,Thessaloniki,40.64163228867554,22.936581291319175,Entire home/apt,51,1,0,,,42,0,0,00002496942
1241750404738536010,Studio Apartment 41,599770135,Ioannis,,Thessaloniki,40.64159968473227,22.936903981312632,Entire home/apt,51,1,0,,,42,0,0,00002497046
1241751444415192579,Διαμέρισμα στο κέντρο της πόλης,651028281,Mirush,,Thessaloniki,40.637061,22.950351,Entire home/apt,51,1,1,2024-09-22,0.11,1,361,1,00002900562
1241753690407528176,Studio Apartment 45,599770135,Ioannis,,Thessaloniki,40.64280143584428,22.935033123838856,Entire home/apt,,1,0,,,42,0,0,00002592192
1241757613685473702,Superior Apartment B3,599770135,Ioannis,,Thessaloniki,40.64316829581582,22.93583660573456,Entire home/apt,42,1,0,,,42,111,0,00002143049
1241761058093797280,Superior Apartment B4,599770135,Ioannis,,Thessaloniki,40.64310998504676,22.935446387314425,Entire home/apt,42,1,0,,,42,174,0,00002143054
1241764380807492103,Studio Apartment B6,599770135,Ioannis,,Thessaloniki,40.64260995051122,22.934706682154847,Entire home/apt,38,1,3,2025-06-10,0.60,42,139,3,00002143096
1241767194614308039,Studio Apartment B7,599770135,Ioannis,,Thessaloniki,40.64288440398789,22.93433553739986,Entire home/apt,38,1,0,,,42,148,0,00002723513
1241768677961565611,Superior Apartment C1,599770135,Ioannis,,Thessaloniki,40.64288271433311,22.93552944488427,Entire home/apt,44,1,0,,,42,177,0,00002311484
1241770486893293003,Classic Apartment C2,599770135,Ioannis,,Thessaloniki,40.643209781008096,22.935929485978505,Entire home/apt,38,1,2,2025-05-06,0.91,42,147,2,00002143096
1241771824717551797,Superior Apartment C4,599770135,Ioannis,,Thessaloniki,40.64425309031661,22.93438572793759,Entire home/apt,42,1,0,,,42,179,0,00002311416
1241774028018624998,Studio Apartment C5,599770135,Ioannis,,Thessaloniki,40.64408195310003,22.935987907160047,Entire home/apt,38,1,0,,,42,142,0,00002561344
1241775409400497597,Studio Apartment C7,599770135,Ioannis,,Thessaloniki,40.643108592290176,22.935913332721622,Entire home/apt,38,1,0,,,42,145,0,00002311437
1241777272759829491,Superior Apartment C8,599770135,Ioannis,,Thessaloniki,40.644271034716816,22.935369128414116,Entire home/apt,42,1,0,,,42,217,0,00002311421
1241954701873435385,Pillow Family room - White Tower View,651074634,Pillow Urban Stay,,Thessaloniki,40.6277613,22.9491427,Private room,264,1,2,2024-11-05,0.23,1,342,2,1146800
1241989558142287125,Eva's Sweet Home,505547256,,,Ampelokipon – Menemeni,40.6480348,22.9301842,Entire home/apt,53,1,4,2025-03-31,0.46,1,344,4,00002918024
1242610104702164856,Μονοκατοικία με Θέα,63261419,Τάσος,,Pilea – Chortiatis,40.57614,23.02581,Entire home/apt,2055,15,0,,,1,365,0,00002908184
1242866611834473659,Modiano Studio,145122925,Theodore,,Thessaloniki,40.63544,22.94219,Entire home/apt,54,2,6,2025-06-15,0.65,1,349,6,00002907438
1243481596550545160,Deppy's Studio in Thessaloniki,454312020,Στέλλα,,Thessaloniki,40.64456,22.9396,Entire home/apt,57,1,5,2025-06-12,0.54,1,322,5,00002907974
1244028765283548291,Το παλατάκι!,574535379,Όλγα,,Pavlou Mela,40.68201,22.94496,Entire home/apt,57,1,7,2025-05-04,0.84,1,256,7,2910317
1244741524393577890,Idea bu halu!: Apartment in center of Thessaloniki,251290631,Halu,,Thessaloniki,40.63841,22.94972,Entire home/apt,84,1,0,,,99,174,0,00002532392
1244753750490245093,Homevision - Architectural Condo,515398068,Homevision,,Thessaloniki,40.641102929053396,22.93992369652639,Entire home/apt,141,2,19,2025-06-08,2.23,28,347,19,00002898850
1244799120050120683,Soho Residence | Deluxe room,251290631,Halu,,Thessaloniki,40.64563,22.92272,Entire home/apt,40,1,10,2025-05-02,1.16,99,248,10,00002961470
1244809529405371026,Soho Residence | Superior room,251290631,Halu,,Thessaloniki,40.64402,22.92159,Entire home/apt,39,1,3,2024-10-13,0.33,99,224,3,00002934348
1245418059504888120,Homevision - Downtown Lamda,515398068,Homevision,,Thessaloniki,40.6365179606544,22.935699147437514,Entire home/apt,39,2,5,2025-06-15,0.63,28,363,5,00002879849
1245457711188195996,Homevision: Red | Very Spacious | Prime location,515398068,Homevision,,Thessaloniki,40.63099504356648,22.949115199273454,Entire home/apt,68,2,17,2025-06-10,1.90,28,359,17,00002711871
1245494242497121214,City Center Apartment III,650416274,Casa D'Oro,,Thessaloniki,40.63384569999999,22.941447,Entire home/apt,58,2,6,2025-02-10,0.71,4,346,6,00002876742
1245500556860389131,City Center Apartment IV,650416274,Casa D'Oro,,Thessaloniki,40.63384569999999,22.941447,Entire home/apt,60,2,4,2024-11-17,0.43,4,328,4,00002876561
1245759152157670185,#ALS -All in 01,505228383,Αντωνία,,Thessaloniki,40.62816416316725,22.94937528669834,Entire home/apt,72,2,38,2025-06-16,4.07,9,146,38,00002895238
1246182772401547190,Room115_skg,564930918,Antonios,,Thessaloniki,40.63695,22.93901,Entire home/apt,64,2,7,2025-02-15,0.75,1,365,7,00002917059
1246233199435735743,kalliopi's House,652151095,Kaliopi,,Kalamaria,40.583793867392835,22.95761264788514,Entire home/apt,74,2,6,2025-06-09,0.80,1,91,6,00002918985
1246945330372831677,"TheVacationers 1, New Studio Skg Downtown",652748639,Eleni,,Thessaloniki,40.6384093964451,22.949570082128048,Entire home/apt,46,2,8,2025-01-12,0.88,1,344,8,00002723226
1247759047568724490,Miltos's House Thessaloniki,568348492,Holidu,,Thessaloniki,40.61505739639225,22.95512543991208,Entire home/apt,9000,1,5,2025-05-03,0.87,1,364,5,00002876636
1247963917468248993,The Gallery,652618403,Gkiorgki,,Thessaloniki,40.61524264370224,22.955852031942616,Entire home/apt,68,2,2,2024-12-30,0.25,1,135,2,00002970042
1248364083998596798,Ladadika Urban Suites #1,305664744,Welcome Bnb,,Thessaloniki,40.63752,22.93562,Entire home/apt,50,1,6,2025-05-24,0.67,17,351,6,00002924753
1248401548996080387,Atelier Poly - Two Bedroom 5P 50m Metro Sintrivani,521069220,,,Thessaloniki,40.6298189,22.9531281,Entire home/apt,99,1,0,,,1,71,0,00002924795
1248430898098726272,Superior Apartment 33,599770135,Ioannis,,Thessaloniki,40.64328059168159,22.93489921511997,Entire home/apt,60,1,0,,,42,0,0,00002496878
1249061441618187834,Black and white suites 1,652906376,Acacia,,Thessaloniki,40.62969496749544,22.95348642529592,Entire home/apt,67,1,0,,,3,330,0,00857294693
1249255383396779753,Ladadika Urban Suites #2,305664744,Welcome Bnb,,Thessaloniki,40.636307494796526,22.936777525697227,Entire home/apt,51,1,21,2025-06-08,2.88,17,345,21,00002924774
1250110646323164406,CityScape Central Apartment,653172666,Christina,,Thessaloniki,40.63367244598848,22.94488461045076,Entire home/apt,56,3,5,2025-05-24,0.61,1,266,5,00002775233
1250527371571757662,Comfortable 1 bedroom flat.,653084698,Tatiana,,Thessaloniki,40.648545,22.9212331,Entire home/apt,40,1,9,2025-03-30,1.03,1,349,9,01079578773
1250584637588966411,The Olive house in Mavili square,653259353,,,Thessaloniki,40.6413879,22.9382437,Entire home/apt,45,2,7,2025-03-31,0.82,1,296,7,00556562560
1251193391729685832,Queen Apartment by Luxlikehome,231048679,Luxlikehome,,Thessaloniki,40.63191436970448,22.948105834181383,Entire home/apt,,2,0,,,19,364,0,00002618713
1251227353907531188,King Apartment by Luxlikehome,231048679,Luxlikehome,,Thessaloniki,40.63327019908081,22.9480433411076,Entire home/apt,104,2,6,2025-05-11,0.69,19,331,6,00002618776
1251463562647117958,Villanova - Jade Suite,350701586,Polina,,Thessaloniki,40.64437106309305,22.934758517571048,Entire home/apt,28,1,8,2025-05-02,0.92,7,328,8,00003221417
1251493509581383775,Pilea Comfy Home,459354669,Ουρανια,,Pilea – Chortiatis,40.6007091,22.9946748,Entire home/apt,94,1,1,2024-11-25,0.14,2,195,1,00002333438
1251947256664944137,Cute little studio in the city,653572530,Antonia,,Thessaloniki,40.61046446210805,22.95832839352098,Entire home/apt,50,2,3,2025-05-04,0.37,1,363,3,00629274631
1251965971040519043,"Zennova 7, Allatini Horizon Escape",263237779,Stelios,,Thessaloniki,40.59194,22.95394,Entire home/apt,108,1,0,,,12,190,0,00002928235
1252026604394547298,Cozy by The Tube,49352048,Άριστείδης,,Kalamaria,40.5710535758791,22.960067502645693,Entire home/apt,50,180,0,,,1,291,0,00001519325
1252141541774062609,Vavel house,653617144,Σκαρλατος,,Kalamaria,40.57537,22.95033,Entire home/apt,61,2,9,2025-06-14,1.03,1,292,9,00002935174
1252180889829249676,The smartment 1' απο Λευκο Πυργο,99092971,Christos,,Thessaloniki,40.62910195874505,22.95104773068848,Entire home/apt,51,2,31,2025-06-20,3.65,4,212,31,00002878927
1252767616804058151,Yvonne City Center by Thesbnb,379910184,Νικόλαος,,Thessaloniki,40.615212157699375,22.954146683485874,Entire home/apt,86,1,2,2024-12-01,0.24,14,351,2,00002920937
1254328703602928529,Minimalistic Elegance,266005093,Philippe,,Thessaloniki,40.59023818195268,22.959236176324392,Entire home/apt,72,2,3,2025-06-09,0.51,1,254,3,00002940769
1254336608142596261,Great Apartment with Private Parking,654142649,Maria,,Thessaloniki,40.62828008855024,22.965992830534976,Entire home/apt,69,2,5,2025-06-07,0.64,1,64,5,00002879795
1254878222585326172,"Totemic Vista by Nexus, with Jacuzzi and Views",526319467,Prodromos,,Thessaloniki,40.63623949999999,22.9541625,Entire home/apt,71,1,32,2025-06-21,4.19,4,278,32,00002936989
1255015357999931802,elnef suits,550214966,Σωτηρης,,Thessaloniki,40.6348859,22.9521946,Entire home/apt,45,2,10,2025-06-08,1.42,1,359,10,00002478359
1256348425339211370,Luxury loft κέντρο Θεσσαλονίκης,83263781,,,Thessaloniki,40.62824962939235,22.951373115344218,Entire home/apt,87,2,20,2025-06-09,2.64,1,261,20,00002911775
1256422497835703813,Αλκυόνη,585870249,Αναστάσιος,,Thessaloniki,40.59838643143898,22.956718504428864,Entire home/apt,49,1,7,2025-06-21,0.82,1,336,7,00002843384
1256658788196172258,Cosy & Lux apartment,477806628,Χρήστος,,Neapolis – Sykeon,40.65563689999999,22.935564803704818,Entire home/apt,41,2,6,2025-04-13,0.77,3,360,6,00002547917
1257086228695852532,Secret #Skgbnb,1977386,Cristina&Tomas! Skgbnb,,Thessaloniki,40.6008039,22.954807,Entire home/apt,79,1,5,2025-06-01,0.60,36,337,5,00002945200
1257789669732678523,DeKo National,214875317,DeKo,,Thessaloniki,40.62942121744082,22.952006880950933,Entire home/apt,323,1,2,2024-11-17,0.26,4,131,2,00002945385
1257853316435992210,Deluxe Vista Castello,654928860,Periklis,,Thessaloniki,40.62106540000001,22.9540067,Entire home/apt,209,1,32,2025-06-13,3.74,2,219,32,00002880012
1257932939365475533,Spacious Attic Retreat,654950620,Ευαγγελία,,Neapolis – Sykeon,40.6584183,22.9860949,Entire home/apt,45,1,3,2024-10-28,0.35,1,338,3,00002932727
1258041720912314741,74|High view apartment|+parking,157484009,,,Pilea – Chortiatis,40.61131909174631,22.987334007611334,Entire home/apt,61,2,30,2025-05-22,3.44,1,179,30,00002925043
1258616757421595768,Harmony Loft,261937610,Dimitriadis,,Thessaloniki,40.60941,22.96181,Entire home/apt,63,1,5,2025-04-27,0.59,10,187,5,00002927945
1258659888493348420,Elitehouse4 άνω πόλη,172176636,Γιάννης,,Thessaloniki,40.6425901,22.946744,Entire home/apt,40,1,18,2025-06-22,2.11,4,364,18,00002596492
1258711531830575204,3C's Thess @The Frankish Quarter,33345470,Pavlos,,Thessaloniki,40.6372833,22.937761,Entire home/apt,24,1,2,2025-05-19,0.24,4,348,2,00002427773
1258720262182424462,3C's THEAsaloniki Seaview Apart.,33345470,Pavlos,,Thessaloniki,40.6292513,22.9519482,Entire home/apt,26,1,5,2025-05-08,0.64,4,328,5,00002731247
1259190108962766243,Hlil's Studio,655244927,Idan,,Thessaloniki,40.6102925,22.9559068,Entire home/apt,68,1,14,2025-05-09,1.74,1,261,14,00002948375
1259248128265408357,Ladadika Deluxe Studio #2,305664744,Welcome Bnb,,Thessaloniki,40.63633406649363,22.939079962670803,Entire home/apt,52,1,9,2025-05-23,1.07,17,361,9,00002948859
1259390983631188736,Maisonette Casa del Mare,654928860,Periklis,,Thessaloniki,40.62976949999999,22.9458013,Entire home/apt,283,1,27,2025-06-20,3.16,2,209,27,00002880060
1259406722058014916,Arvanitidis Suites Beautiful sunny apartment,108033866,Apostolos,,Thessaloniki,40.6411,22.93082,Entire home/apt,47,3,23,2025-05-28,2.62,9,67,23,00002946345
1260052514550244609,Elegant City Center Apartment,470648435,Forget The Hotel,,Thessaloniki,40.6296573,22.9503069,Entire home/apt,69,2,7,2025-05-03,0.82,6,318,7,Exempt
1260140299473114921,Glow Haven suites,561746986,Иванка,,Thessaloniki,40.60494489465927,22.955309003591537,Entire home/apt,46,2,13,2025-05-10,1.49,2,363,13,01254038396
1260155043819083529,G & G Apartment,459354669,Ουρανια,,Thessaloniki,40.60871490232092,22.953321793254094,Entire home/apt,99,1,6,2025-06-22,0.72,2,129,6,00002875963
1260271787694598612,DoorMat #22 Pumpkin Spice,555435959,Fotios,,Thessaloniki,40.6411634,22.9449923,Entire home/apt,40,1,33,2025-06-17,3.88,23,282,33,00003104933
1260729962414770385,The Turquoise house in Downtown,188375138,Dimitrios,,Thessaloniki,40.63356177814266,22.94903364032507,Entire home/apt,43,2,44,2025-06-18,5.39,1,165,44,00002661442
1261545285840016404,Comfort Style Studio 1,655714800,Γεωργιος,,Thessaloniki,40.6390714,22.9356623,Entire home/apt,47,1,29,2025-06-22,3.41,2,267,29,00002951839
1261601169791546531,Comfort Style Studio 2,655714800,Γεωργιος,,Thessaloniki,40.6390714,22.9356623,Entire home/apt,48,1,30,2025-06-09,3.52,2,258,30,00002951850
1261601204664195577,Saloni studio,655768445,,,Thessaloniki,40.60579991743109,22.954990366946102,Entire home/apt,50,2,3,2025-03-02,0.35,1,359,3,01254037449
1261660267536128909,House with Yard in Neapoli,207274382,Δημήτριος,,Neapolis – Sykeon,40.65055,22.94579,Entire home/apt,44,1,14,2025-06-11,1.65,1,258,14,00002952012
1261710189347334208,Celestial Luxury SKG Port II,21555625,Νίκη,,Thessaloniki,40.64008,22.93329,Entire home/apt,66,2,4,2025-06-16,0.47,2,335,4,00002763140
1261734592819101948,"ZenHub 2-bdrm Residence, Vesta Philoxenia",69923086,Soultana,,Thessaloniki,40.64114679351711,22.938338595876022,Entire home/apt,,3,6,2025-05-14,1.06,1,0,6,00002632177
1262093394581751258,"Mavili Studio #1, Nilie Hospitality MGMT",239769711,Nilie Premium Hospitality MGMT,,Thessaloniki,40.64123,22.93805,Entire home/apt,40,1,4,2025-03-15,0.48,303,355,4,2926700
1263062009329226777,Zennova #6 Classic Charm at Aristotelous 38,263237779,Stelios,,Thessaloniki,40.6385093,22.9470725,Entire home/apt,134,1,0,,,12,167,0,00002912916
1263513165473431134,S Home,524263642,Tophouses,,Thessaloniki,40.63945530000001,22.9489586,Entire home/apt,60,2,3,2025-03-24,0.64,1,360,3,00002939533
1263556560453939146,"Zaphira 6.1 Apartment, Nilie Hospitality MGMT",239769711,Nilie Premium Hospitality MGMT,,Thessaloniki,40.64005,22.93972,Entire home/apt,58,1,2,2025-01-01,0.24,303,328,2,2925957
1263577174821538748,"Zaphira 6.2 Apartment, Nilie Hospitality MGMT",239769711,Nilie Premium Hospitality MGMT,,Thessaloniki,40.64005,22.93972,Entire home/apt,46,1,9,2025-05-25,1.08,303,326,9,2926045
1263612694138325358,"Zaphira 6.3 Apartment, Nilie Hospitality MGMT",239769711,Nilie Premium Hospitality MGMT,,Thessaloniki,40.64005,22.93972,Entire home/apt,46,1,5,2025-05-04,2.05,303,331,5,2926066
1263728317538503181,Loft 138 / 4p,224702501,Anna,,Thessaloniki,40.6043573,22.9620864,Entire home/apt,47,2,5,2025-05-04,0.65,1,272,5,00002956333
1264320835682122596,boat / house: Studio Apartment with Balcony for 2!,251290631,Halu,,Thessaloniki,40.619530110473605,22.959513382124996,Entire home/apt,52,1,73,2025-06-18,9.09,99,356,73,00002968330
1265268565778406502,Nero Luxury Flat by Zennova,263237779,Stelios,,Thessaloniki,40.6344329,22.9366116,Entire home/apt,214,1,3,2025-05-03,0.38,12,355,3,00002963469
1265284419407481027,Nero Suites by Zennova,263237779,Stelios,,Thessaloniki,40.6352267,22.9353122,Entire home/apt,108,1,3,2024-11-10,0.38,12,362,3,00002963560
1265640240384108067,"Nero Suites by Zennova, Panoramic View",263237779,Stelios,,Thessaloniki,40.6352267,22.9353122,Entire home/apt,146,1,7,2025-06-15,1.83,12,361,7,00002963528
1265882056334765935,Cozy Suites by Nest,544115668,Nest,,Thessaloniki,40.63033,22.95192,Entire home/apt,130,1,1,2025-01-02,0.17,23,146,1,00002959419
1265889657648977138,Urban Nest,146715280,Γεωργιος,,Thessaloniki,40.6393,22.94428,Entire home/apt,98,3,4,2025-04-16,0.69,1,214,4,00003036398
1265935511115187633,Cozy Suite #2 by Nest,544115668,Nest,,Thessaloniki,40.63033,22.95192,Entire home/apt,38,1,12,2025-05-02,1.49,23,167,12,00002960060
1265948242564429518,Cozy Suite #1 by Nest,544115668,Nest,,Thessaloniki,40.63033,22.95192,Entire home/apt,43,1,17,2025-06-04,2.11,23,151,17,00002960075
1265958343469748020,Cozy Suite #3 by Nest,544115668,Nest,,Thessaloniki,40.63033,22.95192,Entire home/apt,39,1,20,2025-05-24,2.48,23,168,20,00002960096
1266358370676774810,E & D premium apartment in Thessaloniki,432141049,Δημήτρης,,Thessaloniki,40.6070967,22.9546114,Entire home/apt,104,1,0,,,1,264,0,12545685011
1266440544820727118,"Aelia 3.4, The Luxury Suites",280458084,The Luxury Suites,,Thessaloniki,40.638709207447555,22.935769559526356,Entire home/apt,44,2,6,2025-02-19,0.75,180,170,6,00002967370
1266489197538958592,Chris&Mary Rooms Thessaloniki Center Lampraki,498575104,Asteris,,Thessaloniki,40.615627,22.9764924,Entire home/apt,58,2,5,2025-06-05,0.64,3,355,5,00002957988
1266629668371805252,Center Apartment with Private Yard YR11,201738738,Your.Rentals,,Thessaloniki,40.63715810000001,22.9490824,Entire home/apt,58,1,0,,,23,327,0,00001096853
1266766950825722054,Kiveli Boutique apartment with 2-bdrms,91298106,Stella,,Thessaloniki,40.613310344747504,22.959398132076014,Entire home/apt,100,2,3,2025-03-16,0.50,1,249,3,00000365072
1266790842892978796,Aristotelous Elysian house,460301120,Eleftheria,,Thessaloniki,40.6341838,22.9430921,Entire home/apt,66,1,2,2025-04-20,0.80,2,55,2,00002951195
1267175658395791153,New City Studio in Thessaloniki,444906990,Smart Plan,,Ampelokipon – Menemeni,40.64809310923786,22.929454353898524,Entire home/apt,33,1,9,2025-02-28,1.08,18,362,9,00002960994
1267272309892940394,ITHACA: Πολυτελές διαμέρισμα 3ου με θέα.,474014028,Θεόδωρος,,Pavlou Mela,40.6556075,22.9532849,Entire home/apt,133,1,6,2025-05-11,0.75,2,358,6,00002960054
1267357764616041587,Centre Ville Salonique,98754261,Nikolaos,,Thessaloniki,40.632643,22.9527063,Entire home/apt,206,2,2,2025-04-13,0.27,2,296,2,00002884189
1267956331544499921,Grand Urban Suite,657238444,Στέφανος,,Thessaloniki,40.63155649999999,22.9492633,Entire home/apt,165,1,6,2025-06-07,0.72,1,226,6,00002834786
1268308204281781419,Budget and Family friendly city center,55146166,Dimitrios,,Thessaloniki,40.645,22.93799,Entire home/apt,48,2,20,2025-06-21,2.48,3,328,20,00002964025
1268561903071981091,Μοντέρνο στούντιο στο κέντρο,31752676,Aliki,,Thessaloniki,40.642932814706725,22.938941828906536,Entire home/apt,52,2,6,2025-01-01,0.73,1,146,6,00002964859
1268579061198459061,ThessalonikiStay Konstantinidi 3,657395684,Χρυσανθη,,Thessaloniki,40.6181219,22.9580004,Entire home/apt,90,2,1,2024-10-28,0.13,1,0,1,00002950863
1268662406055382002,Studio Vanilla,657408755,,,Thessaloniki,40.64751781796598,22.930743434466446,Private room,44,1,22,2025-06-08,2.91,2,358,22,00002895492
1268669279560197907,Feel Greek Hospitality #Θ010,568023192,Κωνσταντινος,,Thessaloniki,40.64057265748704,22.93448635068213,Entire home/apt,,1,1,2024-12-27,0.17,20,358,1,2949335
1268727336977862573,Studio Harmony,657408755,,,Thessaloniki,40.64726444727012,22.929988614538356,Entire home/apt,45,1,11,2025-05-18,1.37,2,325,11,00002962695
1269397180186020355,Άνετο διαμέρισμα χαλάρωσης.,657392437,Δημήτριος,,Thessaloniki,40.607526,22.9726493,Entire home/apt,61,1,21,2025-06-04,2.53,1,38,21,00002966401
1270070231606882342,Gaia City Center byThesbnb,379910184,Νικόλαος,,Thessaloniki,40.63163355938313,22.94471574515651,Entire home/apt,71,1,1,2024-10-26,0.12,14,351,1,00002801828
1270252172610544292,Houseloft Heritage Retreat,29565272,Houseloft,,Thessaloniki,40.6355611,22.9477021,Entire home/apt,215,1,8,2025-05-26,1.07,23,332,8,00000948225
1270297092041228196,Panos House,657789680,Παναγιωτης,,Thessaloniki,40.6424927,22.9573347,Entire home/apt,50,1,0,,,1,362,0,00002910470
1270976745886566755,GaLaZiO - 2 BR apartment!,339790496,Stoyan,,Thessaloniki,40.6428374,22.9339295,Entire home/apt,90,1,4,2025-03-01,0.70,1,324,4,00002959466
1272231166624849479,Gloria - Saint Dimitrios view,28267881,Tomas&Cristina! Skgbnb,,Thessaloniki,40.6386638,22.9485313,Entire home/apt,48,2,11,2025-05-31,1.45,29,360,11,00002987437
1272250969343405260,Amazing Studio Next To Center only 9 minutes walk,201738738,Your.Rentals,,Thessaloniki,40.6417727,22.9472899,Entire home/apt,51,5,1,2024-12-09,0.15,23,355,1,00046582908
1272373414230059167,Cité Luxe Apartment - Central,657584957,Μαρία Αικατερίνη,,Thessaloniki,40.62122,22.95892,Entire home/apt,108,2,25,2025-06-01,4.05,1,51,25,00003014903
1272376984912663994,"Velora #1, The Luxury Suites",280458084,The Luxury Suites,,Thessaloniki,40.63759950466992,22.936327490092452,Entire home/apt,43,2,4,2025-05-10,0.50,180,165,4,00002971293
1272385709620431115,"Velora #2, The Luxury Suites",280458084,The Luxury Suites,,Thessaloniki,40.637879879531376,22.938063753833042,Entire home/apt,42,2,13,2025-06-04,1.77,180,169,13,00002971310
1272509651933149111,70 steps studios B,658274309,George,,Thessaloniki,40.64032170000001,22.9339444,Entire home/apt,,1,3,2024-11-30,0.39,2,101,3,00002897614
1272901648864996142,Velvet Blue Central Luxury Studio by BiNoBi!,548386310,Κωνσταντίνος,,Thessaloniki,40.6207205,22.9636603,Entire home/apt,60,1,20,2025-06-08,2.52,15,362,20,00002474900
1272977382606643463,F & B Collection - Flat for 4,31131449,Dimitris,,Thessaloniki,40.6247173,22.9735538,Entire home/apt,58,6,3,2025-05-11,0.74,50,352,3,00001936448
1273673713926794459,Velvet Rose Central Luxury Studio by BiNoBi!,548386310,Κωνσταντίνος,,Thessaloniki,40.6207205,22.9636603,Entire home/apt,49,1,9,2025-06-13,1.32,15,350,9,00002474372
1273677680657567966,Alexandrias40 Apartment,658548676,Ιωαννης,,Thessaloniki,40.60381659999999,22.9545416,Entire home/apt,36,3,1,2024-11-10,0.13,1,90,1,00002977395
1273683241849424836,"SpaceSix ""DownTown PrimeLoft"" by Gimispace.Rentals",540175132,Elena,,Thessaloniki,40.6379321,22.9543491,Entire home/apt,40,2,4,2025-03-09,0.53,6,350,4,00002971091
1273683475474210572,DoorMat #23 Pumpkin Spice 2,555435959,Fotios,,Thessaloniki,40.6411634,22.9449923,Entire home/apt,34,2,20,2025-06-19,2.63,23,323,20,00003104954
1273714792250962030,"Daisy, Nilie Hospitality MGMT",239769711,Nilie Premium Hospitality MGMT,,Thessaloniki,40.6087142,22.9545246,Entire home/apt,50,2,15,2025-06-05,1.87,303,339,15,00003009122
1273723945996268250,"Menthe, Nilie Hospitality MGMT",239769711,Nilie Premium Hospitality MGMT,,Thessaloniki,40.61055,22.95334,Entire home/apt,,1,12,2025-04-23,1.55,303,0,12,00003011243
1273729174217002432,Velvet Orange Central Luxury Studio by BiNoBi!,548386310,Κωνσταντίνος,,Thessaloniki,40.6207205,22.9636603,Entire home/apt,46,1,11,2025-06-01,1.43,15,353,11,00002515954
1273810490080895961,Velvet Yellow Central Luxury Studio by BiNoBi!,548386310,Κωνσταντίνος,,Thessaloniki,40.6207205,22.9636603,Entire home/apt,51,1,9,2025-06-23,1.78,15,319,9,00002474330
1273812612481485151,Εlli's Home #2,150622514,Elisavet,,Thessaloniki,40.63866326670999,22.940338587835694,Entire home/apt,75,2,0,,,2,299,0,00002975184
1274058414061656002,Menti's Couples-Family House 90τμ,656823307,Μιχαήλ,,Pavlou Mela,40.6632895,22.9347247,Entire home/apt,49,1,21,2025-06-10,2.63,1,347,21,00002957260
1274453640723406824,Ariadne City Center by Thesbnb,379910184,Νικόλαος,,Thessaloniki,40.61635139200631,22.954811778350816,Entire home/apt,62,1,0,,,14,346,0,00002977306
1274482919272931261,F & B Collection - Frida & Carlo - Flat for 4,31131449,Dimitris,,Thessaloniki,40.6285476,22.9494189,Entire home/apt,76,6,8,2025-06-09,1.03,50,359,8,00002877723
1274493459961531873,Starlights#201 Wonderful View Apartment by BiNoBi!,548386310,Κωνσταντίνος,,Thessaloniki,40.6301897,22.9499026,Entire home/apt,64,1,16,2025-06-18,2.07,15,362,16,00003218484
1274545492044426495,Starlights#202 Wonderful View Apartment by BiNoBi!,548386310,Κωνσταντίνος,,Thessaloniki,40.6301897,22.9499026,Entire home/apt,81,1,15,2025-06-19,1.97,15,348,15,00003218543
1274570732989637188,Starlights#203 Wonderful View Apartment by BiNoBi!,548386310,Κωνσταντίνος,,Thessaloniki,40.6301897,22.9499026,Entire home/apt,63,1,10,2025-06-05,1.42,15,359,10,00003218618
1274646107334123127,Pleasant app,327767636,Dragan,,Thessaloniki,40.63885,22.94994,Entire home/apt,57,2,11,2025-03-29,1.38,1,312,11,00002967290
1274801570273712060,Villa 8 superior one bedroom suite with balconey,103307879,Daniel,,Thessaloniki,40.594440610230244,22.955894842327858,Entire home/apt,82,2,15,2025-05-26,1.96,67,237,15,00002984393
1275061231796384989,K88 Loft,658866554,Konstantina,,Thessaloniki,40.63606697075868,22.950748314744068,Entire home/apt,74,2,9,2025-05-12,1.13,1,365,9,00002977151
1275115145897350737,Bella Vista Central Apartment by BiNoBi!,658709285,Georgios,,Thessaloniki,40.6398659,22.9482547,Entire home/apt,65,1,20,2025-06-12,2.63,26,362,20,00002552687
1275169515049876350,Renovated architect's apartment,159770222,Artemis,,Thessaloniki,40.60534235451854,22.952939164418037,Entire home/apt,43,2,33,2025-06-20,4.36,1,183,33,00000871260
1275205658416257997,Kamara Βound in Thessaloniki Center by BiNoBi!,548386310,Κωνσταντίνος,,Thessaloniki,40.6315992,22.9509927,Entire home/apt,71,1,19,2025-05-31,2.95,15,348,19,00002326158
1275392882971907853,Spacious / 2 Bedroom / City Center / 5P,145667748,Vissarion,,Thessaloniki,40.6280312,22.9516352,Entire home/apt,50,2,4,2025-05-11,0.63,1,211,4,00002988364
1275830895020560381,Villa 8 delux one bedroom apartment,103307879,Daniel,,Thessaloniki,40.594359142432545,22.95555151957395,Entire home/apt,74,2,4,2025-03-30,0.53,67,232,4,00002977597
1276065660801667056,Villa 8 beautifull one bedroom suite with balconey,103307879,Daniel,,Thessaloniki,40.59595953667868,22.955206327358535,Entire home/apt,81,2,9,2025-05-25,1.16,67,253,9,00002984351
1276089374462334990,Villa 8 delux one bedroom suite with balconey,103307879,Daniel,,Thessaloniki,40.59395180195497,22.955980673016334,Entire home/apt,78,2,20,2025-05-09,2.63,67,255,20,00002984287
1276089509865871176,Haris modern apt near the sea,659075679,Ευαγγελια,,Kalamaria,40.5761873,22.9531157,Entire home/apt,112,1,3,2025-06-09,0.45,1,162,3,00002939777
1276259539288956066,Elegant Sea View Apartment - Thessaloniki,227322521,Dimitris,,Thessaloniki,40.59896,22.95119,Entire home/apt,120,1,0,,,1,121,0,00002992426
1276555965498300116,Μικρό διαμέρισμα στο κέντρο,659164767,Ανέστης,,Thessaloniki,40.638531789438844,22.952837435581962,Entire home/apt,31,3,9,2025-06-13,1.18,1,360,9,00002896607
1276662073652082083,"HUB 57
ΔΙΑΜΕΡΙΣΜΑ ΣΤΗΝ ΚΑΡΔΙΑ ΤΗΣ ΠΟΛΗΣ",659182529,Ζωή-Μαρία,,Thessaloniki,40.63416970000001,22.9535232,Entire home/apt,85,2,21,2025-05-24,2.80,1,319,21,00002978195
1277509146185871808,nomad spaces thessaloniki,334434970,Dimitrios,,Thessaloniki,40.63859420745477,22.94747613574954,Entire home/apt,112,14,0,,,1,362,0,00003045586
1277545165682338309,Nikola studio,567939138,Nikola,,Thessaloniki,40.60741173259903,22.957535837146526,Entire home/apt,,2,0,,,1,364,0,2208990
1277999827098027174,"The Modern World Apartment, Vesta Philoxenia",86643292,Χρηστος,,Thessaloniki,40.63354726826691,22.954310293358894,Entire home/apt,53,2,1,2025-01-07,0.18,1,221,1,00002969231
1278060292489254616,Cozy studio | Modern Stay in the Heart of Town,555054602,Myrofora,,Thessaloniki,40.636698142749495,22.952700697109563,Entire home/apt,45,2,18,2025-06-02,2.62,1,361,18,00002939091
1278085505321443972,Champagne Sea View Apartment by BiNoBi!,658709285,Georgios,,Kalamaria,40.5750238,22.9485096,Entire home/apt,140,1,7,2025-06-11,1.63,26,309,7,00002562781
1278140436345714328,Superstudio #202 Pop Art #Free Parking# by BiNoBi!,658709285,Georgios,,Thessaloniki,40.6212781,22.9653545,Entire home/apt,50,1,22,2025-06-19,2.84,26,363,22,00002774380
1278479086357012900,Luxury Loft in Thessaloniki,659622912,Michail Rami,,Thessaloniki,40.61262,22.96453,Entire home/apt,77,2,13,2025-05-24,1.89,1,56,13,00003005374
1278782359790268651,Sanders Tower Centre - Cute Studio w Balcony,437864658,Sanders,,Thessaloniki,40.6389522,22.9393687,Entire home/apt,62,1,10,2025-03-31,1.40,46,311,10,01242005650
1278782365351057145,Sanders Tower Centre - Cozy Studio w Balcony,437864658,Sanders,,Thessaloniki,40.6389522,22.9393687,Entire home/apt,62,1,18,2025-03-16,2.44,46,323,18,01242005757
1278782367807712310,Sanders Tower Centre - Modern Studio w Balcony,437864658,Sanders,,Thessaloniki,40.6389522,22.9393687,Entire home/apt,62,1,12,2025-03-05,1.68,46,335,12,01242005714
1278782368226948587,Sanders Tower Centre - Stylish Studio w Balcony,437864658,Sanders,,Thessaloniki,40.6389522,22.9393687,Entire home/apt,65,1,13,2025-03-23,1.72,46,341,13,01242005722
1278782371919905518,Sanders Tower Centre - Nice Studio w Balcony,437864658,Sanders,,Thessaloniki,40.6389522,22.9393687,Entire home/apt,62,1,18,2025-04-04,2.38,46,344,18,01242005677
1278783342210237210,Sanders Tower Centre - Pleasant 1-Bdr with Terrace,437864658,Sanders,,Thessaloniki,40.6389522,22.9393687,Entire home/apt,89,1,7,2025-04-21,2.06,46,342,7,01242005837
1278789539071038511,Sanders Tower Centre - Lovely Sup Studio w Balcony,437864658,Sanders,,Thessaloniki,40.6389522,22.9393687,Entire home/apt,70,1,4,2025-02-23,0.60,46,335,4,01242005749
1278789558608925553,Sanders Tower Centre - Bright Sup Studio w Balcony,437864658,Sanders,,Thessaloniki,40.6389522,22.9393687,Entire home/apt,66,1,9,2025-03-27,1.27,46,337,9,01242005749
1278789577948191651,Sanders Tower Centre - Lovely Studio with Balcony,437864658,Sanders,,Thessaloniki,40.6389522,22.9393687,Entire home/apt,65,1,13,2025-03-30,1.72,46,322,13,01242005693
1278789601960078362,Sanders Tower Centre - Comfy Sup Studio w Balcony,437864658,Sanders,,Thessaloniki,40.6389522,22.9393687,Entire home/apt,70,1,7,2025-02-24,0.95,46,335,7,01242005634
1278789602085217843,Sanders Tower Centre - Chic Studio w Balcony,437864658,Sanders,,Thessaloniki,40.6389522,22.9393687,Entire home/apt,65,1,7,2025-03-10,1.03,46,325,7,00124200549
1278795098182149449,Sanders Tower Centre - Cute 1 -Bdr Duplex w Terrac,437864658,Sanders,,Thessaloniki,40.6389522,22.9393687,Entire home/apt,93,1,10,2025-03-20,1.57,46,346,10,01242005642
1278796191528190055,Sanders Tower Centre - Duplex Studio with Terrace,437864658,Sanders,,Thessaloniki,40.6389522,22.9393687,Entire home/apt,83,1,0,,,46,350,0,01242005642
1278796196156745201,Sanders Tower Centre - Cozy 1-Bdr Duplex w Terrace,437864658,Sanders,,Thessaloniki,40.6389522,22.9393687,Entire home/apt,98,1,4,2025-02-10,0.69,46,354,4,01242005642
1278833816699537176,CasArte Luxury Penthouse #Free Parking# by BiNoBi!,658709285,Georgios,,Thessaloniki,40.6205714,22.9688558,Entire home/apt,63,1,46,2025-06-11,6.11,26,350,46,00002890531
1278841713944798316,Trinity Loft,656090259,Charalampos,,Thessaloniki,40.61492973140472,22.95835103068848,Entire home/apt,74,2,1,2025-04-29,0.52,1,216,1,00002985508
1279079847711129160,#ALS-Tokyo,505228383,Αντωνία,,Thessaloniki,40.6381792,22.9369404,Entire home/apt,91,3,14,2025-06-20,2.30,9,40,14,00003043025
1279532009025733711,Urban Colors #601 Apartment by BiNoBi!,658709285,Georgios,,Thessaloniki,40.62312250000001,22.9635707,Entire home/apt,45,1,10,2025-03-15,1.33,26,358,10,00002774110
1279553903151714363,Urban Colors #603 Apartment by BiNoBi!,658709285,Georgios,,Thessaloniki,40.62312250000001,22.9635707,Entire home/apt,50,1,12,2025-06-22,1.94,26,347,12,00002774193
1279621166055332099,Velvet Tirquaz Central Luxury Apartment by BiNoBi!,658709285,Georgios,,Thessaloniki,40.6207205,22.9636603,Entire home/apt,55,1,13,2025-06-19,1.78,26,251,13,00002599498
1279668612232501040,La Casa de Pascuale,650452332,Πασχαλης,,Thessaloniki,40.60230560000001,22.9573049,Entire home/apt,50,2,1,2024-12-29,0.17,1,352,1,00002890324
1279676984038757795,"Danae, The Luxury Suites",280458084,The Luxury Suites,,Thessaloniki,40.63883618088398,22.936475260371743,Entire home/apt,44,2,21,2025-05-24,2.84,180,145,21,00003204175
1280289420467826890,Alexa home,201078784,Alexandra,,Thessaloniki,40.63978,22.93974,Entire home/apt,79,3,2,2025-05-21,1.15,1,179,2,00002968696
1280301920739556020,Ευρύχωρο και άνετο διαμέρισμα,659996296,Vasiliki,,Thessaloniki,40.6235737,22.9701552,Entire home/apt,55,2,9,2025-06-21,1.19,1,166,9,00002851650
1280486828391904483,Cosy Open Large Studio By Galerious Parace YR1,201738738,Your.Rentals,,Thessaloniki,40.6299643,22.949126,Entire home/apt,51,2,0,,,23,346,0,00000991033
1280493970312742092,2 bedroom Center in Thessaloniki!,201738738,Your.Rentals,,Thessaloniki,40.6104651,22.9623759,Entire home/apt,65,5,0,,,23,300,0,00001420875
1280613699042044291,SuperLux Apt near White Tower,164363516,Byron,,Thessaloniki,40.63116250636849,22.95196654492882,Entire home/apt,55,1,52,2025-04-30,6.78,3,362,52,00002994340
1281182616047835055,Kalamaria dream,279764928,Kristina,,Kalamaria,40.567763006864766,22.964911490957782,Entire home/apt,50,2,4,2025-03-26,0.89,3,347,4,00003198098
1282016837832956628,Minimalstudio - Τούμπα,660378313,Νικολετα,,Thessaloniki,40.61216,22.96937,Entire home/apt,32,1,48,2025-06-07,6.55,1,184,48,00002990379
1282245110992193210,Sanders Tower Centre - Petite Studio w Balcony,437864658,Sanders,,Thessaloniki,40.6389522,22.9393687,Entire home/apt,62,1,10,2025-04-10,1.62,46,356,10,01242005765
1282260203646486389,Sanders Tower Centre - Vibrant Studio w Balcony,437864658,Sanders,,Thessaloniki,40.6389522,22.9393687,Entire home/apt,62,1,0,,,46,319,0,01242005669
1282397870658372429,Sanders Tower Centre - Inviting Studio w Balcony,437864658,Sanders,,Thessaloniki,40.6389522,22.9393687,Entire home/apt,65,1,3,2025-02-09,0.52,46,336,3,01242005810
1282399918963091216,Sanders Tower Centre - Serene Studio w Balcony 579,437864658,Sanders,,Thessaloniki,40.6389522,22.9393687,Entire home/apt,65,1,3,2025-02-09,0.51,46,343,3,01242005730
1282401949251892538,Sanders Tower Centre - Neat Studio w Balcony,437864658,Sanders,,Thessaloniki,40.6389522,22.9393687,Entire home/apt,62,1,7,2025-04-06,1.05,46,342,7,01242005790
1282403643094274836,Sanders Tower Centre - Comfy Studio w Balcony,437864658,Sanders,,Thessaloniki,40.6389522,22.9393687,Entire home/apt,65,1,5,2025-05-18,0.84,46,357,5,01242005810
1282404393421941081,Sanders Tower Centre - Homey Studio w Balcony,437864658,Sanders,,Thessaloniki,40.6389522,22.9393687,Entire home/apt,62,1,7,2025-03-26,1.19,46,344,7,01242005781
1282404874029287653,Sanders Tower Centre - Radiant Studio w- Balcony,437864658,Sanders,,Thessaloniki,40.6389522,22.9393687,Entire home/apt,65,1,7,2025-02-25,1.18,46,358,7,01242005773
1282405551804296540,Sanders Tower Centre - Sweet Sup Studio w Balcony,437864658,Sanders,,Thessaloniki,40.6389522,22.9393687,Entire home/apt,66,1,6,2025-03-03,0.88,46,350,6,01242005790
1282408941941560393,Sanders Tower Centre - Homely Sup Studio w Balcony,437864658,Sanders,,Thessaloniki,40.6389522,22.9393687,Entire home/apt,68,1,2,2025-03-16,0.42,46,337,2,01242005802
1282409616295526900,Velvet Khaki Central Luxury Apartment by BiNoBi!,658709285,Georgios,,Thessaloniki,40.6207205,22.9636603,Entire home/apt,59,1,8,2025-06-03,1.45,26,359,8,00002640422
1282415482880234065,Sanders Tower Centre - Modern Sup Studio w Balcony,437864658,Sanders,,Thessaloniki,40.6389522,22.9393687,Entire home/apt,63,1,0,,,46,338,0,01242005730
1282415994529234848,Sanders Tower Centre - Welcoming Studio w Balcony,437864658,Sanders,,Thessaloniki,40.6389522,22.9393687,Entire home/apt,62,1,3,2025-05-12,0.70,46,356,3,01242005781
1282424043228004202,Sanders Tower Centre - Lively Studio w- Balcony,437864658,Sanders,,Thessaloniki,40.6389522,22.9393687,Entire home/apt,65,1,2,2025-02-24,0.44,46,348,2,01242005706
1282425176143600908,Sanders Tower Centre - Cheerful Studio w Balcony,437864658,Sanders,,Thessaloniki,40.6389522,22.9393687,Entire home/apt,62,1,1,2025-05-23,0.91,46,339,1,01242005781
1282449923968444613,Velvet Bordeaux Central LuxuryApartment by BiNoBi!,658709285,Georgios,,Thessaloniki,40.6207205,22.9636603,Entire home/apt,57,1,12,2025-06-09,1.64,26,361,12,00002562840
1282501425549430495,2 bedroom Center  Thessaloniki!,201738738,Your.Rentals,,Thessaloniki,40.6104651,22.9623759,Entire home/apt,51,4,0,,,23,300,0,00001420877
1282531829025875123,Velvet Green Central Luxury Apartment by BiNoBi!,658709285,Georgios,,Thessaloniki,40.6207205,22.9636603,Entire home/apt,50,1,6,2025-06-07,0.93,26,361,6,00002562814
1282537137054978646,Velvet Red Central Luxury Apartment by BiNoBi!,658709285,Georgios,,Thessaloniki,40.6207205,22.9636603,Entire home/apt,53,1,9,2025-05-19,1.52,26,361,9,00002599397
1282576662746156706,"Luxury Miniature Loft, Center",660500998,Eleni,,Thessaloniki,40.62735,22.94869,Entire home/apt,46,2,28,2025-06-22,3.70,1,360,28,00002987054
1283209899801203216,boat / house: Single room with balcony,251290631,Halu,,Thessaloniki,40.61972663004459,22.960590034522806,Private room,44,1,3,2025-05-16,0.68,99,357,3,00002968330
1283349234473409928,GatheringThess-The backyard,22071605,Νικολαος,,Thessaloniki,40.607637029017894,22.95433004603272,Entire home/apt,74,2,20,2025-06-07,2.73,2,306,20,00002977816
1283814453431618041,Sanders Tower Centre - Practical Studio w Balcony,437864658,Sanders,,Thessaloniki,40.6389522,22.9393687,Entire home/apt,65,1,4,2025-03-15,0.76,46,358,4,01242005837
1283822232941278815,"Elegance, Luxury,Suite",10167208,Maria,,Kalamaria,40.57585720817405,22.950177614558616,Entire home/apt,72,1,4,2025-06-22,1.19,2,328,4,00002948147
1283839519167363894,Marble Shine Apartment by BiNoBi!,660809871,,,Thessaloniki,40.60979409999999,22.9602052,Entire home/apt,61,1,16,2025-06-17,2.65,13,363,16,00002830651
1283894063762247603,Sanders Tower Centre - Charming Studio w Balcony,437864658,Sanders,,Thessaloniki,40.6389522,22.9393687,Entire home/apt,62,1,9,2025-03-30,1.55,46,326,9,01242005802
1283895542817680887,Sanders Tower Centre - Dynamic Studio w Balcony,437864658,Sanders,,Thessaloniki,40.6389522,22.9393687,Entire home/apt,65,1,3,2025-05-16,0.52,46,343,3,01242005810
1283955503083427727,Circle Luxury Apartment by BiΝoΒi!,660809871,,,Thessaloniki,40.6363826,22.9510036,Entire home/apt,75,1,15,2025-06-17,2.76,13,358,15,00002830630
1284006221471490806,Feel Greek Hospitality #Θ011,568023192,Κωνσταντινος,,Thessaloniki,40.64193883171305,22.939989705336373,Entire home/apt,57,1,10,2025-05-17,1.45,20,31,10,00002975190
1284142826251619914,Nea Elvetia Apartment,266310568,Nikolaos,,Thessaloniki,40.59692,22.96548,Entire home/apt,46,2,0,,,1,87,0,00002992574
1284149520990345349,"Vision Apartment ""self check-in"" Thessaloniki",591378773,Αλεξάνδρα,,Neapolis – Sykeon,40.65427,22.93637,Entire home/apt,63,3,1,2025-01-02,0.17,2,336,1,00002979463
1284284239192589928,Ano Poli Studios 4,366432818,Konstantinos,,Thessaloniki,40.63864175169793,22.957272406745915,Entire home/apt,21,2,14,2025-06-23,2.04,9,346,14,00001818064
1284307211944668058,Youth Loft in Ano Poli,366432818,Konstantinos,,Thessaloniki,40.63836786067835,22.957257866270453,Entire home/apt,22,1,18,2025-06-16,2.70,9,344,18,00002752453
1284324631832295719,APS in White Tower,366432818,Konstantinos,,Thessaloniki,40.6283909,22.9490704,Entire home/apt,40,1,21,2025-06-23,3.33,9,301,21,00002708127
1284339171038789894,Calm Corner Delfon Apartment,366432818,Konstantinos,,Thessaloniki,40.6023719,22.9575458,Entire home/apt,32,1,45,2025-06-17,6.19,9,311,45,00003303877
1284425967379973948,Sanders Tower Centre - Spacious Studio w- Balcony,437864658,Sanders,,Thessaloniki,40.6389522,22.9393687,Entire home/apt,62,1,7,2025-03-26,1.21,46,338,7,01242005810
1284431132971829692,Sanders Tower Centre - Lively Sup Studio w Balcony,437864658,Sanders,,Thessaloniki,40.6389522,22.9393687,Entire home/apt,70,1,4,2025-03-16,0.69,46,321,4,01242005730
1284431466364288844,Sanders Tower Centre - Homey 1-Bdr Apt w Terrace,437864658,Sanders,,Thessaloniki,40.6389522,22.9393687,Entire home/apt,89,1,9,2025-04-13,2.08,46,320,9,01242005810
1284587069419457611,Lawsuit (e)  1,410415216,Αθανασιος,,Thessaloniki,40.6371441,22.9370711,Entire home/apt,55,1,12,2025-05-12,1.69,1,89,12,00002998130
1284616532949426653,"Golden Apartment, by BiNoBi!",660809871,,,Thessaloniki,40.6119351,22.9571465,Entire home/apt,53,1,15,2025-06-20,2.53,13,365,15,00002695583
1284805639855177490,Aigli Central Apartment,574053154,Angelos,,Thessaloniki,40.63915,22.95002,Entire home/apt,38,1,2,2025-04-27,0.98,1,352,2,00003291917
1284819915272244710,Ano Poli Studios 5,366432818,Konstantinos,,Thessaloniki,40.6386906,22.9572885,Entire home/apt,22,1,5,2025-06-05,3.41,9,343,5,00001818070
1284859938990324053,Lux Downtown Sea View Apartment D3,518553807,Kinfeel North,,Thessaloniki,40.63150479999999,22.9425439,Entire home/apt,112,1,9,2025-06-01,1.23,8,338,9,00000185737
1284972967731832897,Happy place,88122093,Theodora,,Thessaloniki,40.6326609,22.9515396,Entire home/apt,62,3,1,2025-01-01,0.17,1,334,1,00002985092
1284986720723846606,Ano Poli Studios 3,366432818,Konstantinos,,Thessaloniki,40.6386906,22.9572885,Entire home/apt,34,1,9,2025-06-22,3.18,9,311,9,00001818059
1284997641582342739,Ano Poli Studios 1,366432818,Konstantinos,,Thessaloniki,40.6386906,22.9572885,Entire home/apt,22,1,10,2025-06-21,2.56,9,345,10,00001818038
1285311442951117393,"Gem of Rotonda, City View Penthouse by BiNoBi!",660809871,,,Thessaloniki,40.6341267,22.9526447,Entire home/apt,67,1,3,2025-05-22,0.58,13,360,3,00002695541
1285314244892857529,Gray Flower Jacuzzi Studio,62055269,Θοδωρής,,Thessaloniki,40.631611139902866,22.950496524699158,Entire home/apt,64,1,4,2025-03-31,0.55,2,354,4,00001754696
1285373638401977400,70 steps studio Α,658274309,George,,Thessaloniki,40.64032,22.93394,Entire home/apt,47,1,0,,,2,143,0,00002897656
1286297587362927739,"D&S Cozy Apartment, with 2 bedrooms",547542428,Konstantina,,Thessaloniki,40.61854507750811,22.960163139552847,Entire home/apt,67,2,6,2025-06-06,1.00,1,182,6,00002957011
1287509404294206035,Crystal Haven Luxury Apartment by BiNoBi!,660809871,,,Thessaloniki,40.6361658,22.9528661,Entire home/apt,70,1,24,2025-06-15,3.96,13,359,24,00002533820
1287519633995804211,Sanders Tower Centre - Homely Studio w Balcony,437864658,Sanders,,Thessaloniki,40.6389522,22.9393687,Entire home/apt,65,1,6,2025-03-16,1.07,46,360,6,01242005773
1287520311136686630,Sanders Tower Centre - Lovely 2-Bdr Apt w Terrace,437864658,Sanders,,Thessaloniki,40.6389522,22.9393687,Entire home/apt,84,1,0,,,46,0,0,01242005781
1287602944328717416,Casa lungo mare Thesaloniki,545741235,Gino,,Thessaloniki,40.6139453,22.954025,Entire home/apt,56,1,27,2025-06-20,3.80,2,351,27,00001936070
1287767414653654742,Home sweet home νο2,103334217,Valantis,,Pavlou Mela,40.666278628714245,22.930056563442317,Entire home/apt,44,1,6,2025-06-20,3.83,2,169,6,00002998608
1288213811632853193,"SpaceFour ""DownTown Comfy Loft"" by #Gimispace",540175132,Elena,,Thessaloniki,40.6365918,22.9511456,Entire home/apt,35,2,3,2025-03-30,0.47,6,329,3,00002964004
1288274440313123965,Hidden Boho Nest,661783043,Vesselin,,Thessaloniki,40.64508743496289,22.942579326802928,Entire home/apt,29,1,2,2024-12-16,0.29,1,340,2,00002976595
1288279347961116382,F & B Collection-Lux Suite for 4,31131449,Dimitris,,Thessaloniki,40.6114842,22.9564446,Entire home/apt,51,6,1,2025-05-05,0.59,50,361,1,00002998963
1288308532802321508,Feel Greek Hospitality #Θ012,568023192,Κωνσταντινος,,Thessaloniki,40.63703744095471,22.949659372935898,Entire home/apt,99,1,10,2025-06-01,1.35,20,70,10,00002984150
1288422516931595419,New Modern Penthouse #TIFHelexpo,661824905,Periklis,,Thessaloniki,40.6282611,22.9522066,Entire home/apt,50,2,2,2025-05-11,0.59,1,356,2,00003002013
1288483380454969797,The Palm Vogatsikou by Luxlikehome,231048679,Luxlikehome,,Thessaloniki,40.62985647150406,22.945189130195516,Entire home/apt,,2,9,2025-06-16,1.50,19,291,9,00003043561
1289008077344345977,Homevision - Urban Hub,515398068,Homevision,,Thessaloniki,40.628494,22.9520542,Entire home/apt,60,1,17,2025-06-03,2.39,28,346,17,00002984090
1289262638006784464,The Cozy Escape by Thesbnb,379910184,Νικόλαος,,Thessaloniki,40.6151847,22.9559217,Entire home/apt,58,1,0,,,14,349,0,00002991339
1289581563588832474,Villa 8 Family Suite with 3 beds and balconies,103307879,Daniel,,Thessaloniki,40.59494570836053,22.955143823803688,Entire home/apt,206,2,8,2025-06-09,1.67,67,255,8,00002984292
1289690484260420771,Premium Penthouse Apartment,662118535,Κωνσταντινος,,Thessaloniki,40.6206013,22.9557103,Entire home/apt,105,3,17,2025-06-07,2.73,1,179,17,00003003487
1291459476907233806,Vintage Passion,555435959,Fotios,,Thessaloniki,40.6404598,22.9375482,Entire home/apt,41,5,9,2025-05-09,1.38,23,305,9,00003534760
1291790661190455775,"Abierto #1, Nilie Hospitality MGMT",239769711,Nilie Premium Hospitality MGMT,,Thessaloniki,40.642792,22.933611,Entire home/apt,44,1,10,2025-04-27,1.46,303,297,10,00003090075
1291826849858908172,"Abierto #2, Nilie Hospitality MGMT",239769711,Nilie Premium Hospitality MGMT,,Thessaloniki,40.642792,22.933611,Entire home/apt,44,1,15,2025-04-20,2.17,303,300,15,00003090113
1291966673599271299,Easy house,304350038,,,Kordelio – Evosmos,40.66526860816531,22.925325546032717,Private room,51,2,5,2025-04-27,0.70,1,360,5,00003007501
1292649773182696892,"Venus 7, One Bedroom Apart, Nilie Hospitality MGMT",239769711,Nilie Premium Hospitality MGMT,,Thessaloniki,40.64246929999999,22.9329974,Private room,38,1,12,2025-05-02,1.72,303,150,12,00002698712
1292869874569739843,Redstripes Apartment,487989279,Αλεξανδρος,,Thessaloniki,40.63948503487271,22.942716907409654,Entire home/apt,89,2,0,,,1,360,0,00001813756
1293258990185315983,"SpaceFive ""DownTown Comfy Loft"" by #Gimispace",540175132,Elena,,Thessaloniki,40.63589189253086,22.951909127857682,Entire home/apt,34,2,1,2024-12-16,0.16,6,343,1,00002964010
1293280166663384146,Zeusbnb Saint Sofia Ble,403192630,Athanasios,,Thessaloniki,40.63223,22.94503,Entire home/apt,79,2,7,2025-05-25,2.53,2,111,7,00002800040
1293351655299888864,Sunny Maisonette in Neapoli,662945741,Aristeidhs,,Neapolis – Sykeon,40.65365,22.93713,Entire home/apt,120,2,1,2025-03-31,0.35,1,306,1,00002910566
1293398491118764182,Sofia's cozy & stylish home,200817622,Dimitris,,Kordelio – Evosmos,40.6754842,22.8994317,Entire home/apt,72,2,10,2025-06-14,1.52,3,319,10,00003012118
1293446977524293571,ND Luxury Apartments Ν1,25923669,Nikos,,Thessaloniki,40.6195375,22.958072,Entire home/apt,63,1,2,2025-03-16,0.46,3,2,2,00002933755
1293452811441884568,Stella's House,662971993,Panagiotis,,Thessaloniki,40.643539839772004,22.938186285618848,Entire home/apt,52,1,4,2025-04-27,0.84,1,331,4,00002914845
1293459610164689027,"Venus 10, Studio-Balcony, Nilie Hospitality MGMT",239769711,Nilie Premium Hospitality MGMT,,Thessaloniki,40.64247,22.933,Entire home/apt,38,1,0,,,303,317,0,00002694560
1293459667945394625,"Venus 9, One Bedroom Apart, Nilie Hospitality MGMT",239769711,Nilie Premium Hospitality MGMT,,Thessaloniki,40.64246929999999,22.9329974,Entire home/apt,38,1,5,2025-06-10,2.08,303,145,5,00002694534
1293460063820389035,ND Luxury Apartments Ν2,25923669,Nikos,,Thessaloniki,40.6195375,22.958072,Entire home/apt,57,1,1,2025-02-22,0.24,3,28,1,00002933814
1293463252442876078,ND Luxury Apartments Ν3,25923669,Nikos,,Thessaloniki,40.6195375,22.958072,Entire home/apt,51,1,6,2025-05-27,1.40,3,26,6,00002933820
1293515209750988115,Valaoritou Living,191124497,Σπυρος,,Thessaloniki,40.637982545604466,22.939089004392535,Entire home/apt,67,1,1,2025-03-27,0.33,5,334,1,00000898920
1293962158532662127,City Center/Navarinou Classical by Booking Kottas,472135889,Booking,,Thessaloniki,40.62980959336912,22.949227923942583,Entire home/apt,56,1,2,2024-12-07,0.28,2,23,2,00003016390
1294233916339766131,"Venus 12, Studio, Nilie Hospitality MGMT",239769711,Nilie Premium Hospitality MGMT,,Thessaloniki,40.641474,22.9347,Entire home/apt,38,1,0,,,303,221,0,00002694581
1294246392567576816,Tinas Studio,663159979,Parthena,,Kordelio – Evosmos,40.6690869,22.898719,Entire home/apt,49,2,1,2025-06-08,1,1,314,1,00002994148
1294262377655760244,"Venus 2, Studio, Nilie Hospitality MGMT",239769711,Nilie Premium Hospitality MGMT,,Thessaloniki,40.641474,22.9347,Entire home/apt,38,1,7,2025-04-25,1.28,303,359,7,00002694395
1294418952264748464,Japandi Style Flat in Thessaloniki City Center,347464647,Πέτρος,,Thessaloniki,40.6413003434452,22.939048786870455,Entire home/apt,44,2,2,2025-05-16,0.34,1,271,2,Exempt
1294667673234307572,Olive Luxury Apartment #402 by BiNoBi!,658709285,Georgios,,Thessaloniki,40.6145298,22.9614386,Entire home/apt,49,1,17,2025-06-11,2.56,26,363,17,00002891347
1294755488178741784,Urban Folks | Panorama Apartment,553323265,Nikos,,Thessaloniki,40.63716030000001,22.9524644,Entire home/apt,62,1,9,2025-05-25,1.50,11,24,9,00002888915
1294767086222153400,Olive Luxury Apartment #202 by BiNoBi!,658709285,Georgios,,Thessaloniki,40.6145298,22.9614386,Entire home/apt,54,1,15,2025-05-13,2.20,26,363,15,00002890510
1294846284541651776,Urban Folks | Horizon Apartment,553323265,Nikos,,Thessaloniki,40.63716030000001,22.9524644,Entire home/apt,92,1,27,2025-06-22,3.91,11,95,27,00002888856
1294867057090131161,Urban Folks | Top-View Apartment,553323265,Nikos,,Thessaloniki,40.63716030000001,22.9524644,Entire home/apt,92,1,31,2025-06-20,4.51,11,96,31,00002888862
1294871472167537921,Urban Folks | Sky Apartment,553323265,Nikos,,Thessaloniki,40.63716030000001,22.9524644,Entire home/apt,78,1,7,2025-06-04,1.30,11,96,7,00002888898
1295463739121905450,Central Apartment Fragkon 24,663425779,Makrina,,Thessaloniki,40.638311605219215,22.938307904370035,Entire home/apt,39,2,13,2025-06-23,2.38,1,339,13,00003022376
1295586720720531254,Maria's Apartments,663438726,Andreas,,Thessaloniki,40.6313494,22.9479425,Entire home/apt,129,1,3,2025-03-26,0.49,2,319,3,00002983158
1295644160662447088,#ALS-Black Orchid,505228383,Αντωνία,,Thessaloniki,40.63839251681992,22.93661885046906,Entire home/apt,52,2,18,2025-05-11,2.98,9,321,18,00003021741
1295769366186920800,Prive Studio,663494912,Θεοχάρης,,Pavlou Mela,40.68039328922666,22.959579176721192,Entire home/apt,162,2,3,2025-06-13,0.45,1,279,3,00001797882
1296152184460768163,Petite Chic,82767296,Ηλίας,,Thessaloniki,40.63848,22.94048,Entire home/apt,42,1,51,2025-06-19,7.89,1,107,51,00003028537
1296186373254999612,Μαρίνα,663566433,Μαρινα,,Thessaloniki,40.64577953825404,22.930759369127006,Entire home/apt,92,1,0,,,1,365,0,00002997090
1296334607702127539,Ermou Boutique Suite #4 by Nest,544115668,Nest,,Thessaloniki,40.6368418,22.9392949,Entire home/apt,33,1,3,2025-05-24,0.43,23,175,3,00002959386
1296457642531019300,Studio Apartment B1,599770135,Ioannis,,Thessaloniki,40.64898,22.9202,Entire home/apt,47,1,0,,,42,148,0,00003007341
1296500988364762213,Chromatic Comfort House 2 | #SKG,389468695,Ελενη,,Thessaloniki,40.63583,22.95458,Entire home/apt,43,1,12,2025-06-08,1.70,2,87,12,00003259620
1297039962879920281,Ermou Boutique Suite #3 by Nest,544115668,Nest,,Thessaloniki,40.6368418,22.9392949,Entire home/apt,35,1,5,2025-04-22,0.75,23,175,5,00002892742
1297055188402780837,Ermou Boutique Suites by Nest,544115668,Nest,,Thessaloniki,40.6368418,22.9392949,Entire home/apt,156,1,3,2025-05-16,0.43,23,156,3,00003030308
1297060973629835332,Ermou Boutique Suite #2 by Nest,544115668,Nest,,Thessaloniki,40.63684,22.9393,Entire home/apt,34,1,6,2025-05-23,0.87,23,174,6,00002892721
1297067655072320584,Ermou Boutique Suite #1 by Nest,544115668,Nest,,Thessaloniki,40.63684,22.9393,Entire home/apt,35,1,11,2025-05-29,1.59,23,156,11,00002892678
1297144691352979466,Luxurious Residence Thessaloniki,473337307,Νίκος,,Thessaloniki,40.6317229,22.94514,Entire home/apt,,1,3,2025-01-01,0.43,2,323,3,01243228928
1297247026808316008,Luxurious Residence Thessaloniki,473337307,Νίκος,,Thessaloniki,40.6317229,22.94514,Entire home/apt,,1,1,2024-11-28,0.14,2,208,1,01256731653
1297534489640046450,palama Urban Vibes Elegant One-Bedroom Downtown,103307879,Daniel,,Thessaloniki,40.64137384448162,22.93796655768791,Entire home/apt,63,1,0,,,67,266,0,00003171200
1297612324395037821,palama Urban Vibes Deluxe Studio in City Center,103307879,Daniel,,Thessaloniki,40.64066169515354,22.93958108413085,Entire home/apt,54,1,1,2025-02-17,0.23,67,263,1,00003171290
1297613871832805536,palama Urban Vibes Chic City Center One-Bedroom,103307879,Daniel,,Thessaloniki,40.64059656599933,22.93835799682006,Entire home/apt,54,1,1,2025-05-08,0.63,67,266,1,00003171317
1297728382703712572,"V1 #2 Studio with Balcony, Nilie Hospitality MGMT",239769711,Nilie Premium Hospitality MGMT,,Thessaloniki,40.6423279,22.9348297,Entire home/apt,42,1,8,2025-04-26,1.24,303,332,8,00002334833
1297978799426318901,Studio 112,349542441,Argo,,Thessaloniki,40.6377685,22.948571,Entire home/apt,44,2,0,,,6,128,0,00003016183
1298409113812765819,"Trentatre, Nilie Hospitality MGMT",239769711,Nilie Premium Hospitality MGMT,,Thessaloniki,40.6387526,22.9462732,Entire home/apt,99,1,21,2025-06-22,3.73,303,336,21,3207882
1298415238274451526,Spitaki 40c skg apartment,162353494,Kristian,,Thessaloniki,40.63316848066575,22.96401087298955,Entire home/apt,57,1,13,2025-06-14,1.88,1,233,13,00002915518
1298446005819414050,Καινούριο στούντιο στη Μαρτίου!,114632019,Βασιλης,,Thessaloniki,40.60118,22.95746,Entire home/apt,66,2,2,2025-03-16,0.34,1,263,2,00003024688
1298465383795859152,"Pendente, Nilie Hospitality MGMT",239769711,Nilie Premium Hospitality MGMT,,Thessaloniki,40.6173557,22.9578968,Entire home/apt,,1,3,2025-02-16,0.45,303,347,3,3239229
1298474169478859681,palama Urban Vibes Central 1bedroom,103307879,Daniel,,Thessaloniki,40.64054771909198,22.93807904708251,Entire home/apt,51,2,0,,,67,269,0,00003031585
1298476902283937929,palama Urban Vibes Cozy 1bedroom Flat,103307879,Daniel,,Thessaloniki,40.64059656599933,22.939731287835684,Entire home/apt,53,1,0,,,67,263,0,00003174349
1298478462683925150,palama Urban Vibes Deluxe Studio in  City Center,103307879,Daniel,,Thessaloniki,40.6408733644659,22.939452338098135,Entire home/apt,62,1,0,,,67,265,0,00003171322
1298480674411390865,palama Urban Vibes Premium City Studio,103307879,Daniel,,Thessaloniki,40.64116644394416,22.938980269311514,Entire home/apt,53,2,0,,,67,260,0,00003174360
1298528550649774095,palama Urban Vibes Apt 08 By ProLiving,103307879,Daniel,,Thessaloniki,40.64115016178467,22.93835799682006,Entire home/apt,62,2,0,,,67,258,0,00003031538
1298530651904813111,palama Urban Vibes Apt 09 By ProLiving,103307879,Daniel,,Thessaloniki,40.64126413681762,22.939216303704825,Entire home/apt,56,2,0,,,67,255,0,00003171359
1298532657463413148,palama Urban Vibes Apt 10 By ProLiving,103307879,Daniel,,Thessaloniki,40.64155927808817,22.93930184760593,Entire home/apt,53,2,1,2025-02-16,0.23,67,259,1,00003031564
1298544539017719502,Capo's Loft Apartment,56561854,Απόστολος,,Thessaloniki,40.604043043621054,22.966948896295154,Entire home/apt,34,2,5,2025-06-10,0.91,1,286,5,00003002097
1298615171739278007,palama Urban Vibes Apt 12 By ProLiving,103307879,Daniel,,Thessaloniki,40.64116644394416,22.939409422753897,Entire home/apt,,2,0,,,67,261,0,00003031543
1298617581579399074,palama Urban Vibes Apt 13 By ProLiving,103307879,Daniel,,Thessaloniki,40.640286778228415,22.9375012750768,Entire home/apt,47,2,0,,,67,259,0,00003031490
1298618909320609008,palama Urban Vibes Apt 14 By ProLiving,103307879,Daniel,,Thessaloniki,40.64082451776109,22.93908755767211,Entire home/apt,52,2,0,,,67,265,0,00003031479
1298620321337288171,palama Urban Vibes One-Bedroom Gem in Center,103307879,Daniel,,Thessaloniki,40.64061284829385,22.939280676721182,Entire home/apt,58,2,1,2025-02-02,0.21,67,269,1,00003171390
1299198390422583763,Zeusbnb Penthouse Sea View,403192630,Athanasios,,Thessaloniki,40.633118061876296,22.93868259444276,Entire home/apt,198,2,4,2025-06-18,0.63,2,353,4,00002876939
1299265835088054794,palama Urban Vibes Stylish Downtown Studio,103307879,Daniel,,Thessaloniki,40.64082451776109,22.93988149154052,Entire home/apt,57,2,0,,,67,269,0,00003171221
1299267200170502474,palama Urban Vibes Renovated Central Studio,103307879,Daniel,,Thessaloniki,40.640482589826554,22.939023184655753,Entire home/apt,68,2,0,,,67,262,0,00003171402
1299268764488604128,palama Urban Vibes Boutique apartment Central Zone,103307879,Daniel,,Thessaloniki,40.640694259706834,22.93831508147582,Entire home/apt,59,2,0,,,67,266,0,00003171418
1299272034796515240,palama Urban Vibes Elegant Studio Downtown,103307879,Daniel,,Thessaloniki,40.64123157254236,22.938636946557608,Entire home/apt,59,2,0,,,67,269,0,00003171423
1299291718604943178,palama Urban Vibes Comfortable Studio–city Center,103307879,Daniel,,Thessaloniki,40.64124785468197,22.938207793115225,Entire home/apt,59,2,1,2025-02-03,0.21,67,270,1,00003171465
1299292972340206492,palama Urban Vibes Apt 11 By ProLiving,103307879,Daniel,,Thessaloniki,40.641394393759825,22.93906609999999,Entire home/apt,58,2,0,,,67,263,0,00003031522
1299294122358304225,palama Urban Vibes Boutique Studio - Heart of Town,103307879,Daniel,,Thessaloniki,40.64108503310704,22.938980269311514,Entire home/apt,68,2,0,,,67,266,0,00003171364
1299295847878075961,palama Urban Vibes City Center with Balcony,103307879,Daniel,,Thessaloniki,40.64111759745379,22.93908755767211,Entire home/apt,75,2,0,,,67,263,0,00003171439
1299298635012554304,palama Urban Vibes Deluxe 1bedroom +Balcony,103307879,Daniel,,Thessaloniki,40.64123157254236,22.938980269311514,Entire home/apt,1037,2,0,,,67,261,0,00003171444
1299300914318015475,palama Urban Vibes premium 1bedroom with balcony,103307879,Daniel,,Thessaloniki,40.641296701076996,22.9393021343933,Entire home/apt,179,2,0,,,67,261,0,00003171450
1299302723989370186,palama Urban Vibes Premium 1-Bedroom apartment,103307879,Daniel,,Thessaloniki,40.64082451776109,22.939666914819327,Entire home/apt,1037,2,0,,,67,263,0,00003175340
1299370966535920334,New 3-BR Center\of\Thessaloniki,108524590,Nana,,Thessaloniki,40.6362229,22.952773,Entire home/apt,69,2,12,2025-05-11,1.88,3,168,12,00003027194
1299394126100405020,Urban Luxury Side 1,664289946,Κωνσταντινος,,Neapolis – Sykeon,40.6517252,22.9400118,Entire home/apt,53,2,7,2025-04-30,1.17,2,356,7,00003022919
1299427005780483157,Spotted in Thessaloniki #4!-parking 15€/24h,71930151,Giannis,,Thessaloniki,40.63773,22.9349,Entire home/apt,,1,4,2025-01-21,0.65,4,0,4,00002881491
1299891235243721668,#GravasHome,584387329,Georgios,,Thessaloniki,40.630012484304395,22.945049443360055,Entire home/apt,159,2,15,2025-06-15,2.53,1,312,15,00002888797
1300393095142678077,Comfort cave,62612905,Alexander,,Thessaloniki,40.6111139,22.9597753,Entire home/apt,59,1,3,2025-02-16,0.51,2,358,3,00003059610
1300470197358080936,Floor6CenterThessaloniki,100776361,Μανωλης,,Thessaloniki,40.6412299,22.9375894,Entire home/apt,53,1,19,2025-06-22,3.15,9,355,19,00003258532
1300500087143920157,"V1 Penthouse #1, Nilie Hospitality MGMT",239769711,Nilie Premium Hospitality MGMT,,Thessaloniki,40.6423279,22.9348297,Entire home/apt,55,1,0,,,303,313,0,00002562494
1300637998940058578,"V1 Penthouse Studio #3, Nilie Hospitality MGMT",239769711,Nilie Premium Hospitality MGMT,,Thessaloniki,40.6423279,22.9348297,Entire home/apt,45,1,4,2025-06-13,0.69,303,364,4,3239175
1300651604185565581,"V1 Penthouse Studio #4, Nilie Hospitality MGMT",239769711,Nilie Premium Hospitality MGMT,,Thessaloniki,40.6423279,22.9348297,Entire home/apt,45,1,3,2025-06-09,0.74,303,365,3,00002562532
1300664548779213041,"V1 Penthouse Studio #5, Nilie Hospitality MGMT",239769711,Nilie Premium Hospitality MGMT,,Thessaloniki,40.6423279,22.9348297,Entire home/apt,45,1,14,2025-06-09,2.84,303,184,14,00002562548
1300678602279465256,"V1 Penthouse Studio #6, Nilie Hospitality MGMT",239769711,Nilie Premium Hospitality MGMT,,Thessaloniki,40.6423279,22.9348297,Entire home/apt,45,1,14,2025-04-28,2.22,303,355,14,00002562569
1300702741105421000,Brantouna Urban Vibes Cozy Studio,103307879,Daniel,,Thessaloniki,40.6388618,22.9354356,Entire home/apt,50,2,0,,,67,261,0,00003109852
1300706275830927491,"V1 #10 Studio, Nilie Hospitality MGMT",239769711,Nilie Premium Hospitality MGMT,,Thessaloniki,40.6423279,22.9348297,Entire home/apt,45,1,6,2025-03-30,0.90,303,365,6,00002097541
1300726373461434901,"P30-4 | Studio, Nilie Hospitality MGMT",239769711,Nilie Premium Hospitality MGMT,,Thessaloniki,40.6386554,22.9402484,Entire home/apt,44,1,28,2025-06-18,6.00,303,360,28,2986950
1300730197665255918,2 Brantouna Urban Vibes Cozy Studio,103307879,Daniel,,Thessaloniki,40.6386012759775,22.935306853967287,Entire home/apt,49,2,0,,,67,261,0,00003061055
1300735250170246187,"P30-6 | Double Studio, Nilie Hospitality MGMT",239769711,Nilie Premium Hospitality MGMT,,Thessaloniki,40.6386554,22.9402484,Entire home/apt,44,1,24,2025-06-21,5.37,303,361,24,2986945
1300735934838859301,"V1 Penthouse #8, Nilie Hospitality MGMT",239769711,Nilie Premium Hospitality MGMT,,Thessaloniki,40.6423279,22.9348297,Entire home/apt,45,1,1,2025-01-02,0.17,303,335,1,00002965558
1300739573777982378,Brantouna Urban Vibes Premium Studio,103307879,Daniel,,Thessaloniki,40.63783558325106,22.936026855944288,Entire home/apt,51,2,0,,,67,255,0,00003061029
1300741097063195732,Standard Studio with kitchenette 22m2 | Fragkon 24,239769711,Nilie Premium Hospitality MGMT,,Thessaloniki,40.63720319999999,22.9378858,Entire home/apt,47,1,9,2025-03-02,1.53,303,194,9,3085756
1300746135495627221,Brantouna Urban Vibes Central Studio,103307879,Daniel,,Thessaloniki,40.63965,22.93595,Entire home/apt,51,2,0,,,67,261,0,00003061076
1300748453503513442,Brantouna Urban Vibes Stylish One-Bedroom,103307879,Daniel,,Thessaloniki,40.63851986201193,22.935392684655763,Entire home/apt,60,2,1,2024-12-31,0.17,67,259,1,00003109868
1300750310147569613,Brantouna Urban Vibes Chic One-Bedroom,103307879,Daniel,,Thessaloniki,40.638454730768,22.93549997301636,Entire home/apt,55,2,0,,,67,262,0,00003061097
1300751934280061247,Brantouna Urban Vibes Modern One-Bedroom,103307879,Daniel,,Thessaloniki,40.63887808271766,22.935371226983644,Entire home/apt,53,2,2,2025-01-02,0.33,67,266,2,00003061008
1300782515632450023,Brantouna Urban Vibes Elegant One-Bedroom,103307879,Daniel,,Thessaloniki,40.6388618,22.9354356,Entire home/apt,55,2,0,,,67,265,0,00003109826
1300785279558176600,Brantouna Urban Vibes Deluxe Studio City Center,103307879,Daniel,,Thessaloniki,40.6388618,22.9354356,Entire home/apt,55,2,0,,,67,267,0,00003109911
1300787102076082553,ThessGuest Apartment #1,664578624,Ευαγγελος,,Thessaloniki,40.6295402,22.951662,Entire home/apt,73,2,1,2025-01-05,0.18,2,99,1,00002970961
1300788189097098618,Brantouna Urban Vibes Trendy One-Bedroom,103307879,Daniel,,Thessaloniki,40.638357033782974,22.93575746508179,Entire home/apt,56,2,2,2025-03-20,0.34,67,266,2,00003061114
1300789731197655662,Brantouna Urban Vibes Elegant Downtown Studio,103307879,Daniel,,Thessaloniki,40.63856871040318,22.935306853967287,Entire home/apt,60,2,0,,,67,258,0,00003061060
1300792100737506824,Brantouna Urban Vibes Spacious Urban Studio,103307879,Daniel,,Thessaloniki,40.63878038635218,22.935306853967287,Entire home/apt,55,2,0,,,67,262,0,00003061120
1300809671510131822,ThessGuest Apartment #2,664578624,Ευαγγελος,,Thessaloniki,40.62954834249603,22.95177465277864,Entire home/apt,94,2,1,2025-02-03,0.21,2,254,1,00002971039
1300814045611636971,Brantouna Urban Vibes city center Modern studio,103307879,Daniel,,Thessaloniki,40.6389269308468,22.935392684655763,Entire home/apt,55,2,0,,,67,264,0,00003061156
1300815615478895978,Brantouna Urban Vibes center city renovated studio,103307879,Daniel,,Thessaloniki,40.63847101358494,22.935113734918215,Entire home/apt,54,2,0,,,67,267,0,00003061081
1300816872888903079,Brantouna Urban Vibes center city cozy studio,103307879,Daniel,,Thessaloniki,40.6388618,22.9354356,Entire home/apt,49,2,0,,,67,266,0,00003061161
1300818354882621414,Brantouna Urban Vibes centeral city cozy studio,103307879,Daniel,,Thessaloniki,40.63837331662373,22.93549997301636,Entire home/apt,53,2,0,,,67,257,0,00003061177
1301298417888470385,Mary's Downtown Home a stroll away from WhiteTower,664676571,Maria,,Thessaloniki,40.61576129719006,22.955882600338683,Entire home/apt,120,2,1,2025-01-05,0.18,1,352,1,00002941090
1301396325636861613,Coral Ap with free private parking of stayinthess,302947153,George,,Thessaloniki,40.6385256,22.9567483,Entire home/apt,42,2,5,2025-06-23,0.88,8,240,5,00003017780
1301403599789425860,Brothershouse,450057251,Μαρια,,Thessaloniki,40.611923083349545,22.98569163038805,Entire home/apt,47,4,2,2025-04-16,0.82,1,320,2,00002666107
1302177327474669089,Thess Urban Suites 1,521553216,Sofia,,Thessaloniki,40.620895393320026,22.96167652051003,Entire home/apt,49,1,4,2025-05-25,0.67,2,80,4,00003033594
1302645357626503208,Thess - in Toumpa,664981490,Αθανασία,,Thessaloniki,40.61058718961615,22.983032973016364,Entire home/apt,56,1,1,2025-06-17,1,1,17,1,00003023804
1302709031043767641,Vintage apartment in Kalamaria,147341432,Christina,,Kalamaria,40.58812609991938,22.965312910933932,Entire home/apt,45,1,9,2025-05-27,1.35,2,235,9,00003034554
1302736924442645557,LOFT10 #Skgbnb,1977386,Cristina&Tomas! Skgbnb,,Thessaloniki,40.62006017499313,22.954994020657093,Entire home/apt,45,1,6,2025-05-06,0.91,36,340,6,00003031517
1302801087426222778,Studio Apartment B2,599770135,Ioannis,,Thessaloniki,40.648933340933915,22.921057668463874,Entire home/apt,47,1,0,,,42,148,0,00003007357
1302806642002264376,Studio Apartment B3,599770135,Ioannis,,Thessaloniki,40.647467175487115,22.921842056150997,Entire home/apt,,1,0,,,42,148,0,00003007362
1302808180290467806,Superior Apartment B4,599770135,Ioannis,,Thessaloniki,40.648153779249085,22.919688253505626,Entire home/apt,51,1,0,,,42,148,0,00003007383
1302809539263032966,Superior Apartment B5,599770135,Ioannis,,Thessaloniki,40.64861832855608,22.92012785024636,Entire home/apt,51,1,0,,,42,148,0,00003007400
1302810887360645069,Superior Apartment B6,599770135,Ioannis,,Thessaloniki,40.64803421698916,22.921824419753598,Entire home/apt,51,1,0,,,42,148,0,00003007421
1302812334277854108,Studio Apartment C1,599770135,Ioannis,,Thessaloniki,40.6489,22.92023,Entire home/apt,47,1,0,,,42,148,0,00003007378
1302813322893412423,Studio Apartment C2,599770135,Ioannis,,Thessaloniki,40.64671439387164,22.921289055233544,Entire home/apt,47,1,0,,,42,148,0,00003007437
1302814280867208957,Studio Apartment C3,599770135,Ioannis,,Thessaloniki,40.64719999233869,22.919973516776363,Entire home/apt,47,1,0,,,42,148,0,00003007442
1302815355459015131,Superior Apartment C4,599770135,Ioannis,,Thessaloniki,40.64825,22.92161,Entire home/apt,51,1,0,,,42,148,0,00003007463
1302816300220692465,Superior Apartment C5,599770135,Ioannis,,Thessaloniki,40.64754136553333,22.92047399143772,Entire home/apt,51,1,0,,,42,148,0,00003007336
1302817227524604229,Superior Apartment C6,599770135,Ioannis,,Thessaloniki,40.64756946552845,22.91982916960686,Entire home/apt,51,1,0,,,42,148,0,00003007339
1302870892553678445,SimOtel Downtown Suite,120181432,Ilias,,Thessaloniki,40.6317694,22.9462847,Entire home/apt,,2,0,,,1,363,0,00002889380
1302872265614829087,"V1 #17 Studio, Nilie Hospitality MGMT",239769711,Nilie Premium Hospitality MGMT,,Thessaloniki,40.6423279,22.9348297,Entire home/apt,,1,2,2024-12-31,0.33,303,364,2,00002416821
1302899239556640449,"V1 #15 Studio, Nilie Hospitality MGMT",239769711,Nilie Premium Hospitality MGMT,,Thessaloniki,40.64233,22.93483,Entire home/apt,43,1,5,2025-05-18,1.25,303,364,5,00002416816
1302948272120395180,The Castle Nook,665052196,Elisavet,,Neapolis – Sykeon,40.640432211853245,22.96127594579114,Entire home/apt,91,1,0,,,1,264,0,00002951308
1303047020336702612,Luxury Campus Central Studio,53254627,Giorgio,,Thessaloniki,40.6332246,22.954215,Entire home/apt,39,1,4,2025-04-12,0.60,1,316,4,00003038940
1303474022012241703,"V1 #19 Apartment, Nilie Hospitality MGMT",239769711,Nilie Premium Hospitality MGMT,,Thessaloniki,40.6423279,22.9348297,Entire home/apt,43,1,9,2025-06-22,2.35,303,181,9,00002416858
1303543238954639250,"V1 #20 Studio, Nilie Hospitality MGMT",239769711,Nilie Premium Hospitality MGMT,,Thessaloniki,40.6423279,22.9348297,Entire home/apt,43,1,7,2025-05-11,1.06,303,365,7,00002416879
1303699217083192094,"Maison Studio 5.2, The Luxury Suites",280458084,The Luxury Suites,,Thessaloniki,40.639086350839825,22.937889782081236,Entire home/apt,46,2,2,2025-05-21,0.59,180,163,2,00003038849
1303724390158313080,our peaceful apartment,162763006,Nelly,,Thessaloniki,40.6082,22.96954,Private room,,3,0,,,2,358,0,2131243
1304078829186472698,Cozy in heart of Thessaloniki,39577837,Rachel,,Thessaloniki,40.6289226,22.950026,Entire home/apt,56,2,0,,,1,358,0,01224094952
1304104042564072928,Pomegranate Luxury Studio by BiNoBi!,548386310,Κωνσταντίνος,,Thessaloniki,40.61562358838838,22.969568255819713,Entire home/apt,50,1,17,2025-06-17,3.40,15,364,17,00003021863
1304181914362418754,Allure Mitropoleos by G&O,188458774,Arcus O.E.,,Thessaloniki,40.6314309,22.9431936,Entire home/apt,152,2,0,,,18,303,0,00003056943
1304215418522543681,Ioannis Sunny Thessaloniki Suite,665346503,Ioannis,,Thessaloniki,40.61435997795889,22.958850473016373,Entire home/apt,40,1,2,2025-01-02,0.34,1,41,2,00003049950
1304231630695102701,SkyCozy Balcony,514254667,Aldo,,Kalamaria,40.58827102470747,22.951267531243392,Entire home/apt,86,2,1,2025-05-03,0.56,1,204,1,00003042310
1304330563962783725,"City’s Balcony Best View, Friends-Inspired Design",68754955,Ioannis,,Neapolis – Sykeon,40.6475023862342,22.94782748306972,Entire home/apt,79,1,19,2025-06-23,3.39,1,155,19,00002978515
1304409289995694356,Pangaia  Budget Apartment#20,119416356,Fani,,Thessaloniki,40.62922225214442,22.95263256899489,Entire home/apt,38,1,20,2025-05-31,3.19,34,85,20,00003070259
1304465268173798909,"Thessaloniki Apt 2 by Metro, Parking & Netflix",439956375,Dimitris,,Thessaloniki,40.6428168,22.9273547,Entire home/apt,52,1,34,2025-06-15,5.18,2,358,34,00002748137
1304579621946105633,Urban Luxury Side 2,664289946,Κωνσταντινος,,Neapolis – Sykeon,40.65284151614367,22.93977371251183,Entire home/apt,53,2,13,2025-05-26,2.17,2,347,13,00003023007
1304881436808699258,SKG Modern Apt 2,665505843,Konstantinos,,Thessaloniki,40.63839938742399,22.94172999904569,Entire home/apt,67,2,0,,,2,122,0,00003014764
1305078378502341189,Khouse   ΔΙΑΜΕΡΙΣΜΑ 2 ΥΠΝΟΔΩΜΑΤΙΩΝ,665382149,Κυριακος,,Thessaloniki,40.63762905270416,22.9372612009036,Entire home/apt,66,2,4,2025-05-04,0.65,1,186,4,00003046981
1305550561754564165,Diamant Blanc,293672648,Zoe,,Thessaloniki,40.64195612294248,22.94286195641514,Entire home/apt,43,2,16,2025-06-03,2.51,6,355,16,00003047405
1305610606403418609,Fabulous Maison by Luxlikehome,231048679,Luxlikehome,,Thessaloniki,40.633161323764234,22.945562129982395,Entire home/apt,129,1,12,2025-06-15,2.11,19,319,12,00003043577
1305658906443956656,"V1 #13 Studio, Nilie Hospitality MGMT",239769711,Nilie Premium Hospitality MGMT,,Thessaloniki,40.6423279,22.9348297,Entire home/apt,43,1,5,2025-05-24,2.03,303,364,5,00002312726
1305668638636447237,"V1 #12 Studio, Nilie Hospitality MGMT",239769711,Nilie Premium Hospitality MGMT,,Thessaloniki,40.6423279,22.9348297,Entire home/apt,43,1,9,2025-05-26,3.29,303,364,9,00002312610
1305673543480908493,"V1 #11 Studio, Nilie Hospitality MGMT",239769711,Nilie Premium Hospitality MGMT,,Thessaloniki,40.6423279,22.9348297,Entire home/apt,43,1,3,2025-03-31,0.73,303,365,3,00002334934
1305944885872912046,Urban Aristotelous Stay,665742978,Αλεξανδρος,,Thessaloniki,40.634102380647334,22.942727319573986,Entire home/apt,70,2,15,2025-06-15,2.65,1,341,15,00003050474
1306627510485722735,Cosy and Deluxe White Tower 1 Bedroom Flat,460542477,Alexandros,,Thessaloniki,40.627531,22.9480638,Entire home/apt,74,1,2,2025-01-02,0.33,5,349,2,00003001335
1307263028295034876,Aristotelous Deluxe Studio,460542477,Alexandros,,Thessaloniki,40.6339949,22.9419179,Entire home/apt,78,1,2,2025-01-03,0.34,5,365,2,00003045704
1307713652451160999,LuciaRooms,485890070,Loukia,,Thessaloniki,40.6354002,22.953744,Entire home/apt,52,2,3,2025-05-11,1.22,1,362,3,00002980556
1307816850518572995,Frida's house in Old Town in thessaloniki,666118943,Ευρυπιδης,,Neapolis – Sykeon,40.6409998,22.9600965,Private room,40,2,1,2025-04-07,0.38,1,335,1,00000884779
1307834562201483072,Σπίτι της Χαρίκλειας,666124197,Χαρίκλεια,,Thessaloniki,40.6415764,22.9445,Entire home/apt,23,3,4,2025-03-19,0.85,1,296,4,00003067672
1307877449566410014,Feel Greek Hospitality #Θ014,568023192,Κωνσταντινος,,Thessaloniki,40.64052072334954,22.934990654493948,Entire home/apt,56,1,3,2025-05-25,0.60,20,117,3,00003038020
1307902379753949774,Luxury Downtown Apartment D4,485800812,Kinfeel North,,Thessaloniki,40.64075887100415,22.942770803704843,Entire home/apt,76,1,9,2025-06-05,1.53,8,324,9,00003050958
1307917523969008039,Feel Greek Hospitality #Θ013,568023192,Κωνσταντινος,,Neapolis – Sykeon,40.6401738,22.9607232,Entire home/apt,70,1,6,2025-06-09,1.02,20,168,6,00003000152
1307918723153987899,Exani Suites 1,666151293,Xanthoula,,Thessaloniki,40.63774,22.93712,Entire home/apt,56,2,1,2024-12-28,0.17,1,77,1,00003049111
1308058243175777411,Διαμέρισμα με ένα υπνοδωμάτιο και κουζίνα,589497295,Ελευθερία,,Thessaloniki,40.624593272406756,22.975165042327877,Entire home/apt,75,4,0,,,2,364,0,1353722
1308114041455821662,Sweet Home Metro Venizelou,352672676,"Μαριος-Δημητριος,",,Thessaloniki,40.63870173184471,22.94198613613844,Entire home/apt,47,1,26,2025-06-15,4.29,1,68,26,00002967243
1308116234239866036,Family Nest Apartment SKG,253291963,Arseniοs,,Neapolis – Sykeon,40.64677,22.95261,Entire home/apt,72,2,0,,,1,346,0,00003028309
1308483035475804070,Angel House / Sea View / 2 Bedrooms / 4p Apartment,563853994,Κωνσταντινος,,Kalamaria,40.5669423,22.957362,Entire home/apt,126,2,3,2025-01-05,0.51,1,252,3,00003056311
1308875464077818976,Serenity and 2 bedroom Luxury in Kalamaria,460542477,Alexandros,,Kalamaria,40.5793614,22.9490218,Entire home/apt,93,1,4,2025-06-09,0.70,5,346,4,00002869340
1308885254465637100,SKG Modern Apt1,665505843,Konstantinos,,Thessaloniki,40.63868365779097,22.941062785685062,Entire home/apt,60,2,0,,,2,333,0,00003014790
1308919179378737030,City Center Apartment #Propertly,571592277,Propertly Management,,Thessaloniki,40.63013491841035,22.94749912926581,Entire home/apt,,3,2,2025-03-30,0.65,2,272,2,00003048311
1309312526612083763,Superior Apartment A4,599770135,Ioannis,,Thessaloniki,40.64824,22.92151,Entire home/apt,51,1,0,,,42,149,0,00003071292
1309315171742289545,Superior Apartment A5,599770135,Ioannis,,Thessaloniki,40.648297349797076,22.919959869741593,Entire home/apt,51,1,0,,,42,148,0,00003071266
1309316266182169354,Superior Apartment A6,599770135,Ioannis,,Thessaloniki,40.64736,22.92041,Entire home/apt,51,1,0,,,42,148,0,00003071271
1309368669970829478,Solange by halu! Apartments,251290631,Halu,,Thessaloniki,40.6334525,22.9493684,Entire home/apt,86,1,20,2025-06-10,3.24,99,348,20,00003060483
1309375953871605218,Central 2BR Gem with Fun Decor & Scenic Views,350279014,Innovation,,Thessaloniki,40.632250356334204,22.9526409871381,Entire home/apt,61,2,18,2025-06-10,2.98,35,141,18,00003058060
1309402271414274494,"Big Apple 2.1 | Apartment BLC, Nilie Hospitality",239769711,Nilie Premium Hospitality MGMT,,Thessaloniki,40.63922135647343,22.938708615344233,Private room,44,1,8,2025-05-16,1.90,303,349,8,2661994
1309423718787376692,"Bitola, Nilie Hospitality MGMT",239769711,Nilie Premium Hospitality MGMT,,Thessaloniki,40.6417093,22.9333803,Entire home/apt,45,1,9,2025-06-20,1.48,303,363,9,2383930
1309483913280263220,City Center Urban Suite,263071795,Δημήτρης,,Thessaloniki,40.63621576440086,22.951016798615456,Entire home/apt,56,2,1,2024-12-24,0.16,1,325,1,00003039219
1309986830739003340,Artisan Executive Suite 1,233599991,,,Thessaloniki,40.6364746,22.9376427,Entire home/apt,61,1,3,2025-06-01,0.49,30,282,3,00003065642
1309989399965253755,Artisan Executive Suite 2,233599991,,,Thessaloniki,40.6364746,22.9376427,Entire home/apt,61,1,1,2024-12-28,0.17,30,139,1,00003065642
1309996625529692958,Studio Heart Of City Thessaloniki,201738738,Your.Rentals,,Thessaloniki,40.6377318,22.9512042,Entire home/apt,39,5,0,,,23,334,0,00002628617
1310020136910947598,Superior Suite | Zotos Luxury Living #1,666607118,Γεώργιος,,Thessaloniki,40.63380500930157,22.939472598147574,Entire home/apt,77,2,0,,,15,357,0,00003231473
1310024737280968292,Superior Suite | Zotos Luxury Living #2,666607118,Γεώργιος,,Thessaloniki,40.63382129325257,22.939488691401664,Entire home/apt,82,2,5,2025-06-09,1.11,15,363,5,00003231511
1310026190652155719,Superior Suite | Zotos Luxury Living #3,666607118,Γεώργιος,,Thessaloniki,40.63383757719958,22.939499420237723,Entire home/apt,77,2,0,,,15,344,0,00003231548
1310028056104133642,Superior Suite | Zotos Luxury Living #4,666607118,Γεώργιος,,Thessaloniki,40.6338335062132,22.939477962565604,Entire home/apt,77,2,1,2025-03-25,0.33,15,358,1,00003231527
1310128185488550362,Papazoli Peaceful Central Living,192021753,Kosmas,,Thessaloniki,40.64157297912197,22.941131837184972,Entire home/apt,117,4,20,2025-06-19,3.80,3,270,20,00003092855
1310291711837630300,Easy Living αυτόνομη Βίλλα,139438705,Γεωργιος,,Pilea – Chortiatis,40.5755371,23.0104101,Entire home/apt,201,1,9,2025-06-07,1.56,4,270,9,00001791914
1310677985099848687,Studio with kitchenette 27m2 | Fragkon 24,239769711,Nilie Premium Hospitality MGMT,,Thessaloniki,40.63720319999999,22.9378858,Entire home/apt,45,1,12,2025-06-01,2.01,303,193,12,3085798
1310687692810230698,Studio with balcony 18m2 | Fragkon 24,239769711,Nilie Premium Hospitality MGMT,,Thessaloniki,40.63720319999999,22.9378858,Entire home/apt,49,1,11,2025-06-08,1.86,303,194,11,3085507
1310697612404801127,Doormat #24 Sage,555435959,Fotios,,Thessaloniki,40.6435209,22.9390001,Entire home/apt,43,2,8,2025-06-22,1.38,23,230,8,00003410810
1310729994531867381,Τhe perfect apartment 1,82866711,Apostolos,,Kordelio – Evosmos,40.6629275,22.9169287,Entire home/apt,99,1,0,,,1,89,0,00003063595
1310731578758543153,Artisan Executive Suite 3,233599991,,,Thessaloniki,40.6364746,22.9376427,Entire home/apt,61,1,6,2025-06-15,1.15,30,139,6,00003065642
1310733370401847000,DoorMat #25 Tutti Frutti,555435959,Fotios,,Thessaloniki,40.6409803,22.9377752,Entire home/apt,41,2,20,2025-06-13,3.13,23,161,20,00003118243
1310739884093624397,Artisan Executive Suite 4,233599991,,,Thessaloniki,40.6364746,22.9376427,Entire home/apt,61,1,15,2025-06-08,2.73,30,282,15,00003065583
1310741772881687364,Artisan Executive Suite 5,233599991,,,Thessaloniki,40.6364746,22.9376427,Entire home/apt,64,1,41,2025-06-19,7.50,30,200,41,00003065679
1310745689855150473,Artisan Executive Suite 6,233599991,,,Thessaloniki,40.6364746,22.9376427,Entire home/apt,64,1,18,2025-06-23,3.44,30,232,18,00003065679
1310930258541692469,Peaceful rooftop nest,5352045,Varvara,,Thessaloniki,40.61711917437694,22.97183943646759,Entire home/apt,32,15,1,2025-06-17,1,1,148,1,00002356589
1311378532743569141,Thymises,163123431,Ntemi And Nick,,Thessaloniki,40.64131048411157,22.94306069612503,Entire home/apt,29,2,12,2025-06-09,1.96,16,358,12,00002914563
1311403885145893744,Eunoia,163123431,Ntemi And Nick,,Thessaloniki,40.64115046118596,22.94305332005024,Entire home/apt,46,2,19,2025-06-01,3.06,16,319,19,00002914579
1311581485730478132,Pine Grove Suite,666952329,Zafeirios,,Neapolis – Sykeon,40.648064298506426,22.949412150685905,Entire home/apt,43,1,28,2025-06-22,4.72,1,330,28,00003071781
1311657119989465394,Pansea Exclusive Suites,119927623,Pansea,,Thessaloniki,40.6203861,22.9533034,Entire home/apt,85,1,7,2025-06-03,1.26,7,365,7,00501088362
1311703270416132818,Pansea Exclusive Suites,119927623,Pansea,,Thessaloniki,40.62008714469373,22.954273607520932,Entire home/apt,145,1,3,2025-01-20,0.55,7,365,3,01223627083
1311710010863439767,διαμέρισμα λεωφόρος νίκης,357469466,Marine,,Thessaloniki,40.628042052919774,22.948231497071497,Entire home/apt,158,1,21,2025-06-23,3.56,1,338,21,00003067853
1311788626843932703,Pansea Exclusive Suites,119927623,Pansea,,Thessaloniki,40.61990351310231,22.953872368076084,Entire home/apt,139,1,1,2025-01-10,0.18,7,365,1,01223627083
1311815447610719597,Smart Home,349542441,Argo,,Thessaloniki,40.6345616,22.9445698,Entire home/apt,39,2,0,,,6,64,0,00003033202
1312196393327918788,Doormat #26 Palo Santo,555435959,Fotios,,Thessaloniki,40.64104971135623,22.937828041613102,Entire home/apt,37,2,24,2025-06-22,3.89,23,227,24,00003118270
1312456670001649423,DoorMat_Seaview #28 Ophelia,555435959,Fotios,,Thessaloniki,40.63498457109239,22.93633807450533,Entire home/apt,87,1,9,2025-06-16,1.72,23,232,9,00003308796
1312797914981378936,Superior Suite | Zotos Luxury Living #5,666607118,Γεώργιος,,Thessaloniki,40.63386607409734,22.93955306441802,Entire home/apt,77,2,0,,,15,358,0,00003231595
1312802447491748240,Superior Suite | Zotos Luxury Living #6,666607118,Γεώργιος,,Thessaloniki,40.63383757719958,22.93954769999999,Entire home/apt,76,2,1,2025-06-10,1,15,365,1,00003231607
1312806266262324563,Superior Suite | Zotos Luxury Living #7,666607118,Γεώργιος,,Thessaloniki,40.633870145081744,22.93954233558196,Entire home/apt,81,2,1,2025-02-03,0.21,15,355,1,00003231612
1312808539213997494,Superior Suite | Zotos Luxury Living #8,666607118,Γεώργιος,,Thessaloniki,40.63389050000002,22.93956915767211,Entire home/apt,76,2,1,2025-02-23,0.25,15,348,1,00003231654
1312809630000290191,Superior Suite | Zotos Luxury Living #9,666607118,Γεώργιος,,Thessaloniki,40.63384979015726,22.93956379325408,Entire home/apt,77,2,0,,,15,356,0,00003231660
1312810802861920546,Superior Suite | Zotos Luxury Living #10,666607118,Γεώργιος,,Thessaloniki,40.6338905,22.9395477,Entire home/apt,77,2,0,,,15,354,0,00003231675
1312812103038222134,Deluxe Suite | Zotos Luxury Living #11,666607118,Γεώργιος,,Thessaloniki,40.6338905,22.9395477,Entire home/apt,72,2,0,,,15,338,0,00003231580
1312885985426413700,Phos - White Tower #Skgbnb,28267881,Tomas&Cristina! Skgbnb,,Thessaloniki,40.627391,22.948783,Entire home/apt,,1,0,,,29,352,0,00002987400
1312998952705704875,King Suite με Μπαλκόνι | Zotos Luxury Living #12,666607118,Γεώργιος,,Thessaloniki,40.6338905,22.9395477,Entire home/apt,97,2,3,2025-05-29,0.96,15,327,3,00002885946
1313005561637995901,Σουίτα με Βεράντα | Zotos Luxury Living #13,666607118,Γεώργιος,,Thessaloniki,40.6338905,22.9395477,Entire home/apt,78,2,0,,,15,345,0,00002886040
1313048139611820767,Pansea Exclusive Suites 03,119927623,Pansea,,Thessaloniki,40.621341644208506,22.952379198817134,Entire home/apt,92,1,0,,,7,365,0,01223627083
1313054719572664424,Pansea Exlusive Suites,119927623,Pansea,,Thessaloniki,40.621005784900795,22.953797032807188,Entire home/apt,90,1,3,2025-05-21,0.50,7,365,3,01223627083
1313056037162108881,Pansea Exclusive Suites,119927623,Pansea,,Thessaloniki,40.62148,22.95299,Entire home/apt,162,1,0,,,7,365,0,01223627083
1313082775399164048,Pansea Exclusive Suites,119927623,Pansea,,Thessaloniki,40.6214328818751,22.954288590432537,Entire home/apt,59,1,1,2024-12-29,0.17,7,362,1,01223627083
1313089835781394005,SKG Hotel Room,118564820,Athanasios,,Thessaloniki,40.64363669999999,22.9396536,Entire home/apt,25,1,14,2025-06-09,2.37,1,309,14,00003112035
1313147104293973908,City Forest Apartment,31148214,Konstantinos,,Thessaloniki,40.6327069,22.9678606,Entire home/apt,45,2,8,2025-06-21,1.45,1,322,8,00003003976
1313525030597897091,Cozy Apartments inThessaloniki,667396159,Volodymyr,,Thessaloniki,40.64680518214886,22.936739401738997,Entire home/apt,70,2,0,,,1,364,0,00003050916
1313585304031347653,Feel Greek Hospitality #Θ015,568023192,Κωνσταντινος,,Ampelokipon – Menemeni,40.64887749840384,22.93005223575901,Entire home/apt,54,1,2,2025-05-11,0.35,20,68,2,00003013698
1313619907787863461,F & B Collection - Metro Urban Stays,31131449,Dimitris,,Thessaloniki,40.6440275,22.9277499,Entire home/apt,46,6,1,2024-12-27,0.17,50,365,1,00003001925
1313703291239307831,boat / house: Standard double Room,251290631,Halu,,Thessaloniki,40.6189281,22.9598666,Entire home/apt,52,1,7,2025-05-27,1.16,99,355,7,00002968330
1313707351516600004,"Factory Inn #6, Nilie Hospitality MGMT",239769711,Nilie Premium Hospitality MGMT,,Thessaloniki,40.6368433,22.9373367,Entire home/apt,40,1,1,2025-06-05,1,303,353,1,00002552177
1313716916510234679,"Factory Inn #9, Nilie Hospitality MGMT",239769711,Nilie Premium Hospitality MGMT,,Thessaloniki,40.6368433,22.9373367,Entire home/apt,40,1,18,2025-06-08,2.92,303,344,18,00002552220
1313720402807955246,LY Gold Suite City Center,667435021,Ειρηνη,,Thessaloniki,40.6397021,22.9387497,Entire home/apt,52,3,4,2025-03-16,0.71,4,359,4,00002961625
1313722499020718216,"Factory Inn #10, Nilie Premium Hospitality MGMT",239769711,Nilie Premium Hospitality MGMT,,Thessaloniki,40.6368433,22.9373367,Entire home/apt,40,1,14,2025-06-13,2.59,303,354,14,00003416630
1313730204806530222,boat / house: Two-Bedroom apartment,251290631,Halu,,Thessaloniki,40.6189281,22.9598666,Entire home/apt,65,1,16,2025-06-20,2.57,99,327,16,00002968330
1313755964801228830,"LY Diamond Suite ,City Center",667435021,Ειρηνη,,Thessaloniki,40.63999130485856,22.939167920423074,Entire home/apt,51,3,1,2025-01-06,0.18,4,349,1,00002961874
1313759182928927787,Υπέροχη φιλοξενία για δύο,66945467,Εμμανουήλ,,Thessaloniki,40.6073414,22.964969,Entire home/apt,41,1,5,2025-06-07,2.24,1,357,5,00003171625
1314355360976651141,Houseloft Skyline Panorama,29565272,Houseloft,,Thessaloniki,40.6218954,22.9531647,Entire home/apt,118,1,3,2025-04-14,0.51,23,333,3,00003199265
1314424894990873352,Feel Greek Hospitality #Θ016,568023192,Κωνσταντινος,,Neapolis – Sykeon,40.64751257069499,22.9428166840264,Entire home/apt,63,1,2,2025-01-05,0.34,20,79,2,00003079462
1314564562662633760,Villanova - Beryl Suite,350701586,Polina,,Thessaloniki,40.64387926428588,22.93338696381514,Entire home/apt,28,1,9,2025-05-24,1.58,7,325,9,00003087579
1314615672657127760,LY Sapphire Suite City Center,667435021,Ειρηνη,,Thessaloniki,40.64020524724162,22.93916040099725,Entire home/apt,65,3,1,2024-12-31,0.17,4,339,1,00002961853
1314627390954329482,LY Emerald Suite City Center,667435021,Ειρηνη,,Thessaloniki,40.6400823600162,22.9379094836077,Entire home/apt,66,3,1,2025-04-06,0.37,4,344,1,00002961832
1315077936048332085,Standard Double Room | Hebrard Industrial Suites,667735403,Ισαακ Σακης,,Thessaloniki,40.6375,22.93852,Private room,63,1,0,,,10,354,0,00002891900
1315083541548808046,Comfort Double Room | Hebrard Industrial Suites,667735403,Ισαακ Σακης,,Thessaloniki,40.636957667936585,22.936539169823977,Private room,67,1,1,2025-05-15,0.73,10,364,1,00002891709
1315085663752772824,Ophelia Apartments by halu!  Apt with Hot Tub,251290631,Halu,,Thessaloniki,40.63585174240518,22.938276862455,Entire home/apt,110,1,16,2025-06-16,2.68,99,354,16,00003075178
1315124218829264322,Superior Double Room | Hebrard Industrial Suites,667735403,Ισαακ Σακης,,Thessaloniki,40.63599,22.93686,Private room,75,1,0,,,10,364,0,00002891293
1315126662881356013,Elegant Room | Hebrard Industrial Suites,667735403,Ισαακ Σακης,,Thessaloniki,40.635927276560665,22.93782802033125,Private room,83,1,0,,,10,356,0,00002891103
1315128127708117455,Premium Room | Hebrard Industrial Suites,667735403,Ισαακ Σακης,,Thessaloniki,40.63591530975848,22.93706333843619,Private room,91,1,0,,,10,364,0,00002891267
1315130173803851456,Superb Room | Hebrard Industrial Suites,667735403,Ισαακ Σακης,,Thessaloniki,40.63702320243562,22.938077920945744,Private room,95,1,0,,,10,363,0,00002892046
1315132073105437057,Elegant Suite | Hebrard Industrial Suites,667735403,Ισαακ Σακης,,Thessaloniki,40.63752,22.9383,Private room,102,1,0,,,10,362,0,00002891777
1315135199196260702,Stylish Suite | Hebrard Industrial Suites,667735403,Ισαακ Σακης,,Thessaloniki,40.637436838655965,22.938196529708776,Private room,111,1,0,,,10,364,0,00002892168
1315137186463379413,Junior Suite | Hebrard Industrial Suites,667735403,Ισαακ Σακης,,Thessaloniki,40.63699847564989,22.93847322835504,Private room,118,1,0,,,10,364,0,00002891192
1315138732424737202,Hebrard Suite | Hebrard Industrial Suites,667735403,Ισαακ Σακης,,Thessaloniki,40.63720601236926,22.93783794130272,Private room,132,1,0,,,10,364,0,00002891119
1315393062370464399,DoorMat #29 Poem,555435959,Fotios,,Thessaloniki,40.634984,22.936391,Entire home/apt,47,1,22,2025-06-22,3.79,23,230,22,00003308808
1315700143564474718,2bd - Apartment in the centre,33923077,Βασίλης,,Thessaloniki,40.63188625464397,22.94439443748468,Entire home/apt,48,1,3,2025-04-04,0.52,4,328,3,00544358641
1315838227677975712,Feel Greek Hosopitality #Θ017,568023192,Κωνσταντινος,,Thessaloniki,40.6314,22.94953,Entire home/apt,94,1,8,2025-06-09,1.35,20,80,8,00003075975
1315984581819435531,mavili home,43768051,Νικολαος,,Thessaloniki,40.64047,22.93841,Entire home/apt,62,2,0,,,1,332,0,00003036107
1316031655946361250,Modern Penthouse SKG,667951459,Αθανασία,,Thessaloniki,40.63607960875275,22.952379245334264,Entire home/apt,55,1,1,2025-01-26,0.20,1,62,1,00003081233
1316458601627545142,Cocoon Apartment,241830574,Panos,,Pilea – Chortiatis,40.597397450437136,22.983433199143935,Entire home/apt,78,2,2,2025-02-05,0.34,1,365,2,00003014557
1316491132359342565,Lavish Residences - Tsimiski Terrace & Jacuzzi,63911390,Marjan,,Thessaloniki,40.63103625955901,22.945638283583158,Entire home/apt,108,1,37,2025-06-23,6.17,2,113,37,00003007792
1316693434130175094,Downtown Apartment,668084237,Ioannis,,Thessaloniki,40.6181566,22.9575207,Entire home/apt,80,2,1,2025-05-04,0.58,1,364,1,00003052925
1316730695242961899,Antigoni's cozy and lovely place,362226475,Chrysovalantou,,Thessaloniki,40.63530153158962,22.952273915111288,Entire home/apt,34,2,4,2025-03-13,0.69,1,323,4,01259003125
1316891694084710687,Your Happy Place - flat in SKG,48877874,Calypso,,Thessaloniki,40.63747,22.94903,Entire home/apt,64,3,4,2025-05-11,1.11,1,103,4,00003077841
1317307773840042617,Omega suite,594142072,Ilona,,Thessaloniki,40.6333527,22.9392026,Entire home/apt,92,1,1,2025-01-02,0.17,4,172,1,00003159988
1317406981546885650,Elysium- White Tower,1977386,Cristina&Tomas! Skgbnb,,Thessaloniki,40.62779143444312,22.949332870932437,Entire home/apt,152,1,2,2025-03-09,0.35,36,293,2,00003049440
1317448361907011515,Urban Nest by Agia Sofia,663438726,Andreas,,Thessaloniki,40.63278932280722,22.948341001847215,Entire home/apt,156,1,3,2025-06-09,0.90,2,335,3,00003104768
1317462365131106325,A_living_skg_1- Quiet Luxury,668251593,Giannis,,Thessaloniki,40.6316834,22.9419058,Entire home/apt,105,2,12,2025-06-09,2.08,2,362,12,00003078147
1317559978358002639,A_living_skg_2 Quiet Luxury,668251593,Giannis,,Thessaloniki,40.6316834,22.9419058,Entire home/apt,72,2,6,2025-05-25,1.14,2,361,6,00003078274
1318152052156736264,Stylish flat for Work & Leisure,668405234,Spyridon,,Thessaloniki,40.6324568,22.95142,Entire home/apt,68,7,0,,,1,363,0,00001938537
1318671708975106110,Toumpa Comfort Apartment,506688960,Evangelos,,Thessaloniki,40.6133630488992,22.9681770437005,Entire home/apt,48,1,18,2025-06-24,6.21,1,127,18,00003167069
1318769836909901435,Feel Greek Hospitality #Θ018,568023192,Κωνσταντινος,,Thessaloniki,40.64107743868239,22.945630516483437,Entire home/apt,99,1,1,2025-03-09,0.28,20,54,1,00003107280
1318830565186265736,Ladadika X- Retrite Suites #1,305664744,Welcome Bnb,,Thessaloniki,40.637531135396635,22.93563734740019,Entire home/apt,51,1,6,2025-06-04,1.02,17,361,6,00003118626
1318840456077260140,Ladadika X-Retrite Suites #2,305664744,Welcome Bnb,,Thessaloniki,40.63752299387403,22.935643047094345,Entire home/apt,60,1,0,,,17,360,0,00003118812
1319052862601089127,THE ORF luxury studio,572227531,Γιωργος,,Thessaloniki,40.643192191703726,22.93804048977252,Entire home/apt,45,1,29,2025-06-08,5.96,1,43,29,00003118339
1319367544461513368,City Vibes Apartment,177205094,Despina,,Thessaloniki,40.6292036,22.9474482,Entire home/apt,,2,0,,,2,177,0,00003077714
1319434315340946224,Nesting Ramblers SKG #4,210667008,Nesting Ramblers SKG,,Thessaloniki,40.6360341,22.9469496,Entire home/apt,99,2,2,2025-04-26,0.35,4,234,2,00003064172
1320174375710655055,Haven_1,29794236,Georgios,,Thessaloniki,40.63724,22.94676,Entire home/apt,87,3,0,,,1,229,0,00003178447
1320228541175055137,Modern city studio apartment,137805438,Anthoula,,Thessaloniki,40.64429,22.94,Entire home/apt,36,2,7,2025-05-18,1.24,1,364,7,01258602070
1320447025796705948,Άνετο μοντέρνο διαμέρισμα,498575104,Asteris,,Thessaloniki,40.62875,22.95035,Entire home/apt,62,2,0,,,3,365,0,00003108871
1320951664869470299,Κεντρικό πολυτελές διαμέρισμα,51508938,Aggeliki,,Thessaloniki,40.64179,22.93947,Entire home/apt,42,30,0,,,2,90,0,00001224641
1321675663456680235,Studio Diogenous,669238683,Ευαγγελία,,Thessaloniki,40.61732,22.96839,Entire home/apt,44,1,26,2025-06-20,4.56,2,341,26,00003077857
1321682809576102541,Superfresh by Nest,544115668,Nest,,Thessaloniki,40.63932,22.94219,Entire home/apt,33,1,3,2025-06-10,0.52,23,180,3,00001437805
1322421404418959771,cozy wood,293672648,Zoe,,Thessaloniki,40.64156,22.9425,Entire home/apt,50,1,19,2025-06-10,3.35,6,364,19,00003143900
1322475002962054284,Premium Jacuzzi Suite at the City Center,669483673,Aqua Platinum,,Thessaloniki,40.63283,22.9479,Entire home/apt,120,1,17,2025-06-24,3.52,1,324,17,00003102557
1322720081919427021,Artistic 2BR/2BA Apartment in Central Thessaloniki,131057468,Maria,,Thessaloniki,40.64136,22.94356,Entire home/apt,81,5,7,2025-05-27,2.28,1,345,7,00003075465
1322968552730276136,Quarto Molo Apartment,550053603,Agis,,Thessaloniki,40.63662,22.93838,Private room,67,1,0,,,5,66,0,00003196557
1322973978305359612,Quarto Molo Suite,550053603,Agis,,Thessaloniki,40.6372,22.93856,Private room,63,1,1,2025-05-05,0.59,5,68,1,00003050394
1322975728600721243,Quarto Molo Studio,550053603,Agis,,Thessaloniki,40.63748,22.93881,Private room,54,1,0,,,5,68,0,00003213671
1323208960143043052,Πολυτελές διαμέρισμα (3+2),669702985,Φιλιας,,Thessaloniki,40.64408,22.94779,Entire home/apt,56,1,1,2025-01-05,0.18,1,104,1,00003146888
1323752592542162870,Thess City Apartment,669848407,George,,Thessaloniki,40.63586,22.95335,Entire home/apt,60,2,18,2025-06-22,4.19,1,96,18,00003172914
1323817604936318967,Palama Vibes Comfortable 1BR with Urban Vibe,103307879,Daniel,,Thessaloniki,40.64114,22.93905,Entire home/apt,48,2,3,2025-02-23,0.66,67,80,3,00003109544
1325144244899540510,Magenta #01 Luxury Studio by BiNoBi!,660809871,,,Thessaloniki,40.60626,22.96293,Entire home/apt,,1,21,2025-06-13,3.89,13,361,21,00003049802
1325228227964892284,Rooftop Mini Suite #1 -Roof Deck-Luggage Storage,670195316,Grigorios,,Thessaloniki,40.63706,22.9368,Entire home/apt,50,2,6,2025-06-08,1.57,4,174,6,00003212521
1325374281773563176,Rooftop Mini Suite #2 -Roof Deck-Luggage Storage,670195316,Grigorios,,Thessaloniki,40.63711,22.93689,Entire home/apt,54,2,6,2025-05-26,1.49,4,163,6,00003212441
1325377433321886206,Rooftop Mini Suite #3 -Roof Deck-Luggage Storage,670195316,Grigorios,,Thessaloniki,40.63711,22.93689,Entire home/apt,52,2,0,,,4,163,0,00003212563
1325839090449794264,Studio Sallonica Center,272659881,Apostolos,,Thessaloniki,40.64148,22.94337,Entire home/apt,35,2,8,2025-05-25,1.85,1,253,8,00003172244
1325872771103688612,The Music House,667121022,Antonios,,Neapolis – Sykeon,40.65143,22.94573,Entire home/apt,40,2,6,2025-06-22,1.26,1,90,6,00003168810
1325986327928757405,Μοντέρνο και άνετο διαμέρισμα,486147100,Κωνσταντινα,,Ampelokipon – Menemeni,40.65483,22.919,Entire home/apt,65,2,2,2025-05-14,0.49,2,90,2,00003169323
1326037010896884848,Ήρεμο διαμέρισμα,486147100,Κωνσταντινα,,Ampelokipon – Menemeni,40.65477,22.91891,Entire home/apt,68,2,1,2025-05-11,0.67,2,90,1,00003169350
1326197000983419857,The Fine Home 3,195434423,,,Thessaloniki,40.63002,22.94547,Entire home/apt,,2,0,,,4,327,0,00003173761
1326733320109518302,N5  smart tv Hellexpo University Central seaside,670689211,Χαρης,,Thessaloniki,40.61524,22.9547,Entire home/apt,22,2,3,2025-05-19,1.11,2,160,3,00002840883
1326750227053258115,Ν6  SMart tv  central Hellexpo University seaside,670689211,Χαρης,,Thessaloniki,40.61668,22.95523,Entire home/apt,21,2,2,2025-03-28,0.58,2,170,2,01196296214
1326890809326817722,Στούντιο Μάριος,182472010,Μαριος,,Thessaloniki,40.61915,22.95614,Entire home/apt,31,1,6,2025-06-08,1.26,2,260,6,2804865
1327439953529996309,ThessAccommodation,670908907,Dimitris,,Thessaloniki,40.637,22.95418,Entire home/apt,75,1,11,2025-05-25,2.00,1,305,11,00003169934
1327636079705951767,The Nook A,416304277,Efstathios,,Thessaloniki,40.64195,22.93842,Entire home/apt,41,1,17,2025-06-11,3.38,2,15,17,00003170134
1328154391558773705,1 room studio Heart Of Thessaloniki,201738738,Your.Rentals,,Thessaloniki,40.63785,22.95112,Entire home/apt,40,5,0,,,23,365,0,00004782692
1328384721466388517,The Nook B,416304277,Efstathios,,Thessaloniki,40.64174,22.93766,Entire home/apt,40,1,17,2025-06-10,3.25,2,176,17,00003170320
1328862794741944446,Magenta #02 Luxury Apartment by BiNoBi!,660809871,,,Thessaloniki,40.60718,22.96204,Entire home/apt,54,1,2,2025-05-28,0.38,13,347,2,00003049785
1329154304712892427,M Boutique Apartments City Center,572608934,Stelios,,Thessaloniki,40.63939353043475,22.943753013096146,Entire home/apt,98,2,4,2025-06-09,0.82,2,128,4,00002850967
1329545278404438798,Sienna by halu!,251290631,Halu,,Thessaloniki,40.6300552,22.9474439,Entire home/apt,65,1,3,2025-05-19,1.70,99,365,3,00003098070
1329602518341219785,Emerald Luxury Apartment by BiNoBi!,658709285,Georgios,,Thessaloniki,40.6174723,22.9636674,Entire home/apt,53,1,21,2025-06-13,4.20,26,359,21,00003021576
1329623018679863799,Palama Vibes Deluxe Studio in the City Center,103307879,Daniel,,Thessaloniki,40.64139855927034,22.94024509358962,Entire home/apt,46,2,0,,,67,90,0,00003105611
1329636901310533380,Palama Vibes Studio Retreat  Downtown Thessaloniki,103307879,Daniel,,Thessaloniki,40.6411382,22.939053,Entire home/apt,42,2,0,,,67,79,0,00003105531
1329643984287645466,Palama Vibes Premium City Studio – central Area,103307879,Daniel,,Thessaloniki,40.6411382,22.939053,Entire home/apt,46,2,1,2025-02-02,0.21,67,81,1,00003105547
1329647178183606005,Palama Vibes Apt 07 By ProLiving Hospitality,103307879,Daniel,,Thessaloniki,40.6411382,22.939053,Entire home/apt,43,2,2,2025-02-02,0.42,67,75,2,00003105552
1329656744363241733,Palama Vibes Apt 10 By ProLiving Hospitality,103307879,Daniel,,Thessaloniki,40.6411382,22.939053,Entire home/apt,50,2,2,2025-05-29,1.50,67,90,2,00003109523
1330212875749790080,Saint Dimitrios central apt,671806423,Σοφια,,Thessaloniki,40.639287,22.9465336,Entire home/apt,203,1,2,2025-03-02,0.44,1,346,2,00003180410
1330306208780418797,"Rock n Roll apartment, downtown",77844716,Johnny,,Thessaloniki,40.638281760947365,22.94963891410016,Entire home/apt,112,3,5,2025-06-22,2.27,1,352,5,3175723
1330438399366818450,ΜΑΚΡΥΓΙΑΝΝΗ BNB,660457975,Theodora,,Thessaloniki,40.6340487,22.9497135,Entire home/apt,62,1,0,,,1,235,0,00002993715
1330961976116683324,Magenta #03 Luxury Apartment by BiNoBi!,660809871,,,Thessaloniki,40.6071807,22.9620349,Entire home/apt,55,1,13,2025-06-05,3.05,13,364,13,00003049818
1331021948753214109,The Green Corridor - Thessaloniki City Center,43512495,Katerina,,Thessaloniki,40.6326055,22.9524511,Entire home/apt,71,3,0,,,1,15,0,00003175483
1331160654473606032,City Vibe  Center Family Flat 4,107517588,Τιμολέων,,Thessaloniki,40.64166760786002,22.937670842327872,Entire home/apt,53,1,5,2025-06-09,1.19,12,358,5,00003175558
1331252690819133411,Homevision - Nido Blu - Central Luxury Apartment,515398068,Homevision,,Thessaloniki,40.6326017,22.949353,Entire home/apt,70,1,8,2025-05-20,1.56,28,343,8,00003173798
1331752281795435991,"Bright house ,12’ from the center",482904569,Charikleia,,Kordelio – Evosmos,40.66306055552557,22.909839277666894,Entire home/apt,55,1,3,2025-06-21,1.03,1,357,3,00003044175
1332430246633058272,Niki_Studio,157294607,Ανδρονικη,,Thessaloniki,40.64123390721092,22.956948839128017,Entire home/apt,41,1,2,2025-04-17,0.40,1,142,2,00003170724
1332567973053693099,Square Elegant Suite II,87049921,Konstantinos,,Thessaloniki,40.632273272648185,22.940400265081802,Entire home/apt,123,2,3,2025-04-18,1.07,7,243,3,00003141215
1332578279313293349,Central Stylish Apartment,508666873,Christofer,,Thessaloniki,40.6307355,22.9468537,Entire home/apt,,1,2,2025-05-11,0.75,1,229,2,00002874653
1332590684758953451,Square Elegant Suite I,87049921,Konstantinos,,Thessaloniki,40.63237097853602,22.940378807409683,Entire home/apt,72,1,2,2025-06-24,0.40,7,256,2,00003144003
1332626195324333534,Embassy Elegant Suite,87049921,Konstantinos,,Thessaloniki,40.6325601576327,22.939967269311524,Entire home/apt,128,1,3,2025-06-12,0.74,7,237,3,00003148796
1332640376271600751,Galleries Elegant Suite II,87049921,Konstantinos,,Thessaloniki,40.63311529534432,22.94023838465578,Entire home/apt,83,1,2,2025-03-24,0.44,7,248,2,00003139832
1332647888578074602,Galleries Elegant Suite I,87049921,Konstantinos,,Thessaloniki,40.63309901122113,22.940281300000017,Entire home/apt,70,1,0,,,7,255,0,00003140276
1332656290379199659,Plaza Elegant Suite II,87049921,Konstantinos,,Thessaloniki,40.6333698318897,22.94433819629516,Entire home/apt,77,1,2,2025-03-29,0.52,7,251,2,00003153701
1332662858179247245,Plaza Elegant Suite I,87049921,Konstantinos,,Thessaloniki,40.63335354782858,22.94429528095092,Entire home/apt,52,1,1,2025-02-02,0.21,7,255,1,00003154007
1332815760443388702,Studio 10,349542441,Argo,,Thessaloniki,40.6371441,22.9370711,Entire home/apt,33,2,0,,,6,126,0,00003172897
1333128225345649014,Superior Apartment 44,599770135,Ioannis,,Thessaloniki,40.643496612535884,22.936321000587842,Entire home/apt,60,1,0,,,42,0,0,00002531853
1333135394319175698,Studio Apartment 35,599770135,Ioannis,,Thessaloniki,40.6418,22.93657,Entire home/apt,50,1,0,,,42,0,0,00003176645
1333213378797971949,Luxury Penthouse - Spacious balcony and 2 bedrooms,103307879,Daniel,,Thessaloniki,40.6408408,22.9390661,Entire home/apt,465,2,8,2025-05-26,1.60,67,248,8,00003175400
1333301845919810380,Stylish 3-Bedroom Apt & Terrace,480671021,Athanasios,,Thessaloniki,40.606523,22.9522788,Entire home/apt,112,2,0,,,1,339,0,00000633350
1333523155615856655,Στούντιο για 4 στο κέντρο,490635683,Viktoriya,,Thessaloniki,40.63207404070014,22.945893900401646,Entire home/apt,,1,0,,,1,248,0,Exempt
1333986838138883843,DoorMat #21  Cool Teal,555435959,Fotios,,Thessaloniki,40.64117,22.94227,Entire home/apt,42,1,15,2025-06-03,3.17,23,261,15,00003244829
1333992060751518807,Lou's Apartment,247005874,Αναστασία,,Thessaloniki,40.63593786379052,22.958751731967688,Entire home/apt,33,2,16,2025-04-27,3.56,1,72,16,00003182784
1334044872107502730,Cozy 2 Bedroom Flat by Waterfront & Metro,213963158,Yana,,Thessaloniki,40.61001,22.95577,Entire home/apt,90,2,6,2025-06-20,1.58,1,111,6,00002996418
1334233111879698764,"Central,comfortable colorful apartment city center",673003267,Αρταν,,Thessaloniki,40.6360518,22.9519223,Entire home/apt,47,2,9,2025-06-05,2.21,2,142,9,00003212234
1334402627572698661,Serenity in Colour,43633063,Harry,,Thessaloniki,40.6432593,22.9569326,Entire home/apt,50,3,0,,,5,172,0,00003176060
1334493086287988915,Palama Vibes Stylish apartment in the center,103307879,Daniel,,Thessaloniki,40.6411382,22.939053,Entire home/apt,41,2,1,2025-02-23,0.25,67,84,1,00003171832
1334499795277942760,Palama Vibes Apt 09 By ProLiving Hospitality,103307879,Daniel,,Thessaloniki,40.6411382,22.939053,Entire home/apt,278,2,3,2025-03-23,0.63,67,93,3,00003105594
1334556410280136827,Soho Harbor | Loft,251290631,Halu,,Thessaloniki,40.645236015767104,22.919741595162083,Entire home/apt,43,1,31,2025-06-20,6.41,99,239,31,00003096544
1334562615015608625,Thessaloniki Central Apartment 2,444906990,Smart Plan,,Thessaloniki,40.63409038727608,22.94020963122342,Entire home/apt,42,1,5,2025-05-24,1.03,18,356,5,00003083592
1334564130283643157,Co-Living & Working Space / Center of Thessaloniki,667067567,Dimitrios,,Thessaloniki,40.63942,22.94698,Entire home/apt,85,10,0,,,4,363,0,00003045589
1334629156130696408,Soho Harbor | One Bedroom aprtment,251290631,Halu,,Thessaloniki,40.645686520995106,22.91981928779122,Entire home/apt,51,1,3,2025-03-31,0.70,99,359,3,00003096969
1334660611852956118,The central apartment SKG,673114043,Λευτέρης,,Thessaloniki,40.6294779,22.9494664,Entire home/apt,72,2,5,2025-05-13,1.03,1,162,5,00003059009
1334707228079699422,Soho Harbor | Studio,251290631,Halu,,Thessaloniki,40.645588475281826,22.92169199176557,Entire home/apt,43,1,3,2025-05-19,1.41,99,360,3,00003096692
1334724001936890630,Soho Harbor | Studio w/ Balcony,251290631,Halu,,Thessaloniki,40.64389295635661,22.919752416037092,Entire home/apt,47,1,6,2025-06-11,1.41,99,365,6,00003096889
1334947264030738197,From The Cute! with love!,673215119,Μιχαηλ,,Thessaloniki,40.627492064039096,22.94889213420233,Entire home/apt,110,7,0,,,1,175,0,00000133937
1335497790036573244,Salonica forest inn- Two,539961393,The Fox'S Lair,,Thessaloniki,40.638487842977035,22.93895833906351,Entire home/apt,43,2,14,2025-05-20,3.28,4,254,14,00003201956
1336116887006795809,"Bonsai | 1-Bedroom Apt BLC, Nilie Hospitality MGMT",239769711,Nilie Premium Hospitality MGMT,,Thessaloniki,40.6432205,22.9345175,Entire home/apt,38,1,8,2025-06-15,1.60,303,360,8,2312646
1338223917383801809,"Phìlus Suite BLC, Nilie Hospitality MGMT",239769711,Nilie Premium Hospitality MGMT,,Thessaloniki,40.6306353,22.9512371,Entire home/apt,46,1,3,2025-06-06,0.70,303,331,3,1381448
1338263468865491274,"Phìlus Suite, Nilie Hospitality MGMT",239769711,Nilie Premium Hospitality MGMT,,Thessaloniki,40.6306353,22.9512371,Entire home/apt,46,1,1,2025-02-10,0.22,303,323,1,1381448
1338323304331532637,Villa 8 delux studio with balcony,103307879,Daniel,,Thessaloniki,40.5947176,22.9559163,Entire home/apt,78,2,0,,,67,266,0,00003184470
1338354443932471626,Bianca by halu! Central 2-BD apt,251290631,Halu,,Thessaloniki,40.6296306,22.952261,Entire home/apt,126,1,1,2025-04-12,0.41,99,339,1,00003184603
1338400743986250247,The Oasis 1,592112343,Oulzana,,Thessaloniki,40.6383488,22.94109,Entire home/apt,53,1,3,2025-06-15,0.83,1,335,3,00003182577
1338584833249174711,Cozy apartment centrally located,45358495,Petros,,Thessaloniki,40.6413288,22.9427328,Entire home/apt,,5,0,,,1,0,0,00003042921
1338933743719635814,Mirror Luxury Central Penthouse by BiNoBi!,660809871,,,Thessaloniki,40.6343071,22.9464238,Entire home/apt,144,1,17,2025-05-22,3.36,13,331,17,00003062626
1338958878745371307,"Phìlus Suite BLC, Nilie Hospitality MGMT",239769711,Nilie Premium Hospitality MGMT,,Thessaloniki,40.6306353,22.9512371,Entire home/apt,46,1,1,2025-02-14,0.23,303,330,1,1381448
1338971870638355833,"Phìlus Suite, Nilie Hospitality MGMT",239769711,Nilie Premium Hospitality MGMT,,Thessaloniki,40.6306353,22.9512371,Entire home/apt,46,1,1,2025-04-24,0.48,303,317,1,1381448
1339075280478129205,Villa 8 Family Suite - 2 bedrooms and big balcony,103307879,Daniel,,Thessaloniki,40.5947176,22.9559163,Entire home/apt,772,2,10,2025-06-19,2.27,67,256,10,00003185929
1339088583891056651,Pocket-size Apartment,145820951,Konstantinos,,Thessaloniki,40.60925,22.97331,Entire home/apt,30,5,13,2025-06-19,2.73,2,248,13,00003195311
1339580067822800773,JORDAN's ROOM 21,156282533,Jordans Rooms Ike,,Thessaloniki,40.63845649296618,22.94940949206544,Entire home/apt,55,3,0,,,12,324,0,00003087095
1339661491123425151,"Patron | Deluxe Studio BLC, Nilie Hospitality MGMT",239769711,Nilie Premium Hospitality MGMT,,Thessaloniki,40.6316551,22.9479841,Entire home/apt,53,1,7,2025-05-29,1.48,303,119,7,00003188818
1339702019226530404,"Patron | Deluxe Studio BLC, Nilie Hospitality MGMT",239769711,Nilie Premium Hospitality MGMT,,Thessaloniki,40.6316551,22.9479841,Entire home/apt,53,1,16,2025-06-12,3.64,303,102,16,00003188839
1339712296878570904,"Patron | Deluxe Studio BLC, Nilie Hospitality MGMT",239769711,Nilie Premium Hospitality MGMT,,Thessaloniki,40.6316551,22.9479841,Entire home/apt,53,1,15,2025-06-22,3.31,303,123,15,00003188850
1339712411514367920,"Patron | 1-Bedroom Apt BLC, Nilie Hospitality MGMT",239769711,Nilie Premium Hospitality MGMT,,Thessaloniki,40.6316551,22.9479841,Entire home/apt,,1,4,2025-05-24,1.15,303,122,4,00003188865
1339738399761681870,"Patron | 2-Bedroom Apt BLC, Nilie Hospitality MGMT",239769711,Nilie Premium Hospitality MGMT,,Thessaloniki,40.6316551,22.9479841,Entire home/apt,,1,2,2025-06-22,2,303,124,2,00003188870
1339943548944787316,N2  Smart tv seaside hellexpo university,674595480,Εφη,,Thessaloniki,40.616613744090756,22.953971447402903,Entire home/apt,23,2,10,2025-06-09,2.07,2,347,10,00002832720
1339951054084291025,Ν3 Smarttv seaviewsuite central Helexpo university,674595480,Εφη,,Thessaloniki,40.61629838241726,22.954239100000017,Entire home/apt,30,2,8,2025-06-09,2.38,2,348,8,00002832709
1340008541250203328,Luxury Penthouse 1 BDR,160843255,Christos,,Thessaloniki,40.6340908,22.9479614,Entire home/apt,152,2,3,2025-05-31,0.66,5,358,3,00002960383
1340008558734251123,Traditional appartment / garden,139438705,Γεωργιος,,Pilea – Chortiatis,40.5755371,23.0104101,Entire home/apt,37,1,2,2025-05-07,0.71,4,248,2,00001784681
1340094106355993209,Amazing Studio,160843255,Christos,,Thessaloniki,40.6340908,22.9479614,Entire home/apt,88,2,1,2025-02-01,0.21,5,365,1,00002960416
1340120871065860037,Luxury Studio,160843255,Christos,,Thessaloniki,40.6340908,22.9479614,Entire home/apt,94,2,0,,,5,365,0,00002960362
1340378979260061105,Harmonia Minimal Apartment VII,559397961,Ido,,Neapolis – Sykeon,40.65224919436106,22.937652164114933,Entire home/apt,35,1,3,2025-06-09,0.78,1,358,3,00003189952
1340512415861587401,Ladadika Vibes Apartments,674735328,Nikoleta,,Thessaloniki,40.6348649,22.9365768,Entire home/apt,65,1,2,2025-05-26,1.58,4,248,2,00003346900
1340539520558621539,Culturalles 2Bd APT,571284469,Παυλινα,,Thessaloniki,40.63917,22.94601,Entire home/apt,124,2,5,2025-05-21,1.17,1,365,5,00003189003
1340553622973382531,Private Room In a Shared Flat Near The Airport,526825602,Ευδοξια,,Kalamaria,40.5847692,22.948521,Private room,36,1,1,2025-06-10,1,1,63,1,00000890465
1340698387772819155,Luxury Penthouse 2 BDR,160843255,Christos,,Thessaloniki,40.634892954955085,22.94865841617821,Entire home/apt,201,2,3,2025-05-19,0.63,5,359,3,00002960378
1341078692929687269,"P30-7 | Double Studio, Nilie Hospitality MGMT",239769711,Nilie Premium Hospitality MGMT,,Thessaloniki,40.6386554,22.9402484,Entire home/apt,44,1,17,2025-06-22,3.75,303,364,17,2986987
1341244681403059100,Aether by halu! Central 2-BD apt,251290631,Halu,,Thessaloniki,40.6320808,22.9510742,Entire home/apt,71,1,7,2025-06-21,1.48,99,337,7,00003190253
1341397632810287471,Homevision - Ladadika INsite 1,515398068,Homevision,,Thessaloniki,40.635776836061524,22.93648558888548,Entire home/apt,44,1,2,2025-02-25,0.47,28,361,2,00003354983
1342776822774671711,Sophie's Cozy Corner,561648269,,,Thessaloniki,40.608358839402264,22.95729925767212,Entire home/apt,47,1,10,2025-05-08,2.54,1,348,10,00003290139
1343285432876981463,Shared Spaces - private Comfort,667067567,Dimitrios,,Thessaloniki,40.63942,22.94698,Private room,27,10,4,2025-06-17,0.88,4,297,4,00003045586
1343482083852591614,KYANA City Center,675501608,Kalypso,,Thessaloniki,40.63572100098563,22.9495402576721,Entire home/apt,147,2,0,,,1,331,0,00003181958
1343519756808671744,Cosy studio at Tsinari,658223185,,,Thessaloniki,40.64207966996882,22.946844400165794,Entire home/apt,44,2,1,2025-05-10,0.64,1,292,1,00003195188
1343651670416134229,Aristotelous Family House,460301120,Eleftheria,,Thessaloniki,40.6338859,22.9413632,Entire home/apt,145,1,1,2025-02-18,0.24,2,346,1,00002963761
1343664915909942513,"INDIVIDUALliving 4 
Exzellente zentrale Lage! ! !",198897741,Petros,,Thessaloniki,40.6310862,22.9517706,Entire home/apt,61,1,0,,,3,57,0,01243115528
1344039653220946605,Στούντιο Καλαμαριά Θεσσαλονίκης,431857937,Nina,,Kalamaria,40.5888606,22.9479636,Entire home/apt,56,2,0,,,1,125,0,00003192873
1344048701067056648,"Reflection, Nilie Hospitality MGMT",239769711,Nilie Premium Hospitality MGMT,,Thessaloniki,40.60779,22.96296,Entire home/apt,,1,3,2025-04-28,0.70,303,361,3,2987463
1344070917981988421,Old Town Studio,379910184,Νικόλαος,,Thessaloniki,40.642742407911264,22.94657216949954,Entire home/apt,48,1,5,2025-05-18,1.10,14,363,5,00002362973
1344191903273966777,F & B Collection Metro Urban Stays,31131449,Dimitris,,Thessaloniki,40.6440275,22.9277499,Entire home/apt,36,6,0,,,50,365,0,00003002135
1344705114913807614,Terracotta Luxury Apartment by BiNoBi!,660809871,,,Thessaloniki,40.6183571,22.9633576,Entire home/apt,50,1,17,2025-06-08,3.83,13,364,17,00003193445
1344810150386231931,Deluva luxury living- Pylaia free parking,1977386,Cristina&Tomas! Skgbnb,,Pilea – Chortiatis,40.59571,22.98442,Entire home/apt,72,7,0,,,36,334,0,00003199977
1344913730539549246,Thessaloniki city center Apartment,110611523,Trustate Resort,,Thessaloniki,40.6345168,22.951535,Entire home/apt,,2,0,,,1,0,0,00003196616
1345434747587630725,Miami House / Sea View / 2p,70012262,Dimitra,,Kalamaria,40.5669423,22.957362,Entire home/apt,62,2,3,2025-05-04,1.41,1,337,3,00003195842
1345828901897582076,Central Studio in Ladadika!,676107963,Aleksej,,Thessaloniki,40.6376617,22.9363867,Entire home/apt,89,2,0,,,1,72,0,00003028053
1345862801065862553,JK 7towers Fab Maisonette 100m2 - Old City Center,676118280,Jk,,Thessaloniki,40.64361753688874,22.960057177909864,Entire home/apt,62,2,3,2025-05-12,0.83,2,239,3,00003182758
1346357813066804852,"Antigoni Residence #1, The Luxury Suites",280458084,The Luxury Suites,,Thessaloniki,40.63981187718785,22.938950911990204,Entire home/apt,60,2,22,2025-06-08,5.04,180,104,22,00003197479
1346363140448830478,"Antigoni Residence #2, The Luxury Suites",280458084,The Luxury Suites,,Thessaloniki,40.6390562597701,22.940490148801818,Entire home/apt,58,1,18,2025-06-09,4.29,180,317,18,00003197490
1346366964448286148,"Antigoni Residence #3, The Luxury Suites",280458084,The Luxury Suites,,Thessaloniki,40.63895247161446,22.94082008458782,Entire home/apt,50,2,22,2025-06-09,4.71,180,163,22,00003197484
1346369836418852830,"Antigoni Residence #4, The Luxury Suites",280458084,The Luxury Suites,,Thessaloniki,40.63975338715363,22.938955488921447,Entire home/apt,50,2,2,2025-03-17,0.42,180,162,2,00003197501
1346880152483391160,"The Sapling by Nexus, 5 min to White Tower",526319467,Prodromos,,Thessaloniki,40.63056972219105,22.952640569311516,Entire home/apt,71,1,12,2025-06-22,3.30,4,334,12,00003197113
1347043802921294204,Blanc by Nest,544115668,Nest,,Thessaloniki,40.63352039999999,22.9482293,Entire home/apt,34,1,2,2025-03-10,0.55,23,155,2,00002866425
1347043822693922632,Blanc II by Nest,544115668,Nest,,Thessaloniki,40.63314,22.94906,Entire home/apt,32,1,1,2025-03-03,0.26,23,111,1,00002877457
1347761568906048414,Jordan's Loft,506827874,Αννα,,Thessaloniki,40.62117918449415,22.961160577833652,Entire home/apt,50,1,1,2025-05-11,0.67,1,20,1,00003183112
1347876194512259249,Art Garden,500805520,Ioannis,,Kalamaria,40.5907733,22.952456,Entire home/apt,48,2,2,2025-04-23,0.82,1,290,2,00003216964
1347934213900297623,Διαμέρισμα στον Εύοσμο,676617290,Armand,,Kordelio – Evosmos,40.6602647,22.9070534,Entire home/apt,116,2,5,2025-05-26,1.16,1,337,5,00003194654
1348382553420125137,"Reflection, Nilie Hospitality MGΜΤ",239769711,Nilie Premium Hospitality MGMT,,Thessaloniki,40.6077939,22.9629594,Entire home/apt,57,1,2,2025-03-08,0.50,303,354,2,2987463
1349167012097275909,Luxury sea view loft,421156152,Magdalini,,Thessaloniki,40.630263981714755,22.94329945211489,Entire home/apt,203,1,1,2025-04-25,0.49,1,311,1,00003203838
1349188234834824380,"#FLH - Eliosky Apartment in Ano Poli, Thessaloniki",9244884,FeelsLikeHomeGR,,Thessaloniki,40.64212880203501,22.95293156441801,Entire home/apt,71,1,2,2025-05-10,0.75,19,112,2,00003196068
1349219321528331315,Happy Nest Studios Thessaloniki,589756584,Δημητρα,,Thessaloniki,40.63845,22.95038,Entire home/apt,49,1,1,2025-04-06,0.37,1,364,1,00002879908
1349404595008315505,NEST- Άνετη & Προσβάσιμη Διαμονή,493302615,Despoina,,Thessaloniki,40.60568008546259,22.955203236163506,Entire home/apt,54,1,18,2025-06-22,3.88,1,359,18,00003194304
1349448201516672212,SKG Allatini smart Apartment,667963553,Αναστασιος,,Pilea – Chortiatis,40.588719964702555,22.971989649737566,Entire home/apt,81,2,4,2025-06-22,1.05,1,308,4,00003201909
1349813436210707047,"Pantheon 4.7 | Studio, Nilie Hospitality MGMT",239769711,Nilie Premium Hospitality MGMT,,Thessaloniki,40.6352465,22.9363757,Entire home/apt,44,1,7,2025-06-09,1.64,303,357,7,2645113
1349920502871129414,Modern Family Apartment,66908427,Αγγελος,,Thessaloniki,40.643545,22.9408726,Entire home/apt,61,3,3,2025-05-29,1.50,1,350,3,00003187879
1350066666367658897,DoorMat #31 Juliet,555435959,Fotios,,Thessaloniki,40.634984,22.936391,Entire home/apt,58,1,9,2025-06-22,2.09,23,351,9,00003308760
1350458776435619451,City Vibe  Center Family Flat 3,107517588,Τιμολέων,,Thessaloniki,40.64165132582279,22.937595740475455,Entire home/apt,54,1,9,2025-06-15,2.39,12,351,9,00002887976
1350476377576948459,City Vibe Center Family Flat 2,107517588,Τιμολέων,,Thessaloniki,40.64163504378158,22.937633291401664,Entire home/apt,60,1,5,2025-04-13,1.15,12,361,5,00002888001
1350573234933711679,MY MYTH Veranda Suite,253286119,Μαρία,,Thessaloniki,40.63903,22.93545,Entire home/apt,61,3,2,2025-02-16,0.46,1,137,2,00003205013
1350608735730988487,Lotus Deluxe Residence,677305615,Angelos,,Thessaloniki,40.6324578,22.952327,Entire home/apt,68,9,0,,,1,89,0,00003205485
1350623055356134056,Μεζονέτα Θέα Θάλασσα,569060513,Σοφία,,Neapolis – Sykeon,40.6475263,22.9481928,Private room,185,1,1,2025-03-17,0.30,7,357,1,1373289
1350674006916591669,"Hermes Suites, Agia Sofia, Nilie Hospitality MGMT",239769711,Nilie Premium Hospitality MGMT,,Thessaloniki,40.633023,22.945441,Entire home/apt,49,1,4,2025-05-04,1.18,303,342,4,3256906
1350831134903547872,SV Luxury Apt,410658883,Σπύρος,,Thessaloniki,40.64058259999999,22.9577297,Entire home/apt,64,1,1,2025-06-21,1,1,247,1,00003185020
1350842585566945781,Feel like home away from home,481210903,Sophia,,Thessaloniki,40.6055739614478,22.961094214005218,Private room,41,1,4,2025-06-04,1.01,1,355,4,Exempt
1351293226738334085,Rosa's cozy central apartment,677476191,Fenia,,Thessaloniki,40.63573647541137,22.950063283221187,Entire home/apt,57,2,4,2025-06-08,0.99,1,322,4,00003056990
1351312091573684474,"V1 #1 Studio, Nilie Hospitality MGMT",239769711,Nilie Premium Hospitality MGMT,,Thessaloniki,40.6423279,22.9348297,Entire home/apt,40,1,8,2025-06-22,2.42,303,181,8,2334828
1351320056247341556,"V1 #3 Studio with Balcony, Nilie Hospitality MGMT",239769711,Nilie Premium Hospitality MGMT,,Thessaloniki,40.6423279,22.9348297,Entire home/apt,41,1,0,,,303,358,0,2334849
1351323052062068887,"V1 #8 Studio with Balcony, Nilie Hospitality MGMT",239769711,Nilie Premium Hospitality MGMT,,Thessaloniki,40.6423279,22.9348297,Entire home/apt,41,1,4,2025-06-22,1.32,303,364,4,2334896
1351483252895760581,Διαμέρισμα 2Δ στην Αγ. Δημητρίου,677523655,Arjol,,Thessaloniki,40.642108,22.9401206,Entire home/apt,52,2,0,,,1,259,0,00003198470
1352899915578179450,Casa Sirocco,677865079,Δήμητρα,,Thessaloniki,40.61049258155056,22.977768362334643,Entire home/apt,53,1,9,2025-06-01,2.08,1,88,9,00003206828
1352958433443656026,IRIDA Beyond The Castle,677887435,Ευαγγελια,,Neapolis – Sykeon,40.640754481775105,22.960254302805428,Entire home/apt,74,2,5,2025-05-04,1.55,2,359,5,00002878342
1352995475489593911,Athina & Andrea's home,594556770,,,Thessaloniki,40.6105716,22.9710249,Entire home/apt,107,2,3,2025-06-01,0.83,2,320,3,00002883857
1353431179086537655,Jordans room 23,156282533,Jordans Rooms Ike,,Thessaloniki,40.6419734,22.9356693,Entire home/apt,53,3,0,,,12,332,0,00003204791
1353539735685890241,"Venus 6, Studio, Nilie Hospitality MGMT",239769711,Nilie Premium Hospitality MGMT,,Thessaloniki,40.641474,22.9347,Entire home/apt,38,1,9,2025-06-22,3.86,303,351,9,2694513
1353561217944470157,"Ultima #1, Nilie Hospitality MGMT",239769711,Nilie Premium Hospitality MGMT,,Thessaloniki,40.6379717,22.9409977,Entire home/apt,44,1,10,2025-06-18,2.46,303,329,10,2433340
1353573324692643453,"Ultima #3, Nilie Hospitality MGMT",239769711,Nilie Premium Hospitality MGMT,,Neapolis – Sykeon,40.6445035,22.9535536,Entire home/apt,42,1,2,2025-04-24,0.78,303,327,2,2433381
1353584615719413677,"Ultima #5, Nilie Hospitality MGMT",239769711,Nilie Premium Hospitality MGMT,,Thessaloniki,40.6379717,22.9409977,Entire home/apt,38,1,6,2025-06-01,2.65,303,331,6,2357373
1353594636528247242,"Ultima #6, Nilie Hospitality MGMT",239769711,Nilie Premium Hospitality MGMT,,Thessaloniki,40.6379717,22.9409977,Entire home/apt,42,1,2,2025-05-01,0.90,303,333,2,2357389
1353611520336709618,"Ultima #8, Nilie Hospitality MGMT",239769711,Nilie Premium Hospitality MGMT,,Thessaloniki,40.6379717,22.9409977,Entire home/apt,42,1,5,2025-06-19,1.19,303,328,5,2357406
1353632479312141759,Homevision - Ladadika INsite 2,515398068,Homevision,,Thessaloniki,40.635776836061524,22.93648558888548,Entire home/apt,37,1,3,2025-04-06,0.70,28,363,3,00003355019
1353665791148946609,Homevision - Ladadika INsite 3,515398068,Homevision,,Thessaloniki,40.63575648171834,22.93645876679533,Entire home/apt,37,1,5,2025-06-09,1.60,28,362,5,00003354941
1353668475882314091,Homevision - Ladadika INsite 4,515398068,Homevision,,Thessaloniki,40.63577276519338,22.93646413121336,Entire home/apt,40,1,0,,,28,363,0,00003355030
1353670665310602918,Homevision - Ladadika INsite 5,515398068,Homevision,,Thessaloniki,40.63576462345636,22.93646949563139,Entire home/apt,37,1,4,2025-05-12,0.94,28,363,4,00003355024
1353672411863638935,Homevision - Ladadika INsite 6,515398068,Homevision,,Thessaloniki,40.63575648171834,22.93645876679533,Entire home/apt,37,1,11,2025-06-16,2.56,28,358,11,00003355050
1353674741078103564,Homevision - Ladadika INsite 7,515398068,Homevision,,Thessaloniki,40.63576462345636,22.93645876679533,Entire home/apt,45,1,3,2025-04-06,0.69,28,364,3,00003355066
1353677540356580249,Homevision - Ladadika INsite 8,515398068,Homevision,,Thessaloniki,40.63575648171834,22.9364534023773,Entire home/apt,37,1,3,2025-06-16,0.75,28,364,3,00003355071
1353679713786069086,Homevision - Ladadika INsite 9,515398068,Homevision,,Thessaloniki,40.63576869432501,22.93646413121336,Entire home/apt,37,1,0,,,28,347,0,00003355087
1354082921544571089,KamaraApartmentThessaloniki,100776361,Μανωλης,,Thessaloniki,40.63391618558568,22.95378840620643,Entire home/apt,47,1,5,2025-06-22,4.69,9,364,5,00003210368
1354300994279853354,Fabrica PlayLoft in the City Center by BiNoBi!,678246891,Ioannis,,Thessaloniki,40.637693,22.9344159,Entire home/apt,130,1,4,2025-06-15,2.00,1,360,4,00003043004
1354333678401858488,"Vellow Door | Studio 2.1, Nilie Hospitality MGMT",239769711,Nilie Premium Hospitality MGMT,,Thessaloniki,40.6380343,22.9386199,Entire home/apt,40,1,5,2025-05-18,1.83,303,259,5,2484839
1354402936948489219,Aristotelous home,678279683,Teo,,Thessaloniki,40.63462455722415,22.94871613383293,Entire home/apt,44,1,15,2025-06-09,3.54,1,329,15,00001346334
1354447072492326053,ippocrates luxury apatment,218561533,Giannis,,Thessaloniki,40.6093943896721,22.962200943002212,Entire home/apt,110,5,0,,,1,328,0,00003024056
1354517935521861967,Nomad’s Nest | The Urban Studio,678319341,Σοφία,,Neapolis – Sykeon,40.64968282998012,22.937468413384384,Entire home/apt,63,1,3,2025-04-26,0.91,1,363,3,00003206000
1354870767255869013,"Vellow Door | Studio 3.2, Nilie Hospitality MGMT",239769711,Nilie Premium Hospitality MGMT,,Thessaloniki,40.6380343,22.9386199,Entire home/apt,40,1,11,2025-04-28,2.84,303,258,11,2484945
1354902732514248038,"Vellow Door | Studio 2.4, Nilie Hospitality MGMT",239769711,Nilie Premium Hospitality MGMT,,Thessaloniki,40.6380343,22.9386199,Entire home/apt,40,1,7,2025-05-09,2.08,303,259,7,2523486
1354908986531202525,"Vellow Door | Studio 3.3, Nilie Hospitality MGMT",239769711,Nilie Premium Hospitality MGMT,,Thessaloniki,40.6380343,22.9386199,Entire home/apt,40,1,5,2025-04-17,1.23,303,256,5,2484950
1354915615951367317,"Vellow Door | Studio 3.6, Nilie Hospitality MGMT",239769711,Nilie Premium Hospitality MGMT,,Thessaloniki,40.6380343,22.9386199,Entire home/apt,40,1,4,2025-05-01,0.98,303,259,4,2484966
1354940291744430475,Homie Centrie 6,678413168,Πέτρος,,Thessaloniki,40.641206900986674,22.940299764814092,Private room,34,1,1,2025-06-15,1,2,358,1,00003214774
1355041152137973956,Aristotelian Virtues - Evlaveia,581678990,Nikolaos,,Thessaloniki,40.63381984777378,22.942041281614703,Entire home/apt,113,1,1,2025-06-09,1,6,349,1,00002698303
1355089248760328943,Private Mini Suite-Urban Escape,670195316,Grigorios,,Thessaloniki,40.63596114665456,22.93602279164141,Entire home/apt,45,2,2,2025-03-13,0.52,4,173,2,00003212478
1355231637509583018,Goldhair   apartments  II,525457609,Σωτηρης,,Thessaloniki,40.6400248,22.9467777,Entire home/apt,60,2,2,2025-05-31,0.59,2,168,2,00002880602
1355676887920211780,"Penthouse Level 7, Nilie Hospita",239769711,Nilie Premium Hospitality MGMT,,Thessaloniki,40.6442247,22.9274505,Entire home/apt,47,1,8,2025-05-06,1.98,303,335,8,2961610
1355730214488688524,HLΙ Skyline Appartment,455203356,Apostolos,,Thessaloniki,40.6281535,22.9530034,Entire home/apt,86,2,1,2025-03-05,0.27,1,33,1,00002255628
1355733477199687756,Apartment Papafi station,669238683,Ευαγγελία,,Thessaloniki,40.62055682944561,22.961232244646325,Entire home/apt,60,1,12,2025-06-07,2.93,2,227,12,00003223900
1355747317039805808,Retro Apartment in the city center by BiNoBi!,658709285,Georgios,,Thessaloniki,40.6148001,22.9553924,Entire home/apt,64,1,7,2025-06-06,2.36,26,361,7,00003021560
1355753781890668072,"Zaphira 4.3 Apartment, Nilie Hospitality",239769711,Nilie Premium Hospitality MGMT,,Thessaloniki,40.6400468,22.9397187,Entire home/apt,58,1,4,2025-04-28,1.19,303,328,4,2925595
1355808150880840251,The Tsimiski Experience,416880751,Ioannis,,Thessaloniki,40.6313038,22.9450319,Entire home/apt,75,2,2,2025-06-09,0.81,1,153,2,00003215001
1356277310071424969,Καλώς ήρθατε στο CityCube 1!,678659281,,,Thessaloniki,40.62902101916962,22.951288126983627,Entire home/apt,47,1,3,2025-06-08,0.78,2,326,3,00003215144
1356316885444191631,Deluva living - Ipokrateio #Skgbnb,1977386,Cristina&Tomas! Skgbnb,,Thessaloniki,40.61021,22.95957,Entire home/apt,49,1,3,2025-04-25,0.74,36,347,3,00003200035
1356410896567967538,Esther Suites | Budget Double Room,239769711,Nilie Premium Hospitality MGMT,,Thessaloniki,40.6383292,22.9425198,Entire home/apt,45,1,4,2025-05-26,1.18,303,245,4,0933Κ274Α0818300
1356431995342634384,Esther Suites | Double Room with Private courtyard,239769711,Nilie Premium Hospitality MGMT,,Thessaloniki,40.6383292,22.9425198,Entire home/apt,46,1,1,2025-04-27,0.51,303,186,1,0933Κ274Α0818300
1356437905955088053,Luxury Downtown Apartment Z3,518553807,Kinfeel North,,Thessaloniki,40.6277587,22.9487264,Entire home/apt,,1,5,2025-04-25,1.39,8,354,5,00003225498
1356439512010253552,Esther Suites | Double Room with Balcony,239769711,Nilie Premium Hospitality MGMT,,Thessaloniki,40.6383292,22.9425198,Entire home/apt,43,1,1,2025-03-15,0.29,303,244,1,0933Κ274Α0818300
1356442442167197794,Esther Suites | Deluxe Double Room with Balcony,239769711,Nilie Premium Hospitality MGMT,,Thessaloniki,40.6383292,22.9425198,Entire home/apt,50,1,1,2025-03-23,0.32,303,243,1,0933Κ274Α0818300
1356445324678193207,Esther Suites | Triple Room,239769711,Nilie Premium Hospitality MGMT,,Thessaloniki,40.6383292,22.9425198,Entire home/apt,50,1,0,,,303,249,0,0933Κ274Α0818300
1356447393906819912,Esther Suite | Duplex Suite with private courtyard,239769711,Nilie Premium Hospitality MGMT,,Thessaloniki,40.6383292,22.9425198,Entire home/apt,52,1,0,,,303,242,0,0933Κ274Α0818300
1356450081158383833,Esther Suites | Triple Room with Balcony,239769711,Nilie Premium Hospitality MGMT,,Thessaloniki,40.6383292,22.9425198,Entire home/apt,52,1,3,2025-06-01,1.23,303,247,3,0933Κ274Α0818300
1356452292305920548,Esther Suites | Deluxe Suite with Balcony,239769711,Nilie Premium Hospitality MGMT,,Thessaloniki,40.6383292,22.9425198,Entire home/apt,58,1,0,,,303,245,0,0933Κ274Α0818300
1356454237139632068,Esther Suites | Family Loft Room,239769711,Nilie Premium Hospitality MGMT,,Thessaloniki,40.6383292,22.9425198,Entire home/apt,59,1,3,2025-05-26,1.03,303,249,3,0933Κ274Α0818300
1356526242356987295,Black Onyx Comfort Suites 3,206134494,Ioanna,,Thessaloniki,40.63828179235911,22.937230005661572,Entire home/apt,100,1,2,2025-05-11,0.92,3,344,2,00003340042
1356572586407565620,JK 7towers 1894 Cozy Maisonette 100m2,676118280,Jk,,Neapolis – Sykeon,40.6473968540629,22.960599976721202,Entire home/apt,70,2,0,,,2,357,0,00003284228
1356684472963387151,Salonica forest inn- One,539961393,The Fox'S Lair,,Thessaloniki,40.6380343,22.9386199,Entire home/apt,43,2,6,2025-05-20,1.48,4,243,6,00003201935
1357137311833529770,Anna House,582309048,Stefanos,,Thessaloniki,40.6470091,22.9272313,Entire home/apt,33,90,0,,,1,364,0,00001502950
1357178157872146064,Ηοuseloft Duomo Retreat,29565272,Houseloft,,Thessaloniki,40.6308248,22.9453432,Entire home/apt,,1,7,2025-05-19,2.23,23,351,7,00003228451
1357276874082215925,Καλώς ήρθατε στο CityCube 2!,678659281,,,Thessaloniki,40.6291513,22.9513525,Entire home/apt,45,1,7,2025-06-10,1.75,2,332,7,00003215170
1358466631611533419,The Lux urban stay,231664008,,,Thessaloniki,40.63444519999999,22.9453532,Entire home/apt,115,2,2,2025-05-19,0.59,3,147,2,00002922297
1358565673191006546,Eleanor by halu! - 1BD Apartment,251290631,Halu,,Thessaloniki,40.6334056,22.947486,Entire home/apt,58,1,5,2025-05-10,1.60,99,365,5,00003219056
1358584015016366186,Deluva studio- Ipokratio #Skgbnb,1977386,Cristina&Tomas! Skgbnb,,Thessaloniki,40.61043905262902,22.96009584574076,Entire home/apt,50,1,4,2025-05-11,1.35,36,365,4,00003207038
1358601076361551412,Deluva luxury living II- Pylaia,1977386,Cristina&Tomas! Skgbnb,,Pilea – Chortiatis,40.59602880876011,22.986022058594624,Entire home/apt,64,7,0,,,36,327,0,00003199977
1359141152300974461,Cozy & Stylish,85803784,Ofir,,Thessaloniki,40.64007626159616,22.941823657964928,Entire home/apt,55,1,5,2025-05-30,2.03,1,298,5,00003221135
1359279892276967827,Iris Studio,48700435,Irene,,Thessaloniki,40.63712884497082,22.93688496931153,Entire home/apt,58,2,15,2025-06-22,4.17,1,360,15,00003239664
1359332940029921327,Lum by InFox Suites,436387571,Kyriakos,,Thessaloniki,40.601958427111306,22.963431043108773,Entire home/apt,50,1,5,2025-06-07,1.40,6,173,5,00003219470
1359381392828624929,"Calme, Nilie Hospitality MGMT",239769711,Nilie Premium Hospitality MGMT,,Thessaloniki,40.6388761,22.9364954,Entire home/apt,36,1,6,2025-06-07,1.91,303,363,6,2078673
1359415863337195732,Luxurious Sokratous Apartment,441152727,Leonidas,,Thessaloniki,40.6342266208469,22.948850579559803,Entire home/apt,83,2,1,2025-04-06,0.37,1,297,1,00001731530
1359584299414265539,new modern ground floor apartment near beach,6307048,Ελένη,,Thessaloniki,40.6020396,22.9518752,Entire home/apt,60,1,0,,,2,348,0,00002470737
1359654234180459456,#ALS- White bliss,505228383,Αντωνία,,Thessaloniki,40.627929297780355,22.951298095285892,Entire home/apt,82,2,13,2025-06-02,3.55,9,351,13,00003234075
1360070592272589529,"Creme 2, Nilie Hospitality MGMT",239769711,Nilie Premium Hospitality MGMT,,Thessaloniki,40.64267479999999,22.9399343,Entire home/apt,36,1,3,2025-04-08,0.83,303,336,3,2987458
1360291625665672191,Charis Beyond The Castle,679802624,Aikaterina,,Neapolis – Sykeon,40.64163735896093,22.960500666601295,Entire home/apt,62,2,1,2025-05-11,0.67,1,344,1,00002878215
1360623122634583109,KJA City Center Penthouse,153750571,Aristeidis,,Thessaloniki,40.6344804,22.954195,Entire home/apt,80,2,0,,,1,364,0,00002886630
1360811330151995226,Aegeon Apartment,679927275,Κωνσταντίνος,,Thessaloniki,40.63826615723267,22.937289148049626,Entire home/apt,67,2,0,,,1,365,0,00003030717
1360812425284817909,"Zennova #8, ConstantineApt",263237779,Stelios,,Thessaloniki,40.6188037,22.9558796,Entire home/apt,68,1,0,,,12,361,0,00003223574
1361552071330958402,Villa 8 Family suite 3 beds and balcony,103307879,Daniel,,Thessaloniki,40.5947176,22.9559163,Entire home/apt,152,2,1,2025-06-09,1,67,266,1,00002984271
1361597865532524578,Palama Vibes Central Comfort  Apartment,103307879,Daniel,,Thessaloniki,40.641154,22.9390749,Entire home/apt,59,1,0,,,67,90,0,00003222419
1362215487725907164,Δωμάτιο ξενοδοχείου με κουζίνα,447895243,Intel,,Thessaloniki,40.6423527747142,22.94036436863259,Private room,68,1,2,2025-03-09,0.52,3,82,2,1112223
1362336720354955658,City Center Studio | Old Town Steps | Casa Nativa,57377730,Natasa,,Thessaloniki,40.640059568299584,22.94727436151872,Entire home/apt,31,1,6,2025-06-20,1.78,3,365,6,00003227221
1362422971340746890,Ladadika City Gateway #4,305664744,Welcome Bnb,,Thessaloniki,40.6364056,22.9372758,Entire home/apt,50,1,2,2025-05-25,0.74,17,365,2,00003227322
1362453232799604948,Ladadika City Gateway#3,305664744,Welcome Bnb,,Thessaloniki,40.636453137789346,22.937256395816803,Entire home/apt,50,1,2,2025-04-14,0.69,17,358,2,00003227317
1362986124677679685,The Dune Nest-City Center Helexpo,23277852,Ioannis,,Thessaloniki,40.62896875358591,22.95315720140934,Entire home/apt,62,1,13,2025-06-23,4.11,4,303,13,00003238253
1363627018745532603,Aetherial Dreams | Room 1,680100368,Emphasis,,Thessaloniki,40.6391515,22.9371081,Entire home/apt,82,1,2,2025-05-25,1.54,5,174,2,00003190328
1363657652511869642,East of Thessaloniki,324774206,Αλέξανδρος,,Thessaloniki,40.605907793126704,22.95306161669034,Entire home/apt,59,1,17,2025-06-17,5.10,3,114,17,00003393657
1363703128541748649,#Κεντρικό Καμάρα Στούντιο,680555724,Σμαραγδα,,Thessaloniki,40.6326304,22.9516031,Entire home/apt,55,2,3,2025-05-20,1.17,1,168,3,00003236648
1363703326092645391,Zen Den Balcony,475410123,Fotios,,Thessaloniki,40.6075154945692,22.963755694226286,Entire home/apt,44,2,6,2025-06-15,1.78,1,86,6,00003233355
1363707070425876073,Urban Pulse,442073493,Daniel,,Thessaloniki,40.63983319376332,22.94342489267064,Entire home/apt,41,1,5,2025-05-10,1.55,3,360,5,00003228387
1363733054215230146,Penny's Flat,209693637,Πηνελόπη,,Pavlou Mela,40.66679389999999,22.9484914,Entire home/apt,49,1,4,2025-05-11,1.52,1,282,4,00003228467
1363738205430552519,Palama Vibes Apt 08 by ProLiving,103307879,Daniel,,Thessaloniki,40.641154,22.9390749,Entire home/apt,43,2,0,,,67,90,0,00003105404
1363812537821736265,Aetherial Dreams | Room 2,680100368,Emphasis,,Thessaloniki,40.640148651660446,22.93733903937646,Entire home/apt,82,1,0,,,5,173,0,00003190280
1363840992237095870,Aetherial Dreams | Room 3,680100368,Emphasis,,Thessaloniki,40.6391515,22.9371081,Entire home/apt,82,1,0,,,5,173,0,00003190333
1363867917870525968,Aetherial Dreams | Room 4,680100368,Emphasis,,Thessaloniki,40.638142088061784,22.936046146451442,Entire home/apt,82,1,0,,,5,173,0,00003190307
1363877444613378691,Aetherial Dreams | Room 5,680100368,Emphasis,,Thessaloniki,40.6391515,22.9371081,Entire home/apt,82,1,1,2025-04-27,0.51,5,173,1,00003190349
1364201631688502328,Stylish modern flat downtown,466453048,Georgios,,Thessaloniki,40.6188662,22.9554889,Entire home/apt,37,1,3,2025-06-06,1.02,1,144,3,Exempt
1364337385614157681,Flat with Terrace in Kalamaria,117560563,Anna,,Kalamaria,40.5821274,22.9516589,Entire home/apt,75,2,3,2025-05-28,1.32,1,219,3,00003244505
1364483170528659200,Gaia City Center,293672648,Zoe,,Thessaloniki,40.63978364174324,22.950670477025344,Entire home/apt,50,1,23,2025-06-10,6.33,6,33,23,00003229990
1364633759334751763,Fleming's House - Metro Station,680990410,Nικολαος,,Thessaloniki,40.609868012209816,22.956742150750735,Entire home/apt,45,2,2,2025-04-22,0.85,1,88,2,00003230424
1365089696380831067,Trisap Luxury Suites / T Suite,680869724,Νικόλαος,,Thessaloniki,40.6328997,22.9399483,Entire home/apt,67,2,1,2025-05-18,0.79,1,334,1,00003195990
1365280804485967982,"Toumba's Apartments
Loft 102",55383627,Στέλιος,,Thessaloniki,40.619478093961106,22.977070169311528,Entire home/apt,60,1,5,2025-06-14,1.55,6,258,5,1237062
1365287954673618142,Miranda_Apartment,276334158,Charalampos,,Thessaloniki,40.603789497149435,22.964253164827824,Entire home/apt,,2,1,2025-05-04,0.58,1,214,1,00003083832
1365378560266717553,"Toumba's Apartments
Penthouse 701",55383627,Στέλιος,,Thessaloniki,40.61962116955771,22.977070169311528,Entire home/apt,90,1,5,2025-05-29,1.72,6,251,5,1237062
1365821204414490714,Νέα Ελβετία στούντιο,559617794,Christos,,Thessaloniki,40.5952577,22.9654768,Entire home/apt,36,2,4,2025-06-22,2.03,2,119,4,00002995590
1366197939537133004,Cozy Apartment in Thessaloniki,222591141,Μαριάνθη,,Thessaloniki,40.61389847342119,22.955211102962494,Entire home/apt,46,2,0,,,1,144,0,00003251098
1366736249730302276,Shared Spaces - private Comfort,667067567,Dimitrios,,Thessaloniki,40.639409858707495,22.947009286508173,Private room,90,14,0,,,4,296,0,00003045586
1367294258914062398,Modern Urban One Bedroom Apartment,254269907,Orfeas,,Kalamaria,40.56715959943006,22.963647834393324,Entire home/apt,77,1,15,2025-06-13,4.05,1,301,15,00003067768
1367326379579431183,Christos IIII,481233847,Χρήστος,,Pilea – Chortiatis,40.62917894635407,23.044486083090305,Private room,41,1,0,,,4,339,0,00002983184
1367482876774768494,East Coast Théa,108992327,Katerina,,Kalamaria,40.572811273527286,22.96695473372957,Entire home/apt,87,2,3,2025-06-09,0.89,3,358,3,00003241802
1367896795310823109,Modern Muse Two-Bedroom Apartment,181242080,Athanasios,,Thessaloniki,40.642545325006864,22.946738635581983,Entire home/apt,97,2,1,2025-04-27,0.51,1,307,1,00003228218
1367962520428218860,PerissaHouse SKG II - cozy two bedrooms apartment,681872923,Qi,,Pilea – Chortiatis,40.6107648,22.9907507,Entire home/apt,68,2,4,2025-05-11,1.38,1,82,4,00002871578
1367987166503168078,Ladadika Urban Vibes #12,305664744,Welcome Bnb,,Thessaloniki,40.6375097634039,22.935716807842255,Entire home/apt,46,1,2,2025-03-22,0.57,17,362,2,00003267529
1367996259844935104,Ladadika Urban Vibes#10,305664744,Welcome Bnb,,Thessaloniki,40.637217171281776,22.934774220122332,Entire home/apt,46,1,4,2025-05-19,1.67,17,362,4,00003267529
1368006558924080090,Ladadika Urban Vibes #13,305664744,Welcome Bnb,,Thessaloniki,40.63839799235833,22.936263024437686,Entire home/apt,48,1,3,2025-05-30,1.48,17,352,3,00003267635
1368098331825411207,TTa vie,63888404,Athanasios,,Thessaloniki,40.60678370838825,22.952986881136894,Entire home/apt,58,3,7,2025-06-16,3.28,1,35,7,00003234108
1368241508438419195,Ladadika Urban Vibes #14 Two Separate Bedroom,305664744,Welcome Bnb,,Thessaloniki,40.63662197655717,22.935086651384804,Entire home/apt,108,1,3,2025-06-07,1.05,17,331,3,00003267640
1368410221144713338,#ALS- Aether Luxe Suite,505228383,Αντωνία,,Thessaloniki,40.6064576,22.9593868,Entire home/apt,71,2,13,2025-06-22,4.19,9,301,13,00003250585
1368739047569692005,Niki's Cozy Home in Thessaloniki,236303449,Niki,,Ampelokipon – Menemeni,40.65777842505107,22.919390178836906,Entire home/apt,81,2,3,2025-05-03,1.13,1,231,3,00003264464
1369101125229186196,Kaza’s house,668112712,Kωνσταντινος,,Thessaloniki,40.6447842,22.9177081,Entire home/apt,53,1,2,2025-05-10,0.75,1,354,2,00003259369
1369347598212389934,Δ1 ΔΟΚΟΥ,360505105,Φωτιος,,Thessaloniki,40.641718297360086,22.93926738202572,Private room,94,1,1,2025-03-25,0.33,2,174,1,00003204786
1369373858793643467,Δ2 ΔΟΚΟΥ,360505105,Φωτιος,,Thessaloniki,40.64175619458997,22.93927274644375,Private room,110,1,1,2025-03-23,0.32,2,365,1,00003204850
1369374017123140478,Rois Urban Stay,682290497,Konstantinos,,Thessaloniki,40.6387058,22.9412147,Entire home/apt,48,2,7,2025-06-18,2.31,1,98,7,00003262194
1369395737544357883,Marilectra Urban Stay,400101793,Παρασκευή,,Thessaloniki,40.6151592,22.9597843,Entire home/apt,54,2,0,,,1,359,0,00003282473
1369533298233178979,"Vesper Apartment #4, The Luxury Suites",280458084,The Luxury Suites,,Thessaloniki,40.63949,22.93773,Entire home/apt,39,2,7,2025-05-19,3.04,180,175,7,00003235794
1369542896674268235,"Harmony Suite, Nilie Hospitality MGMT",239769711,Nilie Premium Hospitality MGMT,,Thessaloniki,40.6417368,22.9440149,Entire home/apt,38,1,4,2025-05-11,1.52,303,365,4,2298595
1369542936997779639,"New Yorker 3, Nilie Hospitality MGMT",239769711,Nilie Premium Hospitality MGMT,,Thessaloniki,40.6386362,22.9411197,Entire home/apt,38,1,5,2025-06-09,2.05,303,364,5,1871223
1369756412592226147,Horizon 2 /Downtown Penthouse,187796636,Afentoula,,Thessaloniki,40.6333058,22.9494384,Entire home/apt,70,3,0,,,2,341,0,00003223388
1370010495571941826,Flat99,8357917,Omiros,,Thessaloniki,40.62920337397137,22.95016150921583,Entire home/apt,89,5,1,2025-04-13,0.41,2,277,1,00002885830
1370146114530734722,New Cozy Apt with Balcony close to Analipsi Metro,668350102,,,Thessaloniki,40.6044715,22.9538266,Entire home/apt,61,2,4,2025-05-14,1.50,1,345,4,00002865465
1370279667371463403,Boho & luxury in the Thessaloniki centre,13597375,Filitsa,,Thessaloniki,40.630640769390986,22.951267221492117,Entire home/apt,41,2,0,,,6,355,0,00003091385
1370785725733586441,"Thalia Studio, Nilie Hospitality MGMT",239769711,Nilie Premium Hospitality MGMT,,Thessaloniki,40.6432497,22.9396945,Entire home/apt,34,1,5,2025-06-08,2.21,303,322,5,3242745
1370835696781459221,Aelia Urban Stay Thessaloniki,591740014,Konstantinos,,Thessaloniki,40.6414131,22.941296,Entire home/apt,80,2,0,,,1,345,0,00003208842
1371572138613160647,"Mavili Studio #2, Nilie Hospitality MGMT",239769711,Nilie Premium Hospitality MGMT,,Thessaloniki,40.6412322,22.9380465,Entire home/apt,40,1,3,2025-04-27,1.36,303,353,3,2926698
1371728158197205727,Stay Hybrid Youth Hostel,91345026,Zeid,,Thessaloniki,40.6392196,22.9421471,Shared room,74,1,0,,,1,109,0,1002076
1373216195012302701,Cloe Urban Chic,36536503,Anastasia,,Thessaloniki,40.6120624,22.9537766,Entire home/apt,50,2,6,2025-06-22,1.89,1,314,6,3241966
1373367364974026840,Green Oasis W/Free Parking 5 min,683360911,,,Thessaloniki,40.61733716145157,22.96507698160853,Entire home/apt,51,1,7,2025-06-10,2.31,1,238,7,00003236239
1373752275012650318,Panorama Sunvilles Apartment 5,683458895,Hliaktis,,Pilea – Chortiatis,40.5820701,23.0081085,Entire home/apt,55,1,7,2025-05-05,2.23,1,69,7,01245674155
1373769925563050106,Amelie by halu! 2-BD modern apt,251290631,Halu,,Thessaloniki,40.6160002,22.9547448,Entire home/apt,,1,0,,,99,0,0,00003243519
1373794678861427453,"Avenue Budget Rooms, Nilie Hospitality MGMT",239769711,Nilie Premium Hospitality MGMT,,Thessaloniki,40.6370746,22.9394385,Entire home/apt,42,1,5,2025-04-01,1.49,303,365,5,3256995
1373928066648073735,SkySuite42,683508727,Αναστάσιος,,Thessaloniki,40.6404139,22.9216013,Entire home/apt,200,1,0,,,1,362,0,00003138730
1374008413319899742,Nexus Budget Apartment #607,119416356,Fani,,Thessaloniki,40.64212558076966,22.934543729910114,Entire home/apt,43,1,7,2025-05-17,2.23,34,36,7,00003235162
1374039152221853776,Old charm,82496628,Stella,,Thessaloniki,40.6411187,22.9505932,Entire home/apt,47,2,0,,,2,165,0,00003243980
1374345602302604368,#Ioanna Apartments Unique,434347481,Ioanna Apartments,,Pavlou Mela,40.680929259435,22.931329844705214,Entire home/apt,42,1,5,2025-06-15,1.83,23,318,5,00003239579
1374449671073723215,Thea one-bedroom apartment,1619493,Georgios,,Thessaloniki,40.64460093736854,22.923644623942558,Entire home/apt,48,7,0,,,10,365,0,00003384900
1374515577243635085,Very comfy and spacious flat,323572875,Στέργιος,,Thessaloniki,40.59877149140771,22.968429273897986,Entire home/apt,45,30,1,2025-04-14,0.42,1,359,1,00003242670
1374561716117876171,Stay In Thessaloniki 2 bedrooms 1000 mbps internet,471804047,Aglaia,,Neapolis – Sykeon,40.64923338282225,22.93592074389453,Entire home/apt,54,1,30,2025-06-22,8.91,1,309,30,00003218846
1374627549008564790,Nexus Apartment #601,119416356,Fani,,Thessaloniki,40.64053441418566,22.93394778103349,Entire home/apt,46,1,5,2025-06-05,1.79,34,84,5,00003235040
1374632384683875729,GatheringThess- Ippokrateio,22071605,Νικολαος,,Thessaloniki,40.6131907,22.9588056,Entire home/apt,57,2,7,2025-06-19,2.63,2,278,7,00003239871
1375215036620861515,Nexus Apartment #605,119416356,Fani,,Thessaloniki,40.64133,22.93419,Entire home/apt,46,1,29,2025-05-18,8.61,34,95,29,00003235141
1375220664461559966,Elite #1 Central Apartment by BiNoBi!,660809871,,,Thessaloniki,40.6343389,22.9399308,Entire home/apt,59,1,2,2025-06-15,1.71,13,359,2,00003225212
1375289475735527196,"V1 #4 Studio with Balcony, Nilie Hospitality MGMT",239769711,Nilie Premium Hospitality MGMT,,Thessaloniki,40.6423279,22.9348297,Entire home/apt,40,1,0,,,303,236,0,2334812
1375411242277807509,Urban wohnen im Herzen von Thessaloniki,369235800,Pascal,,Ampelokipon – Menemeni,40.648649247291885,22.92998928576708,Entire home/apt,49,1,0,,,1,351,0,Exempt
1375412369343700569,"""Iconic1 Luxury Apartment""",90487717,Dimitrios,,Thessaloniki,40.6194183,22.9558625,Entire home/apt,76,2,0,,,2,87,0,00003247297
1375908567763789718,Nexus Suite #606,119416356,Fani,,Thessaloniki,40.64192112453475,22.932276880898435,Entire home/apt,37,1,5,2025-05-13,2.05,34,92,5,00003235157
1375922384260096203,BS House 2,684042838,Nteni,,Thessaloniki,40.6390749,22.9363394,Entire home/apt,60,1,0,,,1,365,0,00003247415
1375923994035812109,Elite #2 Central Apartment by BiNoBi!,660809871,,,Thessaloniki,40.6343389,22.9399308,Entire home/apt,60,1,17,2025-06-19,5.37,13,361,17,00003225233
1375949108834730773,SKG Loft,684047317,,,Ampelokipon – Menemeni,40.64981391020766,22.926229077910563,Entire home/apt,57,1,6,2025-05-30,1.91,1,365,6,00003247967
1375962556836845920,Terra Suites | Budget Studio,239769711,Nilie Premium Hospitality MGMT,,Thessaloniki,40.6380986,22.9495568,Entire home/apt,59,1,0,,,303,236,0,1381443
1375968687589453966,Terra Suites | Standard Studio,239769711,Nilie Premium Hospitality MGMT,,Thessaloniki,40.6380986,22.9495568,Entire home/apt,60,1,1,2025-04-05,0.37,303,354,1,1381443
1375972545837389735,Terra Suites | Studio with Backyard,239769711,Nilie Premium Hospitality MGMT,,Thessaloniki,40.6380986,22.9495568,Entire home/apt,61,1,0,,,303,354,0,1381443
1375977657074947430,Terra Suites | King Studio,239769711,Nilie Premium Hospitality MGMT,,Thessaloniki,40.6380986,22.9495568,Entire home/apt,62,1,0,,,303,354,0,1381443
1375983364209680208,Terra Suites | Deluxe Studio,239769711,Nilie Premium Hospitality MGMT,,Thessaloniki,40.6380986,22.9495568,Entire home/apt,62,1,0,,,303,354,0,1381443
1375986546895134955,Terra Suites | Studio with Balcony,239769711,Nilie Premium Hospitality MGMT,,Thessaloniki,40.6380986,22.9495568,Entire home/apt,63,1,0,,,303,354,0,1381443
1375990547818803470,Terra Suites | Apartment,239769711,Nilie Premium Hospitality MGMT,,Thessaloniki,40.6380986,22.9495568,Entire home/apt,64,1,0,,,303,239,0,0933Κ274Α0818372
1375993924687650848,Terra Suites | Apartment with Balcony,239769711,Nilie Premium Hospitality MGMT,,Thessaloniki,40.6380986,22.9495568,Entire home/apt,65,1,0,,,303,351,0,1381443
1375997937049145892,Terra Suites | Penthouse Studio with Terrace,239769711,Nilie Premium Hospitality MGMT,,Thessaloniki,40.6380986,22.9495568,Entire home/apt,66,1,0,,,303,352,0,1381443
1376083915031722645,The Cream Apt- Minimal στο Κέντρο της Θεσσαλονίκης,569353830,Eleni,,Thessaloniki,40.63964128815692,22.945269159972668,Entire home/apt,43,1,6,2025-06-18,3.91,3,357,6,00002993741
1376757833076793281,"""Iconic2 Luxury Apartment""",90487717,Dimitrios,,Thessaloniki,40.6194183,22.9558625,Entire home/apt,64,2,3,2025-06-11,1.07,2,172,3,00003247297
1376787897752698198,Rodou,90780487,Olga,,Pavlou Mela,40.661135535179966,22.931900012448843,Entire home/apt,46,1,10,2025-06-08,4.11,4,60,10,00003234665
1376860978395296537,Φιλόξενο και άνετο στούντιο,683481123,,,Thessaloniki,40.611883732330156,22.970292828977108,Entire home/apt,30,3,4,2025-06-08,2.67,1,131,4,00003299868
1377512873399990814,F-Residence Studio 10 min center,495550951,Ilias,,Neapolis – Sykeon,40.65007216276191,22.939600834261903,Entire home/apt,49,3,0,,,9,354,0,0933Κ131Κ0099400
1377520138480760576,F- Residence private room en-suite with balconies,495550951,Ilias,,Neapolis – Sykeon,40.648125582290106,22.937352695534724,Private room,60,3,1,2025-04-07,0.38,9,365,1,0933Κ131Κ0099400
1377529488927055483,F- Residence Flat Thessaloniki,495550951,Ilias,,Thessaloniki,40.6478550941041,22.938164930144502,Entire home/apt,51,2,0,,,9,352,0,0933Κ131Κ0099400
1377559060247400125,KC apartments,651271407,Konstantinos,,Thessaloniki,40.640981532284826,22.949992530047894,Entire home/apt,31,1,10,2025-06-20,3.16,1,255,10,00003228982
1378064487237445599,Άνετο διαμέρισμα με ένα δωμάτιο.,318973561,Theodoros,,Thessaloniki,40.63869663620271,22.95043509453535,Private room,43,2,0,,,1,123,0,00003251136
1378135058185814779,ThessVibe Home,661005375,Κυριάκος,,Thessaloniki,40.640229643673614,22.949350229703583,Entire home/apt,45,1,4,2025-06-13,1.54,1,265,4,00003253352
1378207742308814138,Gounari  Street Central  Apt,684583623,Ido Yakov,,Thessaloniki,40.6279328,22.9474812,Entire home/apt,42,2,8,2025-06-20,2.79,1,348,8,00003259475
1378395806309899096,The CozyCapsule SKG,51567698,Ekaterini,,Thessaloniki,40.6370393673752,22.949816019573976,Entire home/apt,71,2,12,2025-06-15,3.75,2,264,12,00003245086
1378970634110793182,DoorMat#30 Calm Nest,555435959,Fotios,,Thessaloniki,40.6410786345858,22.93911196114419,Entire home/apt,,1,9,2025-06-02,3.70,23,38,9,00003187682
1379010408630787642,Thessaloniki's little gem,256193295,Konstantinos,,Kalamaria,40.57269190299907,22.9564506188035,Entire home/apt,54,2,3,2025-06-04,1.38,1,35,3,00131108440
1379476973056339662,Στούντιο στο κέντρο,474528077,Elina,,Thessaloniki,40.638900580803195,22.95039358604921,Entire home/apt,32,2,1,2025-06-08,1,1,303,1,00003385721
1379480350265916200,Elite #3 Central Apartment by BiNoBi!,660809871,,,Thessaloniki,40.6343389,22.9399308,Entire home/apt,62,1,6,2025-06-13,2.22,13,363,6,00003225280
1379728058017266732,Δωμάτιο Θεσσαλονίκη,682925599,Marios,,Thessaloniki,40.63575429999999,22.9504746,Private room,30,1,0,,,1,363,0,14919365701
1379867573219672200,Eirini's Friends House,685034119,Γεώργιος,,Thessaloniki,40.643413720153696,22.935968619744273,Entire home/apt,42,1,5,2025-05-03,1.72,1,230,5,00003237070
1380282061156929217,Superior Suite Zotos Luxury Studios & Apartments,666607118,Γεώργιος,,Thessaloniki,40.6282753,22.9513298,Entire home/apt,66,2,0,,,15,360,0,00002892206
1380346729736575982,City Apartment in Thessaloniki,684970106,Konstantinos,,Thessaloniki,40.63515,22.9478,Entire home/apt,64,1,1,2025-06-09,1,1,260,1,00628629285
1380380869174843024,"Studo 54, Nilie Hospitality MGMT",239769711,Nilie Premium Hospitality MGMT,,Thessaloniki,40.6319579,22.9438368,Entire home/apt,,1,9,2025-06-07,3.21,303,0,9,2993620
1380396653788943145,Deluxe Suite Zotos Luxury Studios & Apartments,666607118,Γεώργιος,,Thessaloniki,40.6282753,22.9513298,Entire home/apt,66,2,4,2025-05-26,1.85,15,364,4,00002892010
1380452957557646292,Under Castle Walls cottage,685178352,Ελευθερια,,Thessaloniki,40.64132549419142,22.957727015018463,Entire home/apt,46,2,7,2025-06-24,2.41,1,344,7,00003205704
1380500865757068191,Palea: Urban comfort in Thessaloniki,685196054,,,Thessaloniki,40.63483762556914,22.93651048136662,Entire home/apt,73,2,1,2025-03-31,0.35,1,358,1,00003245373
1380588615654500524,Poetic #Skgbnb,28267881,Tomas&Cristina! Skgbnb,,Thessaloniki,40.6310983,22.9523645,Entire home/apt,108,2,3,2025-04-28,1.23,29,292,3,00003242639
1380595966060852167,2 Bedroom appartment Very Central,201738738,Your.Rentals,,Thessaloniki,40.6104651,22.9623759,Entire home/apt,43,7,0,,,23,301,0,00003682822
1380997405782526041,Portoseaview _Modern Luxury Apartment Mitrop.131,372140900,Κωνσταντινια,,Thessaloniki,40.6279299,22.9495828,Entire home/apt,194,1,3,2025-06-09,1.30,41,350,3,00003035396
1381264191012377823,Alba Horizon Living,685388874,Dimosthenis,,Pilea – Chortiatis,40.5969595,22.9833486,Entire home/apt,65,1,5,2025-06-21,1.60,1,357,5,00003253554
1381696972630611309,Petra,685489816,Sofia,,Thessaloniki,40.64383640043162,22.94493116345925,Entire home/apt,41,1,0,,,4,285,0,00003171061
1381699628550544739,"Stylish Apartment, Nilie Hospitality MGMT",286613437,Maria Igkalil,,Thessaloniki,40.6353628,22.9479504,Entire home/apt,45,1,4,2025-05-11,1.74,1,363,4,3184692
1381827685312928966,"Little Paris, Nilie Hospitality MGMT",239769711,Nilie Premium Hospitality MGMT,,Thessaloniki,40.6306119,22.9507354,Entire home/apt,44,1,2,2025-04-30,0.95,303,360,2,1937965
1382428818149637017,Egnatia x Agia Sofia,88129116,Dimitrios,,Thessaloniki,40.634618443743356,22.946903751058564,Entire home/apt,55,2,1,2025-04-05,0.37,1,177,1,00003255542
1382578676253026314,Vintage & Minimal Apartment,685694394,Eleni,,Thessaloniki,40.60654950982143,22.969437560242902,Entire home/apt,41,1,3,2025-06-02,1.13,1,175,3,00003262349
1383250039743308937,Paul Diamond Home,32216964,George,,Thessaloniki,40.6428939,22.9390972,Entire home/apt,98,2,0,,,16,354,0,00003235853
1383503304727755700,"Ευρύχωρο, κοντά στη θάλασσα.",673003267,Αρταν,,Thessaloniki,40.62848959999999,22.9520551,Entire home/apt,39,2,0,,,2,154,0,00003252547
1383767823323578014,Villa 8 Family Suite - 2 beds and a balcony,103307879,Daniel,,Thessaloniki,40.59376203719464,22.955948457672104,Entire home/apt,84,2,0,,,67,266,0,00003260387
1383816434370261307,Elegant Skyline View Apartment,145800043,Dimitris,,Thessaloniki,40.64065722412539,22.940386442327902,Entire home/apt,88,1,1,2025-05-02,0.56,4,280,1,00000034433
1383836659344252274,"V1 Penthouse #9, Nilie Hospitality MGMT",239769711,Nilie Premium Hospitality MGMT,,Thessaloniki,40.6423279,22.9348297,Entire home/apt,43,1,2,2025-05-17,1.13,303,309,2,2562494
1383872844823299030,villa 8 delux apartment,103307879,Daniel,,Thessaloniki,40.593970306150204,22.954803267676,Entire home/apt,74,2,0,,,67,258,0,00003236998
1383890711209018084,"Tritos, Sleeps 11 - Sea View - Balcony - Parking",682491675,Travelnest,,Thessaloniki,40.61423911273064,22.953461952167434,Entire home/apt,305,1,1,2025-05-11,0.67,5,363,1,00000901581
1383891201893364684,Pemptos-3Bedroom-2Bathroom-Balcony-SeaView,682491675,Travelnest,,Thessaloniki,40.615212209159054,22.953739362777153,Entire home/apt,289,1,1,2025-05-11,0.67,5,358,1,00000821176
1383891563118333327,Two Big Waterfront Apartments in same Building,682491675,Travelnest,,Thessaloniki,40.61531,22.95433,Entire home/apt,800,1,0,,,5,364,0,00000901581
1383892035672376286,Cosy studio by Galerius palace T,682491675,Travelnest,,Thessaloniki,40.63029568885383,22.949326892018433,Entire home/apt,96,1,0,,,5,364,0,00002968330
1383896032431359163,Studio Ladadika: Chic & Cozy,667067567,Dimitrios,,Thessaloniki,40.637262,22.937758,Entire home/apt,47,2,2,2025-05-04,0.83,4,363,2,00003352953
1384159346688473462,Studio Thessaloniki 1,300498633,Pantelis,,Thessaloniki,40.64365919999999,22.939419,Entire home/apt,46,1,4,2025-04-29,1.50,2,364,4,00003251731
1384181958701558100,Studio Thessaloniki 2,300498633,Pantelis,,Thessaloniki,40.64365919999999,22.939419,Entire home/apt,46,1,1,2025-05-07,0.61,2,364,1,00003251731
1385600439214212638,Aristotelous Center,405000266,Teo,,Thessaloniki,40.635371525614076,22.948938976978244,Entire home/apt,41,1,3,2025-06-22,2.31,1,330,3,00001346334
1386097641538145687,Thessaloniki Boutique 3BD APT,686605147,Alon,,Thessaloniki,40.6395629,22.9458624,Entire home/apt,66,1,13,2025-06-22,4.64,1,295,13,00003197989
1386207595211865253,Tranquil Charm,128968239,Konstantinos,,Thessaloniki,40.63871683096765,22.939252825871215,Entire home/apt,70,1,0,,,13,333,0,00003046083
1386285900400188726,Two bedroom cozy apartment in Ano Poli,17404160,,,Thessaloniki,40.638446657969176,22.955641996719976,Entire home/apt,37,2,1,2025-04-19,0.45,3,334,1,00003239415
1386397631028298567,Soleggiato Minimal Apartment Thessaloniki,273836122,Antonis,,Thessaloniki,40.632015396901714,22.952962389354116,Entire home/apt,47,2,8,2025-06-06,2.93,2,218,8,00003275576
1388285821721618622,Άνετο Διαμέρισμα 2 Υπνοδωματίων με Θέα στην Πόλη,687114535,Βασίλειος,,Thessaloniki,40.6432758,22.9335114,Entire home/apt,82,3,3,2025-06-16,1.38,1,202,3,00003083290
1388389634292908953,Salvia,685489816,Sofia,,Thessaloniki,40.644129289957895,22.944609637434404,Entire home/apt,45,1,2,2025-04-13,0.71,4,324,2,00003171115
1389045646503860254,The COZY apartment,687322447,Βασιλειος,,Thessaloniki,40.6159918,22.9765772,Entire home/apt,52,2,1,2025-05-26,1,2,265,1,00003251370
1389086358562908388,metro studio 1 (private parking),510341599,Athanasios,,Thessaloniki,40.601601085417116,22.958323135972023,Entire home/apt,47,2,6,2025-05-25,2.22,2,66,6,00003249217
1389656249902926747,F-Residence Flat Thessaloniki,495550951,Ilias,,Neapolis – Sykeon,40.64848,22.93794,Entire home/apt,50,2,0,,,9,353,0,0933K131K0099400
1389749994464546970,The cityscape apartment,687322447,Βασιλειος,,Thessaloniki,40.6435506,22.9392974,Entire home/apt,48,2,0,,,2,179,0,00003251385
1389835428278473079,la Casa Mari cozy stay near metro & center,687540610,Σουσανικ,,Thessaloniki,40.61857,22.958376,Entire home/apt,57,1,4,2025-06-19,4,1,266,4,00003364722
1389861855439599440,Homevision - The Next Chapter 1,515398068,Homevision,,Thessaloniki,40.64408359999999,22.9348074,Entire home/apt,34,1,2,2025-06-13,2,28,359,2,00003280013
1389877050051708170,Homevision - The Next Chapter 2,515398068,Homevision,,Thessaloniki,40.64408359999999,22.9348074,Entire home/apt,36,1,3,2025-06-14,1.70,28,357,3,00003280630
1390013868842892859,Casa Nolita THESS by 3CS,33345470,Pavlos,,Thessaloniki,40.637262,22.937758,Entire home/apt,33,1,1,2025-05-08,0.63,4,349,1,00003246354
1390284719806759769,Cozy Vibes by thesbnb,379910184,Νικόλαος,,Thessaloniki,40.63243,22.95292,Entire home/apt,61,1,7,2025-06-08,2.80,14,312,7,00003278789
1390327415044945304,Homevision - The Next Chapter 3,515398068,Homevision,,Thessaloniki,40.64408359999999,22.9348074,Entire home/apt,53,1,3,2025-06-09,1.53,28,348,3,00003280995
1390408420685605272,Homevision - The Next Chapter 4,515398068,Homevision,,Thessaloniki,40.64408359999999,22.9348074,Entire home/apt,38,1,0,,,28,355,0,00003281000
1390421036727677539,Homevision - The Next Chapter 5,515398068,Homevision,,Thessaloniki,40.64408359999999,22.9348074,Entire home/apt,34,1,3,2025-05-11,1.53,28,356,3,00003281015
1390591715984569279,Lion Apartment Port,687755154,Αθανασιος,,Thessaloniki,40.6416669,22.9209839,Entire home/apt,46,1,1,2025-06-09,1,2,130,1,00000981422
1390639414814568354,ITHACA Διαμέρισμα 3ου με θέα.,474014028,Θεόδωρος,,Pavlou Mela,40.655246863553025,22.95376576403072,Entire home/apt,80,1,1,2025-04-13,0.41,2,358,1,00002960054
1391062578408597682,Free parking 10min Airport and amazing view,541382479,Vidosav,,Kalamaria,40.56642216674618,22.962680611713324,Entire home/apt,48,1,1,2025-06-07,1,2,233,1,00009354145
1391721173485553463,The Heart of Thessaloniki Apartment,687287028,Eleni,,Thessaloniki,40.640151382674844,22.9374136403203,Entire home/apt,68,3,4,2025-05-25,2.00,1,165,4,00003272645
1391871380434100954,Tsinari Studio,20167631,Ioannis,,Thessaloniki,40.6435513,22.9475382,Entire home/apt,36,1,12,2025-06-08,5.37,1,343,12,00003281217
1392041211379294845,Apt D5,132174171,Athanasios,,Pavlou Mela,40.6588226,22.9323428,Entire home/apt,76,2,7,2025-06-11,4.67,1,363,7,00003281419
1392133169574203020,Daphne,685489816,Sofia,,Thessaloniki,40.64452504027241,22.943833780258686,Entire home/apt,48,1,0,,,4,329,0,00003171098
1392157807488673078,Lion Apartment Sunset,687755154,Αθανασιος,,Thessaloniki,40.6301765,22.9685471,Entire home/apt,60,1,0,,,2,141,0,00000010263
1392632028285665990,Beautiful Comfortable Apartment,687955761,Filippos,,Pavlou Mela,40.66300326805949,22.9323256321906,Entire home/apt,52,3,4,2025-05-11,1.64,1,224,4,00003271128
1392704553578270000,Kapo di Navarino Stylish Apartment,344189767,Georgios,,Thessaloniki,40.63070773414412,22.950269822090142,Entire home/apt,56,2,10,2025-06-20,4.11,1,343,10,00003281572
1392729359427166003,Balcony Relax Room,88004697,Anastasia,,Pilea – Chortiatis,40.60900243210858,22.993341743713593,Entire home/apt,67,2,0,,,1,361,0,00003345769
1393292571078418694,Iconic Premium seafront 3 bedrooms & 2 baths,468818538,Konstantinos,,Thessaloniki,40.63010513982796,22.94345833361149,Entire home/apt,312,1,6,2025-06-22,2.61,2,276,6,00003179821
1393503362707191568,Modern Apartment 10 mins walk from the center,158677510,Αντώνιος,,Thessaloniki,40.64424076498944,22.94283217926563,Entire home/apt,43,2,6,2025-06-10,3.91,1,327,6,3282330
1393986333916478908,Suite 107,564324154,Zoe,,Thessaloniki,40.6415205,22.9353816,Entire home/apt,36,1,21,2025-06-23,12.12,2,282,21,3283620
1394078997773664596,JLine Luxury Seaview Apartment,518553807,Kinfeel North,,Thessaloniki,40.611132075464155,22.952688782314436,Entire home/apt,72,2,4,2025-06-15,2.50,8,360,4,00003275799
1394088777164994310,MainAvenue Living Savoir,451501319,Nikolaos Taxiarchis,,Thessaloniki,40.635114059498456,22.945395307731527,Entire home/apt,152,1,1,2025-06-08,1,2,364,1,00003280852
1394104075905444844,JLine Luxury Urban Apartment 2,518553807,Kinfeel North,,Thessaloniki,40.60608,22.95341,Entire home/apt,73,2,0,,,8,361,0,00003275821
1394110164568553448,Koromila 17 | Urban Chic Apartment,684291404,רז,,Thessaloniki,40.6312577,22.9430456,Entire home/apt,57,3,3,2025-05-24,1.38,1,246,3,00003217658
1394158239399790285,JLine Luxury Urban Apartment 1,518553807,Kinfeel North,,Thessaloniki,40.6060784,22.95319052513124,Entire home/apt,70,2,0,,,8,362,0,00003275816
1394276025807223542,Fitness Apartment In The Center,108121342,Danijela,,Thessaloniki,40.6391955512937,22.94705198126244,Entire home/apt,42,1,7,2025-06-08,3.62,1,16,7,00003290085
1394728515345131817,Center of Thessaloniki,324774206,Αλέξανδρος,,Thessaloniki,40.62899785716035,22.951972601633187,Entire home/apt,74,1,2,2025-06-08,2,3,87,2,00003276026
1394972390335620198,Home Sweet Home,688885452,Ανδρονικη,,Thessaloniki,40.611226806558015,22.968396959524558,Entire home/apt,63,1,6,2025-06-08,3.46,1,321,6,00003176337
1395402036438097487,Quiet cute flat close to center,689004194,Savas,,Neapolis – Sykeon,40.6363959,22.9594376,Entire home/apt,26,1,5,2025-05-25,2.42,2,344,5,00007487498
1395450819755126151,"Funky, cute flat close t center",689004194,Savas,,Neapolis – Sykeon,40.6364,22.95944,Entire home/apt,25,1,4,2025-06-20,1.64,2,355,4,00007487490
1395455382770940826,Cozy New 2 bedrooms apartment for 4 people,83216418,Viktoria,,Neapolis – Sykeon,40.64782988367186,22.94053941965103,Entire home/apt,69,1,1,2025-05-18,0.79,2,363,1,00003279733
1395504099633951603,Olgas Street Spacious Apt,689024649,Λενα Νου,,Thessaloniki,40.61592615655779,22.955381375754712,Entire home/apt,43,2,3,2025-06-08,1.23,1,362,3,00003238986
1395695803824940869,Giallo apartment thessaloniki ladadika,273836122,Antonis,,Thessaloniki,40.635398022298716,22.936962270480258,Entire home/apt,44,2,4,2025-05-15,1.82,2,171,4,00002238163
1395756768636450800,Marbled Premium Apartment,689102685,Evangelia,,Thessaloniki,40.618487630988064,22.956228655280093,Entire home/apt,,2,0,,,1,362,0,00002880463
1396195984622836815,Ophelia Apartments by halu!  Hot Tub & Balcony Apt,251290631,Halu,,Thessaloniki,40.63699,22.9391,Entire home/apt,102,1,6,2025-06-08,2.69,99,341,6,00003075183
1396221363017777151,SKG Urban Boutique,128968239,Konstantinos,,Thessaloniki,40.63800175834421,22.93730544717012,Entire home/apt,65,1,0,,,13,77,0,00003290734
1396370091590364827,Rotonda City Apartment,29643928,Desen Hospitality,,Thessaloniki,40.63525821309813,22.950522561847265,Entire home/apt,61,1,0,,,6,294,0,00003290882
1396494320955039537,VILLA 8 Two bedroom family apartment with balcony,103307879,Daniel,,Thessaloniki,40.59415215661018,22.956489066358028,Entire home/apt,81,2,2,2025-05-12,0.95,67,261,2,00003278258
1396874346009335119,Athina,685489816,Sofia,,Thessaloniki,40.64456151138927,22.943791940291135,Entire home/apt,39,1,1,2025-04-19,0.45,4,258,1,00003171020
1397104288699403641,#Cosy & Central Stoudio,689434268,Athina,,Thessaloniki,40.6395176,22.9424165,Entire home/apt,34,2,1,2025-05-04,0.58,1,90,1,00000141970
1397855559785799843,2 Bedroom Heart Center,201738738,Your.Rentals,,Thessaloniki,40.6104651,22.9623759,Entire home/apt,39,5,0,,,23,321,0,00000320077
1398457633061831424,Modern Stay in Thessaloniki,531428257,Evgeny,,Thessaloniki,40.63561,22.95483,Entire home/apt,55,1,7,2025-06-19,3.68,1,337,7,00003292153
1398587278658301446,Old Town Family Apartment_M118,433471717,Georgios,,Thessaloniki,40.635502465463574,22.953286656719307,Entire home/apt,62,1,0,,,18,350,0,Exempt
1398592552020941530,Old Town Family Apartment_M458,433471717,Georgios,,Thessaloniki,40.63580628152052,22.95437593704983,Entire home/apt,45,4,0,,,18,351,0,Exempt
1398600495139413193,Old Town Family Apartment_M238,433471717,Georgios,,Thessaloniki,40.63418509111907,22.95312368931022,Entire home/apt,40,2,2,2025-04-28,0.91,18,351,2,00002978637
1398616187377241701,"Stylish 3BR Home, Thessaloniki",13981078,Gorana,,Thessaloniki,40.6005439,22.9608294,Entire home/apt,107,2,0,,,1,179,0,00003324291
1398626973406488993,"East City Living Apt - Netflix, Vesta Philoxenia",687718138,Evangelos,,Kalamaria,40.57605,22.95993,Entire home/apt,70,2,0,,,1,258,0,00003262641
1398973024365087320,The warm nest!,271529047,Δημήτριος,,Kalamaria,40.57771125296719,22.95203891680906,Entire home/apt,49,3,1,2025-05-16,0.75,1,361,1,00003312614
1399063943892186815,Aura Modern Home,9172366,Evgenia,,Thessaloniki,40.60073418511397,22.956849685845867,Entire home/apt,86,1,0,,,1,191,0,00002970547
1399098112440409035,"Amarie, The Luxury Suites",280458084,The Luxury Suites,,Thessaloniki,40.63617711893719,22.93763550845209,Entire home/apt,54,2,8,2025-06-10,3.69,180,160,8,00003294630
1399167959201537590,Villa8-3bedroom Family apartment and large balcony,103307879,Daniel,,Thessaloniki,40.59355014854842,22.955426657859608,Entire home/apt,156,2,2,2025-05-25,1.09,67,240,2,00003276212
1399198080108578079,Kosmos Service Apt Near Saint Dimitrious Church,689956228,Vasileios,,Thessaloniki,40.63607263389389,22.949115408441028,Entire home/apt,59,1,1,2025-05-21,0.86,16,327,1,00002255405
1399256881097845491,Kosmos Service Apartment Beautiful Studio 2,689956228,Vasileios,,Thessaloniki,40.6429077496187,22.938762396857,Entire home/apt,33,1,0,,,16,322,0,00002512294
1399283634664275060,Central modern flat,28098728,Themistoklis,,Thessaloniki,40.63210309999999,22.9430567,Entire home/apt,77,3,0,,,1,115,0,00003296119
1399818718499363033,Prime location - 2 bd Boutique apartment,428134120,Bnaya,,Thessaloniki,40.6283876689267,22.949220665999373,Entire home/apt,86,1,3,2025-05-31,1.32,1,351,3,00003271744
1399828235241548583,White apartment,349542441,Argo,,Kalamaria,40.5751603,22.9667566,Entire home/apt,75,3,2,2025-05-26,1.33,6,105,2,00003202070
1399945667776491156,Feel Greek Hospitality #Θ019,568023192,Κωνσταντινος,,Thessaloniki,40.64108440322188,22.93316213802665,Entire home/apt,56,1,4,2025-05-28,2.26,20,94,4,00003290755
1399982805073271604,Kosmos Service Apartment Beautiful Studio 3,689956228,Vasileios,,Thessaloniki,40.64116311466838,22.938147977569646,Entire home/apt,30,1,1,2025-05-03,0.57,16,298,1,00002512374
1400032061261203373,Kapten agras apartment,519996715,Γιάννης,,Thessaloniki,40.6433557,22.939997,Entire home/apt,42,1,8,2025-06-19,4.00,1,293,8,00003296394
1400573181294564670,Pastel Loft #1 by BiNoBi!,548386310,Κωνσταντίνος,,Thessaloniki,40.6180465,22.9554995,Entire home/apt,50,1,2,2025-05-26,0.97,15,365,2,00003294640
1400579061249666549,Old Town Family Apartment Tn,682491675,Travelnest,,Thessaloniki,40.63461,22.95364,Entire home/apt,227,1,1,2025-04-27,0.51,5,363,1,00000191354
1400724125247806449,Kosmos Service Apartment Beautiful Studio 1,689956228,Vasileios,,Thessaloniki,40.643272879121824,22.93671342512353,Entire home/apt,30,1,0,,,16,258,0,00002253544
1400735818880879771,Kosmos Service Apartment City Center 5,689956228,Vasileios,,Thessaloniki,40.64015747534451,22.93386598792751,Entire home/apt,36,1,0,,,16,327,0,00002276090
1400745975427034815,Kosmos Service Apartment Family 4A,689956228,Vasileios,,Thessaloniki,40.641363732501745,22.929860744526472,Entire home/apt,53,1,0,,,16,303,0,00002249498
1400754335656687345,Apartment - Hart of the city • 4 bedroom -5 beds,110285999,Κωνσταντινος,,Thessaloniki,40.6336595,22.9489499,Entire home/apt,99,2,3,2025-05-25,1.76,2,334,3,00003286530
1400765238569018185,Queens luxury suite 2,63209462,Alexandros,,Thessaloniki,40.6400645,22.9506413,Entire home/apt,51,3,2,2025-05-04,1.03,2,321,2,00003269771
1400790770519685743,Closer Premium Suites 1,500325834,,,Thessaloniki,40.634186,22.947748,Entire home/apt,62,2,0,,,6,365,0,00003284233
1400825805360836800,Closer premium suites 2,500325834,,,Thessaloniki,40.63451922620286,22.946988059446472,Entire home/apt,59,2,0,,,6,365,0,00003284249
1400831886616047037,Closer premium suites 3,500325834,,,Thessaloniki,40.634660332971436,22.94681773000042,Entire home/apt,69,2,0,,,6,365,0,00003284127
1400841852780144264,Κεντρικό Διαμέρισμα,84964036,Elias,,Thessaloniki,40.639224,22.9416419,Entire home/apt,79,1,6,2025-06-01,2.69,1,114,6,00003278853
1401492389922464232,Heart Of Ladadika | A/C  Smart TV| Self Check-In,515398068,Homevision,,Thessaloniki,40.63584604078196,22.936560690737895,Entire home/apt,55,1,10,2025-06-18,5.56,28,340,10,00003200162
1401586572918880796,Calm Neighborhood • 10 Min from Center,464779891,Nebil,,Thessaloniki,40.64224952697519,22.944707372696897,Entire home/apt,49,2,0,,,2,60,0,00003302365
1402107140814619445,Cityscape Elegance,690710166,Ιωάννης,,Thessaloniki,40.62800319999999,22.9508647,Entire home/apt,134,2,1,2025-04-26,0.50,1,334,1,00003262950
1402138738910804617,"Venture, Nilie Hospitality MGMT",239769711,Nilie Premium Hospitality MGMT,,Thessaloniki,40.6029528,22.9538869,Entire home/apt,55,5,1,2025-05-25,1,303,333,1,3188850
1402158547546190908,Ellywood,22146311,Elona,,Ampelokipon – Menemeni,40.64913,22.92416,Entire home/apt,69,2,0,,,1,335,0,00003065498
1402545264595053201,Kosmos Service Apartment Family 4C,689956228,Vasileios,,Thessaloniki,40.640987375036985,22.92839492306041,Entire home/apt,48,1,0,,,16,308,0,00002249414
1402556121138869897,Kosmos Service Apartment City Center 3,689956228,Vasileios,,Thessaloniki,40.64464072288278,22.9325220558204,Entire home/apt,32,1,0,,,16,351,0,00001474926
1402559924058514506,Kosmos Service Apartment Absolute City Center,689956228,Vasileios,,Thessaloniki,40.63691331393437,22.937602882889777,Entire home/apt,34,1,0,,,16,306,0,00001984007
1402565612259056353,Kosmos Service Apartment City Center 2,689956228,Vasileios,,Thessaloniki,40.641809588740465,22.9336269721065,Entire home/apt,43,1,0,,,16,290,0,00001182764
1402712210613098817,Kosmos Service Apartment Modern Spirit 1,689956228,Vasileios,,Thessaloniki,40.63929807177574,22.932636543031403,Entire home/apt,32,1,1,2025-05-02,0.55,16,285,1,00000292013
1402730535574414837,Kosmos Service Apartment OPEN VIEW 2,689956228,Vasileios,,Thessaloniki,40.64318344624489,22.92452843390324,Entire home/apt,30,1,1,2025-05-29,1,16,334,1,00000907710
1402747475361551761,Kosmos Service Apartment OPEN VIEW 1,689956228,Vasileios,,Thessaloniki,40.64310702468507,22.92368608369707,Entire home/apt,33,1,0,,,16,298,0,00000907700
1402753236733340782,Kosmos Service Apartment City Center 1,689956228,Vasileios,,Thessaloniki,40.64194251314987,22.934473518984763,Entire home/apt,42,1,1,2025-05-19,0.81,16,300,1,00000292013
1403091443671108153,Κ&Η Apartment,588400464,Petrika,,Thessaloniki,40.60509506803773,22.958418019115925,Entire home/apt,63,2,2,2025-06-15,1.36,1,363,2,00003254088
1403825218952654695,Embriolab 100sqm apt Free Parkin,541382479,Vidosav,,Kalamaria,40.570352583018256,22.971828885122786,Entire home/apt,73,1,1,2025-05-26,1,2,255,1,00009343035
1404841884284779845,"Big apple 6.13 | Apartment BLC, Nilie Hospitality",239769711,Nilie Premium Hospitality MGMT,,Thessaloniki,40.6393679,22.9386657,Entire home/apt,44,1,1,2025-06-01,1,303,350,1,2662221
1404857308353797387,"""Μοντέρνο Διαμέρισμα""",691391812,Χασιδης,,Thessaloniki,40.6430666,22.9424781,Entire home/apt,55,1,2,2025-05-25,1.15,1,356,2,00003304247
1404946170255535702,100Mbps|Smart TV|A/C|Self Check-In|Full Kitchen,515398068,Homevision,,Thessaloniki,40.6178217,22.9581212,Entire home/apt,49,1,3,2025-06-02,1.73,28,339,3,00003280459
1405004903312581744,F Residence Flat,495550951,Ilias,,Neapolis – Sykeon,40.6499886088385,22.93929761211528,Entire home/apt,50,3,0,,,9,364,0,0933Κ131Κ0099400
1405485307050081203,Athina & Andrea's home2,594556770,,,Thessaloniki,40.6106795774438,22.954341592723942,Entire home/apt,40,3,0,,,2,358,0,00003243120
1405616438880253146,City Beauty-Refan Properties,473049828,Φανή,,Thessaloniki,40.61719300248767,22.955659383047916,Entire home/apt,150,2,0,,,1,362,0,00003211790
1405621988054171918,"Phedra 3.1 Studio, Nilie Hospitality MGMT",239769711,Nilie Premium Hospitality MGMT,,Thessaloniki,40.6423848,22.9322009,Entire home/apt,42,1,0,,,303,363,0,00003338840
1405635535118546141,"Phedra 3.2 Studio, Nilie Hospitality MGMT",239769711,Nilie Premium Hospitality MGMT,,Thessaloniki,40.6423848,22.9322009,Entire home/apt,42,1,5,2025-06-16,3.06,303,365,5,00003338776
1405639902458470628,"Phedra 3.3 Studio, Nilie Hospitality MGMT",239769711,Nilie Premium Hospitality MGMT,,Thessaloniki,40.6423848,22.9322009,Entire home/apt,42,1,3,2025-05-22,1.70,303,365,3,00003338809
1405842271000229400,#Sunshine: City centre family retreat,251290631,Halu,,Thessaloniki,40.635072419429264,22.95039487401058,Entire home/apt,63,1,4,2025-06-09,2.86,99,358,4,00002686640
1406300407668113517,Unique huge balcony •  90m from Metro Station,110285999,Κωνσταντινος,,Thessaloniki,40.6429055,22.9277637,Entire home/apt,99,2,0,,,2,326,0,00003307747
1406378428025245911,DeKo Era,663114333,Deko,,Thessaloniki,40.63403384819556,22.948500248511532,Entire home/apt,145,1,1,2025-06-04,1,1,342,1,00003300622
1406484097229118226,"Nyma White #6, The Luxury Suites",280458084,The Luxury Suites,,Thessaloniki,40.63843,22.94102,Entire home/apt,48,2,4,2025-06-04,2.03,180,122,4,00003309373
1406603239360619989,Denis Apartment,691862857,Konstantinos,,Kalamaria,40.58360188605344,22.953554410070616,Entire home/apt,70,1,1,2025-06-09,1,1,123,1,00000002665
1407099006425910264,Sunset Sky Lounge • Chic Penthouse in Thessaloniki,416102844,Idan,,Thessaloniki,40.64073267688716,22.93934772993425,Entire home/apt,62,1,10,2025-06-22,5.00,1,145,10,00003212213
1407218282019629509,Cute and easy flat!,62993862,Nikos,,Thessaloniki,40.6060916,22.9551708,Entire home/apt,50,3,1,2025-05-03,0.57,1,306,1,00003312066
1407232841511939469,Thessaloniki Apartment in the Heart of the City,201738738,Your.Rentals,,Thessaloniki,40.6209004,22.9598008,Entire home/apt,32,4,0,,,23,342,0,00043682200
1407722774402915398,Oasis,53043260,Eleni,,Thessaloniki,40.6385869,22.9447035,Entire home/apt,63,2,0,,,1,69,0,Exempt
1408134941798839761,Amazing view in Heart of the City,201738738,Your.Rentals,,Thessaloniki,40.6209004,22.9598008,Entire home/apt,28,4,0,,,23,347,0,00004765698
1408165060860093547,Amazing view Heart of the City,201738738,Your.Rentals,,Thessaloniki,40.6209004,22.9598008,Entire home/apt,42,2,0,,,23,365,0,00003765698
1408381159577464083,Μικρό διαμέρισμα στην Αρετσού,692173649,Eleni,,Kalamaria,40.57687899252976,22.950091701186246,Entire home/apt,38,21,0,,,1,81,0,00001528970
1409227831185685185,La Maison Dorée – Elegant Stay & View by BiNoBi!,548386310,Κωνσταντίνος,,Thessaloniki,40.627132,22.9498885,Entire home/apt,244,1,0,,,15,349,0,00003267252
1409232005479150386,Home Is,692539787,Paraskevi,,Thessaloniki,40.64034209759772,22.949426719200765,Entire home/apt,130,1,0,,,1,302,0,00001395216
1409293214663930338,Juno by halu! Stylish 2BD apt,251290631,Halu,,Thessaloniki,40.6288537,22.9498762,Entire home/apt,86,1,1,2025-06-11,1,99,336,1,00003306538
1409354562761377941,Alicia by halu! Central 2BD apt,251290631,Halu,,Thessaloniki,40.63172,22.95017,Entire home/apt,101,1,0,,,99,342,0,00003306570
1409406964788320451,stay home,692586206,Tea,,Ampelokipon – Menemeni,40.6557639,22.9201653,Entire home/apt,34,2,0,,,1,5,0,00003316860
1409488131187574976,GatheringThess- Ippokrateio II,660831986,Ολγα,,Thessaloniki,40.614148603405816,22.958518824040027,Entire home/apt,46,2,0,,,1,335,0,00003383101
1409940050546277793,Bailey by halu! 2BD apt near Arch of Galerius,251290631,Halu,,Thessaloniki,40.63271,22.95208,Entire home/apt,101,1,2,2025-06-01,1.62,99,363,2,00003306618
1410014115954130972,Studio AMEA - Disabled access,1619493,Georgios,,Thessaloniki,40.6458182436055,22.929304349934426,Entire home/apt,56,1,0,,,10,40,0,1303627
1410090112443392957,Tiffany by halu! Stylish 2BD apt,251290631,Halu,,Thessaloniki,40.6316163,22.9503858,Entire home/apt,83,1,2,2025-06-10,1.18,99,336,2,00003306618
1410235090399446832,Origami,692815739,Μαρία,,Thessaloniki,40.6307389880167,22.95214332640171,Entire home/apt,59,2,1,2025-06-08,1,1,338,1,00003322007
1410786839860769159,Dilemma- #Skgbnb,1977386,Cristina&Tomas! Skgbnb,,Thessaloniki,40.63703318131893,22.949191970824067,Entire home/apt,123,1,4,2025-06-09,3.33,36,290,4,00002967302
1411117479988021048,The View,43633063,Harry,,Thessaloniki,40.6353628,22.9479504,Entire home/apt,94,2,0,,,5,80,0,00003317166
1411403217600945922,City Vibe Family,107517588,Τιμολέων,,Thessaloniki,40.6397583,22.9421487,Entire home/apt,58,1,3,2025-06-01,1.96,12,363,3,00002886847
1411554833868296120,Matsking Thessaloniki roof View,437652926,Tomer,,Thessaloniki,40.642824958717895,22.93999996036291,Entire home/apt,80,1,0,,,1,278,0,
1411588029080446417,Luxury Stay in Thessaloniki,43680133,Osher,,Thessaloniki,40.6166354,22.9581923,Entire home/apt,66,3,4,2025-06-01,3.53,3,239,4,00003323183
1412054419805068376,City's comfort,193648624,Polydoros,,Thessaloniki,40.64822,22.92154,Entire home/apt,47,1,1,2025-06-07,1,2,264,1,Exempt
1412170796151525501,Cozy flat near Metro station,299796726,Thomas,,Thessaloniki,40.60532640503729,22.958559646484648,Entire home/apt,39,2,8,2025-06-22,5.33,1,292,8,00003324733
1412236007577788721,Pastel Loft #2 by BiNoBi!,548386310,Κωνσταντίνος,,Thessaloniki,40.6180465,22.9554995,Entire home/apt,48,1,1,2025-06-08,1,15,365,1,00003294566
1412873459831906514,My Good Smart Home,693462173,Konstantinos,,Ampelokipon – Menemeni,40.64771,22.92763,Entire home/apt,66,2,0,,,1,108,0,00003392596
1412980052382450331,Loft house with garden -City Center,159760098,Nana,,Thessaloniki,40.6180523,22.9775332,Entire home/apt,60,3,0,,,2,365,0,Exempt
1413152730900890362,Dreamcast Apartment,693537878,Efthimoglou,,Thessaloniki,40.63427903216649,22.952682770500182,Entire home/apt,67,3,0,,,1,364,0,00003315439
1414137502180874211,Margaret’s Houses Κομψό & νεανικό διαμέρισμα!,536972582,Κλεοπάτρα,,Thessaloniki,40.63879080048833,22.951389394160177,Entire home/apt,37,2,4,2025-06-22,2.93,1,312,4,2306469
1414399441339774296,Istos Apartment No1,693837948,Αικατερίνη,,Thessaloniki,40.636387,22.9512797,Entire home/apt,36,2,0,,,1,23,0,00002522129
1414477663156000452,Feel Greek Hospitality #Θ020,568023192,Κωνσταντινος,,Thessaloniki,40.632364486128914,22.951363451313192,Entire home/apt,63,1,0,,,20,128,0,00003313764
1414572098618395232,Aristotelous 22 Suites,225531792,Ilias,,Thessaloniki,40.63475,22.94341,Entire home/apt,102,2,0,,,2,50,0,00002361945
1414601734555888891,Alea Studio,676909558,Nikos,,Kalamaria,40.57732856224063,22.963699536295227,Entire home/apt,63,1,1,2025-06-01,1,1,208,1,00003337753
1414630969176619695,MinistrySKG,38280190,Μυρτώ,,Thessaloniki,40.64051051660223,22.94193297129663,Entire home/apt,59,2,5,2025-06-09,3.41,1,364,5,00003055191
1414673411077246812,"Ζεστό μεγάλο άνετο 
ρομαντικό",693927562,Αγγελική,,Thessaloniki,40.63972980602919,22.937412762086023,Entire home/apt,100,2,0,,,1,364,0,00002500542
1414986356098603073,Convenience,193648624,Polydoros,,Thessaloniki,40.63794025411544,22.936369255185127,Entire home/apt,58,1,0,,,2,326,0,Exempt
1415161384722638162,"Gradioso, Nilie Hospitality MGMT",239769711,Nilie Premium Hospitality MGMT,,Thessaloniki,40.6353067,22.9433765,Entire home/apt,132,1,0,,,303,281,0,00003345100
1415306438490933654,The Urban Nest - Aristotelous Square,23277852,Ioannis,,Thessaloniki,40.63834756779484,22.944690473377705,Entire home/apt,57,1,2,2025-06-05,1.58,4,326,2,00003331290
1415431126586424388,Cozy Apartment in the heart of Thessaloniki,228225394,Karolina,,Thessaloniki,40.63902783030442,22.944211423923758,Entire home/apt,59,2,0,,,1,363,0,Exempt
1415745048092531740,Babylon Luxury Suite #602 by BiNoBi!,658709285,Georgios,,Thessaloniki,40.6237698,22.9646119,Entire home/apt,79,1,3,2025-05-22,2.09,26,356,3,00003310774
1415784330350356725,Luxury Downtown Apartment D5,518553807,Kinfeel North,,Thessaloniki,40.64086446447024,22.94004085767213,Entire home/apt,122,1,3,2025-06-12,2.31,8,298,3,00003337976
1415971170864264593,Eclipse Suite,185616424,Vaggelis,,Thessaloniki,40.6370693,22.9502951,Entire home/apt,72,2,0,,,4,365,0,00003325293
1416038162783912415,The Urban Nest II - Aristotelous Square,23277852,Ioannis,,Thessaloniki,40.63833993521078,22.94480748474598,Entire home/apt,55,1,2,2025-06-16,1.46,4,360,2,00003331322
1416479723912689642,Tsimiski Central Apartment,444906990,Smart Plan,,Thessaloniki,40.634741444934114,22.940647880344596,Entire home/apt,36,1,1,2025-05-27,1,18,360,1,00003329386
1416543149722599776,Downtown Apartment with Private Yard YR1,201738738,Your.Rentals,,Thessaloniki,40.63715810000001,22.9490824,Entire home/apt,43,2,0,,,23,327,0,00001096853
1416702327754134546,Cosy Open Large Studio By Galerious Parace YR11,201738738,Your.Rentals,,Thessaloniki,40.6299643,22.949126,Entire home/apt,67,1,0,,,23,347,0,00000991033
1417160624340116045,Babylon Luxury Suite #201 by BiNoBi!,658709285,Georgios,,Thessaloniki,40.6237698,22.9646119,Entire home/apt,80,1,1,2025-05-31,1,26,362,1,00003310828
1417219511502773391,Babylon Luxury Suite #503 by BiNoBi!,658709285,Georgios,,Thessaloniki,40.6237698,22.9646119,Entire home/apt,48,1,0,,,26,363,0,00003310706
1417262682483352520,"ΣΑΝ Σπίτι σου, στη Θεσσαλονίκη",583815491,Sofia,,Thessaloniki,40.6414961,22.9500872,Entire home/apt,54,1,7,2025-06-22,5.53,1,288,7,00003333937
1417415244794351948,"City Escape: Νέο, Πλήρες & Smart",214578076,Georgios,,Thessaloniki,40.6214464,22.9579697,Entire home/apt,38,1,3,2025-06-21,3,1,324,3,00003351180
1417431724890059911,Filirion Luxury Apartment Thessaloniki Center,558131727,Asot,,Thessaloniki,40.6382841,22.948537,Entire home/apt,60,2,3,2025-06-21,2.81,2,90,3,00003301805
1417521019131649141,Angels' House,90204326,Giorgos,,Thessaloniki,40.63474,22.95335,Entire home/apt,87,1,1,2025-06-01,1,1,260,1,00001706054
1417576078792585328,Suzana's Urban Apartment II,694645580,Zana,,Kalamaria,40.58700300853134,22.96270382537413,Entire home/apt,71,2,2,2025-06-23,2,1,362,2,00003341761
1418895239965624516,Luxury by the White Tower,13597375,Filitsa,,Thessaloniki,40.629256099332174,22.9501954027842,Entire home/apt,40,2,1,2025-05-26,1,6,351,1,00003091443
1419484303940074317,Phoebe by halu! Stylish 2BD apt in the center.,251290631,Halu,,Thessaloniki,40.6299643,22.949126,Entire home/apt,101,1,0,,,99,311,0,00003306543
1419521801937361925,Oak Tree by halu! Modern 2-bedroom apartment,251290631,Halu,,Thessaloniki,40.639777243368464,22.945630148658005,Entire home/apt,120,1,0,,,99,354,0,00003339019
1419688197108390200,Thess-Stay,695137545,Κωνσταντίνος,,Ampelokipon – Menemeni,40.6566006162772,22.924149862565617,Entire home/apt,72,2,0,,,1,268,0,00003392070
1419706098943415618,Central Garden Escape,220118038,Angelos,,Thessaloniki,40.6395425,22.9524402,Entire home/apt,128,2,0,,,1,320,0,00003328135
1419714625167873476,Ermou o'clock,191124497,Σπυρος,,Thessaloniki,40.63707036096546,22.939011398147585,Entire home/apt,86,1,2,2025-06-10,1.76,5,351,2,00003178840
1419724215472567859,Promenade Apartment With Sea View YR1,201738738,Your.Rentals,,Thessaloniki,40.614859,22.953968,Entire home/apt,67,2,0,,,23,338,0,00002095753
1420067430703405900,Babylon Luxury Suite #402 by BiNoBi!,658709285,Georgios,,Thessaloniki,40.6237698,22.9646119,Entire home/apt,46,1,5,2025-06-20,3.75,26,363,5,00003310860
1420108879308087267,Babylon Luxury Suite #502 by BiNoBi!,658709285,Georgios,,Thessaloniki,40.6237698,22.9646119,Entire home/apt,47,1,4,2025-06-13,3.24,26,364,4,00003310753
1420114020653974407,JORDAN's ROOM 27,156282533,Jordans Rooms Ike,,Neapolis – Sykeon,40.6504449,22.9378324,Entire home/apt,80,1,0,,,12,360,0,00003329593
1420126232060494974,Cosy Loft Ladadika,695243287,Apostolos,,Thessaloniki,40.63672047218161,22.936217489549268,Entire home/apt,60,2,4,2025-06-13,3.43,1,365,4,00003338708
1420139675865870402,F & B Collection - Flat for 5,31131449,Dimitris,,Thessaloniki,40.6132715,22.9555057,Entire home/apt,58,6,1,2025-06-07,1,50,357,1,00003074665
1420169804484040103,Zennova #70 Mondè Thessaloniki Apt,263237779,Stelios,,Thessaloniki,40.6321258,22.9497362,Entire home/apt,73,1,0,,,12,328,0,00003340589
1420173249771199784,DoorMat#32 Lemonade,555435959,Fotios,,Thessaloniki,40.63073809999999,22.9521369,Entire home/apt,45,2,7,2025-06-17,5.68,23,213,7,00003341480
1420180880943587448,Zennova #71 Mondè Thessaloniki,263237779,Stelios,,Thessaloniki,40.6321258,22.9497362,Entire home/apt,73,1,0,,,12,313,0,00003340606
1420212762782843957,Babylon Luxury Suite #302 by BiNoBi!,658709285,Georgios,,Thessaloniki,40.6237698,22.9646119,Entire home/apt,48,1,3,2025-06-20,3,26,362,3,00003310875
1420455189928031311,Small Luxury in Core Centre,1462276,B,,Thessaloniki,40.63728841503749,22.93918419628851,Entire home/apt,41,2,1,2025-06-08,1,2,248,1,18950968890
1420470401996555460,Four Suns Loft,14852638,Aleksandar,,Thessaloniki,40.6053029,22.9540924,Entire home/apt,49,2,0,,,1,310,0,00003312231
1420855665489906251,Modern Comfort in Thessaloniki,126450830,Konstantinos,,Thessaloniki,40.63498663746319,22.947804061139614,Entire home/apt,54,3,1,2025-06-15,1,1,342,1,00003344177
1421100370734161777,Loft Near Center & Upper Town,667452536,Ευάγγελος,,Thessaloniki,40.63852079999999,22.9504224,Entire home/apt,36,1,17,2025-06-23,15.00,1,54,17,00003339901
1421505395151563310,Babylon Luxury Suite #501 by BiNoBi!,695623609,Evangelia,,Thessaloniki,40.6237698,22.9646119,Entire home/apt,43,1,2,2025-06-18,2,2,361,2,00003237389
1421532730726499423,Babylon Luxury Suite #601 by BiNoBi!,695623609,Evangelia,,Thessaloniki,40.6237698,22.9646119,Entire home/apt,83,1,0,,,2,356,0,00003237448
1421579737402182997,Luxury Downtown Apartment F1,518553807,Kinfeel North,,Thessaloniki,40.6333346,22.9399236,Entire home/apt,77,1,1,2025-06-14,1,8,357,1,00003391143
1421590825644833986,Babylon Luxury Suite #401 by BiNoBi!,695631157,,,Thessaloniki,40.6237698,22.9646119,Entire home/apt,51,1,0,,,5,360,0,00003301055
1421632826386534805,Ladadika Vibes Studio 2,674735328,Nikoleta,,Thessaloniki,40.6348649,22.9365768,Entire home/apt,50,1,0,,,4,329,0,00003346814
1421791440404308339,Lux City Loft,661762380,Κυριακη,,Thessaloniki,40.61773008519286,22.963035044727434,Entire home/apt,54,2,0,,,1,179,0,00003348010
1421892656160885709,Black and white suites 2,652906376,Acacia,,Thessaloniki,40.63095462329035,22.952699438623064,Entire home/apt,67,1,0,,,3,353,0,00857295160
1421895660344523885,Namastay PP4#hosted by DoorMat,370588541,Mariana,,Thessaloniki,40.63206599999999,22.9492803,Entire home/apt,45,1,0,,,6,349,0,00002886114
1422201695422967665,Seaview Rooftop Vassilisis Olgas,1462276,B,,Thessaloniki,40.60211889876521,22.953214533627033,Entire home/apt,63,3,0,,,2,360,0,Exempt
1422287590450643834,The Urban Nest Penthouse,695814732,Bardhok,,Thessaloniki,40.6038900484176,22.96020751673435,Entire home/apt,55,2,0,,,1,362,0,00003348903
1422318205691344525,Babylon Luxury Suite #101 by BiNoBi!,695631157,,,Thessaloniki,40.6237698,22.9646119,Entire home/apt,35,1,0,,,5,356,0,00003300415
1422458879489202589,#E Ioanna Apartments 2 bedrooms,434347481,Ioanna Apartments,,Kordelio – Evosmos,40.66591870656275,22.903785111639383,Entire home/apt,46,1,0,,,23,278,0,00003306054
1422461241861407755,Ladadika Vibes Studio 1,674735328,Nikoleta,,Thessaloniki,40.6348649,22.9365768,Entire home/apt,60,1,0,,,4,83,0,00003346962
1422505974723224399,Ano Poli Studios 2,366432818,Konstantinos,,Thessaloniki,40.63878975116698,22.957259975373745,Entire home/apt,34,1,1,2025-06-08,1,9,334,1,00001818043
1422538595164120875,Ladadika Vibes Apartments 2,674735328,Nikoleta,,Thessaloniki,40.6348649,22.9365768,Entire home/apt,75,1,2,2025-06-22,2,4,362,2,00003346898
1422591226598499162,VPG Minimal Studios Traveller3,482670036,Μαγδαληνη,,Thessaloniki,40.61184739999999,22.9703549,Entire home/apt,32,2,0,,,1,352,0,00003334843
1422713510896660409,DoorMat #30 Calm Nest,555435959,Fotios,,Thessaloniki,40.64191,22.93689,Entire home/apt,36,1,0,,,23,292,0,00003187682
1423272033191807560,VPG Minimal Studio Family1,554876378,Αντιγονη,,Thessaloniki,40.61185,22.97036,Entire home/apt,47,1,2,2025-06-01,2,1,364,2,00003334890
1423276879919771638,Best location apartment,696052585,Sergey,,Thessaloniki,40.6126908,22.9564164,Entire home/apt,37,1,0,,,1,322,0,01266756264
1423283917107632646,West of Thessaloniki,324774206,Αλέξανδρος,,Thessaloniki,40.63714191179712,22.937503126083108,Entire home/apt,51,1,1,2025-06-17,1,3,89,1,00003144736
1423865493586490231,Pythagora Resort,392489003,Georgios,,Thessaloniki,40.64087059776268,22.949991477854308,Entire home/apt,38,3,1,2025-06-18,1,7,214,1,00003255309
1423961605962178175,Στούντιο στο κέντρο της Θεσσαλονίκης,124550404,Teo,,Thessaloniki,40.6387232127023,22.94243282155742,Entire home/apt,34,1,4,2025-06-24,4,1,49,4,00003365650
1424414342458023591,"Stylish #2, The Luxury Suites",280458084,The Luxury Suites,,Thessaloniki,40.63855,22.94204,Entire home/apt,39,2,1,2025-06-20,1,180,159,1,00003351845
1424521379029245182,Φωτεινό διαμέρισμα κοντά στο κέντρο,529064468,,,Thessaloniki,40.64408448322348,22.93612949634975,Entire home/apt,50,3,0,,,1,321,0,00003337243
1424541545234366073,Modern Family Nest SKG,427496725,Etmonda,,Thessaloniki,40.6411255,22.9298525,Entire home/apt,94,1,1,2025-06-09,1,1,313,1,3353137
1424602986124571204,Studio Maria Julia Cubana,201738738,Your.Rentals,,Thessaloniki,40.6420418,22.9445055,Entire home/apt,66,1,0,,,23,358,0,11806823000
1425082103671191566,il Panorama,563383717,Γεώργιος,,Thessaloniki,40.6433139,22.9513527,Entire home/apt,54,3,0,,,1,160,0,00003207999
1425149942357878199,"Aelia 7.1, The Luxury Suites",280458084,The Luxury Suites,,Thessaloniki,40.6392992537251,22.936060398283555,Entire home/apt,91,2,1,2025-05-31,1,180,340,1,00003355449
1425164991677182608,"Horizon #3, The Luxury Suites",280458084,The Luxury Suites,,Thessaloniki,40.64325702845274,22.93613227181846,Entire home/apt,40,2,0,,,180,258,0,00003351972
1425177225246071611,Babylon Luxury Suite #301 by BiNoBi!,695631157,,,Thessaloniki,40.6237698,22.9646119,Entire home/apt,48,1,0,,,5,359,0,00003301029
1425228665406265867,Babylon Luxury Suite #603 by BiNoBi!,658709285,Georgios,,Thessaloniki,40.6237698,22.9646119,Entire home/apt,53,1,2,2025-06-07,2,26,363,2,00003310748
1425291163847601789,Cozy Loft Thessaloniki,48043092,,,Thessaloniki,40.6211917,22.9580113,Entire home/apt,51,2,0,,,1,328,0,00003357463
1425497607890697675,Loft of e-smile,696630375,Fatme,,Thessaloniki,40.6419175,22.9276765,Entire home/apt,81,1,0,,,1,287,0,00003300032
1425862511519988630,Navarinou sq. luxury apartment,662105634,Γρηγόριος,,Thessaloniki,40.6316163,22.9503858,Entire home/apt,63,2,1,2025-06-10,1,1,69,1,00002959774
1425889630925964519,Elsa by halu! Family apartment for 6,251290631,Halu,,Thessaloniki,40.6355948,22.9480537,Entire home/apt,143,1,0,,,99,323,0,00003306585
1425964992420015440,ΚΜ52,66021533,Manos,,Thessaloniki,40.63969550736719,22.954136909299528,Entire home/apt,49,1,0,,,4,352,0,00002235434
1426003670152021436,Kosmos Service Apartment Family 4D,689956228,Vasileios,,Thessaloniki,40.64125793361367,22.927800686980063,Entire home/apt,47,1,0,,,16,247,0,00003334147
1426134024492526852,Studio Proxenou Koromila,448931271,Rodoula,,Thessaloniki,40.63115807782061,22.94257338374084,Entire home/apt,57,2,0,,,1,365,0,00002615910
1426221853107689328,Wee Corner,65218773,Raisa,,Neapolis – Sykeon,40.64662970464433,22.947787415742777,Entire home/apt,67,2,0,,,1,364,0,00003342890
1427320886682781245,Elegant Urban Home  in Center,43680133,Osher,,Thessaloniki,40.6195375,22.958072,Entire home/apt,57,3,3,2025-06-11,3,3,236,3,00003243853
1427615524187898736,Altstadt-Flair & City-Life,301317696,Fotinos,,Thessaloniki,40.630620912348256,22.947667935159117,Entire home/apt,85,2,0,,,1,154,0,00003392406
1428033638160693299,Thess City House with Parking,697236882,Stylikos,,Thessaloniki,40.6250559,22.9647334,Entire home/apt,165,1,0,,,1,364,0,00003367037
1428721601240288947,Dream home,697392129,Agapios,,Pavlou Mela,40.681031755906595,22.94614921510935,Entire home/apt,54,3,0,,,1,354,0,00003218399
1428874947793533383,Toumba 's Apartments Superior 401,55383627,Στέλιος,,Thessaloniki,40.620719862457655,22.976828879648988,Entire home/apt,69,1,0,,,6,264,0,1237062
1429173895879080987,Meraki Luxury apartment Thessaloniki city centre,72699108,Despina,,Thessaloniki,40.6325,22.9445,Entire home/apt,104,2,0,,,1,41,0,00002472751
1429346366269501003,Bright 7th Floor Modern Home!,3217624,,,Thessaloniki,40.61838215663372,22.95978598030245,Entire home/apt,63,1,0,,,1,59,0,00002408890
1429497886660445747,Kosmos Service Apartment Modern Spirit 2,689956228,Vasileios,,Thessaloniki,40.64263942595796,22.92961394666436,Entire home/apt,31,1,0,,,16,347,0,00003334110
1429629655878776152,"Ayama Residence, The Luxury Suites",280458084,The Luxury Suites,,Thessaloniki,40.63427366806481,22.949193504347562,Entire home/apt,87,2,0,,,180,170,0,00003367324
1431051054933428104,Homie Centrie 1,678413168,Πέτρος,,Thessaloniki,40.6415527,22.9391312,Private room,20,2,0,,,2,354,0,00003373400
1431070868905398371,Sweet & Chilli Home 28,697995935,Αναστασία,,Kalamaria,40.56747657761175,22.961142137646675,Entire home/apt,71,1,0,,,1,341,0,00003356409
1431701986844139815,exlusive aprtment,587261856,Shimon,,Thessaloniki,40.63477644576243,22.948490608720007,Entire home/apt,135,1,1,2025-06-02,1,2,90,1,Exempt
1431844741267568129,kM55,66021533,Manos,,Thessaloniki,40.63478356396632,22.94978868216276,Entire home/apt,73,1,0,,,4,296,0,00003106709
1432025468258401421,The PrettyMent 1' from the White Tower,99092971,Christos,,Thessaloniki,40.6294928,22.9509619,Entire home/apt,56,2,3,2025-06-21,3,4,308,3,00002998023
1432322006344119396,"The LuxMent 1' , from the White Tower",99092971,Christos,,Thessaloniki,40.6294928,22.9509619,Entire home/apt,58,2,3,2025-06-19,3,4,294,3,00002998050
1432392654180719811,"Artful Top Floor 2BR with Disney, Wifi & Nespresso",350279014,Innovation,,Thessaloniki,40.63596380468801,22.938373136197985,Entire home/apt,83,3,0,,,35,244,0,00003375606
1432502681977001165,km51,66021533,Manos,,Thessaloniki,40.6373,22.95424,Entire home/apt,49,1,0,,,4,268,0,00002165948
1432518932479785999,km53,66021533,Manos,,Thessaloniki,40.63096266895933,22.951038877189994,Entire home/apt,79,1,0,,,4,343,0,00002337823
1432556789638919192,Home sweet home,72454975,Maria,,Thessaloniki,40.6237308,22.9719772,Entire home/apt,83,2,0,,,1,365,0,00003378638
1432642133349673532,Angel,698395925,Engjellushe,,Kalamaria,40.588622670186524,22.963371247242584,Entire home/apt,51,2,1,2025-06-14,1,1,341,1,00003169370
1432757732867687400,Modern Elegant Apartment,53457657,Lia,,Pilea – Chortiatis,40.60546191383924,22.98485654373867,Entire home/apt,121,2,0,,,1,97,0,00003329997
1433856012077564158,12 Island View,684283093,Dimitrios,,Thessaloniki,40.6402,22.93576,Entire home/apt,34,1,0,,,1,347,0,01118629870
1434179355105100886,Metaxenia's apartment 201,589611816,,,Kalamaria,40.5728152,22.9697952,Entire home/apt,106,2,0,,,4,361,0,00002789340
1434216489138038844,Hidden Garden 2BR with Patio,379910184,Νικόλαος,,Thessaloniki,40.62988230000001,22.949161,Entire home/apt,41,1,1,2025-06-09,1,14,345,1,00000516148
1434251427530288679,Metaxenia's apartment 202,589611816,,,Kalamaria,40.5728152,22.9697952,Entire home/apt,110,2,0,,,4,353,0,00002789340
1434559338176602564,Elegant Suite - Aristotelous,60982106,Ioannis,,Thessaloniki,40.6352914,22.942424,Entire home/apt,63,1,1,2025-06-22,1,2,344,1,00003371428
1434645954169012627,Modern Warmth  Designed for Rest & Flow,587261856,Shimon,,Thessaloniki,40.6358204,22.949304,Entire home/apt,82,1,4,2025-06-18,4,2,200,4,00003378718
1434676676765002723,Terrace Studio,698883699,Alexander,,Thessaloniki,40.61051,22.95593,Entire home/apt,56,3,3,2025-06-20,3,1,352,3,01260167080
1434683686227467915,Babylon Luxury Suite #303 by BiNoBi!,695631157,,,Thessaloniki,40.6237698,22.9646119,Entire home/apt,46,1,2,2025-06-13,2,5,360,2,00003301060
1434687572151443071,Babylon Luxury Suite #403 by BiNoBi!,695631157,,,Thessaloniki,40.6237698,22.9646119,Entire home/apt,51,1,0,,,5,361,0,00003301097
1435282888387962497,Nikolas Apartment,699057643,Γεωργιος,,Thessaloniki,40.62511670000001,22.9639138,Entire home/apt,72,2,0,,,1,355,0,00003382385
1435396929710802831,Downtown Cozy Flat 2 Bedroom,43680133,Osher,,Thessaloniki,40.6287525,22.9525392,Entire home/apt,57,3,0,,,3,243,0,00003276865
1435400044888633596,Big Stylish 2BR Apt  City Views  3 Min Walk to Sea,680872187,Almog,,Thessaloniki,40.63160996528254,22.94349175492963,Entire home/apt,58,2,5,2025-06-22,5,1,153,5,00003206116
1435562755045802594,Μυστικό Καταφύγιο Θεσσαλονίκη,39610181,Katarína,,Thessaloniki,40.634422536606515,22.94814918190241,Entire home/apt,45,7,0,,,1,167,0,00003383488
1435672808841791573,UpTown40 free street parking,366432818,Konstantinos,,Thessaloniki,40.630892,22.9652928,Entire home/apt,35,1,1,2025-06-15,1,9,327,1,00003340090
1436076160650816593,Three bedroom apartment at a prefect location,659435254,Noam,,Thessaloniki,40.63365,22.95176,Entire home/apt,53,3,1,2025-06-09,1,1,329,1,00003250400
1436311385763152615,Cozy Leafy Flat,694221650,Nina,,Pavlou Mela,40.6732336,22.942509,Entire home/apt,47,3,0,,,1,133,0,00003388828
1436474535985299435,Standard 402,55383627,Στέλιος,,Thessaloniki,40.6195351,22.977156,Entire home/apt,73,1,0,,,6,254,0,1237062
1437058522464280843,Toumba's Apartments Loft 103,55383627,Στέλιος,,Thessaloniki,40.619476058030266,22.977086357188167,Entire home/apt,63,1,0,,,6,253,0,1237062
1437399866995594451,"Pinelopi
Κομψό Διαμέρισμα 5' από Λαδάδικα",387875574,Pinelopi,,Thessaloniki,40.64462123087397,22.934732264029236,Entire home/apt,72,1,0,,,1,357,0,00003389660
1437420659385962890,The Urban Nest!,137128337,Maria,,Thessaloniki,40.62126901759388,22.957394756376743,Entire home/apt,42,3,2,2025-06-20,2,1,15,2,00003324425
1437467877925541313,Ototo Styl Living 2 Bedroom Apt,406685663,,,Thessaloniki,40.63795,22.93693,Entire home/apt,115,1,0,,,10,136,0,00002973993
1437470915103159586,Ototo Styl Living Big Lofts,406685663,,,Thessaloniki,40.6374055,22.9375209,Entire home/apt,92,1,0,,,10,169,0,00002974008
1437472480989984833,Ototo Stylish Living Corner Lofts,406685663,,,Thessaloniki,40.637507269140194,22.937418976057433,Entire home/apt,115,1,0,,,10,179,0,00002973925
1437474515656479421,Ototo Stylish Living Superior studio,406685663,,,Thessaloniki,40.63745434920666,22.937418976057433,Entire home/apt,86,1,0,,,10,183,0,00002973824
1437476362461145454,Ototo Styl Living White Loft,406685663,,,Thessaloniki,40.63685,22.93848,Entire home/apt,115,1,0,,,10,72,0,00002974060
1437528039206788498,The Fleming,699649247,Xanthi,,Thessaloniki,40.6085224,22.9578484,Entire home/apt,97,2,0,,,1,364,0,00003384272
1437783262273604184,metro studio 2 (private parking),510341599,Athanasios,,Thessaloniki,40.6022775,22.9584116,Entire home/apt,47,2,1,2025-06-20,1,2,252,1,00003392050
1438253441313910060,Daria’s lux home,699825261,Αναστασιος,,Thessaloniki,40.64072976459293,22.927714119165493,Entire home/apt,64,1,0,,,1,192,0,01218749588
1438340569165605496,Big Family Apartment,599332270,Georgios,,Thessaloniki,40.61368,22.9549,Entire home/apt,265,1,0,,,1,266,0,Exempt
1439047589080626354,Heart of Thessaloniki,44660292,Panagiotis,,Thessaloniki,40.62962,22.95077,Entire home/apt,40,2,0,,,1,57,0,00002615702
1439060578391575171,2BR Stylish and airy Next to Ataturk museum,425836025,A22,,Thessaloniki,40.6433557,22.939997,Entire home/apt,68,2,0,,,2,66,0,00001553823
1439087743578400959,Urbanika Thesso-Stay,425836025,A22,,Thessaloniki,40.6424536,22.9464311,Entire home/apt,64,3,0,,,2,69,0,00001553823
1439203073304595526,"The Flow, urban studio",17070943,Αντώνιος,,Thessaloniki,40.63934261639235,22.941754720237718,Entire home/apt,44,2,0,,,1,365,0,00003128428
1439203737666379658,Ηλιόλουστο δωμάτιο στο κέντρο,123750052,Aimilia,,Thessaloniki,40.6120531,22.9739416,Private room,22,2,0,,,3,330,0,Exempt
1439255177837331697,Skyline View - Big Balcony,660509686,Anastasia,,Thessaloniki,40.64361,22.92977,Entire home/apt,88,1,1,2025-06-20,1,1,57,1,3827727
1439853326783744239,Vivere Suite 01 - Cozy Studio by Metro terminus,700268272,Angelos,,Thessaloniki,40.6458465,22.9253065,Entire home/apt,60,1,3,2025-06-13,3,1,361,3,00003396673
1440029154399402284,Διαμέρισμα στο μετρό παπάφη,210472209,Anna,,Thessaloniki,40.61665,22.96516,Entire home/apt,33,1,0,,,1,359,0,00003396934
1440364600365120808,"Finesse, Nilie Hospitality MGMT",239769711,Nilie Premium Hospitality MGMT,,Thessaloniki,40.6028346,22.953408,Entire home/apt,66,1,0,,,303,338,0,1258965
1440395705193383946,Navarino Spot by Luxlikehome,231048679,Luxlikehome,,Thessaloniki,40.63067,22.94946,Entire home/apt,75,1,0,,,19,188,0,00003391547
1440604838782914909,"N&S,  Fleming metro station",470306828,Nana,,Thessaloniki,40.6105142,22.9559284,Entire home/apt,42,10,0,,,1,61,0,00002456624
1440621061986603401,Avra Sea Walls,470114382,Kostas,,Thessaloniki,40.6432975,22.9436381,Entire home/apt,115,1,0,,,1,365,0,00003392815
1441065027336220442,#ALS-On Air Luxury Rooftop,505228383,Αντωνία,,Thessaloniki,40.6311361,22.9471505,Entire home/apt,68,2,0,,,9,359,0,00003406944
1441102141499310351,Luxury Downtown Apartment With Seaview E2,518553807,Kinfeel North,,Thessaloniki,40.6327511,22.940765,Entire home/apt,85,1,0,,,8,327,0,00003394260
1441252333738388816,Urban Boho Stay – 2BR Central,423411868,Omer,,Thessaloniki,40.6323179,22.9501401,Entire home/apt,53,3,1,2025-06-21,1,1,84,1,00003251439
1441451490259780720,Skyline retreat,700754825,Ioannis,,Thessaloniki,40.633915745319385,22.94971727976229,Entire home/apt,44,1,0,,,1,89,0,00003414173
1441813656781422045,Babylon Luxury Suite #701 by BiNoBi!,658709285,Georgios,,Thessaloniki,40.6237698,22.9646119,Entire home/apt,56,1,0,,,26,359,0,00003310727
1441824588029389404,Lotus deluxe Apt (Must),257886529,Γιώργος,,Thessaloniki,40.63057,22.95082,Entire home/apt,71,2,0,,,4,362,0,00003401870
1441831863680255852,Alpinia deluxe Apt (Must),257886529,Γιώργος,,Thessaloniki,40.63,22.95002,Entire home/apt,65,2,0,,,4,359,0,00003401886
1441866883586048731,Atellier deluxe Apt (Must),257886529,Γιώργος,,Thessaloniki,40.63065344236129,22.95172746441802,Entire home/apt,71,2,0,,,4,356,0,00003401764
1441878760211639266,Gusto deluxe Apt (Must),257886529,Γιώργος,,Thessaloniki,40.63153069789447,22.95133779814757,Entire home/apt,71,2,0,,,4,365,0,00003401802
1441900008962944869,Happy house,676915778,Abdul,,Kalamaria,40.57817,22.94661,Entire home/apt,87,1,0,,,1,329,0,00003401207
1441902863256008801,Swan | Central Exclusive Suite with Large Balcony,700862126,Aspasia,,Thessaloniki,40.64145316175134,22.938604087444418,Entire home/apt,54,1,0,,,1,346,0,00003400661
1442180583715193309,Thea Beyond the Castle,677887435,Ευαγγελια,,Neapolis – Sykeon,40.63996789045772,22.961096128559927,Entire home/apt,96,1,0,,,2,307,0,00002878358
1442494255484852623,Elegant & Luxury Escape SKG,209881288,Giorgos,,Thessaloniki,40.6328948,22.9437681,Entire home/apt,112,1,0,,,1,364,0,00003415080
1442537006567181244,FOS Apartments by halu! - Two-bedroom apartment,251290631,Halu,,Thessaloniki,40.614932,22.9691304,Entire home/apt,101,1,0,,,99,331,0,00003390115
1442622683587036364,FOS Apartments by halu! - Loft,251290631,Halu,,Thessaloniki,40.614932,22.9691304,Entire home/apt,61,1,0,,,99,356,0,00003390183
1442629183620812290,La Maison de l'Arc- Elegant Stay & View by BiNoBi!,658709285,Georgios,,Thessaloniki,40.6326304,22.9516031,Entire home/apt,119,1,2,2025-06-22,2,26,359,2,00003168687
1442639548729538800,FOS Apartments by halu! - Studio,251290631,Halu,,Thessaloniki,40.61493,22.96913,Entire home/apt,46,1,0,,,99,352,0,00003390242
1442808112938156191,Luminous apartment,379910184,Νικόλαος,,Thessaloniki,40.64417733883596,22.934163808822632,Entire home/apt,52,1,0,,,14,348,0,00003358364
1442889326086362063,Διαμέρισμα στο κέντρο !,112237751,Anastasia,,Thessaloniki,40.63792227980565,22.950107029412123,Entire home/apt,38,2,0,,,1,265,0,00002904432
1443509079119610121,The LocalMent 1' from the White Tower,99092971,Christos,,Thessaloniki,40.6294928,22.9509619,Entire home/apt,136,1,0,,,4,201,0,00003406678
1443620173715101487,Black and white suites 6,652906376,Acacia,,Thessaloniki,40.6308732,22.9528711,Entire home/apt,149,1,0,,,3,350,0,00857297270
1444371071391259610,Modern Flat in Central Thessaloniki•DomusPhilippou,701487429,Filippo,,Thessaloniki,40.63674217425063,22.946514040231705,Entire home/apt,66,1,0,,,1,162,0,01254112939
1444789520590263542,Aristotle Three City View Apartment by BiNoBi!,548386310,Κωνσταντίνος,,Thessaloniki,40.6349776,22.9454449,Entire home/apt,49,1,0,,,15,361,0,00003373719
1444882219393588435,Zeus Apt 2,569503845,Christos,,Thessaloniki,40.6437961,22.9392662,Entire home/apt,40,2,0,,,5,357,0,00003364690
1444886799416778266,Zeus Apt 4,569503845,Christos,,Thessaloniki,40.6437961,22.9392662,Entire home/apt,39,2,0,,,5,358,0,00003364679
1445105026356343471,MoNTaN Suite Apartment,472508562,Nikolaos,,Thessaloniki,40.64233597527031,22.93206642627887,Entire home/apt,56,1,0,,,1,341,0,00003386234
1445416574852464418,Superstudio #203 Pop Art by BiNoBi!,658709285,Georgios,,Thessaloniki,40.6212781,22.9653545,Entire home/apt,50,1,0,,,26,362,0,00003313600
1445495409620382087,Superstudio #303 Pop Art by BiNoBi!,658709285,Georgios,,Thessaloniki,40.6212781,22.9653545,Entire home/apt,52,1,0,,,26,357,0,00003313562
1445524137833187566,villa 8 classic one bedroom apartment,103307879,Daniel,,Thessaloniki,40.59501,22.95488,Entire home/apt,68,2,0,,,67,262,0,00003392782
1445555142110423092,villa 8 delux studio apartment,103307879,Daniel,,Thessaloniki,40.59538,22.9562,Entire home/apt,72,1,0,,,67,253,0,00003392857
1445645622574250351,SKG Fiorito Apartment,476224738,Stavros,,Thessaloniki,40.6294928,22.9509619,Entire home/apt,43,2,0,,,2,334,0,00003207675
1445699920145971881,Portara Apt. Two-room penthouse flat with view,701854640,Dimitris,,Thessaloniki,40.6415447,22.9600031,Entire home/apt,51,3,1,2025-06-23,1,1,353,1,00003383754
1445888276434448626,#ALS-Aurora city apartment,505228383,Αντωνία,,Thessaloniki,40.6276971,22.952513,Entire home/apt,99,3,0,,,9,365,0,00003416140
1446195398922194266,Minimal Apt in the Heart of the city,444906990,Smart Plan,,Thessaloniki,40.63465,22.94996,Entire home/apt,51,1,0,,,18,361,0,00003415213
1446464816924909800,B&M apartment with balcony near the  waterfront,502772007,Migena,,Thessaloniki,40.61463783955261,22.954863756895065,Entire home/apt,54,1,0,,,2,84,0,00003408810
1446783541205370932,Pearls luxury apartment,658369996,Κωσταντίνος,,Kordelio – Evosmos,40.66873,22.91681,Entire home/apt,80,1,0,,,1,355,0,00002972126
1446980591343247146,White Lotus #Skgbnb,1977386,Cristina&Tomas! Skgbnb,,Thessaloniki,40.61378,22.9544,Entire home/apt,74,1,0,,,36,329,0,00003412164
1447017899210584543,F & B Collection - Flat for 3,31131449,Dimitris,,Thessaloniki,40.6281687,22.9520852,Entire home/apt,46,6,0,,,50,365,0,00003258473
1447723147900850232,villa 8 studio delux,103307879,Daniel,,Thessaloniki,40.59528,22.95653,Entire home/apt,72,2,0,,,67,357,0,00003392735
1447752389031362434,Ανακαινισμένο με δροσερή αυλή!,702402710,Κελλυ,,Thessaloniki,40.6096206,22.9625896,Entire home/apt,39,1,0,,,1,309,0,00003305500
1448575891892385464,Ancient Agora Wood Living,192021753,Kosmas,,Thessaloniki,40.63654,22.94642,Entire home/apt,56,4,0,,,3,360,0,00003408603
