id,name,host_id,host_name,neighbourhood_group,neighbourhood,latitude,longitude,room_type,price,minimum_nights,number_of_reviews,last_review,reviews_per_month,calculated_host_listings_count,availability_365,number_of_reviews_ltm,license
218831,Sea-life apartment,137588,Dimitrios,,Kalamaria,40.57274,22.95667,Entire home/apt,90,4,1,2020-02-02,0.02,1,358,0,00000049330
376955,3 bedroom 145m2 apartment close to the seaside,1894819,Olivia,,Thessaloniki,40.59683,22.95394,Entire home/apt,50,28,19,2017-05-31,0.13,1,363,0,
4666758,#1 SUPER CUTE MINI STUDIO IN CITY CENTER,13251610,Sandra,,Thessaloniki,40.63185,22.94848,Entire home/apt,49,2,303,2024-08-25,2.55,2,212,10,00001125183
5170079,"""The House of Art"" - Awake to the birds song",26719518,Eliana,,Thessaloniki,40.59598,22.96054,Private room,39,1,417,2024-09-07,3.89,1,72,46,00000034826
5499527,Super Stylish Central Studio,14213975,Konstantinos,,Thessaloniki,40.63542,22.9434,Entire home/apt,40,2,607,2024-09-09,5.31,1,316,56,00000214056
5520086,♠ Apartment next to University ♠,17489165,Andrew,,Thessaloniki,40.63086,22.95325,Entire home/apt,50,4,71,2024-09-14,0.62,3,107,8,00002500107
5605342,Central Modern 500m White Tower,10383013,Maria,,Thessaloniki,40.6173,22.95655,Entire home/apt,,2,17,2016-09-18,0.15,1,358,0,
5693168,CityCenter Gem - #2Design CozyQuiet Flat,10654206,Alexandra,,Thessaloniki,40.64179,22.94335,Entire home/apt,35,1,404,2024-09-15,3.50,28,352,37,00000361384
5702461,Houseloft Koromila Sea View,29565272,Houseloft,,Thessaloniki,40.63002,22.94411,Entire home/apt,142,1,260,2024-09-05,2.27,20,336,36,00001680565
6279775,Waterfront #9Design - CozyCityCenter Studio,10654206,Alexandra,,Thessaloniki,40.63176,22.94171,Entire home/apt,29,1,689,2024-09-09,6.04,28,348,65,00000352460
6332299,Homy cosy studio towards the centre,13597375,Filitsa,,Thessaloniki,40.6097,22.96191,Entire home/apt,31,2,40,2024-07-06,0.36,4,333,7,00002237422
6408303,Studio / top floor / city center,33423195,Chris,,Thessaloniki,40.62843,22.9536,Entire home/apt,25,5,101,2024-09-22,0.92,1,309,22,00000124467
6408408,EVANGELIA: Only Good News Here...,33423743,Evangelia,,Thessaloniki,40.64017,22.94416,Private room,25,1,66,2022-10-04,0.59,1,276,0,00000378638
6410244,Entire apartment with Beautiful City View,26233123,AnnA,,Neapolis – Sykeon,40.64023,22.96214,Entire home/apt,42,14,22,2023-07-12,0.20,1,347,0,00000315575
6422405,A room with a view...,33507189,Vana,,Neapolis – Sykeon,40.64591,22.95157,Entire home/apt,53,3,96,2023-09-30,0.86,1,326,1,00000055103
6478641,Apartment in the Historical Center of Thessaloniki,33849266,Athanasios,,Thessaloniki,40.64114,22.94394,Entire home/apt,70,3,184,2024-09-12,1.64,1,294,10,00000091790
6565113,High-end luxury apartment,34341328,Βασίλης,,Thessaloniki,40.6147,22.96317,Entire home/apt,40,2,237,2024-07-30,2.10,2,185,13,00000475290
6682912,thess1home,34979760,Panagiotis,,Pilea – Chortiatis,40.59153,22.97563,Entire home/apt,53,1,230,2024-05-28,2.04,10,365,3,00002463069
6773050,Penthouse in the City Centre !!,25211962,Elina,,Thessaloniki,40.63547,22.93888,Entire home/apt,65,3,77,2024-09-07,0.69,1,17,18,00000012348
6781712,Cozy & central flat with great view,35502056,Asteropi,,Thessaloniki,40.62205,22.9539,Private room,62,5,52,2022-09-11,0.47,1,354,0,00000161024
6831358,Trie City Experience,6077150,Stergios,,Thessaloniki,40.62928,22.94926,Entire home/apt,84,3,183,2024-07-24,1.63,1,21,4,00000459915
7078544,F & B Collection - Escape Avenue URBAN,31131449,Dimitris,,Kalamaria,40.58343,22.96511,Entire home/apt,43,7,134,2024-06-02,1.21,56,363,16,00002533720
7609332,Ιn the heart of Thessaloniki 4 bd 180sqm apt,9531550,Katerina,,Thessaloniki,40.62995,22.94825,Entire home/apt,106,2,362,2024-09-07,3.27,14,310,47,00001111422
7663345,"A pleasant,sunny,spacious apartment",20775926,Joanna,,Thessaloniki,40.60205,22.96922,Entire home/apt,60,1,37,2024-02-04,0.35,1,326,3,00001130024
7710541,Tailor's Suites #1,40505568,Thanos,,Thessaloniki,40.6394717,22.9384145,Entire home/apt,32,1,52,2024-09-22,2.68,2,349,26,00002470248
7721006,Come for a while into my life :),25979571,Vasilia,,Thessaloniki,40.63551,22.95409,Entire home/apt,38,2,35,2022-09-27,0.34,1,265,0,00002248380
7766335,SWEET  Home 15'from airport @15'from center,40585741,Χριστινα,,Thessaloniki,40.60098,22.96422,Entire home/apt,29,2,265,2024-09-14,2.41,1,342,30,00000378810
8163226,Single room,43087202,Dimitra,,Ampelokipon – Menemeni,40.65041,22.93347,Private room,18,14,20,2024-09-15,0.21,2,337,6,00000239172
8214869,Downtown Central Cozy3BD - #8Design Flat,10654206,Alexandra,,Thessaloniki,40.63719,22.95002,Entire home/apt,61,1,697,2024-09-17,6.36,28,338,120,00000361169
8289122,"Modern, central penthouse with view.",43704234,Elen,,Thessaloniki,40.6471061706543,22.918548583984375,Entire home/apt,65,2,141,2024-02-05,1.33,1,363,4,00002700223
8330733,Villa in Thessaloniki,43914534,Anastasios,,Pilea – Chortiatis,40.57767,23.03114,Entire home/apt,150,3,42,2024-08-31,0.39,1,363,1,00000097550
8350326,"""Feels like taking home with you""!",8862760,Aimilios,,Kalamaria,40.58279,22.9658,Entire home/apt,52,2,36,2024-08-24,0.33,1,356,5,00000201604
8421814,The most central apartment for 4 people!,43867149,Thekla,,Thessaloniki,40.63437,22.9455,Entire home/apt,62,1,136,2024-07-15,1.25,1,180,9,00001651848
8537784,Downtown in Old Town with view!,44948995,Maro & Anna,,Thessaloniki,40.63928,22.95502,Entire home/apt,50,15,94,2024-06-17,0.88,1,150,2,00000288889
8540269,Vintage 1930's flat in the center of Thessaloniki,44960779,George,,Thessaloniki,40.63995,22.94543,Entire home/apt,43,2,217,2024-09-14,2.73,1,261,6,00000037066
8609770,Passer Domesticus - Unique Living,24114811,Babis,,Thessaloniki,40.63712,22.93944,Entire home/apt,70,2,83,2024-09-09,0.96,1,171,4,00000328868
8610663,5* LOFT PILAIA -splendid view 360*,35478692,Paris,,Pilea – Chortiatis,40.60246,22.99553,Entire home/apt,59,3,48,2024-08-31,0.46,1,130,3,00000162447
8820310,The SuperHeroes Apartment,1900494,Vassilis,,Thessaloniki,40.59944,22.97574,Entire home/apt,80,3,74,2024-07-11,0.69,1,272,5,00000434923
8987878,Elegant studio in Aristotelous Square,37912682,Βασιλικη,,Thessaloniki,40.63295,22.94004,Private room,70,3,129,2024-09-08,1.20,1,351,13,00000328857
9020776,Modern Cozy Studio (city center),24759607,Georgios,,Thessaloniki,40.6407,22.93661,Entire home/apt,36,4,179,2024-09-07,1.67,1,169,16,00000384426
9152529,Comfortable rooms 15' min to center.,25449575,Jannis,,Thessaloniki,40.61383,22.97486,Private room,24,1,114,2024-08-27,1.06,2,327,25,00001676557
9184637,Lovely flat at the historic center,47786468,Gregory,,Thessaloniki,40.6304,22.951,Entire home/apt,60,31,56,2020-02-16,0.54,1,1,0,00000256438
9248334,"Central, bright 2-BD Apt. WiFi, in a prvt building",48055342,Pavlos And Ioanna,,Thessaloniki,40.63813,22.95126,Entire home/apt,68,3,96,2024-08-30,0.98,2,349,2,00000168347
9327845,"Sweet Home 1 # Natural Life, 20' from city center",43603727,Ioanna - Kostas,,Neapolis – Sykeon,40.65562057495117,22.9864444732666,Entire home/apt,55,2,36,2024-09-08,0.35,2,176,11,00000477107
9666586,Galerius Inn @ Thessalonikis heart !   32231,49955057,Evangelia,,Thessaloniki,40.6303,22.95012,Entire home/apt,93,2,19,2023-09-28,0.18,1,269,1,00000032231
9894057,Old-Town Apartment,38018322,Pantelis,,Thessaloniki,40.63903,22.95591,Entire home/apt,120,1,325,2024-09-02,3.04,1,234,6,00000075292
10133783,Thess1Home Premium [new 2016],34979760,Panagiotis,,Kalamaria,40.57659,22.96432,Entire home/apt,89,1,348,2024-09-03,3.30,10,355,12,00002465960
10483750,CITY CENTRAL 1 BEDROOM FLAT,54039142,Dimitris,,Thessaloniki,40.63305,22.94936,Entire home/apt,23,1,28,2021-07-21,0.27,1,326,0,00000157608
10579877,Sunny & Happy historic center,3688135,Marianna,,Thessaloniki,40.63202244549462,22.952944278717062,Entire home/apt,62,2,126,2024-09-22,1.23,1,227,21,00000427734
10671011,Penthouse-heart of Thessaloniki,43965453,Alex,,Thessaloniki,40.6304,22.94664,Entire home/apt,80,3,87,2024-09-20,0.84,1,57,16,00001392188
10983314,"Balcony #5Design - SeaSideView, CityCenter Studio",10654206,Alexandra,,Thessaloniki,40.63176,22.94171,Entire home/apt,38,1,793,2024-09-17,7.57,28,322,98,00000529248
10988905,"Central, smart choice for 1 - 4 prs",57017231,Anninos,,Thessaloniki,40.61398,22.95581,Entire home/apt,43,3,92,2024-04-15,0.88,1,177,1,00000289500
11001184,modern&comfortable apartment  Euosmos Thessaloniki,57087329,Anastasia,,Kordelio – Evosmos,40.66664,22.91616,Entire home/apt,65,2,40,2024-09-07,0.40,1,99,2,00000143231
11033155,Spiti mas,47104896,Κωνσταντίνος,,Thessaloniki,40.5992577,22.95498,Entire home/apt,60,2,0,,,1,355,0,00002860896
11267222,Girls Only! 2 rooms In My Flat - I Rent the 2nd!,38346978,Vasiliki,,Kordelio – Evosmos,40.66864,22.91406,Private room,50,1,5,2019-12-19,0.07,1,87,0,00000438087
11297354,Acheiropoietos Apartment,25201186,Vasilis,,Thessaloniki,40.63513946533203,22.94681167602539,Entire home/apt,92,2,9,2024-05-04,0.13,1,140,6,00000462280
11307085,Apartment Thessaloniki,26302519,Joulia,,Thessaloniki,40.60723,22.96946,Entire home/apt,78,2,11,2024-02-05,0.14,1,178,1,00000370843
11333610,Comfortable rooms 15' min to center,25449575,Jannis,,Thessaloniki,40.61432,22.97565,Private room,23,1,110,2024-09-07,1.06,2,341,11,00001676599
11382498,MaziRooms 1.1,59687021,Pau,,Thessaloniki,40.63797,22.94272,Entire home/apt,45,2,186,2024-09-14,1.79,14,241,9,00002294476
11415222,#FLH - Authentic Retro Flat in CityCenter,9244884,FeelsLikeHomeGR,,Thessaloniki,40.62999,22.95225,Entire home/apt,114,1,102,2024-08-25,0.99,17,79,5,00002504454
11462299,"Amazing view,downtown luxurious 2bd",16478745,Ioanna,,Thessaloniki,40.63039326011929,22.949924057671712,Entire home/apt,60,2,326,2024-09-17,3.21,6,307,34,00002405060
11541483,Downtown apartment,60890376,Mariam,,Thessaloniki,40.621895,22.953457,Entire home/apt,54,1,172,2024-06-08,1.68,1,317,11,00001869877
11543735,Cozy apartment near the city center with Netflix!,57991167,Giannis,,Thessaloniki,40.60467,22.96053,Entire home/apt,49,7,75,2024-03-14,0.72,1,340,2,00000129578
11651643,City center elegant loft,36326447,Stamatis,,Thessaloniki,40.63377,22.94019,Entire home/apt,170,3,59,2019-07-25,0.68,2,183,0,00000209181
11663126,"Modern Urban Studio, Skg City Centre",5617850,Tina,,Thessaloniki,40.63129,22.94986,Entire home/apt,,15,122,2024-07-13,1.18,1,7,5,00000935012
11707264,(5min) από Παραλία και Δικαστήρια,62233574,Georgios,,Thessaloniki,40.63900219862296,22.9355335539673,Entire home/apt,,1,47,2024-09-09,2.22,2,0,17,00001845400
11789259,Lovely Studio in old city center with priv Parking,193416558,Vasilis,,Thessaloniki,40.6387107,22.9554154,Entire home/apt,49,2,119,2024-08-30,1.16,1,15,6,00000260808
11856321,Classic Villas Ouziel,13574689,Stelios,,Thessaloniki,40.5947,22.95292,Entire home/apt,245,4,26,2023-09-02,0.25,1,365,0,0933Κ91000768401
11926568,"BIG MODERN CENTER APARTMENT, BALCONY AND PARKING#1",59212565,Dimitris,,Thessaloniki,40.64631,22.9252,Entire home/apt,62,1,469,2024-09-15,4.54,1,63,81,00000538605
12070194,apartment Nikos,17305188,Nikolaos,,Kalamaria,40.57752,22.9514,Entire home/apt,90,7,10,2023-11-06,0.10,1,95,1,00000007814
12085965,The NEW Aristotelous Boarding house 90 τ.μ sq.m,31923782,Lora,,Thessaloniki,40.6333,22.94074,Entire home/apt,250,1,6,2017-12-30,0.06,1,134,0,00002279819
12106564,Upper 6 Residence,64917515,Jose,,Thessaloniki,40.638004,22.94009,Entire home/apt,165,3,69,2024-08-03,0.69,1,33,9,00000619201
12145518,"karen studio in Old Town, Thessaloniki",22756563,Konstantinos,,Thessaloniki,40.63917,22.95615,Entire home/apt,40,6,42,2024-09-14,0.44,1,63,9,00000295954
12163783,Central 2-room apartment,45888139,Olia & Stelios,,Thessaloniki,40.62859,22.953062,Entire home/apt,48,2,191,2024-08-28,1.95,1,160,16,00000291461
12238767,"Thess1Home Relax [new, May 2016]",34979760,Panagiotis,,Pilea – Chortiatis,40.59152,22.97576,Entire home/apt,80,1,162,2024-09-18,1.59,10,343,13,00002463048
12262261,#FLH - Ethnic Flat next to St. Dimitrios Church,9244884,FeelsLikeHomeGR,,Thessaloniki,40.63728,22.94701,Entire home/apt,71,1,72,2024-08-18,0.70,17,122,5,00002836041
12293989,Penny's luxury city apartment,14950487,Panagiota,,Thessaloniki,40.64474365040625,22.941653088885502,Entire home/apt,85,1,3,2024-01-03,0.21,1,336,1,00002120476
12360708,Modern Central Fully Equipped Apart,29452692,Dimitris And Paki,,Thessaloniki,40.618106842041016,22.954917907714844,Entire home/apt,90,2,127,2023-11-14,1.24,1,341,1,00000554944
12372555,"Amazing location, with bay views!",53772040,Rolando,,Thessaloniki,40.60738,22.95249,Entire home/apt,31,2,28,2024-07-14,0.28,1,224,2,00000410695
12472289,Center/Bright/Balcony/Great view/WF,103972835,Christina,,Thessaloniki,40.63528,22.95292,Entire home/apt,47,2,268,2024-08-21,2.64,4,159,19,00000495931
12606597,Studio 48,54756606,Roxani,,Pilea – Chortiatis,40.58685,23.03448,Entire home/apt,100,3,2,2023-09-11,0.02,1,355,0,1006290
12654178,Feel like home,49978437,Magdalena,,Thessaloniki,40.63794,22.93946,Entire home/apt,57,2,135,2024-09-09,1.35,1,341,26,00000574440
12759457,Terrace studio in Old Town,43526191,Kelly,,Thessaloniki,40.64059,22.95602,Entire home/apt,55,3,136,2024-06-11,1.35,1,61,10,00000027429
12765235,Luxury Living Apartments And Spa- No21,53934947,Vasilis,,Thessaloniki,40.63034,22.94695,Entire home/apt,119,1,7,2024-08-17,0.08,7,191,2,00000023443
12767915,Luxury Living Apartments - No22,53934947,Vasilis,,Thessaloniki,40.63034,22.94695,Entire home/apt,132,1,6,2022-11-06,0.06,7,198,0,00000008520
483128,Stel's apt in Thessaloniki center!,2358521,Stelios,,Thessaloniki,40.63942,22.95121,Entire home/apt,37,2,398,2024-09-18,2.66,1,359,26,00000502736
494816,"City View Apartment  ""Thessaloniki""",1977386,Cristina&Tomas! Skgbnb,,Thessaloniki,40.64627,22.94352,Entire home/apt,37,20,46,2024-02-03,0.33,30,336,4,00001900000
550239,Kripis Studio Thessaloniki No1,1193625,Olga,,Thessaloniki,40.64008,22.95598,Entire home/apt,51,7,8,2023-10-17,0.06,6,253,1,1133335
798646,LUXURIOUS & STYLISH APARTMENT IN THESSALONIKI,2890501,Francy,,Pilea – Chortiatis,40.58628,23.03393,Entire home/apt,95,7,7,2021-07-14,0.09,1,357,0,00001204888
817373,Hermes - Cosy central apartment,4293278,Andreas,,Thessaloniki,40.63968,22.93879,Entire home/apt,45,2,207,2024-03-11,1.44,2,349,2,00000057587
912803,Looking for the room?,3835591,Olga,,Pavlou Mela,40.65929,22.93068,Private room,20,2,144,2024-09-07,1.07,1,357,18,00000477581
1006153,Kripis Studio Thessaloniki No4,1193625,Olga,,Thessaloniki,40.64058,22.95678,Entire home/apt,71,7,16,2024-04-30,0.18,6,321,1,1133335
1007872,Cozy studio in old city near city center,5543143,Giannis,,Thessaloniki,40.639,22.95651,Entire home/apt,28,3,56,2024-07-27,0.64,1,146,6,00000332400
1013340,Kripis Studio Thessaloniki No2,1193625,Olga,,Thessaloniki,40.63974,22.95704,Entire home/apt,51,10,6,2023-11-03,0.08,6,266,2,1133335
1058022,Afrodite - Pantheon apartments,4293278,Andreas,,Thessaloniki,40.63955,22.93885,Entire home/apt,54,2,106,2022-12-18,0.76,2,345,0,00000126170
1060922,The Epsilon Suite 59,5841701,Yiorgos,,Thessaloniki,40.6346435546875,22.94386863708496,Entire home/apt,68,4,82,2024-09-19,0.61,1,262,9,00001237460
1117177,Kripis Studio Thessaloniki No3,1193625,Olga,,Thessaloniki,40.64126,22.95705,Entire home/apt,50,7,9,2023-08-12,0.11,6,302,0,1133335
1397321,Kripis Studio Thessaloniki No5,1193625,Olga,,Thessaloniki,40.6396,22.95499,Entire home/apt,85,10,1,2020-01-01,0.02,6,234,0,Exempt
2086784,Waterfront #8Design - Bubblegum Box,10654206,Alexandra,,Thessaloniki,40.63177,22.94171,Entire home/apt,29,1,786,2024-09-17,6.02,28,345,78,00000352450
2174678,Art Gallery Center Apartment,7591507,Alexandros,,Thessaloniki,40.62761,22.94842,Entire home/apt,195,2,108,2024-07-28,1.07,1,281,6,00000510135
2417714,Thessaloniki Central Cozy Apartment wifi,12356276,Yiannis,,Thessaloniki,40.6415,22.94488,Entire home/apt,45,2,500,2024-09-01,3.89,2,351,33,00000357571
2525130,Luxurious fabulous modern studio - Panorama centre,12928977,Despina,,Pilea – Chortiatis,40.5926,23.03319,Entire home/apt,80,3,5,2021-07-04,0.05,2,0,0,00000040650
2639807,Apollon - Central apartment,13516901,Ioulianos,,Thessaloniki,40.63948,22.93883,Entire home/apt,56,2,107,2022-04-17,0.85,1,348,0,00000161920
2656518,The bohemian studio by the centre,13597375,Filitsa,,Thessaloniki,40.60763,22.96311,Entire home/apt,32,2,125,2024-08-26,0.98,4,360,10,00002237438
2788858,Waterfront #7Design - CozyCityCenter Flat,10654206,Alexandra,,Thessaloniki,40.63176,22.94171,Entire home/apt,36,1,712,2024-09-17,5.62,28,338,71,00000352868
3181149,Close To City Center - Near The Sea,15799182,Sofia G,,Thessaloniki,40.62092,22.95518,Entire home/apt,61,2,26,2024-09-09,0.21,1,88,1,00001359506
3276780,"Apartment in Ano Poli, Thessaloniki",16565876,Stathis,,Thessaloniki,40.63801,22.95393,Entire home/apt,20,1,113,2018-09-04,0.92,1,212,0,
3797390,Artistic apartment in Thessaloniki,19130759,Katerina,,Thessaloniki,40.60287,22.96062,Entire home/apt,55,2,78,2024-09-08,0.73,1,174,4,2475762
3810102,Mi Casa es Tu Casa,18863492,Sofia,,Thessaloniki,40.60335,22.9698,Entire home/apt,55,2,12,2024-08-08,0.75,1,10,2,00002042894
3923918,Luxury studio city,20326948,Raoul-Ernesto,,Thessaloniki,40.6119,22.97425,Entire home/apt,50,2,125,2024-09-15,1.03,2,365,13,00000147644
3929429,Thessaloniki Central Apartment wifi,12356276,Yiannis,,Thessaloniki,40.63684,22.95384,Entire home/apt,35,2,472,2024-09-02,3.86,2,348,29,00000283257
4048879,"Large convenient flat, Thessaloniki",7087654,John And Chris,,Thessaloniki,40.61263,22.96083,Entire home/apt,,29,11,2024-02-17,0.09,1,0,2,00001226502
4126656,Cosy room + wi-fi in central flat,21406334,Maria,,Thessaloniki,40.64121,22.94134,Private room,31,2,1,2016-10-01,0.01,1,0,0,
4186142,CityCenter Eclectic - #3Design CozyFlat,10654206,Alexandra,,Thessaloniki,40.64179,22.94335,Entire home/apt,49,1,661,2024-09-17,5.45,28,330,82,00000361078
4467736,Mini suite neighboring the centre,13597375,Filitsa,,Thessaloniki,40.60808,22.96232,Entire home/apt,33,2,99,2024-06-25,0.84,4,354,12,00002237464
4521414,Charming warm apartment 85qm near city centre,23424804,Glykeria,,Thessaloniki,40.61004,22.95851,Entire home/apt,60,4,8,2018-05-13,0.08,1,69,0,00000180466
4530300,Luxury studio,20326948,Raoul-Ernesto,,Thessaloniki,40.61252,22.97284,Entire home/apt,48,2,104,2024-09-15,0.87,2,362,19,00000147622
4560699,Velis apartment Thessaloniki,7886224,Velissarios,,Kalamaria,40.57776,22.94626,Entire home/apt,98,3,21,2024-08-26,0.19,1,338,3,00000262565
13118440,I love this place,72982575,Jenny,,Thessaloniki,40.59691,22.9733,Entire home/apt,70,4,6,2021-09-05,0.06,1,206,0,00000504540
13218557,Mazi Rooms 1.2,59687021,Pau,,Thessaloniki,40.63812,22.94275,Entire home/apt,45,2,134,2024-08-25,1.33,14,255,2,00002294582
13223162,Cosy modern apartment,71808744,John,,Thessaloniki,40.59188,22.96074,Entire home/apt,50,2,128,2024-09-07,1.27,1,161,5,00000362650
13240426,"Comfortable, Bright, 71 m²  (Easy free parking)",74062141,Κώστας,,Neapolis – Sykeon,40.6519928,22.9484445,Entire home/apt,71,3,181,2024-09-12,1.79,1,343,36,00000044475
13277703,villa loco lav,74839332,Κωστας,,Thessaloniki,40.60199,22.97101,Entire home/apt,100,10,5,2016-09-24,0.05,1,89,0,
13311881,"Penthouse apartment with view, close to the center",75230884,Amalia,,Neapolis – Sykeon,40.64901,22.93844,Entire home/apt,34,2,307,2022-07-30,3.06,1,265,0,00000337588
13440422,♣ Modern Apartment with Terrace ♣,17489165,Andrew,,Thessaloniki,40.63815,22.93667,Entire home/apt,50,4,104,2023-12-08,1.03,3,212,2,00002500095
13511324,Bright Charming Apartment,77554386,Yannis,,Thessaloniki,40.64497,22.92974,Entire home/apt,39,3,47,2024-09-17,0.47,1,69,7,00000418796
13579817,Apartment in listed building in historical centre,78373548,Dimitris-Ioanna,,Thessaloniki,40.631462,22.947037,Entire home/apt,108,1,136,2024-08-07,1.36,1,201,18,00000453877
13637342,Family friendly apartment,79093986,Ioanna,,Kalamaria,40.56893,22.96022,Entire home/apt,,2,55,2024-07-29,0.61,1,1,13,00000012742
13721480,Escape ... in style // Downtown Seaside Gate_301,80206409,Mike,,Thessaloniki,40.63145,22.94071,Entire home/apt,33,1,365,2024-09-05,3.67,12,332,40,00001822509
13814156,Cosy 1 bedroom apartment at the heart of the city,81323610,Galateia,,Thessaloniki,40.63039,22.95314,Entire home/apt,54,2,27,2024-09-08,0.27,1,155,1,00002841923
13870009,Escape ... in style // Downtown Seaside Gate_302,80206409,Mike,,Thessaloniki,40.63176,22.94171,Entire home/apt,40,1,302,2024-09-01,3.04,12,322,28,00001822615
13886914,Escape ... in style // Downtown Seaside Gate_304,80206409,Mike,,Thessaloniki,40.63176,22.94171,Entire home/apt,35,1,371,2024-09-08,3.77,12,329,23,00001822641
13887094,Escape ... in style // Downtown Seaside Gate_305,80206409,Mike,,Thessaloniki,40.63176,22.94171,Entire home/apt,50,1,279,2024-08-17,2.80,12,327,16,00001822657
13888976,Beautiful Cosy Sea view Apartment near CityCenter!,75326711,Vagelis,,Thessaloniki,40.64239,22.94914,Entire home/apt,34,2,78,2024-09-18,0.78,3,357,8,00000487443
13894892,Mazi Rooms 1.3,59687021,Pau,,Thessaloniki,40.63807,22.94273,Entire home/apt,45,2,245,2024-07-22,2.47,14,265,15,00002294678
13903922,Escape ... in style // Downtown Seaside Gate_306,80206409,Mike,,Thessaloniki,40.63176,22.94171,Entire home/apt,35,1,359,2024-09-07,3.62,12,333,17,00001822662
13909705,Ημιυπογειο στουντιο με κηπο στο κεντρο της πολης,82496628,Stella,,Thessaloniki,40.64217,22.95107,Entire home/apt,,5,8,2024-07-19,0.09,1,0,1,00000277312
13992175,Magnificent view  Loft Near CityCenter,75326711,Vagelis,,Thessaloniki,40.64155,22.94931,Entire home/apt,35,2,144,2024-04-14,1.45,3,327,12,00000487352
13993488,Dreamy Attic Roomy Sea View Loft near City Center,75326711,Vagelis,,Thessaloniki,40.64337,22.94978,Entire home/apt,35,2,112,2024-08-19,1.13,3,353,8,00000487545
14078585,CENTRAL APARTMENT,148500579,George,,Thessaloniki,40.63614,22.94994,Entire home/apt,500,10,192,2020-06-10,1.93,1,365,0,00000870143
14135392,Luxury Living Apartments - No31,53934947,Vasilis,,Thessaloniki,40.63034,22.94695,Entire home/apt,114,1,3,2024-07-04,0.03,7,181,1,00000023560
14227611,Your SKG House /Unique View/Kid Friendly/P/2bdrms,44486345,Αντώνιος-Πηνελόπη,,Thessaloniki,40.62142,22.9577,Entire home/apt,106,2,120,2024-09-07,1.24,2,274,8,00000177613
14242961,Waterfront #22Design - CozyCityCenter Flat,10654206,Alexandra,,Thessaloniki,40.63176,22.94171,Entire home/apt,31,1,614,2024-09-18,6.24,28,347,77,00000379857
14243826,Waterfront #21Design - CozyCityCenter Flat,10654206,Alexandra,,Thessaloniki,40.63176,22.94171,Entire home/apt,52,1,711,2024-09-19,7.19,28,315,96,00000379915
14246128,Waterfront #24Design - CozyCityCenter Flat,10654206,Alexandra,,Thessaloniki,40.63176,22.94171,Entire home/apt,28,1,583,2024-09-15,5.89,28,338,72,00000379835
14246384,Waterfront #23Design - CozyCityCenter Flat,10654206,Alexandra,,Thessaloniki,40.63175964355469,22.941707611083984,Entire home/apt,29,1,592,2024-09-12,5.99,28,315,76,00000379846
14246742,Waterfront #25Design - CozyCityCenter Flat,10654206,Alexandra,,Thessaloniki,40.63177,22.94171,Entire home/apt,33,1,571,2024-09-16,5.77,28,315,79,00000379788
14247504,Waterfront #26Design - CozyCityCenter Flat,10654206,Alexandra,,Thessaloniki,40.63176,22.94171,Entire home/apt,48,1,697,2024-09-17,7.11,28,350,98,00000379700
14325198,Cosy flat in city center,43317900,Anna,,Thessaloniki,40.63329,22.94866,Entire home/apt,80,30,0,,,1,364,0,
14333612,Aristotelous Modern Flat,68821322,Nektarios,,Thessaloniki,40.6374,22.94383,Entire home/apt,70,2,220,2024-09-08,2.23,1,333,21,00000041159
14617345,Home sweet Home!,43812179,Christopher,,Thessaloniki,40.61137,22.95806,Entire home/apt,290,3,46,2024-08-16,0.47,1,179,3,00000137465
14765140,Stylish Apartment 80sq.m in the heart of the city,92089947,Lianna,,Thessaloniki,40.63508,22.94791,Entire home/apt,70,2,7,2017-08-05,0.07,1,357,0,
14796869,Tiny Loft Studio 17m² in the heart of Thessaloniki,32602396,Dimitrios,,Thessaloniki,40.63396,22.94563,Entire home/apt,30,2,207,2024-06-20,2.13,1,130,22,00000982674
14890837,Modern One Bedroom & 2nd room apt - near seafront,24603505,Daisy,,Thessaloniki,40.59414,22.95301,Entire home/apt,85,10,2,2023-02-28,0.08,1,337,0,00001489955
14896655,Luxurious Maisonette in Thessaloniki,93491611,Maria,,Thessaloniki,40.62442,22.97275,Entire home/apt,136,2,69,2024-09-10,0.71,1,295,7,00001853277
14915461,Sweet Home!!,77882456,Kalliniki,,Thessaloniki,40.60401,22.96226,Entire home/apt,30,3,194,2024-08-13,1.98,2,307,32,00000573763
14926217,Stellar Penthouse City Center,9823777,Augusta,,Thessaloniki,40.63907,22.94966,Entire home/apt,61,2,112,2024-09-18,1.21,1,332,7,00000302442
14972838,GINA'S APARTMENT,94316012,Asteris,,Thessaloniki,40.600174,22.956545,Entire home/apt,70,2,22,2023-06-05,0.69,1,36,0,00001422930
15004759,Remodeled Apartment with Terrace in the City Center,16140365,Harry,,Thessaloniki,40.62135,22.95513,Entire home/apt,54,2,111,2023-10-08,1.14,1,257,1,00000099529
15217155,Lovely place in the Centre of Thess!!,96689226,Ioannis,,Thessaloniki,40.63140106201172,22.949634552001953,Entire home/apt,48,3,35,2023-05-01,0.36,1,142,0,00000366065
15253183,"Warm, cozy & comfortable apartment!!",93261263,Christos,,Thessaloniki,40.64877,22.91986,Entire home/apt,,2,42,2022-10-15,0.43,1,7,0,00000038470
15277594,Elegant Supercentral Apartment,97216720,Petros,,Thessaloniki,40.63194,22.94368,Entire home/apt,81,2,81,2024-09-04,0.94,1,57,12,00000017798
15349145,Charming Home in the Heart of Thessaloniki,27599375,Dominiki,,Thessaloniki,40.62926,22.9461,Entire home/apt,,2,240,2024-08-12,2.48,1,0,4,00000116580
15494686,Rain Apartments: Spacious House 15' from Center,99504003,Alexandros,,Thessaloniki,40.62957,22.9671,Entire home/apt,75,2,213,2024-09-15,2.21,1,289,41,00002860774
15519018,"Downtown Thessaloniki 37sm, sunny & refurbished",99747969,George,,Thessaloniki,40.63858,22.94429,Entire home/apt,40,3,175,2024-09-07,1.82,1,151,28,00000437265
15526140,Aristotelous Square Apartment,52755258,Angelos,,Thessaloniki,40.63238,22.94206,Entire home/apt,107,1,236,2024-09-13,2.82,1,338,52,00000341925
15533578,"Central, bright 1-BD Apt. WiFi, in a prvt building",48055342,Pavlos And Ioanna,,Thessaloniki,40.63789,22.95107,Entire home/apt,68,3,98,2024-02-04,1.02,2,364,3,00000168530
15558515,Nice and clean studio in Thessaloniki Center :),15229046,Alina,,Thessaloniki,40.61907,22.95643,Entire home/apt,30,2,60,2024-08-18,0.62,1,23,10,00000331484
15564731,third floor  lux apartm.with nice view,90997572,Fotis,,Kordelio – Evosmos,40.67374,22.90276,Entire home/apt,50,1,50,2022-02-04,0.52,6,3,0,00000417103
15569577,THE WALL Downtown Apartment/museums area,100287175,Giorgos,,Thessaloniki,40.63083,22.95147,Entire home/apt,51,2,280,2024-09-22,2.91,2,309,28,00001733411
15602536,Top floor lux apartment with nice view!,90997572,Fotis,,Ampelokipon – Menemeni,40.65611,22.91261,Entire home/apt,70,1,26,2019-09-14,0.27,6,0,0,00000416733
15726010,alexandros house,57417006,Αλεξανδρος,,Ampelokipon – Menemeni,40.64994215523798,22.930452230688477,Entire home/apt,,2,2,2023-11-12,0.17,1,0,2,00002320806
12820336,lovely little quiet apartment,69929135,Elena,,Pavlou Mela,40.68322,22.93438,Entire home/apt,31,2,70,2023-07-02,0.69,1,86,0,00001369903
12839242,Million dollars view,70104544,Κωνσταντινος,,Thessaloniki,40.64123,22.95175,Entire home/apt,45,2,133,2021-10-26,1.31,1,238,0,00000144789
12926477,white tower city center loft,70494327,Hlias,,Thessaloniki,40.62753,22.94931,Entire home/apt,43,1,275,2024-09-04,4.22,2,59,61,00001751175
13113431,"The Little GReeNce, by Zormir! The one and only!",32221596,Dimitrios,,Thessaloniki,40.63422,22.95365,Entire home/apt,16,90,38,2020-02-28,0.38,1,364,0,
17755730,Feeling Home,117477639,George,,Pavlou Mela,40.66637,22.93579,Entire home/apt,60,3,0,,,1,153,0,00002499140
17816462,Cosy Apt Thessaloniki,74334773,Georgio,,Thessaloniki,40.63423,22.94205,Entire home/apt,69,3,27,2024-08-31,0.30,2,362,4,00000321636
17841955,Lovely flat in the heart of Thessaloniki,59049045,Nikoleta,,Thessaloniki,40.63507,22.95116,Private room,16,3,12,2017-11-06,0.13,1,67,0,
17986802,Apartment 70sqm/with View/City Center(Kamara)-WiFi,103602482,Katerina,,Thessaloniki,40.63369,22.954437,Entire home/apt,65,3,140,2024-07-28,1.54,1,3,7,00000179814
17988579,Sun City View,45220885,Angelos,,Pavlou Mela,40.6673,22.93403,Entire home/apt,59,3,40,2024-05-23,0.44,2,3,6,00000294214
18051125,#FLH - Urban Dream - Downtown,9244884,FeelsLikeHomeGR,,Thessaloniki,40.63887,22.94234,Entire home/apt,86,1,139,2024-09-04,1.53,17,88,9,00001971980
18065208,"An apartment in the city's ""heart""! (ΑΜΑ 95229)",2930506,Sinodios,,Thessaloniki,40.62898,22.94642,Entire home/apt,59,1,116,2024-08-09,1.36,1,246,26,00000095229
18154229,Budget cozy studio,111705455,Andrei,,Thessaloniki,40.64438,22.93902,Entire home/apt,63,2,24,2018-05-13,0.26,10,365,0,1037314
18155324,Quiet spacious studio,111705455,Andrei,,Thessaloniki,40.64409,22.9376,Entire home/apt,44,2,43,2019-12-30,0.48,10,304,0,1037314
18162971,"Thea Apartments ""Calypso""",1619493,Georgios,,Thessaloniki,40.64464,22.92357,Entire home/apt,55,15,69,2023-09-26,0.77,9,266,1,00000396817
18164708,"Stylish, modern and comfortable apartment",1656384,Thanasis,,Thessaloniki,40.64207,22.946,Entire home/apt,67,3,72,2024-09-04,0.80,1,324,20,00000156171
18201389,White Tower Luxury Apartment,21080448,Zoe,,Thessaloniki,40.62685,22.950199,Entire home/apt,49,1,177,2024-08-19,2.05,1,146,30,00000078706
18258487,Budget comfortable twin studio,111705455,Andrei,,Thessaloniki,40.64334,22.93781,Entire home/apt,54,2,51,2018-09-27,0.56,10,365,0,1037314
18265873,St Paul House,45875542,Sofoklis,,Neapolis – Sykeon,40.63447,22.96087,Entire home/apt,42,2,98,2024-09-02,1.09,5,304,5,00001385169
18304029,Budget triple loft,111705455,Andrei,,Thessaloniki,40.6441,22.93708,Entire home/apt,56,2,47,2021-12-19,0.52,10,365,0,1037314
18342117,Budget loft twin studio,111705455,Andrei,,Thessaloniki,40.63974,22.94422,Entire home/apt,54,1,92,2019-02-08,1.02,10,365,0,1037314
18354335,Semi-floor little room,111705455,Andrei,,Thessaloniki,40.64537,22.937901,Entire home/apt,28,2,7,2019-11-04,0.09,10,361,0,1037314
18363606,Central Navarinou square-exquisite 2bd apartment,16478745,Ioanna,,Thessaloniki,40.63064461046189,22.950170869313162,Entire home/apt,56,2,167,2024-09-11,1.86,6,52,36,00002419491
18367605,Sunny terrace house near citycentre,123710995,Stefania,,Thessaloniki,40.64384,22.95117,Entire home/apt,34,2,97,2024-05-06,1.08,2,319,5,00000487691
18369648,Budget chic loft,111705455,Andrei,,Thessaloniki,40.64473,22.937,Entire home/apt,56,2,54,2018-04-29,0.60,10,365,0,1037314
18370035,Low cost triple studio,111705455,Andrei,,Thessaloniki,40.6465,22.93683,Entire home/apt,54,4,59,2018-08-31,0.65,10,365,0,1037314
18533950,DENIS APARTMENT,128671599,Tsiros,,Kalamaria,40.58329,22.95243,Entire home/apt,69,1,67,2024-09-01,0.75,1,119,27,00000002665
18562502,Mazi Rooms 1.5,59687021,Pau,,Thessaloniki,40.63812,22.94275,Entire home/apt,45,2,192,2024-09-16,2.14,14,260,32,00002294721
18563384,Beautiful bachelor apartment in central area,52271945,Thalia,,Thessaloniki,40.60024,22.95397,Entire home/apt,50,30,2,2019-10-28,0.03,3,365,0,00000324284
18574940,PENTHOUSE SUITE In the city center,128968239,Konstantinos,,Thessaloniki,40.63641,22.93811,Entire home/apt,58,1,286,2024-09-08,3.20,19,128,4,00001862237
18578981,Stay Apartment,68185288,Athanasia And Vasilis,,Thessaloniki,40.61042,22.95397,Entire home/apt,,1,17,2024-08-19,0.19,13,0,4,00001802968
18604364,TOP location Brand NEW apartment !,25683666,Alexandra,,Thessaloniki,40.63452,22.94825,Entire home/apt,65,2,246,2024-09-04,2.75,1,315,39,00000144858
18609939,Παραδοσιακο κτηριο στην Ανω Πολη με ξυλινη σοφιτα,129257949,Constantino,,Thessaloniki,40.6445,22.94307,Entire home/apt,130,1,3,2020-02-02,0.04,6,363,0,0933K133K0466700
18664924,Historical city centre neoclassic apartment,3636352,Dimitra,,Thessaloniki,40.64025,22.94576,Entire home/apt,27,3,20,2020-02-03,0.23,2,25,0,00000470350
18715655,"#FLH - Boho Chic Apartment, Agia Sofia District",9244884,FeelsLikeHomeGR,,Thessaloniki,40.63379,22.94552,Entire home/apt,100,1,199,2023-11-23,2.22,17,82,2,00002504380
18823225,Sunny and Central:),131061327,Ιωάννα,,Thessaloniki,40.63966,22.94122,Entire home/apt,32,1,427,2024-09-20,4.81,2,355,63,00000020300
18829778,"Spacious,near the sea, city center apartment.",131123623,Nazeli&Markela,,Thessaloniki,40.62857,22.95216,Entire home/apt,43,2,233,2024-09-02,2.63,1,67,28,00000300070
18860209,SunnyPenthouse/unique terrace next to the old city,18268417,Athanasios,,Thessaloniki,40.63846,22.96037,Entire home/apt,,3,267,2024-07-02,3.02,1,0,40,00000307189
18867093,City Center Apartment with balcony near Helexpo,131449058,Eva,,Thessaloniki,40.62061,22.95409,Entire home/apt,58,2,213,2024-06-13,2.41,1,172,6,00000082295
18922908,Konstantinos's Luxury studio,131894407,Konstantinos,,Thessaloniki,40.64507,22.94203,Entire home/apt,35,1,20,2022-05-15,0.23,3,294,0,00001798273
18926110,Waterfront #43Design - CozyCityCenter Flat,10654206,Alexandra,,Thessaloniki,40.63175964355469,22.941707611083984,Entire home/apt,55,1,652,2024-09-19,7.33,28,321,94,00000379868
18959007,Fabulous house in Panorama Thessaloniki,12928977,Despina,,Pilea – Chortiatis,40.59284,23.03594,Entire home/apt,210,2,0,,,2,0,0,00000040661
19032530,Modern studio in the heart of the city,132809872,Μαρία,,Thessaloniki,40.63214,22.94413,Entire home/apt,33,2,431,2024-09-18,4.88,1,247,75,00000002571
19034665,White Tower Guesthouse,20387484,Christos,,Thessaloniki,40.6284,22.94918,Entire home/apt,70,3,51,2023-11-12,0.58,1,360,3,00001869070
19068561,Apartment old town near centre! !!!,79386724,Nick,,Thessaloniki,40.643673,22.943687,Entire home/apt,53,1,99,2023-08-05,1.12,1,61,0,00000208202
19077300,"Sweet, small, sunny apartment in the city center",133203550,Theodoros,,Thessaloniki,40.63668,22.946,Entire home/apt,41,3,371,2024-09-18,4.21,1,37,50,00000140616
19139915,Alex Apt in the city center,53262810,Nikos,,Thessaloniki,40.63802,22.94345,Entire home/apt,36,2,196,2024-09-08,2.22,1,168,34,00001097467
19219664,Διαμέρισμα πολυτελείας κέντρο Θεσσαλονίκης - Alice,132330763,Marina,,Thessaloniki,40.64066,22.93948,Entire home/apt,50,2,57,2023-12-31,0.66,1,365,2,00000364771
19253287,Apartment in a listed building,134824651,Χαρούλα,,Thessaloniki,40.63099,22.94612,Entire home/apt,47,3,113,2024-09-16,1.28,1,318,36,00000202200
19304313,Kassandrou Apartment beautiful view !,129587760,Xrysa,,Thessaloniki,40.63622,22.95321,Entire home/apt,34,2,82,2022-05-30,0.95,1,0,0,00002876429
19312663,Romeo central luxury mini suite,108033866,Apostolos,,Thessaloniki,40.63684,22.9394,Entire home/apt,56,1,582,2024-09-07,6.62,8,351,60,00002379757
19314278,Liako’s House with amazing view in Thessaloniki !!,25815501,Ilias,,Thessaloniki,40.6425,22.95126,Entire home/apt,50,3,57,2024-09-21,0.66,1,0,17,00001240716
19331859,Juliet central luxury mini suite,108033866,Apostolos,,Thessaloniki,40.63692,22.93925,Entire home/apt,51,1,434,2024-09-02,4.92,8,357,32,00002379762
19343590,Alex's wood-art home,135522367,Alexandros,,Thessaloniki,40.64202,22.93857,Entire home/apt,50,3,172,2024-08-29,1.95,1,42,1,00000124285
19346219,Modern industrial suite Ag.Sofias Square.,77080281,Stratos,,Thessaloniki,40.63226,22.9449,Entire home/apt,63,2,352,2024-07-03,3.99,2,308,18,00000040071
19457599,"""Erato"" modern flat in Evosmo Thessaloniki",136467908,Theodoros&Eleni,,Kordelio – Evosmos,40.67305,22.91536,Entire home/apt,41,2,80,2023-07-02,0.92,2,66,0,00001390078
19467760,Waterfront Luxury Sea View City Center Apartment,133668199,Georgia And Giannis,,Thessaloniki,40.63559,22.93546,Entire home/apt,59,2,397,2024-09-05,4.54,1,11,37,00000102159
19656816,Aristotelous loft studio 60sqm,9531550,Katerina,,Thessaloniki,40.6336,22.94159,Entire home/apt,70,1,427,2024-08-31,4.88,14,0,74,00000483187
19724971,The Key to SKG,221305051,Nikolaos,,Thessaloniki,40.62867,22.95037,Entire home/apt,50,2,305,2024-09-09,3.48,1,359,19,00000461709
19734754,1-2 persons studio in Ano Poli (city center),138958373,Panagiotis,,Thessaloniki,40.639,22.95652,Entire home/apt,25,3,98,2024-09-04,1.12,2,149,11,00000384153
19756254,Cozy apartment with a unique view,12950290,Stefanos & Maria,,Thessaloniki,40.63299,22.94943,Entire home/apt,500,60,132,2020-03-15,1.53,1,365,0,00000934290
19785393,"Furnished apartments in Pefka, Thessaloniki",135801118,Katharina,,Neapolis – Sykeon,40.65925,22.9787,Entire home/apt,25,90,0,,,1,177,0,
19827493,Urban Living 402,112627287,Urban Living,,Thessaloniki,40.63937,22.94532,Entire home/apt,80,3,31,2023-09-26,0.36,9,23,1,00001311777
19835357,Family studio,111705455,Andrei,,Thessaloniki,40.644863,22.937481,Entire home/apt,61,1,28,2018-05-13,0.32,10,365,0,1037314
19838129,sacvoyage,140218094,Aristeidis,,Thessaloniki,40.60423,22.96221,Entire home/apt,64,1,198,2024-09-22,2.27,1,82,35,00000981138
19861385,Urban Living 401,112627287,Urban Living,,Thessaloniki,40.64019,22.94557,Entire home/apt,72,2,22,2024-04-13,0.26,9,25,2,00001290777
19888129,High-end luxury apartment 2,34341328,Βασίλης,,Thessaloniki,40.61445,22.96262,Entire home/apt,43,2,53,2024-06-25,0.62,2,352,4,00000506796
19929641,My House,112417104,Giorgos,,Kalamaria,40.5742,22.9496,Entire home/apt,70,3,82,2024-03-09,0.95,1,44,7,00002818276
19992100,Comfort room,45220885,Angelos,,Pavlou Mela,40.66693,22.93586,Entire home/apt,50,3,3,2023-09-24,0.05,2,12,1,00000288346
20003529,Ideal for longer stays,21693651,Παύλος,,Thessaloniki,40.60824,22.97241,Entire home/apt,55,56,10,2023-09-18,0.12,1,295,0,00002013651
20009115,Elegant Studio at Apostolou Pavlou,142030781,Χρυσάνθη,,Thessaloniki,40.63664,22.95522,Entire home/apt,30,3,79,2024-08-08,0.93,3,336,9,00000958630
20010508,Elegant studio at Viantos street,142030781,Χρυσάνθη,,Thessaloniki,40.639294,22.953327,Entire home/apt,40,3,110,2024-02-04,1.28,3,293,8,00000497826
20044749,SHARD sky,142392582,Maria,,Thessaloniki,40.61847,22.96235,Entire home/apt,41,2,31,2024-09-08,1.10,1,73,10,00001397192
20089778,It used to be my workshop,131061327,Ιωάννα,,Thessaloniki,40.63627,22.9527,Entire home/apt,30,1,483,2024-09-17,5.63,2,344,82,00000333030
20141458,Aristotelous Loft Apartment,83460669,Nikoleta,,Thessaloniki,40.63821,22.94794,Entire home/apt,54,1,148,2024-09-22,1.71,1,326,27,00000013112
20346631,thess1home mistral,34979760,Panagiotis,,Kalamaria,40.56751,22.96033,Entire home/apt,64,1,173,2024-08-24,2.00,10,350,19,00000899640
20432460,"Modern style apartment,Central Thessaloniki, 100qm",145789612,Jens,,Thessaloniki,40.639828,22.938847,Entire home/apt,55,5,18,2024-09-14,0.21,1,84,2,00000032323
20494668,Central Top Floor (Ρετιρέ) Apartment,146313643,Δημητρης,,Thessaloniki,40.62882,22.95277,Entire home/apt,43,2,228,2024-09-03,2.66,1,85,33,00000000679
20528978,Presidential luxury suite with amazing city view!,108033866,Apostolos,,Thessaloniki,40.63359,22.96153,Entire home/apt,127,2,388,2024-08-11,4.49,8,323,36,00002379741
20564108,Upscale and Spacious 3BR Home,38459666,Kostas,,Ampelokipon – Menemeni,40.65548,22.92987,Entire home/apt,90,30,48,2024-08-08,0.58,1,233,4,00000043720
20645235,Alpinia deluxe Apt.(must),133887934,George,,Thessaloniki,40.63077,22.95099,Entire home/apt,56,3,63,2024-09-11,0.73,15,121,7,00002106241
20645523,Lotus deluxe Apt.(must),133887934,George,,Thessaloniki,40.63062,22.95075,Entire home/apt,56,3,34,2024-02-02,0.40,15,124,1,00002106257
20647590,Central Modern Studio,147650540,Tina,,Thessaloniki,40.63985,22.93945,Entire home/apt,35,2,58,2024-09-07,0.68,2,54,12,00000363177
20662899,the Birds,107328172,Alexis,,Thessaloniki,40.63583,22.94426,Entire home/apt,89,2,79,2024-09-11,0.92,7,33,8,00000686121
20719513,Heliconia deluxe Apt.(must),133887934,George,,Thessaloniki,40.63357,22.94948,Entire home/apt,64,3,71,2024-08-21,0.83,15,105,16,00001435716
20734063,Mousas studio Apt.(must),133887934,George,,Thessaloniki,40.63357,22.94948,Entire home/apt,,3,75,2024-08-29,0.88,15,0,20,00001435721
20757624,Eclipse Suite #Skgbnb,28267881,Tomas&Cristina! Skgbnb,,Thessaloniki,40.6336,22.9532,Entire home/apt,90,2,74,2024-09-08,0.87,29,307,8,00002350419
20768326,Pretty flat at the city of Thessaloniki,148785081,Christos,,Thessaloniki,40.60157,22.967,Entire home/apt,35,3,16,2023-07-31,0.59,1,51,0,00001646333
20770528,Mazi Rooms 7.2,59687021,Pau,,Thessaloniki,40.63857,22.94025,Entire home/apt,45,1,55,2024-09-08,0.64,14,268,4,00002294965
20772805,Σοφίτα στο κέντρο της Θεσσαλονίκης.,148833105,Άννα,,Thessaloniki,40.639,22.94522,Entire home/apt,35,2,71,2024-09-08,0.83,1,337,5,00000395132
15809727,Τhess1home Central,171595075,Panagiotis,,Thessaloniki,40.61592,22.95562,Entire home/apt,81,1,158,2024-07-21,1.67,5,83,2,00002867373
15819752,apartment villa panorama,88525295,Θεοδοσία,,Pilea – Chortiatis,40.58525,23.0274,Entire home/apt,78,1,4,2024-07-25,0.05,1,84,2,00002586739
15863041,"Thea Apartments ""Melite""",1619493,Georgios,,Thessaloniki,40.64464,22.92364,Entire home/apt,38,20,59,2024-02-20,0.63,9,153,1,00000396817
15868940,Cosy Penthouse (up to 6 guests) in the CityCentre,92718261,Triantafyllos Xanthopoulos,,Thessaloniki,40.63853,22.94914,Entire home/apt,53,1,295,2024-09-14,3.10,2,31,7,00000445200
15972249,Panoramic View Lux Penthouse Apartment,103706671,Ανεστης,,Thessaloniki,40.6099981,22.9592021,Entire home/apt,62,2,1,2024-07-15,0.42,1,269,1,00002335506
16115782,Navarinou sq.-ancient ruins view-lux 2BD apartment,16478745,Ioanna,,Thessaloniki,40.63065,22.94789,Entire home/apt,62,2,321,2024-09-17,3.38,6,290,56,00002932302
16182856,modeRnEST.6,27837960,Χρήστος,,Thessaloniki,40.63884,22.94233,Entire home/apt,85,3,29,2023-07-16,0.31,1,234,0,00000136596
16376696,Beautiful apartment Excellent location!,25021710,Eleni,,Thessaloniki,40.6304,22.95053,Entire home/apt,62,2,346,2024-09-17,3.71,1,236,48,00000074770
16409325,city center panoramic view appartment 50sqm,107517588,Timos,,Thessaloniki,40.64291,22.93906,Entire home/apt,80,1,81,2023-02-05,0.86,9,360,0,00000479705
16490221,Exotic Home Paradise!,77882456,Kalliniki,,Thessaloniki,40.6044,22.95616,Entire home/apt,27,2,235,2024-09-06,2.54,2,73,27,00000573730
16528765,Waterfront #41Design - CozyCityCenter Flat,10654206,Alexandra,,Thessaloniki,40.63176,22.94171,Entire home/apt,43,1,671,2024-09-19,7.14,28,322,99,00000379970
16530054,Waterfront #42Design - CozyCityCenter Flat,10654206,Alexandra,,Thessaloniki,40.63179,22.94161,Entire home/apt,29,1,650,2024-09-13,6.92,28,331,89,00000379959
16554157,East Coast/Ανατολική Ακτή* με φυσικό αέριο,108992327,Katerina,,Kalamaria,40.56723,22.96061,Entire home/apt,75,1,133,2024-09-06,1.41,2,236,17,00000422420
16745492,Single room,43087202,Dimitra,,Ampelokipon – Menemeni,40.64922,22.93309,Private room,18,14,12,2024-09-18,0.15,2,303,2,00001777918
16810028,A modern and cosy small apartment in the city WiFi,103972835,Christina,,Thessaloniki,40.63771,22.95217,Entire home/apt,33,2,195,2024-08-29,2.09,4,155,17,00002442261
16821459,"Unique, designer penthouse with side seaview",38521725,Natalia,,Thessaloniki,40.62829,22.94672,Entire home/apt,53,2,169,2024-09-01,1.89,1,56,24,00000340976
16881995,City Center Sanctuary,112565974,Σουζάνα,,Thessaloniki,40.63634,22.94775,Entire home/apt,80,2,145,2024-09-15,1.58,1,266,28,00000018899
16886628,Urban Living 301,112627287,Urban Living,,Thessaloniki,40.63844,22.94716,Entire home/apt,72,2,49,2023-12-03,0.53,9,75,1,00001290756
16951710,Central studio. Amazing harbor view. Free wi-fi,41049210,Kostas,,Thessaloniki,40.63773,22.94768,Entire home/apt,34,5,164,2024-09-10,1.76,1,114,14,00000018802
17088293,City Centre Landmark House,113832848,Katerina,,Thessaloniki,40.63181,22.94632,Entire home/apt,97,1,113,2024-07-12,1.23,1,354,12,00000217385
17105814,m&m Βallerinas home Τhessaloniki,114838593,George,,Thessaloniki,40.61513,22.95492,Entire home/apt,55,1,249,2024-09-06,2.69,4,359,16,00002397719
17131458,Sweet house of colours near city centre,115150030,Anastasia,,Thessaloniki,40.64301,22.94989,Entire home/apt,29,2,97,2024-08-25,1.06,1,172,8,00000487647
17309553,New elegant Studio in the center of Thessaloniki,116807177,Ioannis,,Thessaloniki,40.61352,22.95829,Entire home/apt,25,1,234,2024-09-16,2.59,3,349,14,00002616029
17324113,White Tower Minimal Apartment,116940775,Exelixis Team,,Thessaloniki,40.62849,22.94913,Entire home/apt,75,2,105,2024-09-09,1.14,1,152,2,00001871611
17364551,midtown arc studio,85343189,Stelios,,Thessaloniki,40.63422,22.94579,Entire home/apt,41,3,229,2024-07-01,2.48,2,151,30,00000102250
17457292,Mazi Rooms 1.4,59687021,Pau,,Thessaloniki,40.63812,22.94275,Entire home/apt,45,2,237,2024-05-05,2.58,14,244,9,00002294700
17504339,120 sqm  4 bd Aristotelous  Loft apartment,9531550,Katerina,,Thessaloniki,40.63363,22.94161,Entire home/apt,100,2,299,2024-09-03,3.27,14,303,44,00000439921
17588388,★Your new vintage home | Walk everywhere ★,30557317,Alexandros,,Thessaloniki,40.64056,22.94356,Entire home/apt,150,2,158,2024-09-15,1.74,1,37,13,00000034224
17620629,AiR Waterfront Nikis Apartment,988264,Architecture In Residence,,Thessaloniki,40.63011,22.94362,Entire home/apt,190,1,204,2024-09-15,2.24,3,74,26,00001715183
17636290,Modern Aristotelous Studio with a Magic Balcony,93145510,Vasilis,,Thessaloniki,40.63413,22.94183,Entire home/apt,42,1,408,2024-09-05,4.49,7,220,54,00001446466
17647450,Luxury Apt PHILOXENIA in the Heart of Thessaloniki,120058200,Maria & Nikos,,Thessaloniki,40.6307,22.943,Entire home/apt,112,2,12,2023-12-12,0.13,1,365,3,00002342913
17661723,Big apartmnent in central area,52271945,Thalia,,Thessaloniki,40.60802,22.95288,Entire home/apt,,10,1,2018-07-31,0.01,3,365,0,00002397357
17731226,Luxurious 2bd apartment at the Aristotelous Square,16478745,Ioanna,,Thessaloniki,40.6329345703125,22.94215965270996,Entire home/apt,60,2,174,2024-09-17,1.91,6,46,38,00000070757
20777640,Mazi Rooms 7.6,59687021,Pau,,Thessaloniki,40.63935,22.94129,Entire home/apt,45,1,1,2024-09-09,1,14,178,1,00002687397
20777824,Mazi Rooms 7.1,59687021,Pau,,Thessaloniki,40.63857,22.94025,Entire home/apt,43,2,44,2024-09-16,0.52,14,270,5,00002294716
20779974,Beautiful flat,141150273,Maria,,Ampelokipon – Menemeni,40.64919,22.93115,Entire home/apt,48,1,217,2024-09-15,2.54,1,88,11,00000173980
20780136,The Om in the Peaceful hOMe,1236378,Julia,,Thessaloniki,40.64167,22.94487,Private room,,4,26,2024-02-05,0.31,1,0,5,00000574927
20797459,Thanos  home (with private parking).,148767540,Thanasis,,Thessaloniki,40.61936,22.95542,Entire home/apt,70,2,323,2024-09-14,3.77,1,313,41,00000032009
20879653,"Spacious Apartment in Kalamaria, Thessaloniki",439647,Giorgos,,Kalamaria,40.58489,22.96593,Entire home/apt,50,3,97,2023-11-19,1.13,3,18,1,00001856091
20962113,Neoclassical Flat since 1929 in Thessaloniki,13575678,Elena,,Thessaloniki,40.6365431,22.9478534,Entire home/apt,73,2,77,2024-09-15,0.92,1,357,16,00000090455
20978891,Red Popy (steps away from the seafront),107473102,Dimitris,,Thessaloniki,40.61835,22.95539,Entire home/apt,60,3,15,2024-06-29,0.18,2,89,5,00000039938
20981191,downtown modern small apartment /terrace with view,100287175,Giorgos,,Thessaloniki,40.64228,22.93116,Entire home/apt,40,2,286,2024-09-02,3.36,2,348,34,00001669846
20981736,train station &nightlife close/apartment with view,150998769,Giorgos,,Thessaloniki,40.64228,22.93116,Entire home/apt,46,2,264,2024-09-19,3.16,1,339,42,00001669830
21037262,"**Cozy, seaside, spacious, 2 bedroom apartment**",151521301,Andreas,,Thessaloniki,40.60536575317383,22.95271873474121,Entire home/apt,45,3,210,2024-09-17,2.55,1,0,25,00000047256
21067529,Luxurious & Modern | Walk Everywhere |5★ Amenities,43633063,Harry,,Thessaloniki,40.63468,22.94499,Entire home/apt,118,2,195,2024-08-19,2.37,3,89,14,00000235440
21100278,Cosy studio with a balcony overlooking the sea,129257949,Constantino,,Thessaloniki,40.64352,22.94392,Entire home/apt,51,1,11,2022-11-12,0.22,6,365,0,0933K133K0466700
21117422,(C19 Prepared) C.33 Iris Stylish Central #colony,32216964,George,,Thessaloniki,40.63342,22.9503,Entire home/apt,80,2,96,2024-04-28,1.14,17,309,3,00002488347
21170321,Beautiful Apt (up to 4 guests) close to CityCentre,92718261,Triantafyllos Xanthopoulos,,Thessaloniki,40.61582,22.96895,Entire home/apt,53,1,109,2024-07-31,1.29,2,32,1,00000445403
21181431,Cute Central apartment near University,123710995,Stefania,,Thessaloniki,40.62896,22.96225,Entire home/apt,35,2,95,2024-09-01,1.13,2,290,14,00000487727
21226954,"''Lovely home """,48996219,Eleni,,Ampelokipon – Menemeni,40.65122,22.93119,Entire home/apt,75,2,73,2024-06-16,0.93,1,162,2,00000267950
21265379,Eftichia's House,153803203,Μιχαηλ,,Thessaloniki,40.63932,22.94538,Entire home/apt,59,1,58,2020-02-08,0.69,2,0,0,
21321596,Chic and lightfull apartment in the center,104750158,Liana Agathi,,Thessaloniki,40.64119,22.93843,Entire home/apt,58,2,161,2024-05-04,1.90,1,62,5,00000366688
21329087,Istos Apartment 1,132156641,Katerina-Maria,,Thessaloniki,40.63734,22.95196,Entire home/apt,45,2,72,2022-10-05,0.98,2,259,0,00001216413
21363509,Artemis Cozy Sea-Side Mitropolitou Iosif - Quiet!,154674284,Artemis,,Thessaloniki,40.63132,22.94707,Entire home/apt,150,5,16,2021-09-13,0.20,2,365,0,00000165561
21363746,Beautiful Apartment near City Center,140698007,George,,Thessaloniki,40.61508,22.95593,Entire home/apt,50,4,92,2024-09-17,1.09,1,109,7,00000125824
21367548,Άνετο διαμέρισμα στην Ανατολική Θεσσαλονίκη,154424710,Eva,,Kalamaria,40.58953,22.96365,Entire home/apt,83,2,17,2023-11-12,0.20,1,357,1,00000135650
21409576,F & B Collection - Escape Avenue RŪSTIC,31131449,Dimitris,,Kalamaria,40.5844,22.96399,Entire home/apt,43,7,106,2024-08-25,1.26,56,363,17,00002544109
21420521,Artistic house near center-2 rooms for 4-free PRKG,155241929,Θεοδοσία,,Thessaloniki,40.62957,22.9671,Entire home/apt,57,2,466,2024-09-22,5.56,1,0,60,00000053700
21526520,ThessPalace,57803027,Romanos,,Thessaloniki,40.63181,22.94954,Entire home/apt,86,1,156,2024-08-04,1.86,1,347,15,00000335117
21542387,Cozy Apartment near Nea Paralia of Thessaloniki,156606116,Crysanthi,,Thessaloniki,40.60987,22.95884,Entire home/apt,58,3,13,2021-08-23,0.16,1,158,0,00000176085
21555744,Neoclassic private room at historic centre,3636352,Dimitra,,Thessaloniki,40.6404,22.94597,Private room,19,2,153,2024-08-25,1.84,2,48,16,00001471999
21588349,Luxury Getaway in the heart of Thessaloniki,53828488,Stella,,Thessaloniki,40.63387,22.94536,Entire home/apt,52,2,88,2024-09-15,1.22,1,168,13,00000415300
21616442,Alterra Vita:Modern City Centre 2-bedroom aprtment,11704876,Alterra Vita,,Thessaloniki,40.62963,22.94654,Entire home/apt,81,1,35,2023-08-27,0.42,1,181,0,00001474564
21617005,F & B Collection - Seaview Mini Penthouse,31131449,Dimitris,,Thessaloniki,40.63181,22.94167,Entire home/apt,44,7,90,2024-08-17,1.08,56,358,14,00000230635
21617163,"Central, 100m²penthouse  apt+big balcony+fastWiFi",99863035,Dimitris,,Thessaloniki,40.64028,22.94128,Entire home/apt,58,2,244,2024-09-15,2.93,2,109,43,00000199535
21626991,Thanasis's Home (near to the bus stop+WiFi+A/C),157288598,Thanasis,,Ampelokipon – Menemeni,40.65557,22.92806,Entire home/apt,45,1,193,2024-04-21,2.32,4,177,11,00001191209
21729356,cozy vintange style  flat next to  &sea side,82685944,Stella,,Thessaloniki,40.5979,22.95193,Entire home/apt,51,2,286,2024-09-06,3.44,2,171,18,00000422372
21743744,CLASSY APARTMENT/ SUPERHOST/SANITIZED/100mbps/Nova,52290559,Panos,,Thessaloniki,40.64132,22.94397,Entire home/apt,41,15,119,2024-09-19,1.43,2,136,5,00000075347
21806988,Apartment with courtyard,17804067,Dimosthenis,,Neapolis – Sykeon,40.64925,22.94625,Entire home/apt,35,2,70,2024-08-04,0.93,1,63,2,00001340820
21824048,central downtown studio!!!,159092260,Katerina,,Thessaloniki,40.63823,22.93688,Entire home/apt,38,10,38,2020-03-01,0.47,1,28,0,
21825568,Sweet nest,26799264,Georgios,,Neapolis – Sykeon,40.64662,22.94813,Entire home/apt,34,1,87,2024-09-17,1.08,1,365,5,00000287910
21832375,Sofaki Apartments,158316360,Nikos,,Kordelio – Evosmos,40.67431,22.89637,Entire home/apt,30,1,387,2024-09-08,4.65,1,328,32,00000345078
21847081,Apartment near the waterfront.,159109012,Georgi,,Thessaloniki,40.613609,22.955198,Entire home/apt,35,1,464,2024-09-19,5.74,1,74,103,00000074326
21848631,Studio in Thessaloniki-10min walk from city center,159346168,Αλέξανδρος,,Thessaloniki,40.63385,22.9619,Entire home/apt,26,3,63,2024-09-16,0.90,1,214,21,00000424121
21880464,Stylish and Comfortable apartment in Kalamaria,100900795,Chrysanthi,,Thessaloniki,40.5901,22.96512,Entire home/apt,60,2,33,2024-05-27,0.40,1,179,2,00002702088
21887032,F & B Collection - Escape Avenue BOHEMIAN,31131449,Dimitris,,Kalamaria,40.5793,22.96785,Entire home/apt,43,7,98,2024-08-12,1.20,56,363,13,00002543904
21906666,Comfortable Modern Nice apartment,149352757,Σωτηρης,,Thessaloniki,40.60665,22.95785,Entire home/apt,40,3,45,2024-09-20,0.55,1,180,9,00000150330
21912248,Konstantinos Luxury studio,131894407,Konstantinos,,Thessaloniki,40.64487,22.94154,Entire home/apt,35,1,16,2024-09-02,0.19,3,335,2,00001798226
21932211,"Villa Lena, Ασβεστοχώρι",160052178,Ελένη,,Pilea – Chortiatis,40.64211,23.02513,Entire home/apt,60,1,55,2024-09-08,0.73,1,90,12,00000011966
21972301,Ευχάριστη έκπληξη στο άνοιγμα της εξώπορτας του σπιτιού !!,160412107,Konstantinos,,Thessaloniki,40.63904,22.94481,Entire home/apt,55,2,197,2024-06-16,2.38,1,158,7,00000336290
21994722,Egnatia str -CityCentre- Sunny with nice veranda,139834170,Michail & Kyriaki,,Thessaloniki,40.63427,22.94874,Entire home/apt,69,1,93,2024-05-13,1.12,3,180,1,00000088496
22015097,"Down Town Blue studio,5 min. from White Tower",119396127,Alexandra-Olesia,,Thessaloniki,40.62901,22.95227,Entire home/apt,,2,238,2024-09-08,2.90,2,0,13,00000911895
22069701,"Magnificent sea view apartment, on the Boardwalk",110518183,Christos,,Thessaloniki,40.60769,22.95295,Entire home/apt,80,30,10,2020-02-24,0.12,1,0,0,00000274708
22112330,Asteras Luxury Suite - City center (Ladadika),161540432,Ioannis,,Thessaloniki,40.63651,22.93955,Entire home/apt,65,2,201,2024-09-09,2.43,1,81,25,00000013751
22122956,Private Room /Shared Apartment In the City Center,161620395,Vicky,,Thessaloniki,40.6373,22.9499,Private room,,5,31,2024-09-08,0.38,5,14,3,00000261506
20776860,Mazi Rooms 7.3,59687021,Pau,,Thessaloniki,40.63857,22.94025,Entire home/apt,45,1,79,2024-07-20,0.92,14,259,8,00002294986
20777281,Mazi Rooms 7.4,59687021,Pau,,Thessaloniki,40.63857,22.94025,Entire home/apt,45,2,112,2024-07-03,1.32,14,270,9,00002294970
20777502,Mazi Rooms 7.5,59687021,Pau,,Thessaloniki,40.63857,22.94025,Entire home/apt,45,2,77,2024-08-24,0.90,14,245,8,00002295006
23048204,GreeceRent - ELEGANT Apartment,85832541,Georgios,,Thessaloniki,40.63738,22.93491,Entire home/apt,72,1,44,2023-05-27,0.55,2,240,0,00002397240
23070619,Escape ... in style // Downtown Seaside Gate_308,80206409,Mike,,Thessaloniki,40.63176,22.94171,Entire home/apt,39,1,280,2024-09-08,3.48,12,313,31,00001822683
23096759,Escape ... in style // Downtown Seaside Gate_309,80206409,Mike,,Thessaloniki,40.63176,22.94171,Entire home/apt,41,1,294,2024-09-05,3.69,12,316,31,00001822699
23099923,Thess1home Royal,171595075,Panagiotis,,Thessaloniki,40.61592,22.95562,Entire home/apt,95,1,121,2023-07-13,1.51,5,0,0,00002867427
23112226,Escape ... in style // Downtown Seaside Gate_303,80206409,Mike,,Thessaloniki,40.63176,22.94171,Entire home/apt,38,1,286,2024-08-26,3.58,12,326,31,00001822620
23180258,"Stylish, brand new apartment downtown !!",21491649,Maria,,Thessaloniki,40.6279,22.95189,Entire home/apt,38,2,148,2024-02-04,1.84,1,0,15,00000196589
23226461,Mitropolitou Iosif seaview flat,94449119,Amalia,,Thessaloniki,40.6296,22.94555,Entire home/apt,70,2,220,2024-09-05,2.74,4,107,22,00000287659
23226715,F & B Collection - Apartment for 3,31131449,Dimitris,,Thessaloniki,40.60157,22.9537,Entire home/apt,64,7,25,2024-09-02,0.32,56,38,4,00000194945
23229196,Skyline-Aristotelous Square #Skgbnb,28267881,Tomas&Cristina! Skgbnb,,Thessaloniki,40.63473,22.94302,Entire home/apt,70,2,228,2024-08-31,2.87,29,225,20,00001131891
23243092,My Elegant Studio Hermes,172976764,Stratos,,Thessaloniki,40.63158,22.94249,Entire home/apt,78,1,57,2024-04-15,0.75,1,82,8,00000037957
23253020,Mini Central Studio,173064061,Tarsi,,Thessaloniki,40.6334,22.9436,Entire home/apt,60,1,7,2024-05-07,0.09,1,93,3,00000200644
23357498,Near leoforo k.karamanli( N.Egnatia),172031811,Maria,,Thessaloniki,40.60348,22.96243,Entire home/apt,28,2,173,2024-09-11,2.19,1,158,32,00001437135
23426912,"#FLH - Scandi Chic Apartment, Agia Sofia District",9244884,FeelsLikeHomeGR,,Thessaloniki,40.63379,22.94552,Entire home/apt,96,1,296,2024-09-08,3.73,17,105,34,00002504449
23436752,#SKGH Avra suite -WhiteTower|CityCenter,146634219,Helias,,Thessaloniki,40.62776,22.94873,Entire home/apt,65,2,225,2024-09-08,2.84,22,251,17,00001127720
23437434,#SKGH Ariadni suite - WhiteTower|CityCenter,146634219,Helias,,Thessaloniki,40.6283,22.94971,Entire home/apt,60,2,163,2024-02-18,2.05,22,159,2,00001127735
23459648,#SKGH Artemis studio -NearPromenade,146634219,Helias,,Thessaloniki,40.61149,22.95575,Entire home/apt,32,2,153,2024-09-16,1.92,22,165,14,00001127613
23500236,"Sonia's,central flat,explore city on foot,100mbps",113005514,Sonia,,Thessaloniki,40.64004135131836,22.9471492767334,Entire home/apt,,4,107,2024-05-21,1.34,2,0,8,00000237380
23555225,Αγκαλιά με τα Χρώματα!!!,176004930,Stelios,,Thessaloniki,40.6425,22.94476,Entire home/apt,50,3,20,2022-10-30,0.26,1,205,0,00001728550
23724574,Stylish loft downtown Thessaloniki,177830172,Jose,,Thessaloniki,40.63535,22.93678,Entire home/apt,90,3,106,2024-08-26,1.34,1,5,8,00002348190
23758422,"Waterfront ""TATTOO SHOP"" turned Airbnb Studio",10654206,Alexandra,,Thessaloniki,40.63176,22.94171,Entire home/apt,27,1,468,2024-09-16,5.92,28,331,114,00000352880
23774911,URBAN SEASIDE STUDIO,54654715,Elina,,Thessaloniki,40.63176,22.94171,Entire home/apt,66,1,326,2024-09-02,4.15,2,131,45,00000324502
23797984,F & B Collection - close to Aristotelous sQ.,31131449,Dimitris,,Thessaloniki,40.63799,22.94293,Entire home/apt,49,7,51,2024-09-03,0.65,56,365,8,00000816185
23840487,Anastasia's Apartment,107373389,Anastasia,,Thessaloniki,40.61509,22.95792,Entire home/apt,50,1,16,2023-01-22,0.22,5,14,0,00001062404
23879653,Thessaloniki Central Cozy Apartment wifi,12479325,Nikos,,Thessaloniki,40.64052,22.94592,Entire home/apt,50,2,286,2024-09-16,3.61,1,247,47,00002320928
23907949,Studio Romantico II #Skgbnb,1977386,Cristina&Tomas! Skgbnb,,Thessaloniki,40.63833,22.94172,Entire home/apt,37,2,128,2024-08-21,1.62,30,363,15,00001383734
23937736,NEW  4 bedrooms aptm in the historical city center,138867624,Giannis,,Thessaloniki,40.63034,22.95026,Entire home/apt,150,2,174,2024-09-08,2.21,1,350,19,00000012625
23948932,"Alcazar Studios#2
||feelthehearthess||bio climate",23692730,Christos,,Thessaloniki,40.63731,22.94368,Entire home/apt,30,200,92,2019-09-16,1.21,3,262,0,00000498852
23959574,Supreme City Center Apartment #hosted by DoorMat,61513537,Mickael,,Thessaloniki,40.62816,22.95246,Entire home/apt,51,2,130,2024-09-12,1.70,1,245,48,00001867384
23969752,Boutique Apartment & half Sea view,56755519,Stratos,,Thessaloniki,40.61370086669922,22.954315185546875,Entire home/apt,55,3,47,2024-09-19,0.60,1,116,2,00000227098
24005220,""" Living in GRAYt style"" by Ria",180641362,Ria,,Thessaloniki,40.60129,22.97526,Entire home/apt,50,2,175,2024-09-10,2.24,1,68,26,00000280256
24008640,Large apartment in the heart of the city center,161620395,Vicky,,Thessaloniki,40.63547,22.95004,Entire home/apt,80,5,0,,,5,6,0,00000261506
24025827,cozy center studio,127798641,Evi,,Thessaloniki,40.63132,22.94607,Entire home/apt,43,2,372,2024-09-06,4.74,1,63,53,00000121910
24039559,Cosmos deluxe Apt.(must),133887934,George,,Thessaloniki,40.63758,22.94696,Entire home/apt,56,3,47,2024-08-23,0.60,15,122,5,00002587060
24040084,Armonia Deluxe Apt. (must),133887934,George,,Thessaloniki,40.63626,22.94745,Entire home/apt,56,3,43,2024-08-20,0.55,15,116,6,00002586770
24052816,Budget room,111705455,Andrei,,Thessaloniki,40.64537,22.937901,Entire home/apt,40,3,8,2019-08-24,0.10,10,358,0,1037314
24076151,Apartment in a quiet neighborhood of Thessaloniki.,181279438,Βαγγελης,,Thessaloniki,40.59114,22.95479,Entire home/apt,60,3,121,2024-08-27,1.55,1,149,13,00000067648
24103636,Romantically allured studio next to the centre,13597375,Filitsa,,Thessaloniki,40.60812,22.96371,Entire home/apt,30,2,54,2024-09-07,0.69,4,329,12,00002237443
24109798,Tiepolo Galleria Palatina - Elegant apt - 80m²,181566727,Anastasia,,Thessaloniki,40.637413,22.951971,Entire home/apt,118,2,2,2018-12-31,0.03,1,0,0,00000114142
24280163,F & B Collection - Lux & Artdeco,31131449,Dimitris,,Thessaloniki,40.63334,22.94371,Entire home/apt,65,7,31,2024-07-26,0.40,56,358,13,00000168562
24281111,F & B Collection - Lux & Artdeco,31131449,Dimitris,,Thessaloniki,40.63334,22.94371,Entire home/apt,500,14,2,2018-05-09,0.03,56,0,0,00000168595
24283295,Λειτουργικό διαμερισμα,183161769,Eva,,Kordelio – Evosmos,40.67613,22.89924,Entire home/apt,150,2,2,2019-10-28,0.03,1,270,0,00000839067
24315160,Thessaloniki RailwayStation Studio,180946246,Orestis & Vaso,,Ampelokipon – Menemeni,40.64749,22.92811,Entire home/apt,33,3,157,2024-09-14,2.28,1,26,24,00001101030
24343103,Scandi apartment downtown | Η3,180635812,Evangelia,,Thessaloniki,40.63719,22.94269,Entire home/apt,51,2,60,2024-03-25,0.77,2,360,6,00000181142
24343522,Scandi apartment downtown | Η4,180635812,Evangelia,,Thessaloniki,40.63719,22.94269,Entire home/apt,51,3,47,2024-06-23,0.60,2,269,3,00000181164
24348748,"Zoi’s place: Modern 2bdr flat, steps from the sea",542670900,Zoi,,Thessaloniki,40.609,22.95621,Entire home/apt,70,5,43,2024-08-04,0.56,1,71,9,00000380738
24352142,Ethereal - City center #Skgbnb,1977386,Cristina&Tomas! Skgbnb,,Thessaloniki,40.63205,22.94766,Entire home/apt,48,2,121,2024-09-08,1.55,30,353,26,00002563970
24365272,live like a local in #thessaloniki - 2 BD condo,183870920,George,,Thessaloniki,40.64036,22.94786,Entire home/apt,47,1,74,2024-04-07,0.97,1,343,5,00000398337
24371400,Valentina's Apartment with Large Sunny Balcony,160330109,Yorgos,,Thessaloniki,40.634922,22.946463,Entire home/apt,47,2,259,2024-09-07,3.37,2,224,30,00002604754
24391179,Porfyra's Artistic Home with Private Parking.,173996973,Απόστολος,,Neapolis – Sykeon,40.65225,22.9395,Entire home/apt,55,2,147,2024-09-16,1.88,1,357,18,00000051847
24391851,Serenade home Thessaloniki,114838593,George,,Thessaloniki,40.61522,22.9563,Entire home/apt,69,1,224,2024-08-30,2.85,4,353,28,00002397691
24421242,adorable apartment,184393279,Asimenia,,Pavlou Mela,40.67359,22.92864,Entire home/apt,55,2,63,2024-09-09,0.81,1,365,8,00000280879
24457016,"Brand new, modern luxury apartment with sea view",184726033,Angelos,,Thessaloniki,40.60956,22.95449,Entire home/apt,49,2,135,2024-02-15,1.74,1,121,3,00000422419
24508414,Luxury home@the heart of the city,5868763,Dimitra,,Thessaloniki,40.62901,22.94722,Entire home/apt,180,7,20,2024-08-04,0.27,1,349,5,00000479363
24618134,Central Apartment Thessaloniki-Easy Parking,100776361,Μανωλης,,Thessaloniki,40.623,22.96508,Entire home/apt,63,1,186,2024-09-17,2.38,8,87,54,00002587464
24647325,Democracy square apartment single and cute.,156655983,Natasa,,Thessaloniki,40.64011,22.93369,Entire home/apt,40,1,480,2024-09-07,6.32,2,82,55,00002236415
24668984,"Comfortable And quiet house at VOULGARI,KALAMARIA",180659093,Ευριπίδης,,Thessaloniki,40.59642,22.96283,Entire home/apt,50,2,3,2019-10-28,0.04,1,27,0,
24712182,Aristotelous Square Luxury Studio,186779872,Vaia,,Thessaloniki,40.63591,22.94492,Entire home/apt,66,1,286,2024-09-13,3.68,1,285,44,00001933867
24879843,Christina’s Luxury & Cozy Suite(City Center),185616424,Vaggelis,,Thessaloniki,40.63754,22.9484,Entire home/apt,49,2,43,2023-06-04,0.56,4,0,0,00001881939
24886424,Apartment in quiet neighborhood and easy parking,188143086,Μαρία,,Pilea – Chortiatis,40.60119,22.99372,Entire home/apt,50,2,130,2024-09-11,1.69,1,171,29,00000125198
24933099,Central Studio Flat I,60724536,Alexandros,,Thessaloniki,40.63348,22.9539,Entire home/apt,48,1,47,2022-02-28,0.61,2,29,0,00000086454
24979383,#SKGH Alkistis studio -Near Promenade,146634219,Helias,,Thessaloniki,40.61184,22.95719,Entire home/apt,32,2,158,2024-09-06,2.04,22,114,9,00001127660
25038856,Downtown City Apartment,152956485,Ioannis,,Thessaloniki,40.64104,22.93722,Entire home/apt,46,1,241,2024-09-12,3.14,4,286,63,00002646880
25077478,Elixir I - Radio City #Skgbnb,1977386,Cristina&Tomas! Skgbnb,,Thessaloniki,40.615,22.95646,Entire home/apt,48,2,116,2024-09-01,1.50,30,359,19,00001868593
25106271,Perfect location-2 bedrooms-cosy center apartment,187680477,Γεωργία-Ιωάννα,,Thessaloniki,40.61938,22.95481,Entire home/apt,36,2,5,2018-10-14,0.07,1,265,0,00000420499
25142992,Elixir II - Radio City #Skgbnb,1977386,Cristina&Tomas! Skgbnb,,Thessaloniki,40.61676,22.9568,Entire home/apt,48,2,97,2024-08-22,1.26,30,353,12,00001868849
25200356,6* deluxe suite /jacuzzi /pr. parking /fireplace,139438705,Γεωργιος,,Kalamaria,40.57088,22.96723,Entire home/apt,60,1,109,2023-01-09,1.42,3,158,0,00001073420
25269165,"Modern,Luxury Grey Suite",190915943,Δημήτρης -,,Thessaloniki,40.61527,22.9585,Entire home/apt,75,1,115,2024-09-21,1.51,2,349,16,00000041240
25279824,55m2 Apartment historical centre near Hagia Sofia,177876927,Sofia,,Thessaloniki,40.63243,22.9476,Entire home/apt,55,2,61,2024-09-07,0.85,1,81,16,00000072831
25290147,#SKGH Alkinoi studio- NearPromenade,146634219,Helias,,Thessaloniki,40.61566,22.95601,Entire home/apt,29,2,207,2024-09-10,2.70,22,141,17,00001127709
25301251,Beautiful studio in Kalamaria Thessaloniki,144728982,Theologos,,Kalamaria,40.5842,22.96824,Entire home/apt,50,2,20,2024-09-09,0.27,1,352,7,00000629311
25301446,Valaoritou Studio : Eleonora,191124497,Σπυρος,,Thessaloniki,40.63801,22.93899,Entire home/apt,27,1,128,2024-09-05,1.68,3,342,27,00000898850
25337326,Unique apartment in the heart of the city,191343806,Κωνσταντινος,,Thessaloniki,40.63508,22.95395,Entire home/apt,30,1,44,2019-09-12,0.57,1,0,0,
25367505,Anna's Luxury & Cosy Suite  (Old Town-Univercity),132519862,Ioanna,,Neapolis – Sykeon,40.63881,22.96253,Entire home/apt,35,3,156,2024-09-14,2.03,2,355,18,00000382190
25400494,διαμερισμα,191741679,Dimitris,,Ampelokipon – Menemeni,40.64893,22.9309,Entire home/apt,460,1,26,2022-10-30,0.34,1,30,0,00000461130
25420542,Valaritou Studio : Rodamanthi,191124497,Σπυρος,,Thessaloniki,40.63801,22.93899,Entire home/apt,29,1,125,2024-09-11,1.64,3,344,29,00000898894
22177339,Yiannis Suite,162005191,Charalampos,,Thessaloniki,40.6334,22.94528,Entire home/apt,34,1,77,2024-07-12,1.01,3,157,9,00000056382
22184875,"Alcazar Studios#1
||feelthehearthess||bio climate",23692730,Christos,,Thessaloniki,40.63797,22.94258,Entire home/apt,30,2,213,2020-02-09,2.58,3,262,0,00000498477
22197994,#FLH - Urban Charm - Downtown,9244884,FeelsLikeHomeGR,,Thessaloniki,40.63887,22.94234,Entire home/apt,82,1,44,2024-03-04,0.55,17,83,1,00002376603
22223924,Studio Brasil,162393276,Luciano  Despina,,Kordelio – Evosmos,40.66867446899414,22.91509437561035,Entire home/apt,46,3,207,2024-09-06,2.85,1,168,29,00001363010
22238983,Urban Living 403,112627287,Urban Living,,Thessaloniki,40.63988,22.94642,Entire home/apt,110,1,45,2024-07-02,0.55,9,23,5,00001290798
22259428,Houseloft Metropolis Panorama,29565272,Houseloft,,Thessaloniki,40.62995,22.94456,Entire home/apt,139,1,80,2023-10-22,0.97,20,333,3,00001903400
22275202,Cozy Apartment in City  Center!!!!,56978334,Elena,,Thessaloniki,40.63898,22.94602,Entire home/apt,54,1,116,2024-09-08,1.41,1,119,26,00001877489
22316139,140sqm 5 bd apt next to  Aristotelous square,9531550,Katerina,,Thessaloniki,40.63176,22.941708,Entire home/apt,108,2,261,2024-09-04,3.23,14,275,46,00000439444
22339391,Hermes cozy city apartment,54711534,Εύα,,Thessaloniki,40.644,22.92389,Entire home/apt,35,2,155,2024-09-08,1.89,1,140,17,00000002377
22341260,Cute Flat in the Center of the City,85361138,Evangelia,,Thessaloniki,40.63892,22.94115,Entire home/apt,46,2,16,2019-11-17,0.20,1,191,0,00000421120
22348093,Agia Sofia Luxury City Center Apartment,36360618,Eleftheria,,Thessaloniki,40.63223,22.94772,Entire home/apt,71,2,111,2024-09-17,1.36,1,356,14,00000093642
22350595,Cozy garden studio  Near to the St.Luke’s hospital,73333419,Marios,,Pilea – Chortiatis,40.58619,23.01453,Entire home/apt,66,3,42,2023-11-20,0.51,1,65,2,00000176890
22353800,Private Room - Shared Apartment In The City Center,161620395,Vicky,,Thessaloniki,40.63586,22.94994,Private room,15,5,26,2024-09-11,0.32,5,38,5,00000261506
22397171,Νεοκλασικό διαμέρισμα στο κέντρο της πόλης,163813414,Kleanthi,,Thessaloniki,40.638,22.94786,Entire home/apt,42,2,218,2024-09-08,2.67,1,57,23,00000147043
22399158,"Citycenter, comfortable and very quite apartment",163831680,Άντι,,Thessaloniki,40.6312,22.94717,Entire home/apt,46,2,193,2024-09-09,2.36,1,328,20,00000070813
22408157,"Modern 3BDROOM renovated apt, Egnatia-Aristotelous",163981350,Κally,,Thessaloniki,40.6347,22.94448,Entire home/apt,140,2,283,2024-09-11,3.45,1,319,49,00000753178
22433258,Emerald central luxury mini suite,125718589,Maria,,Thessaloniki,40.63738,22.93948,Entire home/apt,56,1,508,2024-09-03,6.20,3,349,64,00002379783
22451140,Beautiful apartment near the city,164492311,Κωνσταντίνος,,Thessaloniki,40.6468608516547,22.935857051452903,Entire home/apt,47,1,156,2024-08-27,1.93,2,81,14,00000214227
22467692,Zozo's Home | Helexpo - University area,164688940,Zoi,,Thessaloniki,40.6221141,22.9600885,Entire home/apt,62,2,110,2024-09-08,1.36,1,89,7,00000089665
22567768,Large sunny apartment in the city center,161620395,Vicky,,Thessaloniki,40.63718,22.94814,Entire home/apt,80,5,6,2019-09-16,0.07,5,177,0,00000261506
22621000,Romantico- Downtown #Skgbnb,1977386,Cristina&Tomas! Skgbnb,,Thessaloniki,40.63994,22.94166,Entire home/apt,40,2,108,2024-06-11,1.34,30,342,1,00001382908
22702953,Olgas 114,167412477,Konstantinos,,Thessaloniki,40.60427,22.95259,Entire home/apt,69,3,123,2024-09-01,1.55,1,110,18,00000013425
22730255,Downtown Happy Living | PnV's hOmE,83469344,PnV,,Thessaloniki,40.63868,22.94257,Entire home/apt,,2,89,2024-07-21,1.10,1,0,1,00000503558
22800019,cosy,168484784,Zlatko,,Thessaloniki,40.61377,22.95548,Entire home/apt,135,90,32,2020-01-08,0.40,1,90,0,00000478042
22951612,Petite Palace Aristotelous 7,170021348,Point,,Thessaloniki,40.63325,22.94165,Entire home/apt,44,3,198,2024-07-09,2.44,3,292,13,00000007401
22951877,"Central,Cozy,Quiet,Family Friendly appartment",35623480,Ευαγγελια,,Thessaloniki,40.620228,22.95488,Entire home/apt,50,2,185,2024-08-28,2.34,1,207,57,00002391112
22955115,Just by the waterfront,170056972,Artemis,,Thessaloniki,40.61635,22.95479,Entire home/apt,56,2,88,2024-08-20,1.12,2,6,7,00000006965
22968408,Escape ... in style // Downtown Seaside Gate_307,80206409,Mike,,Thessaloniki,40.63176,22.94171,Entire home/apt,41,1,245,2024-09-06,3.05,12,329,25,00001822678
22980712,Escape ... in style // Downtown Seaside Gate_310,80206409,Mike,,Thessaloniki,40.63176,22.94171,Entire home/apt,42,1,193,2024-08-27,2.40,12,318,20,00001822700
22983389,The 4Travellers - Superior Apartment,19463417,Thomas,,Thessaloniki,40.63802,22.94432,Entire home/apt,115,2,47,2024-09-03,0.59,3,124,3,00000017412
22983980,The 4Travellers - Apartment,19463417,Thomas,,Thessaloniki,40.63951,22.94447,Entire home/apt,90,2,34,2024-06-13,0.43,3,116,2,00000017448
22984214,The 4Travellers - Deluxe Apartment,19463417,Thomas,,Thessaloniki,40.63919,22.94433,Entire home/apt,91,2,37,2023-08-19,0.47,3,134,0,00000017424
22990519,Lef Apartment,170507468,Ελευθερία,,Kalamaria,40.584015,22.953333,Entire home/apt,63,2,122,2024-09-05,1.95,3,126,11,00002443688
22997539,"Stylish House, full renovated for 2 to 5 guests!",61916991,Velissarios,,Thessaloniki,40.61158,22.95971,Entire home/apt,159,10,18,2018-10-12,0.22,1,365,0,
23010533,Charming Apt EasyAccess 2 City Center & Halkidiki,170705913,Katerina,,Thessaloniki,40.60189,22.96272,Entire home/apt,59,2,65,2024-09-03,0.81,2,44,10,00000009733
25974699,Comfy & Relaxing Apartment near city center,195221405,Stratos & Oly,,Thessaloniki,40.64672,22.93388,Entire home/apt,37,1,176,2024-09-20,2.30,1,320,39,00000194424
26029096,Stylish and cozy studio  in Thessaloniki,149664142,Labros,,Thessaloniki,40.64137,22.9318,Entire home/apt,,4,29,2024-09-11,0.39,2,0,2,00000408165
26077604,Cozy Apartment Inside The City Center,195991693,Lucia And Konstantinos,,Thessaloniki,40.63285,22.94897,Entire home/apt,57,2,208,2024-09-17,2.73,3,151,16,00002214785
26149300,Luxury flat on Nea Paralia,163542759,Emmanouil,,Thessaloniki,40.59842,22.95224,Entire home/apt,500,3,5,2019-10-29,0.08,1,346,0,0938K132K0754801
26178351,Panoramic View Amazing Central &Spacious Αpartment,145800043,Dimitris,,Thessaloniki,40.64076,22.94033,Entire home/apt,60,1,28,2024-07-14,0.37,4,175,1,00000034433
26307247,"2room flat great view, close center, Mall, Rail St",197543386,Aristeidis,,Thessaloniki,40.6455552,22.9220079,Entire home/apt,,5,23,2024-06-26,0.99,3,29,6,00001786112
26329634,Joy's house in the city's heart,197075849,Chara,,Thessaloniki,40.63537,22.94686,Entire home/apt,,364,69,2023-07-16,0.91,1,7,0,00001636303
26358614,Lux Art House Business/Tourist Friendly -Breakfast,98915175,Τόνι,,Thessaloniki,40.60546,22.97722,Entire home/apt,46,3,55,2024-09-11,0.94,1,33,8,00000928151
26386889,mesochoriou,193396359,Zaxaria,,Ampelokipon – Menemeni,40.6522,22.93267,Entire home/apt,40,1,25,2024-08-25,0.33,1,350,3,00000012754
26404081,Amazing BoutiqueApartment@ThessalonikiCenter,69811132,Despina,,Thessaloniki,40.63155,22.94867,Entire home/apt,111,1,44,2024-03-07,0.65,3,125,1,00002440167
26404168,Amazing apartment in the heart of Thessaloniki,119416356,Fani,,Thessaloniki,40.63232,22.94512,Entire home/apt,45,1,198,2024-09-08,2.64,30,40,13,1120940
26465484,Great View Luxury Living,188823477,Stamatis,,Thessaloniki,40.644171559472134,22.924985448754832,Entire home/apt,59,2,216,2024-09-22,2.96,1,338,34,00000007893
26523759,Vintage central luxury mini suite,125718589,Maria,,Thessaloniki,40.63692,22.93907,Entire home/apt,54,1,342,2024-09-08,4.52,3,358,37,00002379778
26553090,GreeceRent - LUX LADADIKA Apartment,85832541,Georgios,,Thessaloniki,40.63738,22.93491,Entire home/apt,65,1,32,2023-05-13,0.43,2,166,0,00002397282
26590324,Newly built luxury apartment,18470025,Patroklos,,Kalamaria,40.5781,22.95186,Entire home/apt,68,1,15,2024-09-22,1.88,2,0,15,00002349246
26649709,Central Bright Studio with balcony,71480414,Georgia,,Thessaloniki,40.642032623291016,22.937786102294922,Entire home/apt,56,2,154,2023-11-13,2.04,1,84,2,00000289113
26868497,"Central, modern  90m2 3room apt @historic building",202072189,Eleftherios And Georgios,,Thessaloniki,40.64083,22.93669,Entire home/apt,136,2,32,2023-11-12,0.49,1,196,1,00000335944
26886085,Diameno studio center town White Tower - T.I.F.,202234331,Ευφροσύνη,,Thessaloniki,40.6280089,22.9513767,Entire home/apt,,2,100,2024-09-17,3.92,1,1,33,00001733469
26903728,Kentrikon Deluxe Apt. (must),133887934,George,,Thessaloniki,40.6297,22.95183,Entire home/apt,64,3,84,2024-09-06,1.14,15,120,17,00000103287
27050001,Alcazar Studios#3 ||feelthehearthess|| bio climate,23692730,Christos,,Thessaloniki,40.63807,22.94255,Entire home/apt,30,2,125,2020-08-23,1.69,3,265,0,00000498681
27094019,LUX  APARTMENT/SUPERHOST /SANITIZED/100mbps/Nova,52290559,Panos,,Thessaloniki,40.64229,22.94211,Entire home/apt,42,18,136,2023-11-12,1.82,2,87,2,00000411509
27222998,Alegra#1_The historic center_,205010704,Maximos,,Thessaloniki,40.63688,22.94122,Entire home/apt,105,2,129,2024-07-01,1.73,1,81,11,00001433760
27230340,Brand New Micro Campervan - Chalkidiki,204997816,Odyssey,,Thessaloniki,40.59447,22.95701,Entire home/apt,85,6,3,2022-03-06,0.05,7,335,0,0933E81000178801
27249645,Sapphire View SKG,49272219,Timos,,Thessaloniki,40.64258,22.93663,Entire home/apt,60,1,29,2023-04-20,0.39,6,32,0,00002205294
27250805,(C19 Prepared)White Bell #Luxury_flat_Thessaloniki,32216964,George,,Thessaloniki,40.61331,22.95522,Entire home/apt,62,2,11,2023-12-23,0.17,17,219,1,00000210426
27252472,180° ROOFTOP VIEW,49272219,Timos,,Thessaloniki,40.64287,22.93814,Entire home/apt,131,1,35,2022-09-14,0.47,6,20,0,00001158435
27325977,Sea view cozy apartment,13578667,Nikos,,Thessaloniki,40.64125,22.94486,Entire home/apt,45,2,111,2024-08-11,1.63,1,80,32,00000557876
27334714,Modern apartment at Agios Ioannis (Kalamaria),205979386,Ioannis,,Kalamaria,40.574581146240234,22.963523864746094,Entire home/apt,70,3,24,2024-09-06,0.32,1,256,3,00000048879
27365554,#SKGH Antigoni studio -NearPromenade,146634219,Helias,,Thessaloniki,40.612675,22.956333,Entire home/apt,30,3,131,2024-09-16,1.76,22,91,12,00001127634
27391560,New modern loft near center,206919381,Dimitris,,Thessaloniki,40.64694,22.93234,Entire home/apt,50,2,229,2024-08-28,3.07,1,25,14,00000094626
27453654,"❤️Central Studio, Wifi, Netflix, AC, Self Checkin✅",96012982,Lena,,Thessaloniki,40.63564,22.95187,Entire home/apt,49,2,87,2023-01-14,1.17,1,95,0,00000930207
27485875,"2 Bedroom Apartment in Kalamaria, Thessaloniki",439647,Giorgos,,Kalamaria,40.58622,22.96675,Entire home/apt,43,3,96,2024-09-08,1.30,3,17,6,00001856086
27506556,L & G  studio in the center of the city,207380943,Λίνα,,Thessaloniki,40.63684,22.95163,Entire home/apt,80,2,231,2024-07-22,3.10,1,51,28,00000013843
27616306,WONDERFUL ''STUDIO'' ARENA,97519808,George,,Thessaloniki,40.60802,22.97433,Entire home/apt,33,3,33,2024-07-21,0.45,5,29,2,00000382112
27644610,AMAZING APARTMENT NEXT TO P.A.O.K FC STADIUM9,97519808,George,,Thessaloniki,40.60762,22.97441,Entire home/apt,33,3,101,2024-08-12,1.36,5,20,12,00000382054
27652823,7th floor penthouse in the heart of Thessaloníki,208680235,Sofia,,Thessaloniki,40.62093,22.95404,Entire home/apt,67,5,131,2024-09-15,1.78,1,339,11,00000036881
27668492,Hermes studio,107373389,Anastasia,,Thessaloniki,40.63551,22.93812,Entire home/apt,59,2,35,2024-09-07,0.48,5,14,6,00002513616
27671997,Central deluxe apartment in Thessaloniki,79426820,Margaret,,Thessaloniki,40.64273,22.93748,Entire home/apt,61,1,15,2019-12-08,0.21,1,49,0,00000864322
27694279,Ηώς Διαμέρισμα,209052835,Nikolaos,,Thessaloniki,40.61845,22.96116,Entire home/apt,51,2,1,2024-04-08,0.18,1,305,1,00002350567
27775266,"200m from SeaFront (Private Parking), Studio",76977208,Kyriaki,,Kalamaria,40.59213,22.95089,Entire home/apt,42,2,289,2024-09-17,3.93,2,261,52,00002156786
27779253,Μοναδικό στο κέντρο Ευόσμου  Guest House Anastasia,208910560,Anastasia,,Kordelio – Evosmos,40.66866,22.91202,Entire home/apt,67,1,88,2024-06-02,1.26,1,312,5,00001869043
27793684,Waterfront #10Design - CozyCityCenter Flat,10654206,Alexandra,,Thessaloniki,40.63176,22.94171,Entire home/apt,31,1,487,2024-09-16,6.58,28,333,75,00000352518
27830048,__Comf0rt_And_DeluXe_HouSe__,205714698,Mixalis,,Thessaloniki,40.63615,22.95117,Entire home/apt,250,30,16,2019-06-11,0.22,1,83,0,
27887898,Elena's hope - home,210672602,Elena And Theodora,,Thessaloniki,40.59931,22.95926,Entire home/apt,28,3,5,2019-07-28,0.07,1,309,0,00000378751
27896531,Anóe Old Town,210641246,Ελένη,,Thessaloniki,40.64126,22.95252,Entire home/apt,66,2,72,2024-08-14,0.97,2,6,4,00000044230
27958524,"π.38A-cozy apt, in the heart of historical center",151486012,Π.38,,Thessaloniki,40.63164138793945,22.947406768798828,Entire home/apt,58,4,172,2024-09-08,2.34,3,64,21,00001042922
27978950,Anóe Central,210641246,Ελένη,,Thessaloniki,40.63752,22.94338,Entire home/apt,113,2,44,2024-09-08,0.60,2,7,2,00000043614
28019972,"π.38Β, διαμ. 8 ατόμων διατηρητέου κτιρίου - κέντρο",151486012,Π.38,,Thessaloniki,40.63084,22.94669,Entire home/apt,114,3,85,2024-09-09,1.16,3,137,21,00001042938
28044209,Stylish 3 bd apt  in the heart of the city center,9531550,Katerina,,Thessaloniki,40.631187,22.943146,Entire home/apt,94,1,240,2024-09-08,3.27,14,291,48,00000439604
28087528,city center new apartment 1,56007433,Helen,,Thessaloniki,40.63817596435547,22.943706512451172,Entire home/apt,59,2,115,2024-09-05,1.56,2,25,20,00000059403
28124146,diamerisma sthn stauroupoli,212385136,Δημητρης,,Pavlou Mela,40.66477,22.93977,Entire home/apt,96,2,27,2024-01-01,0.37,1,7,2,00000039729
25421747,George's old house,191890565,Γεωργιος,,Pavlou Mela,40.65675,22.92885,Entire home/apt,60,1,14,2024-08-18,0.18,1,271,2,00000173030
25439858,Peristera's Home (near to the bus stop),157288598,Thanasis,,Ampelokipon – Menemeni,40.65432,22.92861,Entire home/apt,48,1,88,2024-07-14,1.15,4,176,8,00001191214
25467538,Cottage Style Apartment - Thessaloniki City Center,192228216,Dimitris Anna,,Thessaloniki,40.64211,22.94274,Entire home/apt,65,2,55,2024-07-08,0.75,1,346,6,00000114798
25476970,B home in Panorama,81885213,Alkis,,Pilea – Chortiatis,40.58272,23.01767,Entire home/apt,75,2,14,2024-08-02,0.19,1,59,4,00000381797
25538868,Callisto studio,192695088,Stathis,,Kalamaria,40.58237,22.95652,Entire home/apt,55,2,107,2024-09-04,1.42,1,129,15,00002404887
25615496,CityCenter Ariadni's Studio- Huge Balcony!,193044314,Ariadni,,Thessaloniki,40.6191,22.9553,Entire home/apt,24,3,179,2024-09-05,2.34,2,109,45,00000178640
25789994,Τhess1home Urban,171595075,Panagiotis,,Thessaloniki,40.61592,22.95562,Entire home/apt,76,1,119,2024-06-03,1.56,5,68,5,00002867394
25806268,nikos suite,162005191,Charalampos,,Thessaloniki,40.6334,22.94528,Entire home/apt,38,1,103,2024-08-18,1.37,3,146,20,00000056370
25820275,"Waterfront #11Design- CozyCityCenter ""Try It Tiny""",10654206,Alexandra,,Thessaloniki,40.63176,22.94171,Entire home/apt,29,1,597,2024-09-16,7.79,28,339,73,00000352482
25826624,loft in the center,194015710,Athanasios,,Thessaloniki,40.635735,22.948484,Entire home/apt,38,2,87,2023-10-09,1.15,2,323,2,00000436669
25910112,Amazing Seaside View - Heart of Thessaloniki,227181951,John,,Thessaloniki,40.63612,22.93576,Entire home/apt,55,2,162,2024-09-02,2.13,4,221,5,00000474933
25930340,Aristotelous square Apartment in a listed building,194903530,Akis,,Thessaloniki,40.63642,22.94338,Entire home/apt,91,2,169,2024-09-06,2.23,1,58,30,00000228670
28917073,Οροφοδιαμέρισμα - ιδ. πάρκινγκ και αυλή - Άνω Πόλη,12152296,Agapios,,Thessaloniki,40.643684,22.944901,Entire home/apt,120,2,126,2024-09-15,1.81,1,311,18,00002441340
28927105,Bright Renovated Apartment in the Heart of the City,170705913,Katerina,,Thessaloniki,40.63184,22.94308,Entire home/apt,71,2,170,2024-09-17,2.34,2,249,21,00001913631
28933685,#2 City center Ariadni's studio- Huge balcony,193044314,Ariadni,,Thessaloniki,40.62041,22.95341,Entire home/apt,24,3,225,2024-09-12,3.34,2,38,36,00000178628
29046408,Super central gem with urban design,93145510,Vasilis,,Thessaloniki,40.63071,22.94608,Entire home/apt,44,2,275,2024-09-01,3.84,7,131,42,00001448620
29210978,Relaxing City Central Suite,220092176,Lefteris,,Thessaloniki,40.63802,22.94635,Entire home/apt,44,2,35,2024-03-03,0.50,1,0,2,00001137871
29254646,SKG - like home,162394535,Giolanda,,Thessaloniki,40.61966,22.96596,Entire home/apt,46,2,28,2024-09-11,0.39,1,168,2,00000202288
29258138,"Μεγάλο, φωτεινό, μοντέρνο, πλήρως ανακαινισμένο.",220429060,Φωτης,,Thessaloniki,40.63353,22.94694,Entire home/apt,230,2,62,2024-09-08,0.86,2,102,4,00000249828
29271657,Clean and Elegant Studio in the center of city.,116807177,Ioannis,,Thessaloniki,40.61298,22.95659,Entire home/apt,31,1,154,2023-11-06,2.13,3,336,1,00002615930
29276312,Central  apartment 4th floor 100sq.m.,220562392,Μαρίλη,,Thessaloniki,40.62984,22.9451,Entire home/apt,76,1,328,2024-09-11,4.56,1,344,51,00000073250
29321148,Ippokrateio Hosp. Stylish City Loft,33923077,Βασίλης,,Thessaloniki,40.61403,22.96388,Entire home/apt,99,2,25,2023-08-10,0.35,6,51,0,00000198860
29321512,Stylish Studio apartment,33923077,Βασίλης,,Thessaloniki,40.61372,22.96416,Entire home/apt,57,1,33,2023-09-23,0.46,6,51,0,00000205391
29405200,Cozy studio close to city center Netflix app+fiber,221510026,Chrysa,,Thessaloniki,40.60404,22.96151,Entire home/apt,35,1,62,2024-07-20,0.86,1,155,12,00000378026
29419404,Sweet Little House,103104510,Theodoros,,Kordelio – Evosmos,40.66211,22.91335,Entire home/apt,25,1,138,2024-08-20,1.93,4,311,28,00000213610
29429513,"""The Muse"" colorful & cozy flat on Mitropoleos str",221677687,Jely,,Thessaloniki,40.63011,22.9472,Entire home/apt,60,2,93,2024-09-22,1.30,1,86,9,00001908148
29436093,COMFORTABLE APPARTMENT  WITH PANORAMIC VIEW,159180103,Αικατερινη,,Kalamaria,40.5908,22.94795,Entire home/apt,80,10,12,2023-12-31,0.17,1,321,1,00000342714
29455024,Thess1home Bright (new November 2018),34979760,Panagiotis,,Thessaloniki,40.60084,22.96032,Entire home/apt,80,2,197,2024-01-21,2.74,10,296,8,00000877579
29473490,Modern Luxury Apartment in Kalamaria,221986652,Stavros,,Kalamaria,40.57954,22.94674,Entire home/apt,50,2,139,2024-07-29,1.94,1,330,25,00000243327
29542113,"Sonia’s Jacuzzi flat,explore city on foot,100mbps",113005514,Sonia,,Thessaloniki,40.637298583984375,22.95233154296875,Entire home/apt,52,3,132,2024-08-29,1.89,2,262,13,00000524294
29620132,Bright Bright B _Central Apartment with balcony,222957907,Lazaros,,Thessaloniki,40.63695,22.94411,Entire home/apt,55,2,122,2024-08-21,1.83,1,293,32,00002398183
29621870,Luxury Living Apartments And Spa - No20,53934947,Vasilis,,Thessaloniki,40.63034,22.94695,Entire home/apt,132,1,30,2024-08-13,0.50,7,191,2,00000008628
29629360,Elegant Central Flat •Totally Renovated,223032300,Aimilios,,Thessaloniki,40.63584,22.95374,Entire home/apt,37,2,225,2024-09-03,3.14,1,228,20,00000164863
29638051,GreyLoft22,223097239,Βασιλειος,,Thessaloniki,40.64175,22.93969,Entire home/apt,98,2,0,,,1,355,0,00002924391
29645263,WELCOME TO THESSALONIKI (ΑΜΑ00000765004),223109407,Δημητριος,,Pavlou Mela,40.66631,22.93489,Entire home/apt,100,2,28,2023-08-17,0.40,1,86,0,00000765004
29681582,Dimitris house 4,139926761,Δημήτρης,,Thessaloniki,40.61078,22.98073,Entire home/apt,58,2,3,2023-11-30,0.04,1,180,1,00001785173
29702216,"Smart living flat, Melenikou",220429060,Φωτης,,Thessaloniki,40.63342,22.95298,Entire home/apt,60,2,18,2024-09-16,0.25,2,21,4,00000250119
29788069,Seafront family αpartment + parking the Cruiseflat,224106327,Αναστασία,,Kalamaria,40.58984,22.94609,Entire home/apt,128,2,75,2024-08-27,1.06,1,343,17,00002864771
29792242,Cozy SKG: Like a Local,207973232,Lenia,,Thessaloniki,40.61234,22.95614,Entire home/apt,40,1,0,,,1,167,0,
29813557,Elli's House,185126554,Ελισάβετ,,Thessaloniki,40.63704,22.94909,Entire home/apt,89,2,32,2024-09-08,0.46,1,146,4,00001302674
29816192,Ancient Market BBQ Loft,224288660,Δημήτρης,,Thessaloniki,40.63994,22.94268,Entire home/apt,45,2,211,2024-08-25,3.00,2,219,12,00000523042
29844829,Infinity Sea View Apartment,160843255,Christos,,Thessaloniki,40.62747,22.94726,Entire home/apt,389,3,32,2024-09-08,0.46,1,183,4,00001069395
29847086,DISTRiCT01 #104,42519930,George,,Thessaloniki,40.63554,22.93934,Entire home/apt,62,1,53,2024-04-22,0.76,4,337,6,00001768756
29852977,Your Home away from home,63930608,Paraskevi,,Thessaloniki,40.64258,22.93651,Entire home/apt,30,1,227,2024-08-31,3.19,7,167,29,00002157182
29864213,kostas apartment 1,224595315,Κωνσταντίνος,,Ampelokipon – Menemeni,40.64837,22.92503,Entire home/apt,37,1,51,2024-03-23,0.77,2,93,8,00000005943
29917792,Aigaiou House H φιλόξενη  γωνιά της Αιγαίου,44262685,Christos,,Kordelio – Evosmos,40.66808,22.91881,Entire home/apt,60,3,84,2024-06-21,1.19,2,143,7,00000953687
29924556,Kelly's place,61406542,Kelly,,Neapolis – Sykeon,40.64995,22.94392,Entire home/apt,37,2,129,2024-08-26,1.82,1,340,12,00000517913
29924981,Rooftop Mini Suite-Roof Deck-Sunbeds-City view,554986397,Nikos,,Thessaloniki,40.63369,22.93959,Entire home/apt,55,2,125,2024-09-16,1.75,2,74,34,00000424041
29933996,Lori Margariti Sea View Flat #1,94449119,Amalia,,Thessaloniki,40.62777,22.94666,Entire home/apt,73,2,169,2024-09-21,2.38,4,0,27,00000287761
29941142,Lori Margariti Sea View Flat #2,94449119,Amalia,,Thessaloniki,40.62937,22.94867,Entire home/apt,67,2,214,2024-09-18,3.01,4,0,34,00000287626
29942916,Lori Margariti Top Floor Flat # 3,94449119,Amalia,,Thessaloniki,40.62794,22.94674,Entire home/apt,67,2,119,2024-08-28,1.67,4,105,5,00000287794
29943717,Saint Dimitrios Central Apartment 4bdrm 100sqm II,225130660,Charalampos,,Thessaloniki,40.63921,22.94653,Entire home/apt,207,1,134,2024-09-08,1.91,1,263,18,00002232667
30012659,Casa Neraisa,125487568,Kalliopi,,Thessaloniki,40.63951,22.93868,Entire home/apt,65,2,2,2021-09-13,0.05,1,64,0,00001294238
30028204,Agias Sofias Street Luxurious Studio,225691103,Άννα,,Thessaloniki,40.6325,22.94523,Entire home/apt,54,3,109,2024-08-11,1.56,1,300,5,00000478610
30053310,Sky Studio 1.,201521114,Odysseas,,Thessaloniki,40.640949,22.934656,Entire home/apt,64,2,75,2023-10-01,1.06,13,166,1,00000417500
30054684,Sky Studio 2.,201521114,Odysseas,,Thessaloniki,40.640938,22.934698,Entire home/apt,62,2,144,2023-05-28,2.03,13,153,0,00000417533
30054911,Sky Studio 3.,201521114,Odysseas,,Thessaloniki,40.640949,22.934683,Entire home/apt,61,2,62,2022-04-27,0.87,13,161,0,00000417522
30055330,Sky Studio 4.,201521114,Odysseas,,Thessaloniki,40.640945,22.93471,Entire home/apt,62,2,70,2023-03-23,0.99,13,155,0,00000417555
30056306,Sky Studio 5.,201521114,Odysseas,,Thessaloniki,40.640938,22.934704,Entire home/apt,69,2,170,2023-10-20,2.39,13,156,3,00000417635
30056659,Sky Studio 6.,201521114,Odysseas,,Thessaloniki,40.640938,22.93471,Entire home/apt,72,2,55,2022-03-19,0.78,13,156,0,00000417602
30079030,Violet #colony_whitetower_apartment,32216964,George,,Thessaloniki,40.62891,22.94677,Entire home/apt,75,2,153,2024-06-24,2.16,17,315,16,00000380931
30174175,Manina Apartment,473453892,Alex,,Thessaloniki,40.64219,22.94693,Entire home/apt,44,2,74,2024-09-16,1.05,1,357,22,00002404967
30177759,Manina Studio 1,226679146,Georgia,,Thessaloniki,40.612785,22.97514,Entire home/apt,37,2,34,2024-09-11,0.56,2,361,9,00001194709
30179138,Manina Studio 2,226679146,Georgia,,Thessaloniki,40.612785,22.97514,Entire home/apt,36,2,60,2024-05-28,0.87,2,353,12,00000320075
30198993,Calypso,187517550,Σάββας,,Pavlou Mela,40.67458,22.94282,Entire home/apt,60,3,19,2024-08-28,0.72,1,306,11,00001690548
30221802,SVOLIO APARTMENT,76702547,Haris,,Thessaloniki,40.63005,22.94857,Entire home/apt,85,1,23,2024-04-07,0.34,1,340,3,00000184347
30224429,Manina SeaSide Apartment Ι,551002413,Antonios,,Thessaloniki,40.61019,22.95415,Entire home/apt,39,2,68,2024-09-16,1.01,2,261,15,00000327616
30245307,Μικροσκοπικό σπίτι,227128474,Anastasia,,Pavlou Mela,40.66761,22.94359,Entire home/apt,35,1,83,2024-06-30,1.24,2,356,7,00002388068
30252530,Orion a new and comfortable studio in the center,227181951,John,,Thessaloniki,40.62041,22.96033,Entire home/apt,20,2,44,2020-04-01,0.62,4,158,0,
30313137,One-of-a kind LUXURY home downtown Near HELEXPO,227650961,Apostolos,,Thessaloniki,40.63496,22.952564,Entire home/apt,197,2,31,2021-09-19,0.44,1,175,0,00000432154
30328596,luxury living No2,213343119,Δημητρα,,Thessaloniki,40.63918,22.95211,Entire home/apt,,2,154,2024-08-28,2.18,6,0,21,00002387130
30358421,Central Cozy studio Thessaloniki,22236951,Antigoni,,Thessaloniki,40.61788,22.95615,Entire home/apt,34,4,111,2024-07-30,1.59,1,170,19,00001406005
30371054,B & N  LUXURY STUDIO WITH BALCONY,198675916,Vasilis-Nadia,,Thessaloniki,40.63578,22.95062,Entire home/apt,,120,114,2024-05-30,1.63,1,14,2,00000519604
30422589,✦World Heritage Site✦ Ace Location|Walk Everywhere,228411409,Panagiota,,Thessaloniki,40.63764,22.94817,Entire home/apt,53,4,106,2024-08-16,1.50,1,142,12,00000511092
30434223,Feel like Home,63930608,Paraskevi,,Thessaloniki,40.64153,22.93629,Entire home/apt,29,1,199,2024-09-16,2.82,7,155,30,00002181182
30524482,GraffitiSuites#Stone,185535470,V.M.,,Thessaloniki,40.63556,22.93904,Entire home/apt,80,2,18,2024-05-01,0.26,5,365,1,00002253422
30673874,sweet home 46,164492311,Κωνσταντίνος,,Thessaloniki,40.6477,22.93556,Entire home/apt,59,1,185,2024-09-08,2.63,2,71,13,00000523020
30680692,"Elegant, Cozy Home // On the most central street.",73025738,Mirella,,Thessaloniki,40.60665,22.965,Entire home/apt,53,2,129,2024-08-16,1.84,1,113,21,00000532024
30683761,Opera #Skgbnb,1977386,Cristina&Tomas! Skgbnb,,Thessaloniki,40.60876,22.95606,Entire home/apt,71,2,92,2024-08-18,1.31,30,359,10,00002374434
30700673,City Center 14  Iktinou Str,229800216,Konstantinos,,Thessaloniki,40.63095,22.94534,Entire home/apt,35,3,11,2022-02-19,0.16,1,46,0,00000540997
30708189,GraffitiSuites#Bronze,185535470,V.M.,,Thessaloniki,40.63693,22.93769,Entire home/apt,,1,12,2023-05-15,0.17,5,153,0,00002253358
30782613,Kuriaki maisonette apartment polixni,230311505,Κυριακή,,Pavlou Mela,40.66764,22.94335,Entire home/apt,53,1,44,2024-01-02,0.63,2,282,3,00000522151
30799795,Royal deluxe Apt.(must),133887934,George,,Thessaloniki,40.63443,22.95001,Entire home/apt,64,3,31,2024-07-07,0.44,15,120,3,00000272700
30812890,Cozy-cute apartment - Recently renovated,230503709,Roula,,Kalamaria,40.57795,22.95312,Entire home/apt,58,4,19,2024-07-12,0.27,1,32,1,00000526393
28127157,⭐Next to railway and bus station apartment. D-ROOM,212454949,Evans' Apartments,,Thessaloniki,40.64403,22.93303,Entire home/apt,40,2,302,2024-09-06,4.10,6,175,29,00000034918
28127726,Nesting Ramblers SKG #2,210667008,Nesting Ramblers SKG,,Thessaloniki,40.636093,22.946894,Entire home/apt,96,3,116,2024-06-01,1.58,3,104,5,00002467964
28153667,Thessaloniki Loxandra’s House,101933240,Giannis,,Thessaloniki,40.64097,22.93984,Entire home/apt,44,2,64,2024-05-12,0.87,4,84,3,00002376236
28171631,Deluxe Arch of Galerius,188458774,Arcus O.E.,,Thessaloniki,40.63163,22.9504,Entire home/apt,72,2,8,2022-06-26,0.11,18,81,0,00002036882
28193117,Walk Along the Harbor from an Exquisite Home,182786997,Natasha,,Thessaloniki,40.63431,22.94561,Entire home/apt,101,2,73,2024-07-24,0.99,5,245,6,00001489350
28196099,"Nat's place downtown, Thessaloniki",182786997,Natasha,,Thessaloniki,40.63465,22.9445,Entire home/apt,71,2,53,2024-02-04,0.72,5,358,1,00001489339
28196552,"Nat's place: Friends & Family, Thessaloniki",182786997,Natasha,,Thessaloniki,40.63495,22.94526,Entire home/apt,178,2,15,2023-08-21,0.20,5,342,0,00001489344
28220218,Cozy&Modern apartment in the heart of Thessaloniki,36729806,Olga,,Thessaloniki,40.62995,22.94608,Entire home/apt,45,2,214,2024-09-16,2.91,1,126,35,00000395890
28236602,Cosy studio in the heart of the city centre.,113000896,Niovi,,Thessaloniki,40.64022,22.93627,Entire home/apt,30,7,11,2019-02-03,0.15,1,0,0,00000621527
28246201,Romantic appartment in the center of Thessaloniki,213343119,Δημητρα,,Thessaloniki,40.6394,22.95016,Entire home/apt,41,2,175,2024-08-16,2.48,6,9,12,00002387092
28269543,Elegant apartment inThessaloniki near sea & center,213501641,Στέλλα,,Thessaloniki,40.61051,22.95617,Entire home/apt,85,4,58,2024-08-26,0.81,1,361,9,00000239048
28279929,Sweet apartment!!!,213575470,Giorgos,,Thessaloniki,40.63875,22.94964,Entire home/apt,70,1,453,2024-08-17,6.17,1,156,41,00000032600
28306605,Iktinou Luxury City Center Apartment,213760982,Christos,,Thessaloniki,40.63133,22.94561,Entire home/apt,89,2,245,2024-09-02,3.33,1,138,51,00000093617
28335740,Awesome modern apartment in the most centralstreet,121533440,Emmanouil,,Thessaloniki,40.63294,22.94498,Entire home/apt,50,1,496,2024-09-18,6.75,2,286,97,00000317186
28351222,The room in the clouds,149563767,Basilhs,,Thessaloniki,40.60668,22.95723,Private room,29,5,68,2024-09-08,0.92,1,147,12,00000395290
28381988,Large Apartment with view over whole Thessaloniki,12101514,Elektra,,Thessaloniki,40.64233,22.9525,Entire home/apt,50,5,3,2023-07-20,0.17,1,233,0,00001778377
28403705,"Quiet, delux flat with panoramic views",44859130,Georgios Christos,,Thessaloniki,40.59677,22.95681,Entire home/apt,,2,21,2024-01-02,0.34,1,0,4,00000864559
28421469,⭐Next to railway and bus station. S-ROOM,212454949,Evans' Apartments,,Thessaloniki,40.64403,22.93303,Entire home/apt,66,3,204,2024-09-06,2.79,6,145,29,00002393795
28462690,"Cozy, apartment next to city center (by Powerbnb)",214857203,Powerbnb,,Thessaloniki,40.6469,22.935,Entire home/apt,49,2,106,2024-09-06,1.45,14,338,23,00000919894
28478778,STUDIO ANOPOLI! 00000126442,214971381,Λουκάς,,Thessaloniki,40.63955,22.95537,Entire home/apt,29,2,66,2024-07-29,0.90,1,72,10,00000126442
28504821,F & B Collection - Flat for 4,31131449,Dimitris,,Thessaloniki,40.64486,22.93717,Entire home/apt,81,7,17,2022-10-08,0.23,56,327,0,00000280664
28510642,Σοφίτα Σε Thessaloniki,215190004,Αριστειδης,,Pilea – Chortiatis,40.6416,23.02485,Entire home/apt,628,8,0,,,1,89,0,00000508636
28531840,(C19 Prepared) Cataleya #colony downtown penthouse,32216964,George,,Thessaloniki,40.63594,22.94955,Entire home/apt,205,2,77,2024-07-18,1.06,17,296,20,00001789271
28540984,360° City Center Loft with Parking,215405380,Sarantos,,Thessaloniki,40.61727,22.95798,Entire home/apt,47,2,292,2024-09-02,4.00,1,13,45,00000073827
28571668,Sweet Home 2 # Comfort and Quality in nature.,43603727,Ioanna - Kostas,,Neapolis – Sykeon,40.65542221069336,22.986459732055664,Entire home/apt,70,2,14,2024-09-01,0.57,2,178,10,00000476996
28628480,#FLH - Urban Jungle - Downtown,9244884,FeelsLikeHomeGR,,Thessaloniki,40.63887,22.94234,Entire home/apt,88,1,88,2024-07-14,1.21,17,83,6,00002446396
28677274,Here is your place at the heart of Thessaloniki!,45892246,Lina,,Thessaloniki,40.62921,22.95217,Entire home/apt,46,2,46,2023-10-02,0.63,1,83,1,00000280391
28737808,City Center Martha' s apartment,208478112,Martha,,Thessaloniki,40.63005,22.95061,Entire home/apt,60,1,63,2024-02-11,0.87,1,358,3,00000369248
28744960,Apartment near kamara,213607660,Γεωργιος,,Thessaloniki,40.633305,22.953564,Entire home/apt,66,3,19,2022-02-27,0.26,1,267,0,00000094976
28749694,Πολυτελές studio μια ανάσα απ' τη Νέα παραλία,34979760,Panagiotis,,Thessaloniki,40.59953,22.95316,Entire home/apt,65,2,61,2024-09-12,0.84,10,362,11,00001114188
28751522,Πολυτελές διαμέρισμα μια ανάσα απ' τη Νέα παραλία,34979760,Panagiotis,,Thessaloniki,40.59874,22.95383,Entire home/apt,76,2,31,2024-06-30,0.43,10,362,8,00001114151
28770299,Lovely 2nd floor 1bd flat city center,191164222,Liza,,Thessaloniki,40.63956,22.94294,Entire home/apt,42,3,19,2024-09-08,0.26,2,85,5,00002293815
28771504,Perfect apartment in the heart of Thessaloniki,201521114,Odysseas,,Thessaloniki,40.63448,22.9524,Entire home/apt,44,2,176,2024-08-19,2.41,13,185,9,00000203328
28792433,City Center Family Apartment,217167619,Christina,,Thessaloniki,40.63994,22.94032,Entire home/apt,100,2,3,2022-04-01,0.06,1,357,0,00000240870
28803956,Homesweethome,79332006,Γεωργιος,,Thessaloniki,40.63747,22.93894,Entire home/apt,69,2,29,2024-07-14,0.40,2,118,6,00000106390
28867054,Traveller's Arc,150163607,Σπύρος,,Thessaloniki,40.622798919677734,22.96971893310547,Entire home/apt,57,4,82,2024-09-16,1.13,1,157,12,00001856761
28881288,Tis Yayas - Scandinavian Eclectic Downtown flat,46831775,Nadia,,Thessaloniki,40.64091,22.93541,Entire home/apt,120,3,34,2024-07-14,0.49,1,240,4,00000062143
31249126,Σπίτι    με   κήπο,233796956,Λουκία,,Pilea – Chortiatis,40.57908,23.02338,Entire home/apt,113,2,75,2024-06-16,1.10,1,269,9,00000521250
31270959,Pantheon City Center II,233599991,Χρήστος,,Neapolis – Sykeon,40.63471984863281,22.958892822265625,Entire home/apt,82,1,10,2023-11-16,0.15,30,0,1,00000316320
31285777,Just by the White Tower,170056972,Artemis,,Thessaloniki,40.62959,22.95022,Entire home/apt,64,2,199,2024-09-22,2.91,2,28,50,00000552142
31302101,F & B Collection - Apartment for 3,31131449,Dimitris,,Thessaloniki,40.61046,22.95498,Entire home/apt,52,7,25,2024-06-09,0.37,56,364,4,00002424560
31338663,Σύγχρονο Ζεστό Διαμέρισμα,155218887,Όλγα,,Neapolis – Sykeon,40.6525,22.9452,Entire home/apt,25,1,86,2024-09-16,1.29,1,359,4,00000608936
31407099,Newly Restored Flat By Agiou Dimitriou,89814111,Izzy,,Thessaloniki,40.63957,22.94631,Entire home/apt,107,3,33,2024-09-10,0.48,1,365,1,00000550859
31418384,Domus Agora,45875542,Sofoklis,,Thessaloniki,40.63516,22.94577,Entire home/apt,159,3,72,2024-08-14,1.05,5,348,18,00000532590
31516056,Studio City Center,187115067,Michalis,,Thessaloniki,40.62995,22.94704,Entire home/apt,44,1,66,2024-06-27,1.06,1,314,7,00000832888
31533714,City Centre Apartment with great VERANDA,139834170,Michail & Kyriaki,,Thessaloniki,40.63269,22.95056,Entire home/apt,80,2,32,2023-02-07,0.50,3,130,0,00000088496
31533957,2Bedrooms apartment with Veranda & view CityCentre,139834170,Michail & Kyriaki,,Thessaloniki,40.63416,22.94845,Entire home/apt,110,3,12,2022-10-23,0.17,3,179,0,00000088496
31549224,(C19 Prepared) Tulip #colony_city_heart,236468936,Παναγιώτα,,Thessaloniki,40.62948,22.94803,Entire home/apt,68,1,155,2024-09-01,2.27,2,355,8,00000516148
31577401,Urban Loft I,236705522,Eva,,Thessaloniki,40.6355,22.95461,Entire home/apt,50,2,225,2024-08-13,3.25,1,333,37,00002620505
31580813,"Αναπάντεχη, αστική πολυτέλεια για όλη την οικογένεια",236718071,Kostas,,Thessaloniki,40.612289,22.960247,Entire home/apt,90,2,52,2024-07-06,0.76,5,355,6,00002639935
31580938,The  Grey Rhino Apartment 1min from the WhiteTower,234511451,Giorgos,,Thessaloniki,40.62884,22.94762,Entire home/apt,40,2,130,2024-09-07,1.88,5,101,13,00001014208
31586396,Διαμέρισμα με πολυτελείς λεπτομέρειες και  κρυφές ανέσεις,236718071,Kostas,,Thessaloniki,40.612,22.96102,Entire home/apt,70,2,57,2024-01-02,0.83,5,219,4,00002828386
31622009,Urban Loft II,237068350,Γιώργος,,Thessaloniki,40.63675,22.95583,Entire home/apt,44,2,164,2024-08-28,2.38,1,365,20,00002620526
31701431,MAISON SALONIQUE 1930,98754261,Nikolaos,,Thessaloniki,40.62993,22.94666,Entire home/apt,100,2,6,2024-04-15,0.09,1,345,1,00000033878
31702208,Central Aristotelous Studio#1,203563891,Kyriaki,,Thessaloniki,40.63505,22.944,Entire home/apt,37,1,184,2024-09-17,2.68,2,72,25,00000505806
31730825,Art Maison Thessaloniki,231048679,Luxlikehome,,Thessaloniki,40.63097,22.94865,Entire home/apt,101,2,4,2024-09-11,0.07,15,128,1,00000140081
31738710,Aggelos Apartment,238050571,Aggelos,,Thessaloniki,40.6203,22.95708,Entire home/apt,42,2,22,2024-04-08,0.33,2,300,3,00000616594
31741190,Μοντέρνο διαμέρισμα,143300198,Λιλιαν,,Thessaloniki,40.60138,22.96257,Entire home/apt,73,2,34,2024-09-09,0.50,1,343,1,
31759165,The Reindeer Apartment 1 min from the WhiteTower,234511451,Giorgos,,Thessaloniki,40.62709,22.94981,Entire home/apt,43,1,211,2024-09-06,3.08,5,141,37,00001014229
31798470,Live as a local at this elegant 50sqm apartment #2,47003450,Katerina,,Thessaloniki,40.5986,22.95431,Entire home/apt,43,2,98,2024-08-25,1.43,1,21,24,00000550270
31798955,Central Maison Thessaloniki,231048679,Luxlikehome,,Thessaloniki,40.6346,22.94674,Entire home/apt,,3,8,2021-08-22,0.13,15,0,0,00000339756
31925787,Apartment in nice building (Fully equipped),208070192,Prodromos,,Thessaloniki,40.6054,22.97806,Entire home/apt,100,1,0,,,1,83,0,
31967680,Eagle nest,100722766,Panagiotis,,Thessaloniki,40.62034,22.97414,Entire home/apt,39,2,55,2024-07-26,0.83,1,114,11,00000549071
32008081,DemiNik House,163123431,Ntemi And Nick,,Thessaloniki,40.64138,22.94725,Entire home/apt,37,2,225,2024-09-08,3.29,15,85,23,00002397181
32031476,The White Rhino Apartment 1min from the WhiteTower,234511451,Giorgos,,Thessaloniki,40.6268,22.94891,Entire home/apt,44,2,152,2024-09-04,2.22,5,128,18,00001014213
32037237,Nickie's Sweet Vintage Home,232673627,Νίκη,,Thessaloniki,40.61557,22.95611,Entire home/apt,45,2,152,2023-09-17,2.22,1,115,0,00000552890
32053317,SKG Break,66945791,Dimitris,,Thessaloniki,40.62903,22.95211,Entire home/apt,52,2,79,2024-05-25,1.15,1,80,10,00001430600
32068215,Tsimiski double suites #10 city centre,119416356,Fani,,Thessaloniki,40.63369,22.94079,Entire home/apt,40,1,208,2024-08-21,3.06,30,37,19,00001112976
32068419,Petite Palace #8,170021348,Point,,Thessaloniki,40.63502,22.94141,Entire home/apt,48,3,111,2024-09-18,1.68,3,302,19,00001020310
32098863,Gusto Luxury Apt.(Must),133887934,George,,Thessaloniki,40.63183,22.95237,Entire home/apt,64,3,15,2022-08-02,0.22,15,118,0,00002106459
32104750,Corona deluxe Apt.(Must),133887934,George,,Thessaloniki,40.6323,22.9521,Entire home/apt,56,3,37,2024-08-20,0.54,15,120,11,00000551648
32109312,Cozy 2 Bedroom Apartment Thessaloniki center,74334773,Georgio,,Thessaloniki,40.63518,22.94119,Entire home/apt,70,2,33,2024-03-31,0.48,2,361,1,00000550666
32127232,Boho Dream,63930608,Paraskevi,,Thessaloniki,40.6425,22.93687,Entire home/apt,30,1,238,2024-09-21,3.48,7,141,46,00002157257
32171899,Megaron 11,239676141,Κωνσταντίνος,,Thessaloniki,40.6411,22.93812,Entire home/apt,243,2,21,2024-08-07,0.32,1,357,5,Exempt
32175970,The V Apartment 1 min from the White Tower,234511451,Giorgos,,Thessaloniki,40.62884,22.94803,Entire home/apt,139,2,27,2024-08-20,0.41,5,85,5,00000987275
32297241,Thessaloniki Historic City Centre-Metro Apartment,23053675,Katie,,Thessaloniki,40.63537,22.94777,Entire home/apt,95,2,25,2024-08-18,0.38,1,314,6,00000565082
32306621,Rossignol home Thessaloniki,114838593,George,,Thessaloniki,40.61709,22.9562,Entire home/apt,73,1,140,2024-09-03,2.05,4,363,31,00000598653
32321701,Unique Skyview Penthouse - Downtown,87942846,Erik,,Thessaloniki,40.63384,22.94883,Entire home/apt,61,3,174,2024-09-09,2.61,1,36,30,00000559024
32337348,Kalamaria Sunny Home,143345116,Eugenia & Giota,,Kalamaria,40.57341,22.96052,Entire home/apt,86,1,133,2024-08-26,1.96,1,167,18,00000590290
32349551,M&F LUXURY SUITES est.2019 / M Suite,242887583,Maria,,Thessaloniki,40.63387,22.94085,Entire home/apt,61,2,17,2023-07-06,0.25,1,85,0,00002446790
32380757,1-3 persons Studio Ano Poli (city center),138958373,Panagiotis,,Thessaloniki,40.63825,22.95808,Entire home/apt,29,3,67,2024-07-28,0.99,2,159,10,00000582359
32421497,Tsinari- Old town #Skgbnb,1977386,Cristina&Tomas! Skgbnb,,Thessaloniki,40.64245,22.9465,Entire home/apt,50,2,119,2024-09-02,1.76,30,348,22,00001131950
32463049,Thesshouse Pefka FK - garden and free parking,243870145,Κωνσταντίνος,,Neapolis – Sykeon,40.66268,22.97868,Entire home/apt,59,1,63,2024-08-25,0.99,1,315,7,00000760742
32480494,Luxury double room centre apartment!,220006733,Kleopatra,,Thessaloniki,40.63431,22.95275,Entire home/apt,50,1,13,2020-09-19,0.20,1,234,0,Exempt
32481665,Irodotou Studio,244049319,Lefki,,Thessaloniki,40.63941,22.95586,Entire home/apt,35,1,216,2024-09-18,3.18,1,66,55,00000567396
32485579,M&F LUXURY SUITES est. 2019 / F Suite,244075412,Fotis,,Thessaloniki,40.63297,22.93989,Entire home/apt,62,2,42,2024-09-08,0.62,1,347,13,00002447830
30823016,Kosmima Apartment Steps from Thessaloniki International Fair,133887934,George,,Thessaloniki,40.63163,22.9517,Entire home/apt,64,3,100,2024-06-23,1.43,15,104,11,00000445786
30904019,THESS OLD TOWN( free parking and Netflix),230953558,Ioanna,,Thessaloniki,40.63887,22.95518,Entire home/apt,69,2,97,2024-01-21,1.39,1,230,7,00000339010
30932881,GraffitiSuites#Garage,185535470,V.M.,,Thessaloniki,40.63663,22.93765,Entire home/apt,69,1,9,2022-09-29,0.13,5,350,0,00002253417
31018529,The Lux a gorgeous 3 bd apt | Close to everything,231664008,Stef & George,,Thessaloniki,40.63007,22.9468,Entire home/apt,201,2,74,2024-08-10,1.09,3,85,16,2681025
31031572,Elton's Philoxenia,231779641,Eleni,,Ampelokipon – Menemeni,40.65801,22.91328,Entire home/apt,80,2,40,2023-09-11,0.58,1,351,0,00000531836
31033476,Traveler Home 85m2 Private Parking Next to Center,231795185,Souzana,,Thessaloniki,40.64239,22.9478,Entire home/apt,106,1,367,2024-09-15,5.37,1,167,48,00000530162
31055008,SKG Stories: Relax,42391189,Eleni,,Thessaloniki,40.63372,22.9473,Entire home/apt,49,1,530,2024-09-17,7.65,1,233,85,00000531825
31062884,Vintage 1930's backyard appartment in the center.,170439612,Χρύσα,,Thessaloniki,40.64125,22.94194,Entire home/apt,50,2,45,2024-09-15,0.65,1,179,2,00000530719
31069012,ROOMS IN THE apartment in the center!CHEK IN 11 PM,232098635,Mariet,,Ampelokipon – Menemeni,40.65282,22.92624,Private room,15,1,7,2023-10-29,0.17,1,175,1,
31081249,Comely Luxury Apt.(Must),133887934,George,,Thessaloniki,40.63048,22.95082,Entire home/apt,89,3,38,2024-08-18,0.58,15,126,13,00002207490
31092537,#2 SUPER COZY MINI STUDIO IN CITY CENTER,13251610,Sandra,,Thessaloniki,40.63068,22.94881,Entire home/apt,49,2,104,2024-07-16,1.49,2,216,8,00001125200
31094797,Yannis Apartments,232331553,Ιωάννης,,Thessaloniki,40.62083,22.95783,Entire home/apt,85,3,22,2022-09-23,0.31,1,34,0,00000527070
31098397,Luxury Living Apartments And Spa - No55,53934947,Vasilis,,Thessaloniki,40.63297,22.94239,Entire home/apt,71,1,2,2020-07-03,0.04,7,170,0,00000056310
31171950,Sweet Home,231651449,Maria,,Thessaloniki,40.59853,22.9554,Entire home/apt,64,1,65,2024-08-26,0.94,1,128,6,00000526509
31234116,Tsimiski double suites #8 city centre,119416356,Fani,,Thessaloniki,40.63379,22.94007,Entire home/apt,43,1,191,2024-09-08,2.78,30,42,5,00001112896
31236187,New Apartment in the city center with two bedrooms,22757164,Elif,,Thessaloniki,40.64033,22.93964,Entire home/apt,52,1,98,2024-08-31,1.52,1,151,23,00000775920
33379995,#Nephele Studios by halu! Apartments (Nephele),251290631,Halu,,Thessaloniki,40.63481,22.94186,Entire home/apt,56,1,27,2024-05-06,0.41,90,340,1,00002341826
33387056,Your Dream House,251519195,Xrysa,,Pilea – Chortiatis,40.60272,22.97951,Entire home/apt,50,2,8,2021-06-07,0.16,1,234,0,00001071836
33390400,#Nephele Studios by halu! Apartments (Morpheus),251290631,Halu,,Thessaloniki,40.63316,22.94295,Entire home/apt,47,1,7,2023-12-30,0.11,90,356,1,00002341831
33390799,IndustrialStyle Cozy lil Studio 5' from Waterfront,65097374,Panagiotis,,Thessaloniki,40.61671,22.95747,Entire home/apt,35,1,638,2024-09-05,9.60,1,345,116,00000616073
33394400,4 Colours apartment with 2 bedrooms,120679277,Svetlana,,Kalamaria,40.58862,22.96167,Entire home/apt,50,3,8,2023-12-14,0.13,1,75,1,00000681393
33396557,Cozy appartment between city center and airport,135596507,Nina,,Kalamaria,40.58122,22.95395,Entire home/apt,50,4,54,2024-06-29,0.81,1,354,5,00000780135
33445310,Stunning Sea View Apartment,251960683,Anastasia & Pavlos,,Thessaloniki,40.63945,22.95707,Entire home/apt,59,1,51,2024-07-28,0.78,1,0,3,00000608787
33451824,Downtown Luxury Boutique Suites : the grand suite,178290282,Κώστας,,Thessaloniki,40.6294,22.94995,Entire home/apt,68,2,94,2024-09-06,1.43,4,276,20,00001481329
33452375,Thess1home Refresh,252017992,Panagiotis,,Thessaloniki,40.61679,22.95451,Entire home/apt,76,1,55,2024-08-17,0.83,1,86,5,00002867453
33481799,Evaggelistria City Center,201490114,"Athina, Ioanna & Katerina",,Neapolis – Sykeon,40.63502,22.96002,Entire home/apt,33,2,125,2024-08-17,1.88,1,339,6,00000621254
33484287,AMA00000611188 SUPER NUOVA-Private Parking,246425829,Τίνα,,Neapolis – Sykeon,40.64584,22.95431,Entire home/apt,52,2,139,2024-09-08,2.10,1,29,25,00000611188
33541283,Elegant Brand New Loft with Private Terrace,252704557,George,,Thessaloniki,40.63514,22.93892,Entire home/apt,122,3,106,2024-08-01,1.65,1,172,12,00000611712
33552709,**Excellent comfortable central studio!!!,252822695,Magda,,Thessaloniki,40.63657,22.94969,Entire home/apt,41,2,235,2024-09-09,3.53,1,199,21,00000661694
33565390,Papafi Urban Living Oasis,23689070,Urban Living,,Thessaloniki,40.62024,22.96272,Entire home/apt,47,3,71,2024-09-06,1.11,1,261,16,00000662177
33587016,Athina's house,180953199,Αθηνά,,Neapolis – Sykeon,40.64769,22.94089,Entire home/apt,71,1,156,2024-09-22,2.35,2,335,24,00000624969
33588006,The Trilogy House - Suite,253071687,Apostolos,,Thessaloniki,40.62952,22.94613,Hotel room,89,1,1,2023-07-22,0.07,5,0,0,1069595
33599861,Oli's Luxury Apartment,233599991,Χρήστος,,Thessaloniki,40.61057,22.95614,Entire home/apt,66,1,17,2024-07-24,0.26,30,208,4,00002221715
33607159,Sky Studio 7.,201521114,Odysseas,,Thessaloniki,40.640968,22.9345,Entire home/apt,68,2,40,2023-12-22,0.60,13,152,2,00000417668
33608883,Sky Studio 9.,201521114,Odysseas,,Thessaloniki,40.641041,22.934694,Entire home/apt,62,2,44,2022-02-22,0.66,13,160,0,00000417817
33612186,Apartment | Evapollo,253289473,Evapollo,,Thessaloniki,40.63328,22.93927,Entire home/apt,87,1,10,2022-10-24,0.15,1,334,0,00000601680
33670976,"Cute apartment, 100Mbps, nice neighborhood",11087486,Maria,,Thessaloniki,40.63971,22.95349,Entire home/apt,29,3,35,2024-09-05,0.54,2,200,4,00001366510
33717306,Villanova Apartment,103104510,Theodoros,,Thessaloniki,40.63994,22.93845,Entire home/apt,43,1,224,2024-09-11,3.40,4,314,49,00001890500
33764999,Sky Studio 8.,201521114,Odysseas,,Thessaloniki,40.640884,22.934763,Entire home/apt,69,2,32,2023-09-30,0.48,13,156,1,00000417748
33801721,SKG Loft,101933240,Giannis,,Thessaloniki,40.64135,22.94151,Entire home/apt,39,2,138,2023-10-05,2.09,4,236,1,00002376257
33808350,City Center Apartment with a Modern Breeze,8875256,Alex,,Thessaloniki,40.63942,22.94145,Entire home/apt,91,2,254,2024-09-18,3.84,3,310,61,00002166880
33820972,F & B Collection - Seaview MiniLux,31131449,Dimitris,,Thessaloniki,40.64067,22.93053,Entire home/apt,49,7,13,2022-05-11,0.20,56,365,0,00000598482
33847188,Ellis Apartment 1,82520571,Panos,,Thessaloniki,40.634984,22.936391,Entire home/apt,95,1,3,2024-06-02,0.34,2,255,3,00002372855
33860761,Joy's Apartment In The Heart of City's Center,41837560,Nena,,Thessaloniki,40.63483,22.94733,Entire home/apt,70,2,54,2024-09-09,0.83,1,15,10,00000627369
33883416,Little Haven in Kalamaria center,255835194,Rebeka,,Kalamaria,40.5813,22.94642,Entire home/apt,40,4,72,2024-09-14,1.10,2,338,14,00000788790
33895481,Cozy apartment in the center near Ancient market,253837597,Kalliopi,,Thessaloniki,40.638925468283716,22.94473230753221,Entire home/apt,48,1,256,2024-09-20,3.87,1,360,45,00001415893
33896600,Dahlia#colony_International_Fair,226024200,Elias,,Thessaloniki,40.6272,22.95102,Entire home/apt,,4,26,2024-07-13,0.41,1,0,1,00000605334
33917836,Happy Rabbit,107328172,Alexis,,Thessaloniki,40.64463,22.92321,Entire home/apt,48,1,207,2024-09-07,3.14,7,251,22,00000692420
33926165,Little flat in Kalamaria,256193295,Konstantinos,,Kalamaria,40.58267,22.95058,Entire home/apt,60,3,53,2024-08-23,0.82,1,225,2,00000719545
33958613,Acropolis deluxe Apt.(Must),133887934,George,,Thessaloniki,40.63125,22.95101,Entire home/apt,64,3,24,2024-09-01,0.41,15,110,6,00000613935
34002063,Elegantly designed day bed appartment,21087608,Akis,,Thessaloniki,40.59593,22.9548,Entire home/apt,90,2,78,2024-09-08,1.19,1,176,10,00000649892
34015868,THESS COZI ΠΥΛΕΑ Θεσσαλονίκη,97519808,George,,Pilea – Chortiatis,40.60602,22.98254,Entire home/apt,33,3,57,2024-08-07,0.87,5,27,6,00000667936
34016546,THESS TOUMPA APARTMENT,97519808,George,,Pilea – Chortiatis,40.60413,22.98208,Entire home/apt,35,3,34,2024-04-27,0.52,5,34,4,00000667914
34027863,Nature feel,63930608,Paraskevi,,Thessaloniki,40.64275,22.93549,Entire home/apt,29,1,84,2024-09-18,1.29,7,83,13,00002157363
34037753,White Tower Apartment,210544439,Giannis,,Thessaloniki,40.62822,22.94932,Entire home/apt,,50,2,2019-07-15,0.03,1,179,0,
34062117,Downtown Luxury Boutique Suites : the yellow suite,178290282,Κώστας,,Thessaloniki,40.63132,22.95214,Entire home/apt,68,2,60,2024-08-04,0.91,4,280,5,00001481541
34063156,Downtown Luxury Boutique Suites : the red suite,178290282,Κώστας,,Thessaloniki,40.6315,22.95218,Entire home/apt,68,2,48,2024-08-12,0.73,4,99,10,00001481280
34063522,Up to 5 guests - Cosy Apt in the center!,189062876,Georgios,,Thessaloniki,40.63633,22.9512,Entire home/apt,52,1,57,2024-09-15,0.87,2,86,6,00608679621
34087696,Comfort Luxury Maisonette (103 m²),257396325,Νίκος Και Ελένη,,Pilea – Chortiatis,40.60202,22.99675,Entire home/apt,100,2,90,2024-09-13,1.36,1,312,5,00001865965
34104432,Urban Living 2,112627287,Urban Living,,Thessaloniki,40.63474,22.94473,Entire home/apt,65,3,25,2023-07-03,0.40,9,76,0,00001290836
34151200,PanEri 's place,157288598,Thanasis,,Ampelokipon – Menemeni,40.65363,22.92815,Entire home/apt,,1,65,2024-02-04,1.01,4,0,2,00001349278
34166275,The Minimal Suite from k2properties,257956713,Natasa,,Thessaloniki,40.62995,22.94831,Entire home/apt,47,2,122,2024-08-05,1.86,9,281,12,00001123515
34187846,Nota - Karolou Dil,28267881,Tomas&Cristina! Skgbnb,,Thessaloniki,40.63161,22.94207,Entire home/apt,70,2,10,2024-07-22,0.15,29,303,1,00002792623
34191893,The Corner Suite in Navarinou Sq. k2properties,257956713,Natasa,,Thessaloniki,40.6321,22.94838,Entire home/apt,47,2,51,2024-08-13,0.78,9,327,8,00001123600
34347881,Eliza's luxury apartment next to Agias Sofias,214775821,Elisavet,,Thessaloniki,40.63344,22.94893,Entire home/apt,50,2,460,2024-09-05,7.05,1,197,71,00000650489
34352009,Istos Apartment 4,132156641,Katerina-Maria,,Thessaloniki,40.63733,22.9567,Entire home/apt,40,1,39,2024-08-24,0.60,2,263,1,00002524606
34406278,In the heart of Thessalonki_Christina'shospitality,198638021,Christina,,Thessaloniki,40.63607,22.95184,Entire home/apt,33,3,13,2023-07-31,0.20,2,29,0,00000654166
34417353,GraffitiSuites#Glossy Lodge,185535470,V.M.,,Thessaloniki,40.63632,22.93884,Entire home/apt,99,3,22,2023-06-18,0.36,5,149,0,00002253438
34438145,Spacy 84sqm apartment in a quiet neighbourhood!,166725518,Kristina,,Pavlou Mela,40.66088,22.94487,Entire home/apt,60,3,62,2024-08-31,1.01,1,339,11,00000866079
34443095,JULIE'S SUNSHINE,258337701,Γιούλη,,Thessaloniki,40.62861,22.95008,Entire home/apt,75,1,59,2023-09-18,0.91,1,19,0,00000688617
34465484,Brand New Micro Campervan- Calypso - Chalkidiki,204997816,Odyssey,,Thessaloniki,40.59391,22.9527,Entire home/apt,85,6,1,2019-07-31,0.02,7,364,0,0933E81000178801
34536166,Comfy&Stylish apart in the heart of Thessaloniki,260593166,Sviatlana,,Thessaloniki,40.63317,22.9473,Entire home/apt,47,2,114,2024-09-08,1.75,1,162,18,00000671013
34555679,Marie claire home(Private Parking),66865892,Maria,,Neapolis – Sykeon,40.6492,22.94498,Entire home/apt,40,2,94,2024-09-09,1.45,2,348,16,00000686733
34585082,#FLH - Belle Reve Apartment,9244884,FeelsLikeHomeGR,,Thessaloniki,40.63966,22.94317,Entire home/apt,94,1,63,2024-07-26,0.96,17,108,3,00002278790
34586815,F & B Collection - Apartment for 6,31131449,Dimitris,,Thessaloniki,40.60112,22.96555,Entire home/apt,74,7,27,2024-06-23,0.46,56,363,4,00002473137
34612168,KAMARA Amazing View By JohnTack apartments,128433739,John,,Thessaloniki,40.63376,22.95107,Entire home/apt,60,1,90,2024-09-09,1.43,2,1,16,00000509968
34651578,Central Studio Flat II,60724536,Alexandros,,Thessaloniki,40.63408,22.95278,Entire home/apt,48,1,15,2022-06-25,0.23,2,28,0,00000617270
34701707,Anesis central luxury suite,125718589,Maria,,Thessaloniki,40.63692,22.93907,Entire home/apt,84,2,311,2024-09-06,4.83,3,338,49,00002379816
34708438,#Danae by halu! Apartments,251290631,Halu,,Thessaloniki,40.63305,22.95075,Entire home/apt,93,1,37,2024-09-09,0.57,90,349,6,00002287175
34729100,DK mini suites A,261937610,Dimitriadis,,Thessaloniki,40.63383,22.94323,Entire home/apt,83,2,1,2019-07-14,0.02,12,347,0,00002435550
34748240,The Trilogy House - Loft,253071687,Apostolos,,Thessaloniki,40.63225,22.94799,Hotel room,72,1,1,2019-07-03,0.02,5,0,0,1069595
34749094,Stylish Penthouse Suite • Downtown White Tower,166989510,Ariadne,,Thessaloniki,40.62638,22.94823,Entire home/apt,68,2,17,2024-09-11,0.26,1,1,1,00002619210
34751164,Brand-New Modern flat in the Heart of the city,1653525,Nikos,,Thessaloniki,40.63449,22.9491,Entire home/apt,75,3,104,2024-08-14,1.65,1,289,19,00001893898
34934528,The Modern Suite,257956713,Natasa,,Thessaloniki,40.63039,22.94805,Entire home/apt,46,2,88,2024-08-27,1.36,9,326,11,00001123599
34940242,"Oasis Luxury detached House , hydromassage column",69981336,Evgenia,,Kordelio – Evosmos,40.6691086,22.9173473,Entire home/apt,95,1,57,2024-08-14,0.89,2,256,7,00000702940
34959941,#SKGH Amvrosia deluxe suite - Parking&View,146634219,Helias,,Pilea – Chortiatis,40.61327,22.98859,Entire home/apt,48,2,98,2024-07-29,1.52,22,255,11,00001127841
34990634,DISTRiCT01 #103,42519930,George,,Thessaloniki,40.63385,22.93935,Entire home/apt,61,1,89,2024-09-15,1.60,4,361,22,00001768761
34990857,AlterEgo I #Skgbnb,1977386,Cristina&Tomas! Skgbnb,,Thessaloniki,40.63881,22.93957,Entire home/apt,53,2,62,2024-09-08,0.96,30,334,17,00002755156
35031659,Aristotelous 1 min supercentral Mini studio,147650540,Tina,,Thessaloniki,40.63567,22.94546,Entire home/apt,38,2,107,2024-09-04,1.85,2,353,29,00000363224
35034327,AlterEgo‐ Downtown #Skgbnb,1977386,Cristina&Tomas! Skgbnb,,Thessaloniki,40.63874,22.9382,Entire home/apt,,2,59,2024-08-27,0.92,30,0,13,00002755342
35071057,Astor's Home,163123431,Ntemi And Nick,,Thessaloniki,40.63976,22.95393,Entire home/apt,37,2,159,2024-09-03,2.47,15,266,24,00002658617
35109213,NEWLY Renovated Apartment  in Ancient City 100Mbps,222732765,Tonia,,Thessaloniki,40.64196,22.93767,Entire home/apt,45,2,79,2024-09-20,1.22,1,159,8,00000591160
35124539,ANGEL(402) DELUXE CENTRAL APT&SUITES AMA782664,263669606,Leonidas,,Thessaloniki,40.64012,22.94059,Entire home/apt,33,1,119,2023-12-26,1.84,3,0,5,00000782664
35125254,ANGEL(403) DELUXE CENTRAL APT&SUITES AMA685911,263669606,Leonidas,,Thessaloniki,40.64041,22.941,Entire home/apt,38,1,98,2024-09-04,1.52,3,91,12,00000685911
35125666,ANGEL(404)JACUZZISUITE AMA685900,263669606,Leonidas,,Thessaloniki,40.63991,22.93959,Entire home/apt,59,1,272,2024-09-11,4.25,3,92,44,00000685900
35177831,Central studio,57848959,Ourania,,Thessaloniki,40.63949,22.94968,Entire home/apt,50,2,0,,,1,179,0,
35207629,"200m from SeaFront (Private Parking), Suite",76977208,Kyriaki,,Kalamaria,40.59217,22.95083,Entire home/apt,62,2,190,2024-09-12,2.97,2,255,43,00000731915
35208993,Comfy central flat,104743047,Niki,,Thessaloniki,40.6004,22.95393,Entire home/apt,110,3,3,2022-10-02,0.05,1,50,0,00000782744
35253879,AristotelousAPARTMENT IN THE HEART OF THESSALONIKI,479488819,Michael,,Thessaloniki,40.63516,22.94394,Entire home/apt,52,2,137,2023-12-27,2.13,1,348,6,00000599704
35290052,Spacious*Free Parking* Near Shops*Netflix* A/C,206330323,Samantha,,Ampelokipon – Menemeni,40.65821,22.92166,Entire home/apt,75,2,40,2024-09-15,0.62,1,344,16,00000842921
32516133,Nicole's House,206936534,Nikoletta,,Ampelokipon – Menemeni,40.65361,22.92845,Entire home/apt,,1,124,2024-02-18,1.84,1,0,10,00000630655
32538584,Chic and Cosy Flat in Thessaloniki,244506342,Anthoula,,Thessaloniki,40.5966,22.95486,Entire home/apt,60,2,64,2024-06-25,0.94,1,140,7,00000553689
32565194,citizen9 urban rooms / live like a citizen,101193924,Vassilis,,Thessaloniki,40.64966,22.91668,Private room,,730,9,2022-09-07,0.20,1,358,0,00000538922
32569288,The City Block 4,241226463,Margarita,,Thessaloniki,40.61756,22.96704,Entire home/apt,1000,20,19,2022-08-27,0.28,5,73,0,00000598370
32581910,Greek Retro Decor & WesAnderson's Movies Design,33923077,Βασίλης,,Thessaloniki,40.63399,22.93665,Entire home/apt,80,2,61,2024-07-01,0.91,6,344,11,00000299697
32583262,Unique Loft- Thessaloniki Down Town,33923077,Βασίλης,,Thessaloniki,40.6339,22.93581,Entire home/apt,64,2,46,2024-08-27,0.69,6,355,4,00000299700
32583677,Urban Dream-Away Loft - Down Town,33923077,Βασίλης,,Thessaloniki,40.63565,22.93707,Entire home/apt,85,2,114,2024-09-08,1.70,6,340,18,00000299700
32600067,Spacious city loft near the waterfront,245045714,Kostis,,Thessaloniki,40.63372,22.93891,Entire home/apt,80,2,227,2024-09-15,3.38,1,330,45,00000557286
32609272,Bright Apartment steps from the Sea,44815306,Eva,,Kalamaria,40.57769,22.94642,Entire home/apt,69,2,88,2024-09-21,1.34,2,216,23,00002492950
32613231,"City Center quiet flat, fast internet connection",11087486,Maria,,Thessaloniki,40.63815,22.95092,Entire home/apt,32,2,42,2024-08-16,0.62,2,332,10,00000591421
32636331,"Charming Sunny Apartment with Patio, Thessaloniki",245365966,Stavroula,,Thessaloniki,40.64584,22.94029,Entire home/apt,40,7,50,2024-08-31,0.75,1,332,9,00000598245
32756484,St Paul House Middle,246343879,Ioanna,,Neapolis – Sykeon,40.63459,22.96,Entire home/apt,37,3,32,2024-02-07,0.49,1,355,4,00001385106
32798937,Hippodrome Flatlet,246736543,Κωνσταντινος,,Thessaloniki,40.62962,22.95123,Entire home/apt,60,1,18,2022-12-26,0.27,1,47,0,00000650809
32809055,NEW STYLISH AND COZY HOUSE,86924681,Dimitrios,,Thessaloniki,40.59503,22.96206,Entire home/apt,80,1,125,2024-08-26,1.92,2,170,30,00002603279
32813968,Spacious Apartment with View near to Center,246800873,Στέλλα,,Ampelokipon – Menemeni,40.64857,22.92796,Entire home/apt,46,1,23,2024-09-08,0.34,1,333,4,00001590211
32845411,Thess Nature,247097053,Dimitrios,,Thessaloniki,40.60986,22.9853,Entire home/apt,69,1,267,2024-09-06,3.96,1,343,37,00001128481
32851691,Blue-Accented BoutiqueApartment@ThessalonikiCenter,69811132,Despina,,Thessaloniki,40.6316,22.94868,Entire home/apt,120,1,87,2024-07-21,1.29,3,330,5,00000609260
32859103,Cozy apartment in the centre of Thessaloniki!,247201553,Magdalena,,Thessaloniki,40.6405,22.9398,Entire home/apt,56,2,115,2024-08-31,1.72,1,156,27,00000582610
32961081,Thalia home | Welcome to Thessaloniki Hospitality,196117500,Thalia,,Thessaloniki,40.62268,22.96055,Entire home/apt,28,2,203,2024-08-31,3.02,2,332,28,00000626922
32996490,Ground big Apartment - Backyard | Wifi,196117500,Thalia,,Thessaloniki,40.62268,22.96055,Entire home/apt,30,3,92,2024-08-29,1.38,2,219,13,00000627019
33016544,Central Aristotelous Studio#2,203563891,Kyriaki,,Thessaloniki,40.63505172729492,22.944002151489258,Entire home/apt,36,1,114,2024-09-17,1.79,2,67,25,00000615070
33039784,Horizon /Downtown Penthouse w/ massive terrace,187796636,Afentoula,,Thessaloniki,40.63275,22.94854,Entire home/apt,70,2,29,2024-09-20,1.17,1,294,13,00001641536
33071043,"Little, cosy and sunny apartment in Thessaloniki",78078357,Chrysoula,,Neapolis – Sykeon,40.63881,22.96253,Entire home/apt,31,3,111,2024-09-16,1.66,2,318,25,00000592833
33079574,"Απο Εδω , Αεροδρόμιο-Πανεπιστήμια -Μέγαρο Μουσικης",223753704,Δεσποινα,,Thessaloniki,40.5997428894043,22.955503463745117,Entire home/apt,64,4,0,,,2,364,0,00000324284
33091915,PENTHOUSE LILAS. White tower!!!! Όαση στο κεντρο,208248942,Lila,,Thessaloniki,40.62823,22.95337,Entire home/apt,41,6,7,2019-09-23,0.10,1,110,0,00000589988
33129821,Central Luxury Apartment in Thessaloniki,249408335,Lydia,,Thessaloniki,40.63954,22.95058,Entire home/apt,36,3,61,2024-05-04,0.91,1,277,4,00001441084
33151480,Konstantina’s Studio  SKG,49272219,Timos,,Thessaloniki,40.64218,22.93682,Entire home/apt,64,1,38,2023-02-11,0.57,6,0,0,00002199972
33158649,"NEW 2019!, SKG, view to the port-marine Kalamaria!",249656129,Konstantinos,,Kalamaria,40.57645,22.94553,Entire home/apt,130,3,66,2024-08-29,0.99,1,354,6,00001909490
33174732,♥ Nordic Design 5star Apartment ♥,17489165,Andrew,,Thessaloniki,40.64028,22.93683,Entire home/apt,81,4,15,2024-07-12,0.22,3,340,2,00002499995
33211563,Bright Bright A_Central Apartment with balcony,250057218,Christina,,Thessaloniki,40.63711,22.94261,Entire home/apt,59,2,172,2024-09-15,2.58,1,311,28,00002902880
33218407,Luxury Apartments in Skg No4,213343119,Δημητρα,,Thessaloniki,40.63707,22.95056,Entire home/apt,39,1,94,2024-09-03,1.41,6,9,17,00002387172
33264752,F & B Collection - Rotunda & Kamara View,31131449,Dimitris,,Thessaloniki,40.63298,22.95205,Entire home/apt,64,7,88,2024-08-30,1.35,56,359,20,00002043036
33271808,Lovely-3-bedrooms apartment center of Thessaloniki,108524590,Nana,,Thessaloniki,40.63549,22.95058,Entire home/apt,118,3,64,2024-09-07,2.34,2,234,28,00001478147
33280191,Papafeio Luxury Living Apartment,87094895,Dimitrios,,Thessaloniki,40.62166,22.96501,Entire home/apt,100,30,7,2023-07-31,0.12,1,301,0,00000596361
33284122,Flat with garden view in Polichni,91247024,Anthony,,Pavlou Mela,40.66078,22.95392,Entire home/apt,90,1,4,2024-09-08,0.06,1,87,1,00000665338
33284304,Luxury cozy large apartment in the city center,121533440,Emmanouil,,Thessaloniki,40.63099,22.94331,Entire home/apt,79,1,269,2024-08-28,4.04,2,208,42,00000632608
33286821,Escape ... in style / Downtown Seaside Balcony 508,80206409,Mike,,Thessaloniki,40.63131,22.94277,Entire home/apt,58,1,95,2024-09-08,2.33,12,334,14,00001352216
33338487,"Think Home, exploring the center of Thessaloniki",25320105,Manos,,Thessaloniki,40.62946,22.94902,Entire home/apt,114,2,84,2024-07-14,1.27,3,241,2,00001902126
35402187,Imperium II - White Tower #Skgbnb,28267881,Tomas&Cristina! Skgbnb,,Thessaloniki,40.62818,22.9482,Entire home/apt,55,2,51,2024-08-23,0.79,29,342,19,00002575000
35501485,G&M LUXURY STUDIOS #2,265972620,Χρήστος,,Thessaloniki,40.6401,22.93975,Entire home/apt,73,1,6,2023-01-08,0.10,7,181,0,00000687646
35504956,G&M LUXURY STUDIOS #1,265972620,Χρήστος,,Thessaloniki,40.64168,22.9382,Entire home/apt,72,1,2,2023-01-04,0.03,7,164,0,00000687602
35537796,Trilogy Experimental,253071687,Apostolos,,Thessaloniki,40.63021,22.94674,Entire home/apt,88,1,28,2020-07-19,0.44,5,251,0,0136246
35555854,"Central,clean flat with patio-sleeps 3!!!",47615492,Savas & Anthi,,Thessaloniki,40.62199,22.96227,Entire home/apt,32,1,149,2024-09-05,2.34,8,351,37,00009979894
35601248,G&M LUXURY STUDIOS #4,265972620,Χρήστος,,Thessaloniki,40.64205,22.94001,Entire home/apt,50,1,0,,,7,356,0,00000687668
35624108,G&M LUXURY STUDIOS #5,265972620,Χρήστος,,Thessaloniki,40.63997,22.93807,Entire home/apt,79,1,5,2023-04-09,0.13,7,173,0,00000687679
35691547,Τετράκλινο δωμάτιο με άποψη,129257949,Constantino,,Thessaloniki,40.64391,22.94456,Private room,72,1,1,2021-09-12,0.03,6,365,0,0933K133K0466700
35697440,#FLH - Traveller's Nest,9244884,FeelsLikeHomeGR,,Thessaloniki,40.63319,22.94965,Entire home/apt,88,1,79,2024-08-09,1.26,17,81,4,00002446232
35709594,Astor’s  Brilliant  Home,163123431,Ntemi And Nick,,Thessaloniki,40.63982,22.94939,Entire home/apt,41,2,196,2024-08-07,3.10,15,363,30,00002658590
35749948,The Trilogy House - Studio Sea View,253071687,Apostolos,,Thessaloniki,40.63065,22.9469,Hotel room,83,1,0,,,5,0,0,1069595
35750129,Νεοκλασσικό Διαμέρισμα στο Ιστορικό Κέντρο,94647627,Thimios,,Thessaloniki,40.64043,22.94515,Entire home/apt,40,7,4,2024-07-31,0.11,1,212,1,00001201410
35783525,Liberty Home/elegant decoration/sea view/old city,216813735,Ελένη,,Neapolis – Sykeon,40.63979,22.96052,Entire home/apt,92,2,11,2024-06-04,0.18,1,355,2,00001233904
35818995,Houseloft Bianca Vision,29565272,Houseloft,,Thessaloniki,40.59756,22.95624,Entire home/apt,145,1,37,2024-08-12,0.61,20,214,2,00002636127
35820408,☰ SPACIOUS | UNIQUE | LUXURIOUS | CENTRAL ☰,43633063,Harry,,Thessaloniki,40.630063,22.9445715,Entire home/apt,143,2,132,2024-05-23,2.07,3,88,15,00001848862
35886762,"Bright, modern 2BR flat w/ balcony, 15 min Airport",269933526,Drosia,,Kalamaria,40.584743,22.962473,Entire home/apt,65,2,38,2024-09-22,0.61,1,332,11,00001200913
35897741,"Ηλιούπολη-Θεσσαλονίκη, Συγκατοίκηση",270000177,Konstantinos,,Pavlou Mela,40.668266,22.931793,Private room,20,5,30,2024-04-29,0.48,1,343,1,00000740034
35907834,Irida Equanimity and Cozy Apartment,270083473,Αθανάσιος,,Thessaloniki,40.61522,22.96542,Entire home/apt,41,2,91,2024-08-29,1.43,1,341,11,00002011717
35926160,G&M LUXURY STUDIOS #8,265972620,Χρήστος,,Thessaloniki,40.64199,22.93777,Entire home/apt,55,1,7,2021-09-19,0.11,7,181,0,00000687760
35935634,Luxurious beach front apartment with amazing view,78991191,Efharis,,Kalamaria,40.59117,22.9471,Entire home/apt,250,7,0,,,1,177,0,
35958262,Lovely Home,63930608,Paraskevi,,Thessaloniki,40.64085,22.9358,Entire home/apt,29,1,75,2024-09-22,1.17,7,1,28,00002158015
35962628,Deluxe double studio with Olympic view,129257949,Constantino,,Thessaloniki,40.6434,22.94376,Entire home/apt,49,1,13,2024-06-30,0.23,6,365,3,0933K133K0466700
36049884,Loft by clever,269506579,Kiki,,Thessaloniki,40.62843,22.94577,Entire home/apt,70,2,72,2024-09-18,1.27,1,330,18,00000685707
36102823,Deluxe Mitropoleos Apartment,250160089,Alexandros,,Thessaloniki,40.62967,22.94597,Entire home/apt,75,1,39,2023-08-28,0.61,3,9,0,00001870162
36156182,DK mini suites D,261937610,Dimitriadis,,Thessaloniki,40.62975,22.95358,Entire home/apt,79,2,46,2024-08-31,0.73,12,360,17,00001841445
36200727,3 min from Central Station Νο1,270467365,Δέσποινα,,Ampelokipon – Menemeni,40.64842,22.92898,Entire home/apt,,1,110,2024-08-20,1.73,2,0,10,00002877670
36216423,Trendy Studio in front of Ladadika District,45891751,Angeliki,,Thessaloniki,40.6353,22.93903,Entire home/apt,60,1,34,2023-12-03,0.55,1,234,5,00001735260
36252705,Thess home Now Luxury Apartment There is Room 4 U,268130557,Dimitris,,Neapolis – Sykeon,40.64774,22.94218,Entire home/apt,120,2,35,2022-09-05,0.55,1,232,0,00000704255
36271253,Aquilon City Center Apartments By The Sea,186001922,Cristina,,Thessaloniki,40.60195,22.95089,Entire home/apt,300,2,9,2022-02-14,0.15,1,90,0,00000949284
36273307,WELCOME HOME SKG,49272219,Timos,,Thessaloniki,40.64183,22.93672,Entire home/apt,40,1,29,2022-08-12,0.46,6,125,0,00000773387
36301370,HAPPY TRAVELLER,49272219,Timos,,Thessaloniki,40.64095,22.93804,Entire home/apt,57,1,37,2022-10-16,0.61,6,112,0,00000773398
36326669,#Luxlikehome Maison Penthouse,231048679,Luxlikehome,,Thessaloniki,40.63236,22.9446,Entire home/apt,143,2,27,2024-05-11,0.43,15,116,2,00000735240
36377003,behome37,273532129,Chris,,Thessaloniki,40.60092,22.97221,Entire home/apt,128,3,47,2024-08-27,0.74,1,99,4,00000743137
36379769,The Contemporary Suite from k2properties,257956713,Natasa,,Thessaloniki,40.6343,22.94921,Entire home/apt,46,2,76,2024-09-04,1.23,9,355,8,00001123642
36380013,The Trilogy House - Studio Atrium View,253071687,Apostolos,,Thessaloniki,40.63063,22.94794,Hotel room,65,1,0,,,5,0,0,1069595
36382675,With Love to the Art Studio from k2properties,257956713,Natasa,,Thessaloniki,40.63446,22.95063,Entire home/apt,50,2,61,2024-04-07,0.98,9,338,4,00001123658
36405654,Smurfs' house center Thessaloniki,227972546,Kostas,,Thessaloniki,40.61915588378906,22.964733123779297,Entire home/apt,38,1,280,2024-09-22,4.48,1,254,80,00000764984
36442004,Time Capsule  Mid Century Flat,141627482,Jorge,,Thessaloniki,40.64053,22.93895,Entire home/apt,70,2,17,2022-09-03,0.28,1,141,0,00000885728
36449163,Quiet Urban Studio with Private Backyard,274048013,Ioannis,,Neapolis – Sykeon,40.6353,22.9597,Entire home/apt,59,2,7,2024-02-04,0.11,1,365,1,00000769803
36477406,Super stylish studio I,11536415,Costas,,Thessaloniki,40.61536,22.95755,Entire home/apt,35,3,17,2024-08-18,0.27,2,328,7,00000763801
36491491,Luxury Apartments in Skg No5,250106902,Δημητρα,,Thessaloniki,40.63668,22.95391,Entire home/apt,39,1,67,2024-09-09,1.11,1,2,4,00002387193
36552039,Imperium I - White Tower #Skgbnb,28267881,Tomas&Cristina! Skgbnb,,Thessaloniki,40.62697,22.94969,Entire home/apt,66,2,49,2024-09-01,0.77,29,332,22,00002575021
36564022,Cozy apartment next to seaside & city center,244592619,Μαρια,,Thessaloniki,40.60751,22.95435,Entire home/apt,50,3,37,2024-09-04,0.62,1,49,2,00000570693
36583114,"""Nephele"" Luxury Suite",274986558,Χαραλαμπος,,Thessaloniki,40.63646,22.94879,Entire home/apt,91,1,185,2024-09-06,2.94,1,142,26,00000749490
36591280,Epsilon Suite | Your City Level,171408300,Horizone,,Thessaloniki,40.63261,22.94081,Entire home/apt,75,1,23,2024-08-26,0.36,3,351,3,00000775205
36624107,Kappa Suite | Your City Level,171408300,Horizone,,Thessaloniki,40.63391,22.94088,Entire home/apt,77,1,22,2023-08-02,0.35,3,321,0,00000775103
36665382,Lamda Suite | Your City Level,171408300,Horizone,,Thessaloniki,40.63196,22.94029,Entire home/apt,79,1,33,2024-08-31,0.53,3,346,6,00000775067
36694434,Fresh Studio # Self Check In#,64889080,Dimitris,,Thessaloniki,40.64125,22.93327,Entire home/apt,38,2,175,2024-09-06,2.77,1,99,35,00000779709
35325579,G&M LUXURY STUDIOS #3,265972620,Χρήστος,,Thessaloniki,40.64063,22.94003,Entire home/apt,65,1,1,2021-09-19,0.03,7,186,0,00000687635
35365070,Happy Rabbit 2,107328172,Alexis,,Thessaloniki,40.64425,22.9251,Entire home/apt,51,1,77,2024-06-29,1.20,7,365,13,00000692419
35386088,Sea & City Big Apt.,58402846,Γιώργος,,Thessaloniki,40.59355,22.95045,Entire home/apt,85,3,3,2024-05-29,0.05,1,55,1,00000928264
37623864,Junior Thess Residence,281350563,ThessResidences,,Thessaloniki,40.6411,22.93885,Entire home/apt,140,1,3,2021-11-28,0.05,6,354,0,1144498
37623994,Deluxe Residence,281350563,ThessResidences,,Thessaloniki,40.64146,22.93851,Entire home/apt,144,1,9,2023-10-29,0.15,6,352,1,1144498
37624549,Family Residence,281350563,ThessResidences,,Thessaloniki,40.6411,22.93885,Entire home/apt,236,1,3,2022-08-12,0.05,6,322,0,1144498
37624675,Petite Palace Aristotelous 3,170021348,Point,,Thessaloniki,40.63374,22.94134,Entire home/apt,44,3,100,2024-08-22,1.63,3,309,18,00001793328
37630080,Zennova #9  City Center Pearl,263237779,Stelios,,Thessaloniki,40.64153,22.93887,Entire home/apt,89,1,12,2023-10-22,0.20,4,355,1,00001764477
37631218,Central Apartment,25235618,Konstantinia,,Thessaloniki,40.63015,22.95384,Entire home/apt,48,2,117,2024-09-01,1.88,1,71,28,00000841087
37635360,Thess Unique Studio #2,284375244,Stavros,,Thessaloniki,40.64494,22.92863,Entire home/apt,84,1,29,2024-07-12,0.51,10,351,1,00000882670
37679871,Thess Unique Studio #1,284375244,Stavros,,Thessaloniki,40.6424,22.93303,Entire home/apt,84,1,39,2022-04-01,0.68,10,358,0,00000882670
37680279,Thess Unique Studio #3,284375244,Stavros,,Thessaloniki,40.64142,22.93216,Entire home/apt,84,1,31,2022-11-19,0.52,10,358,0,00000882691
37710964,Lovely Studio*rooftop nest*down town,285054779,Katerina,,Thessaloniki,40.63474,22.95437,Entire home/apt,41,2,149,2024-09-16,2.40,2,157,44,00000824040
37713177,South of the Wall Apartment,103104510,Theodoros,,Thessaloniki,40.64272,22.94203,Entire home/apt,38,1,60,2024-09-05,0.98,4,344,22,00002387508
37802676,Emphasis - Galerius Palace #Skgbnb,1977386,Cristina&Tomas! Skgbnb,,Thessaloniki,40.63214,22.95201,Entire home/apt,79,2,84,2024-09-01,1.36,30,85,22,00001338050
37824898,Νιώστε σαν το σπίτι σας στο Helion apartment,176391518,Αστεριος,,Thessaloniki,40.64081,22.93721,Entire home/apt,42,3,89,2024-09-06,1.44,1,15,24,00000847760
37831483,Amazing Loft Skyview  Ρετιρέ με Πανοραμική Θέα,271618050,Παρασκευή,,Kalamaria,40.58933,22.95091,Entire home/apt,56,3,62,2024-08-09,1.00,1,13,15,00000823400
37847428,Cityscape,148780479,Alexandros,,Thessaloniki,40.64029,22.94443,Entire home/apt,35,3,12,2024-09-13,0.21,1,301,4,00000913270
37847687,"Cozy, spacious flat in the heart of Thessaloniki",102625808,Pinelopi,,Thessaloniki,40.63438,22.95442,Entire home/apt,51,3,106,2024-09-02,1.75,1,86,28,00000841780
37856646,Cozy apartment in Kalamaria,286712098,Κυριάκος,,Kalamaria,40.58971,22.96303,Entire home/apt,45,2,25,2024-08-08,0.41,2,250,7,00000903534
37857422,Astor’s Liza’s Home,163123431,Ntemi And Nick,,Thessaloniki,40.64328,22.94602,Entire home/apt,37,2,205,2024-08-29,3.31,15,342,36,00000838981
37878086,Bright & Airy penthouse in the heart of Thess/niki,286901912,Eleni,,Thessaloniki,40.63099,22.9479,Entire home/apt,42,3,8,2024-09-09,0.13,1,83,1,00002923805
37897433,Comfortable apartment in Thessaloniki/Kato toumpa,236259300,Loukas,,Thessaloniki,40.61401,22.96395,Entire home/apt,74,3,8,2022-09-18,0.13,1,79,0,00000973342
37910611,Spacious 82m2 Two Bedroom apt near City Center,107889866,Elena,,Neapolis – Sykeon,40.64978,22.94174,Entire home/apt,73,2,27,2024-09-21,0.44,1,68,1,00002872989
37929568,UNIQUE CRYSTAL CLEAR APARTMENT - MAGNIFICENT VIEW-,223753704,Δεσποινα,,Thessaloniki,40.59789,22.95589,Entire home/apt,,5,2,2023-05-20,0.07,2,0,0,00000443290
37932432,Vintage Art home on the sea,245714897,GiorgosNineta,,Thessaloniki,40.60596,22.95218,Entire home/apt,75,2,77,2024-09-16,1.25,1,18,26,00000848570
37939106,Eros - Luxurious Apartment,213603241,Νίκος,,Thessaloniki,40.61289,22.98124,Entire home/apt,90,2,44,2024-08-30,0.76,2,34,8,00000901446
37952696,Epoque - Galerius Palace #Skgbnb,28267881,Tomas&Cristina! Skgbnb,,Thessaloniki,40.63205,22.95182,Entire home/apt,70,2,68,2024-09-06,1.11,29,346,20,00002325856
37953203,"Spacious & Sunny Home <3
(90'metres)",180091527,Christina,,Thessaloniki,40.60649,22.96636,Entire home/apt,64,1,11,2023-05-02,0.18,1,179,0,00000875822
38048786,City Center Luxury Penthouse,76361644,Mara,,Thessaloniki,40.63666,22.94144,Entire home/apt,96,1,355,2024-09-18,6.16,2,4,65,00000998039
38049624,Heart City Center Luxurious Penthouse,76361644,Mara,,Thessaloniki,40.63702,22.94099,Entire home/apt,73,1,185,2024-09-08,3.21,2,1,21,00000997997
38063929,Aristotelous square apartment No1,260321699,Μπουτσιούκης,,Thessaloniki,40.63455,22.94458,Entire home/apt,75,1,9,2022-09-12,0.21,2,365,0,00001044830
38066341,Casa Nueve - Amazing apartment close to the sea,121021366,Chris,,Thessaloniki,40.60701,22.95295,Entire home/apt,65,2,187,2024-09-17,3.03,2,188,50,00002722835
38093258,Elisabeth's Apartment near Thessaloniki Center!,120291978,Elisavet,,Thessaloniki,40.60955,22.95438,Entire home/apt,50,2,55,2024-07-11,0.89,1,64,15,00000859436
38126311,Cosy SKG appartment in Analipsi,269326878,Μιχάλης,,Thessaloniki,40.60586,22.95969,Entire home/apt,45,2,40,2024-08-28,0.65,1,89,4,00000855770
38245432,"Greek Villa on Olympus@
Thessaloniki, Asvestochori",12529950,Sofia,,Pilea – Chortiatis,40.64497,23.01695,Entire home/apt,,7,1,2021-08-14,0.03,1,0,0,00001293114
38262575,S.T.S. EIGHT / 7 NEW  Full renovated apartment,290787529,Δημητρα,,Thessaloniki,40.63784,22.94356,Entire home/apt,99,1,125,2024-08-22,2.03,1,179,12,00000856027
38285155,⭐Next to railway and bus station V-ROOM,212454949,Evans' Apartments,,Thessaloniki,40.64425,22.93262,Entire home/apt,38,1,66,2024-08-26,1.07,6,176,13,00002393807
38289586,Ευρύχωρο Διαμέρισμα στην Θεσσαλονίκη AC + Wi-Fi,291063586,Aris,,Thessaloniki,40.64166,22.93595,Entire home/apt,78,3,10,2024-09-15,0.16,1,365,1,00001152870
38290278,The Standard Studio from k2properties,257956713,Natasa,,Thessaloniki,40.63355,22.95033,Entire home/apt,43,2,39,2024-06-10,0.66,9,221,11,00001123663
38306181,Aleka's House,291244777,Christos,,Thessaloniki,40.61296,22.97977,Entire home/apt,55,1,23,2024-07-23,0.38,1,354,4,00000858160
38312135,S.T.S. EIGHT 6.2 NEW full renovated apartment,289873445,Μάνια,,Thessaloniki,40.63784,22.94356,Entire home/apt,62,1,85,2024-08-27,1.38,1,176,8,00000863566
38313362,Cozy Vintage Apartment in the center of the city !,291292967,Κυριάκος,,Thessaloniki,40.63086,22.94783,Entire home/apt,55,2,100,2024-07-02,1.66,1,100,15,00000756714
38313367,S.T.S. EIGHT 6.1 Full renovated apartment,77487801,Thanasis,,Thessaloniki,40.63784,22.94356,Entire home/apt,62,1,71,2024-08-28,1.16,1,178,10,00000863555
38315562,"Cozy seaside apARTment in Kalamaria, Thessaloniki",99714712,Christina,,Kalamaria,40.57243,22.9537,Entire home/apt,42,3,38,2024-09-01,0.62,1,201,18,00000964586
38339894,Διαμέρισμα στο ιστορικό κέντρο με όμορφη βεράντα,200162746,Anestis,,Thessaloniki,40.63426,22.94393,Entire home/apt,120,3,54,2024-08-22,0.89,1,260,9,00000871839
38402357,APARTMENT'S VIEW OF THESSALONIKI,97519808,George,,Neapolis – Sykeon,40.64896,22.93935,Entire home/apt,35,3,43,2024-07-14,0.72,5,141,1,00000885863
38458663,Ηλιόλουστο Studio Erasmus στην  Πρέσπας  Κ. Τούμπα,293186540,Effrosyni,,Thessaloniki,40.60827,22.97177,Entire home/apt,36,2,55,2024-08-30,0.90,1,85,4,00001140703
38476028,Lovely 3 bedrooms apartment in the city center,9531550,Katerina,,Thessaloniki,40.629921,22.948309,Entire home/apt,80,2,194,2024-09-04,3.18,14,274,52,00000863170
38484501,Black /Yellow Magic,279764928,Kristina,,Thessaloniki,40.64109,22.93994,Entire home/apt,55,2,46,2024-03-25,0.75,2,305,3,00000959612
38504653,#Luxlikehome Cozy Living Thessaloniki,231048679,Luxlikehome,,Thessaloniki,40.63451,22.94741,Entire home/apt,71,2,2,2024-02-03,0.08,15,131,1,00000817815
38508231,#Luxlikehome Rigas Apartment,231048679,Luxlikehome,,Thessaloniki,40.63436,22.9474,Entire home/apt,,2,2,2023-12-26,0.03,15,0,1,00000863249
38513788,Luxury Spacious Apartment,293702212,Mihaela,,Thessaloniki,40.6073,22.9578,Entire home/apt,65,2,50,2024-09-08,0.83,1,175,9,00000873268
38517184,Σεβασμός στον φιλοξενουμενο!!!,137263856,Sonia,,Pilea – Chortiatis,40.58353,23.02433,Entire home/apt,60,1,36,2024-07-19,0.59,1,350,7,00000898045
38532114,Sou apartment- Ampelokipi Thessalonikis,293892321,Σουζανα,,Ampelokipon – Menemeni,40.64983,22.92247,Entire home/apt,45,3,14,2024-08-20,0.23,1,357,3,00000886936
38535927,Karolou Ntil- Ground floor Delight,224288660,Δημήτρης,,Thessaloniki,40.63242468771264,22.943255826830864,Entire home/apt,75,2,6,2024-04-06,0.25,2,22,1,00001759244
38611969,Athenas House,294833734,Athina,,Kordelio – Evosmos,40.67004,22.90019,Entire home/apt,48,3,52,2024-09-07,0.87,1,357,16,00000863624
38642315,#Luxlikehome Aristotelous Grand View,231048679,Luxlikehome,,Thessaloniki,40.63367,22.94236,Entire home/apt,200,2,31,2024-04-11,0.52,15,98,2,00000868270
38672330,Waterfront Apartment_OT1,6836073,Georgios,,Thessaloniki,40.61513,22.95448,Entire home/apt,,1,7,2022-06-13,0.13,25,265,0,Exempt
38726969,"DeniZen Boutique Apartment, Nilie Hospitality MGMT",239769711,Nilie Premium Hospitality MGMT,,Thessaloniki,40.63926,22.93529,Entire home/apt,52,1,19,2024-09-09,0.31,316,358,7,1553153
38822099,Manina Seaside Apartment II,551002413,Antonios,,Thessaloniki,40.61072,22.95378,Entire home/apt,42,2,72,2024-09-16,1.50,2,116,26,00000861230
38860167,Διαμέρισμα με πολυτελείς λεπτομέρειες,236718071,Kostas,,Thessaloniki,40.60245,22.97198,Entire home/apt,80,3,37,2024-04-27,0.61,5,259,4,00002640008
38867043,"Penthouse Apartment #8, The Luxury Suites",280458084,The Luxury Suites,,Thessaloniki,40.63745,22.93812,Entire home/apt,54,2,67,2024-09-03,1.11,173,2,6,00002672495
38917360,Bella Suite city center-Private parking,68869843,Isabella,,Thessaloniki,40.63883,22.93962,Entire home/apt,60,1,35,2024-09-08,0.59,1,145,3,00000885885
38974947,Big and Artistic Flat With Private Parking,298587360,Dimitris,,Kalamaria,40.58146,22.96016,Entire home/apt,103,2,31,2023-10-22,0.52,1,324,1,00002306676
38976640,3 Bedrooms Apartment,248426270,Κατερίνα,,Neapolis – Sykeon,40.64996,22.94182,Entire home/apt,61,3,1,2020-01-02,0.02,2,222,0,00001754580
39001103,A Dreaming Vintage Home in Thessaloniki,132519862,Ioanna,,Neapolis – Sykeon,40.63767,22.9626,Entire home/apt,31,3,26,2024-09-16,0.43,2,334,14,00001882335
39001679,Boutique Loft,120815,Sofia,,Kordelio – Evosmos,40.66371,22.9274,Entire home/apt,48,3,0,,,1,358,0,
39029633,Τσιτσιπόσπιτο 🏠,317100273,Γιωργος,,Thessaloniki,40.63529968261719,22.951539993286133,Entire home/apt,60,2,13,2023-01-03,0.22,1,360,0,00000923991
39030779,Bright stylish studio near city center! Welcome #1,22448391,Giorgos,,Thessaloniki,40.60692,22.96413,Entire home/apt,38,2,123,2024-09-06,2.03,3,134,22,00000862369
39055516,Bright stylish studio near city center! Welcome #2,22448391,Giorgos,,Thessaloniki,40.60692,22.96413,Entire home/apt,39,2,129,2024-08-22,2.14,3,139,26,00000862380
39077624,Εξαιρετικός χώρος στούντιο!,227128474,Anastasia,,Pavlou Mela,40.66584,22.94278,Entire home/apt,48,2,69,2024-08-02,1.14,2,355,6,00002388031
39135546,"Quiet, fully refurbished apartment in Thessaloniki",300179112,Stella,,Thessaloniki,40.63245,22.94833,Entire home/apt,68,3,27,2024-08-15,0.48,1,4,6,00002442830
39206525,DEMI’S  HOME,163123431,Ntemi And Nick,,Thessaloniki,40.64084,22.94814,Entire home/apt,35,2,202,2024-09-08,3.36,15,264,44,00002397261
39220220,TZORTZI’S  HOME,163123431,Ntemi And Nick,,Thessaloniki,40.63911,22.94978,Entire home/apt,39,2,169,2024-09-05,2.82,15,257,25,00002397277
39224300,T’ Giorgio Apartment,293583209,Γέωργιος,,Thessaloniki,40.641719818115234,22.936275482177734,Entire home/apt,74,2,13,2024-09-14,0.23,1,165,9,00002724865
36696214,Cozy studio in old town with backyard!,275813922,Dimitra Loukia,,Neapolis – Sykeon,40.64195,22.96107,Entire home/apt,27,4,115,2024-08-30,1.83,1,240,30,00000779630
36698862,"Konba View luxury mini apartments
near  center",148219163,Georgios,,Ampelokipon – Menemeni,40.6494,22.92917,Entire home/apt,47,2,53,2024-09-22,0.85,1,308,7,00000835415
36742941,Zennova #5 Antigonidon Sq,263237779,Stelios,,Thessaloniki,40.64035,22.93999,Entire home/apt,121,1,56,2024-09-03,0.91,4,339,3,00001682898
36754176,COZY HOME in thessaloniki center,44893060,Sotiris,,Thessaloniki,40.63899,22.95237,Entire home/apt,57,2,24,2024-05-26,0.38,3,342,3,00000772623
36803316,Q luxury rooms #1 city center,264553645,Q Luxury,,Thessaloniki,40.63759,22.9412,Entire home/apt,40,1,65,2024-05-22,1.03,7,347,3,00000690513
36804426,Q luxury rooms #2 city center,264553645,Q Luxury,,Thessaloniki,40.63899,22.94005,Entire home/apt,43,1,119,2024-07-22,1.89,7,337,14,00000690546
36804986,Loft apartment,63930608,Paraskevi,,Thessaloniki,40.64163,22.93613,Entire home/apt,28,1,63,2024-09-11,1.00,7,78,15,00002247920
36805561,Q luxury rooms #3 city center,264553645,Q Luxury,,Thessaloniki,40.63824,22.94122,Entire home/apt,44,1,13,2022-07-15,0.21,7,329,0,00000690557
36835728,Q luxury rooms #4 city center,264553645,Q Luxury,,Thessaloniki,40.63975,22.94092,Entire home/apt,44,1,63,2024-05-23,1.00,7,328,3,00000690579
36836649,Q luxury rooms #5 city center,264553645,Q Luxury,,Thessaloniki,40.63754,22.93949,Entire home/apt,43,1,36,2023-02-01,0.57,7,330,0,00000690604
36837317,Q luxury rooms # King Suite-Jacuzzi,264553645,Q Luxury,,Thessaloniki,40.63942,22.93944,Entire home/apt,53,1,116,2024-06-14,1.85,7,356,7,00000690615
36838396,Q luxury rooms 360° city view,264553645,Q Luxury,,Thessaloniki,40.63964,22.94054,Entire home/apt,47,1,46,2022-11-08,0.73,7,325,0,00000690626
36881835,Minimal cozy apartment in the heart of the city,277177920,Αφεντούλα,,Thessaloniki,40.63775,22.95053,Entire home/apt,37,2,109,2024-09-08,1.74,1,156,30,00000844930
36965900,Endless View City  Centre EXPO,83469196,Melina,,Thessaloniki,40.63028,22.95348,Entire home/apt,101,3,17,2024-07-08,0.28,1,107,2,00001364946
36987627,Sunshine Penthouse,813638,Athanasios,,Thessaloniki,40.63387,22.94761,Entire home/apt,,2,90,2024-09-15,1.45,1,0,17,00000800947
36992255,Victoria's apartment,179713527,Victoria,,Thessaloniki,40.64204,22.95071,Entire home/apt,55,3,8,2023-11-13,0.13,1,270,1,00000778206
37012443,Grey & Cozy Luxury Apartment,50212813,Nikolaos,,Thessaloniki,40.60414,22.96205,Entire home/apt,73,1,32,2024-03-11,0.52,2,165,6,00002606295
37082237,N&N's Luxurious Suite #WhiteTower,278921038,Nikoleta,,Thessaloniki,40.628,22.94896,Entire home/apt,52,3,36,2024-05-31,0.57,3,95,5,00000831148
37119152,Kalliopi - Muse of epic & heroic poetry,157288598,Thanasis,,Ampelokipon – Menemeni,40.6536,22.92737,Entire home/apt,,1,52,2024-01-01,0.84,4,0,5,00001349299
37178442,Mediterranean blue,279764928,Kristina,,Thessaloniki,40.64201,22.93891,Entire home/apt,50,4,18,2020-08-03,0.29,2,363,0,00000959612
37200961,Aristotelous Forum apartment,70772717,Fotini,,Thessaloniki,40.63807,22.94288,Entire home/apt,63,2,3,2020-07-23,0.05,1,361,0,00000692500
37224718,Capsula - Downtown #Skgbnb,28267881,Tomas&Cristina! Skgbnb,,Thessaloniki,40.63225,22.94727,Entire home/apt,40,2,124,2024-08-29,1.99,29,336,12,00002390864
37252819,"Penthouse Apartment #7, The Luxury Suites",280458084,The Luxury Suites,,Thessaloniki,40.63872,22.93752,Entire home/apt,54,2,109,2024-09-07,1.74,173,155,3,00001422621
37309885,"SKG - Cozy flat  at city center, free NETFLIX!",280868585,Kyriakos,,Thessaloniki,40.63981,22.93623,Entire home/apt,53,2,150,2024-09-22,2.41,1,94,48,00000806767
37329040,Marina's boho chic central studio near seaside,26969088,Marina,,Thessaloniki,40.63613,22.93521,Entire home/apt,39,2,93,2024-08-21,2.04,1,81,18,00000967135
37339723,The City Block 6,241226463,Margarita,,Thessaloniki,40.62203,22.96577,Entire home/apt,1000,2,3,2019-10-28,0.05,5,365,0,00000834466
37349835,Διαμέρισμα  Θεσ/νικης κεντρικό  2 δωματίων.,53167215,Makis,,Thessaloniki,40.63863,22.93511,Entire home/apt,61,3,1,2021-08-20,0.03,1,88,0,00000500309
37378670,M&S design house,68722126,Marina-Stelios,,Thessaloniki,40.63753,22.95418,Entire home/apt,39,2,223,2024-09-16,3.59,1,240,51,00000824254
37392546,Lovely easy going apartment with a garden,281821501,Ioannis,,Thessaloniki,40.64313,22.94786,Entire home/apt,49,2,43,2024-08-30,0.69,1,47,8,00000824141
37416522,Aura Suites V9-10: Deluxe suite,251290631,Halu,,Thessaloniki,40.6371,22.94016,Entire home/apt,61,1,11,2023-04-02,0.18,90,357,0,00001901782
37453953,ιπποκράτειο πολυτελές διαμέρισμα,218561533,Giannis,,Thessaloniki,40.61099,22.9622,Entire home/apt,104,3,0,,,1,244,0,00002351447
37475880,Comfort Residence,281350563,ThessResidences,,Thessaloniki,40.64146,22.93851,Entire home/apt,114,1,22,2023-12-24,0.36,6,351,1,1144498
37546234,Domus City Apartment with wonderful balcony,72520664,Rania,,Thessaloniki,40.64012,22.93546,Entire home/apt,67,2,8,2024-09-19,0.47,1,184,5,00002004501
37580908,HOME in PEFKA,283916006,Κυριάκος,,Neapolis – Sykeon,40.6604,22.98413,Entire home/apt,55,2,39,2024-06-30,0.64,1,34,2,00000833134
37591168,"Waterfront #29Design-CozyCityCenter ""KeepItClassy""",10654206,Alexandra,,Thessaloniki,40.63176,22.94171,Entire home/apt,29,1,388,2024-09-19,6.22,28,345,82,00000820635
37591897,"Waterfront #27Design - CozyCityCenter ""I Love 80s""",10654206,Alexandra,,Thessaloniki,40.63186,22.94173,Entire home/apt,29,1,379,2024-09-17,6.10,28,341,93,00000820624
37592084,"Waterfront #28Design - CozyCityCenter ""JungleRoom""",10654206,Alexandra,,Thessaloniki,40.63176,22.94171,Entire home/apt,30,1,392,2024-09-20,6.29,28,332,95,00000820613
37623763,Executive Residence,281350563,ThessResidences,,Thessaloniki,40.6411,22.93885,Entire home/apt,352,1,4,2022-07-18,0.07,6,352,0,1144498
37623797,Thess Residence,281350563,ThessResidences,,Thessaloniki,40.64146,22.93851,Entire home/apt,186,1,3,2021-09-30,0.05,6,362,0,1144498
39455983,Galini Suite | Olvios Luxury Suites,303066120,Olvios EKMETALLEUSI,,Thessaloniki,40.63343,22.93888,Entire home/apt,96,1,4,2022-01-16,0.07,8,332,0,00000889212
39456098,Ataraxia Suite | Olvios Luxury Suites,303066120,Olvios EKMETALLEUSI,,Thessaloniki,40.63311,22.93886,Entire home/apt,96,1,17,2023-03-05,0.29,8,322,0,00000889176
39457132,Zen & Geo's HOME,303076969,Δαφνη,,Thessaloniki,40.64102,22.94796,Entire home/apt,53,2,186,2024-09-19,3.10,4,184,45,00000882192
39463239,Haris  suite,162005191,Charalampos,,Thessaloniki,40.63277,22.94838,Entire home/apt,49,2,38,2024-09-17,0.66,3,335,15,00001460314
39504757,"THESS OLD TOWN 1 (free parking, Satellite,Netflix)",302947153,George,,Thessaloniki,40.63926,22.95543,Entire home/apt,52,2,61,2024-07-28,1.02,7,251,10,00000888810
39551560,Kalliston Apartment #1 Modern Urban luxury,303891297,Kalliston,,Thessaloniki,40.63109,22.95244,Entire home/apt,61,2,133,2024-08-13,2.22,4,160,17,00000898760
39618935,Flat on walkstreet freeparking,304431826,Ioannis,,Kalamaria,40.58032,22.9524,Entire home/apt,77,4,62,2024-09-09,1.09,2,64,7,00000557049
39630550,Homey Skg,304519203,Konstantinos,,Thessaloniki,40.63633,22.95603,Entire home/apt,67,2,146,2024-09-20,2.45,1,350,32,00001817339
39633731,Wise Snail center Filikis,52529760,Konstantinos,,Thessaloniki,40.62954,22.94991,Entire home/apt,65,2,4,2022-01-23,0.07,6,0,0,00000894404
39666652,Elegant house,270467365,Δέσποινα,,Ampelokipon – Menemeni,40.64899240528506,22.929130308330063,Entire home/apt,47,1,51,2024-09-04,4.06,2,86,49,00002258994
39678204,Thess Unique Studio #4,284375244,Stavros,,Thessaloniki,40.64134,22.93373,Entire home/apt,84,1,80,2023-12-25,1.39,10,363,1,00000882727
39678635,Thess unique Studio,284375244,Stavros,,Thessaloniki,40.6405,22.93386,Entire home/apt,81,1,73,2022-11-11,1.24,10,359,0,00000882738
39678767,Thess unique Studio,284375244,Stavros,,Thessaloniki,40.64086,22.9322,Entire home/apt,81,1,89,2024-05-29,1.51,10,361,1,00000882716
39693552,Strata deluxe Apt.(Must),133887934,George,,Thessaloniki,40.6341,22.94272,Entire home/apt,64,3,34,2024-09-11,0.69,15,87,9,00000979854
39750205,★ Point Zero Luxury Apartment ★,76607522,Fotis,,Thessaloniki,40.64079,22.93599,Entire home/apt,40,3,48,2024-09-15,0.81,1,4,2,00000898646
39787974,Downtown Seaside Studio 3,233599991,Χρήστος,,Thessaloniki,40.63431,22.9399,Entire home/apt,80,1,2,2020-05-24,0.04,30,317,0,00002344449
39789489,Downtown Seaside Studio 4,233599991,Χρήστος,,Thessaloniki,40.63417,22.93867,Entire home/apt,82,1,11,2024-03-17,0.21,30,344,1,00002326445
39789787,"La Petite  Maison ""Nicole""",305867899,Ινεσσα,,Thessaloniki,40.59788,22.95195,Entire home/apt,46,1,92,2024-09-07,1.55,1,347,7,00000902166
39790093,Downtown Seaside Studio 5,233599991,Χρήστος,,Thessaloniki,40.63289,22.93976,Entire home/apt,82,1,2,2020-09-27,0.04,30,164,0,00002344353
39791217,Downtown Seaside Studio 6,233599991,Χρήστος,,Thessaloniki,40.63258,22.93938,Entire home/apt,82,1,15,2024-04-09,0.33,30,355,3,00002326689
39812716,Downtown Seaside Studio 7,233599991,Χρήστος,,Thessaloniki,40.63314,22.93864,Entire home/apt,80,1,3,2023-07-19,0.08,30,347,0,00001791410
39813620,Downtown Seaside Studio 8,233599991,Χρήστος,,Thessaloniki,40.63279,22.93949,Entire home/apt,82,1,6,2024-04-18,0.10,30,339,1,00001791430
39816569,#Luxlikehome The Point Thessaloniki,231048679,Luxlikehome,,Thessaloniki,40.63215,22.94239,Entire home/apt,115,2,12,2024-08-01,0.20,15,119,1,00002639185
39832646,Kalliston Apartment #2 Modern Urban luxury,303891297,Kalliston,,Thessaloniki,40.63173,22.95101,Entire home/apt,51,2,107,2024-09-16,1.80,4,164,11,00000898781
39833436,"Thessaloniki,near airport and exit for Chalkidiki",306486112,Theodoros,,Kalamaria,40.56512,22.962,Entire home/apt,,30,28,2022-10-24,0.47,1,0,0,00000897052
39835805,Cosy Studios #4 close to the city center,30588847,OlgaMaria,,Thessaloniki,40.61494,22.97781,Entire home/apt,,2,32,2024-06-30,0.54,1,0,5,00000896875
39860582,Fenia's Apartment,198793004,Ηλίας-Φένια,,Thessaloniki,40.60919,22.97844,Entire home/apt,45,2,38,2024-09-09,0.65,1,164,7,00000896988
39881552,Pantheon City Center III,233599991,Χρήστος,,Neapolis – Sykeon,40.63506,22.95938,Entire home/apt,82,1,6,2023-04-19,0.13,30,41,0,00000866829
39922780,Forest Apartment Salonica,286787977,Ιωάννης,,Neapolis – Sykeon,40.64639,22.96466,Entire home/apt,80,2,68,2024-08-26,1.15,1,178,9,00000898293
39942479,★ Drake's ★ -Urban luxury /  walk everywhere★,123192655,Panagiota,,Thessaloniki,40.63719,22.95476,Entire home/apt,50,2,4,2020-02-02,0.07,1,21,0,00000902304
39972054,Home sweet home,308171426,Kanella,,Neapolis – Sykeon,40.64961,22.94998,Entire home/apt,45,1,191,2024-08-08,3.23,1,65,22,00000901537
39999720,Sweet and Cozy home by Sasa.,236055692,Sasa,,Thessaloniki,40.60721,22.95435,Entire home/apt,43,2,109,2024-09-08,1.87,1,353,23,00000901322
40011410,S.T.S. EIGHT 5.2 NEW FULL RENOVATED APARTMENT,308567921,Christos,,Thessaloniki,40.63784,22.94356,Entire home/apt,69,1,128,2024-09-01,2.18,1,260,16,00000901832
40063687,"Upper Floor #5, The Luxury Suites",280458084,The Luxury Suites,,Thessaloniki,40.63792,22.93654,Entire home/apt,48,2,153,2024-07-31,2.61,173,171,11,00001422759
40078262,"An amazing seaside view apartment, into the center",227181951,John,,Thessaloniki,40.6356,22.93619,Entire home/apt,46,2,73,2024-09-06,1.24,4,94,2,00000474933
40081063,Aster,308315879,Anna,,Thessaloniki,40.62883,22.94923,Entire home/apt,87,3,3,2021-12-18,0.05,1,172,0,00000305476
40109244,"Brand New, Central Studio Apartment",223557995,Maria,,Thessaloniki,40.63632,22.94505,Entire home/apt,50,2,113,2024-09-16,1.92,1,76,24,00000915186
40133800,STS EIGHT 5.1 NEW,191166565,Έλενα,,Thessaloniki,40.63789,22.94359,Entire home/apt,69,1,253,2024-09-07,4.30,1,162,37,00000901800
40176667,"Penthouse Apartment #10, The Luxury Suites",280458084,The Luxury Suites,,Thessaloniki,40.63924,22.93628,Entire home/apt,59,2,81,2024-08-30,1.39,173,6,5,00001422738
40195685,"Comfortable Appartment, East-Central Thessaloniki",310434789,Ioannis,,Thessaloniki,40.60543,22.96266,Entire home/apt,100,6,1,2022-06-01,0.04,1,364,0,00001360183
40245633,Forest House,200817622,Dimitris,,Kordelio – Evosmos,40.67318,22.8942,Entire home/apt,40,2,87,2024-09-01,1.48,2,163,12,00001844047
40251946,Ministry Mansion (SKG),101933240,Giannis,,Thessaloniki,40.63884,22.94277,Entire home/apt,52,2,83,2024-09-07,1.42,4,87,24,00002635614
40300543,stylish view apartment !,227939728,Giannis,,Thessaloniki,40.64382,22.92852,Entire home/apt,98,2,10,2023-07-07,0.17,1,310,0,00000940689
40320585,Kosmos Service  Apartment Open View 1,158928789,Βασίλης,,Thessaloniki,40.6434,22.92335,Entire home/apt,45,1,6,2024-08-19,0.10,2,342,1,
40336618,Kosmos Service Apartment Open View 2,158928789,Βασίλης,,Thessaloniki,40.64477,22.9236,Entire home/apt,50,1,6,2023-09-03,0.10,2,351,0,
40367797,Kosta`s apartment 2,224595315,Κωνσταντίνος,,Ampelokipon – Menemeni,40.64825,22.9318,Entire home/apt,37,1,13,2022-01-01,0.23,2,345,0,00001115127
40532627,The City Block 7,241226463,Margarita,,Thessaloniki,40.60662,22.96363,Entire home/apt,240,2,2,2020-02-16,0.03,5,279,0,00001172123
40546862,Karkantonis Luxury Suites,314091919,Ioannis,,Ampelokipon – Menemeni,40.64754,22.927,Entire home/apt,,2,15,2020-05-25,0.26,1,2,0,00000910188
40550502,Central Hommy Studio/Great Veranda/Full Ammenities,314126810,Apostolos,,Thessaloniki,40.63474,22.94606,Entire home/apt,51,2,68,2024-09-08,1.18,2,358,15,00000912108
39227016,Paint your Stay in the City Centre/1-6 Guests,301060319,Panagiota,,Thessaloniki,40.63824,22.94856,Entire home/apt,39,2,163,2024-09-05,2.81,1,213,48,00000887805
39240084,Η ωραιότερη θέα της πόλης!,200102498,Anastasia,,Thessaloniki,40.63959,22.95654,Private room,30,2,144,2024-09-16,2.51,1,141,29,00000914524
39267706,Frida's  house  in  Old  Town,62967648,Michael,,Neapolis – Sykeon,40.641331,22.961124,Entire home/apt,80,2,37,2024-09-05,0.61,1,329,4,00001340797
39272896,ECLECTIC  VIEW apartment(free parking),186568120,Foteini,,Thessaloniki,40.64316,22.92366,Entire home/apt,49,2,32,2023-04-30,0.53,8,53,0,00000860849
39296670,City Center Garden House,152472709,Αnastasia,,Thessaloniki,40.63743,22.9484,Entire home/apt,,4,5,2021-02-20,0.08,1,0,0,00000879088
39315272,Prosilio Apartment,100503579,Anastasios,,Thessaloniki,40.64856,22.91553,Entire home/apt,35,1,46,2024-04-21,0.77,1,340,12,00000886540
39326934,⭐Next to railway and bus station G-ROOM,212454949,Evans' Apartments,,Thessaloniki,40.64442,22.93353,Entire home/apt,40,1,111,2024-09-01,1.85,6,179,22,00000885557
39331313,Lovely & Cosy apartment with yard.,112139075,Victoria,,Neapolis – Sykeon,40.65933,22.9926,Entire home/apt,27,2,10,2020-06-15,0.17,1,201,0,00000885965
39338404,Unique Minimal Elegance in the Heart of the City,302152325,Kostas Maria,,Thessaloniki,40.63145,22.94527,Entire home/apt,102,3,117,2024-09-17,1.96,1,296,25,00000890363
39375461,Eclectic View 2 ( free parking),186568120,Foteini,,Thessaloniki,40.6454,22.92393,Entire home/apt,55,1,40,2024-08-31,0.69,8,274,17,00000913101
39379614,Old Town View Apartment,103941474,Antonis,,Thessaloniki,40.63952,22.95855,Entire home/apt,98,2,43,2024-09-10,0.75,1,251,15,00000923765
39441008,"THESS OLD TOWN 2 (free parking, satellite,Netflix)",302947153,George,,Thessaloniki,40.63826,22.95516,Entire home/apt,55,2,48,2024-07-24,0.80,7,255,13,00000888820
39455549,Eudaimonia Suite | Olvios Luxury Suites,303066120,Olvios EKMETALLEUSI,,Thessaloniki,40.63473,22.9396,Entire home/apt,103,1,4,2021-09-26,0.09,8,322,0,00000889154
39455771,Euphoria Suite | Olvios Luxury Suites,303066120,Olvios EKMETALLEUSI,,Thessaloniki,40.63306,22.93936,Entire home/apt,114,1,21,2024-09-02,0.35,8,320,2,00000889165
41910458,"Ornament Suites, Nilie Premium MGMT",239769711,Nilie Premium Hospitality MGMT,,Thessaloniki,40.63334,22.93922,Entire home/apt,48,1,17,2024-02-26,0.36,316,234,3,1859076
41910646,"Ornament Suites, Nilie Premium MGMT",239769711,Nilie Premium Hospitality MGMT,,Thessaloniki,40.63334,22.93922,Entire home/apt,68,1,22,2024-02-27,1.23,316,233,9,1859109
41918402,"Octagon Apartment, Nilie Hospitality MGMT",239769711,Nilie Premium Hospitality MGMT,,Thessaloniki,40.62957,22.94857,Entire home/apt,54,1,11,2024-06-01,0.22,316,355,4,1403896
41944835,Γλυκό και ηλιόλουστο στούντιο στην Καλαμαριά!,331906711,Μαριαννα-Παναγιώτης,,Kalamaria,40.59152,22.95172,Entire home/apt,,2,114,2024-08-05,2.03,1,0,14,00000897201
41947731,Sleeping Beauty Apartment City Center!!,234511451,Giorgos,,Thessaloniki,40.63037,22.95111,Entire home/apt,73,2,61,2024-08-16,1.09,5,123,13,00001204570
41970170,13 minutes to sea side-Ideal  for long stays!!! :),47615492,Savas & Anthi,,Neapolis – Sykeon,40.65131,22.93822,Entire home/apt,32,1,125,2024-09-16,2.41,8,356,27,00009989858
42000181,"""Konstantinos`s Place"" (Nea Paralia - Waterfront)",317842109,Christos Konstantinos,,Thessaloniki,40.60942,22.95613,Entire home/apt,60,3,10,2024-09-11,0.28,1,264,3,00000914422
42009427,Thessaloniki  Waterfront apartment,303479093,Olga,,Thessaloniki,40.60292,22.95043,Entire home/apt,70,5,25,2023-12-26,0.44,1,131,2,00000942416
42011955,J&T Central Apartment,77264598,Μαρία & Κώστας,,Thessaloniki,40.64147,22.93795,Entire home/apt,54,2,127,2024-09-06,2.26,1,73,16,00002194378
42052285,Majestic balcony studio overlooking city's heart,93145510,Vasilis,,Thessaloniki,40.63499,22.9368,Entire home/apt,37,1,218,2024-09-07,3.94,7,127,56,00002141656
42071124,Stilianos' House,153803203,Μιχαηλ,,Thessaloniki,40.63803,22.94201,Entire home/apt,49,1,3,2020-03-02,0.05,2,0,0,
42103691,Downtown Stylish Apartment,181038870,City Apartments,,Thessaloniki,40.64098,22.94787,Entire home/apt,58,2,10,2024-09-09,0.20,3,270,1,00001127230
42111797,(C19 Prepared) Freesia #colony_Urban_apartment,32216964,George,,Thessaloniki,40.63282,22.95012,Entire home/apt,65,2,20,2023-06-04,0.36,17,135,0,00000938895
42113029,Kelly's Place- Thessaloniki Center,274312470,Kelly,,Thessaloniki,40.63501,22.95196,Entire home/apt,73,1,1,2023-09-24,0.08,1,365,1,00001738224
42127619,Muse “a place to inspire you”,331309714,Nikos Chrisa,,Thessaloniki,40.63975,22.9505,Entire home/apt,34,2,130,2024-03-25,2.31,3,58,19,00002118132
42156743,Thess Quality Urban Living,178290282,Κώστας,,Thessaloniki,40.63563,22.95284,Entire home/apt,54,2,66,2024-09-03,1.26,4,212,16,00001481500
42189186,"Modern studio close to waterfront, Thessaloniki",182786997,Natasha,,Thessaloniki,40.633548736572266,22.938892364501953,Entire home/apt,59,2,29,2024-04-11,0.52,5,361,6,00002444998
42192284,Stylish and Renovated Retreat,141296873,Mike,,Thessaloniki,40.63777120478122,22.953116608598307,Entire home/apt,78,1,20,2024-09-03,1.78,1,344,20,00002078833
42211126,Μικροσκοπικό σπίτι Κυριακή,230311505,Κυριακή,,Pavlou Mela,40.66641,22.94435,Entire home/apt,35,1,90,2024-06-09,1.61,2,311,19,00000941445
42234343,Studio Apartment with Great View,229586827,Apostolos,,Neapolis – Sykeon,40.65074,22.94069,Entire home/apt,41,2,26,2024-04-24,0.54,1,55,3,00001095261
42267231,Electra's House/ Secret Paradise Veranda/ For All,335827915,Δημητριος,,Thessaloniki,40.61897,22.95701,Entire home/apt,47,2,102,2024-09-06,1.83,1,150,33,00001226847
42293343,Cozy traditional house,336063594,Athina,,Thessaloniki,40.63888,22.95667,Entire home/apt,94,3,3,2023-08-28,0.06,1,234,0,00000960570
42303111,#Raspberry Apt by halu! Apartments,251290631,Halu,,Thessaloniki,40.63925,22.94309,Entire home/apt,44,1,19,2024-09-15,0.52,90,0,3,00002458494
42309254,Wood Aesthetic Steps from the Sea,336306026,Χρήστος,,Kalamaria,40.57644,22.94653,Entire home/apt,60,2,110,2024-09-21,2.11,1,307,28,00002492891
42330015,J & A  Home,163123431,Ntemi And Nick,,Thessaloniki,40.64030075073242,22.946979522705078,Entire home/apt,37,2,160,2024-09-08,2.88,15,177,39,00002657088
42330057,Anastasia's City Escape,336569566,Anastasia,,Thessaloniki,40.63086,22.94783,Entire home/apt,77,1,70,2024-08-09,1.25,1,332,14,00000953982
42380154,City Center,288459596,Matthew,,Thessaloniki,40.63664,22.93863,Entire home/apt,60,2,26,2022-05-23,0.47,1,54,0,00000954793
42400835,Thessaloniki Valaoritou 001｜near Jewish Museum.,337330816,Allen,,Thessaloniki,40.63803,22.93581,Entire home/apt,82,1,114,2024-08-06,2.06,4,120,26,00001230998
42402009,Thessaloniki Valaoritou 003｜near Jewish Museum.,337330816,Allen,,Thessaloniki,40.63784,22.93584,Entire home/apt,46,1,63,2022-09-29,1.13,4,114,0,00001230977
42447564,Eva's luxurious penthouse in the ❤ of the city,138456876,Korinna,,Thessaloniki,40.63556,22.93658,Entire home/apt,110,2,166,2024-09-21,2.99,2,300,48,00000962512
42482026,halu! Upscale Contemporary City Centre Penthouse,251290631,Halu,,Thessaloniki,40.634438,22.947245,Entire home/apt,300,30,0,,,90,362,0,00001124618
42522659,Mitropoly City Center,233599991,Χρήστος,,Thessaloniki,40.63172,22.9432,Entire home/apt,73,1,14,2024-01-15,0.27,30,353,1,00000657451
42537257,"Adelle Apartment #25, The Luxury Suites",280458084,The Luxury Suites,,Thessaloniki,40.63854,22.94055,Entire home/apt,88,2,132,2024-08-23,2.49,173,163,25,00000977755
42556814,#Mary Rose Apt by halu! Apartments,251290631,Halu,,Thessaloniki,40.62703,22.95028,Entire home/apt,106,1,21,2023-10-30,0.38,90,341,1,00002339237
42583940,Artistic Apartment White Tower,290695954,Virginia,,Thessaloniki,40.62693,22.95012,Entire home/apt,95,2,6,2024-04-21,0.47,1,363,4,00001801621
42618882,Blue Geranium with private backyard,339505308,Joanna,,Thessaloniki,40.6421,22.94906,Entire home/apt,45,2,20,2024-02-25,0.36,3,0,3,00000966732
42711044,Budget & Family friendly | City center | 200Mbps,55146166,Dimitrios,,Thessaloniki,40.638492584228516,22.93631362915039,Entire home/apt,81,2,78,2024-09-16,3.12,2,340,52,00000930830
42739445,Loui Navarinou Comfy City Centre Apartment,47952600,Xenia,,Thessaloniki,40.63229,22.94943,Entire home/apt,44,2,117,2024-09-19,2.11,1,331,32,00002879083
42777147,"ComfyNest, DT elegant & cosy modern apartment",340685448,Γεώργιος,,Thessaloniki,40.63916,22.94469,Entire home/apt,53,2,48,2024-09-18,0.87,1,257,8,00000960253
42781475,Orange Geranium,339505308,Joanna,,Thessaloniki,40.64379,22.948,Entire home/apt,37,2,47,2024-08-01,0.91,3,352,9,00000966765
42781524,Yellow Geranium,339505308,Joanna,,Thessaloniki,40.64238,22.94749,Entire home/apt,38,2,25,2024-09-02,0.58,3,353,6,00000966787
42781676,Agiou Dimitriou-10 minutes to sea side-(1),47615492,Savas & Anthi,,Thessaloniki,40.64302,22.93913,Entire home/apt,33,1,124,2024-09-14,2.42,8,342,20,00009788264
42787455,Marina's Central Artful  85 m2 Apartment !,177007332,Marina,,Thessaloniki,40.62913,22.94866,Entire home/apt,,3,105,2023-10-05,1.99,1,0,1,00000921429
42970561,My Lovely House in Aristotelous #hosted by DoorMat,342119823,Charikleia,,Thessaloniki,40.63324,22.94153,Entire home/apt,51,2,217,2024-08-19,4.23,1,295,51,00001872942
43053764,Septa Studios- S1 Superior Room Side Sea View,68185288,Athanasia And Vasilis,,Thessaloniki,40.62709,22.95169,Entire home/apt,132,1,11,2024-08-25,0.23,13,68,1,00000937428
43057420,Septa Studios- S2 Superior Room Side Sea View,68185288,Athanasia And Vasilis,,Thessaloniki,40.62723,22.94991,Entire home/apt,132,1,3,2022-01-06,0.09,13,57,0,00000937440
43057598,Septa Studios- S3 Superior Room Side Sea View,68185288,Athanasia And Vasilis,,Thessaloniki,40.627,22.94972,Entire home/apt,132,1,3,2024-01-28,0.08,13,59,1,00000937450
43059534,Septa Studios-S4 Deluxe Suite amazing Sea view,68185288,Athanasia And Vasilis,,Thessaloniki,40.6289,22.94977,Entire home/apt,174,1,3,2022-10-21,0.11,13,65,0,00000937417
43059621,Septa Studios- S5 Executive  Studio Sea View,68185288,Athanasia And Vasilis,,Thessaloniki,40.62703,22.95145,Entire home/apt,139,1,3,2023-04-23,0.08,13,57,0,00000937439
43059689,Septa Studios- S6 Superior Studio  Side Sea View,68185288,Athanasia And Vasilis,,Thessaloniki,40.62884,22.9505,Entire home/apt,139,1,7,2024-02-18,0.18,13,66,1,00000937461
43059749,Septa Studios- S7 Deluxe Studio Side Sea View,68185288,Athanasia And Vasilis,,Thessaloniki,40.62877,22.94975,Entire home/apt,139,1,3,2023-09-17,0.12,13,61,0,00000937472
43064193,Grey Studios-G2 Deluxe Studio Balcony Street View,68185288,Athanasia And Vasilis,,Thessaloniki,40.63084,22.94788,Entire home/apt,131,1,2,2022-12-30,0.09,13,73,0,00002417541
43064349,Grey Studios-G3 Deluxe Studio Castle View,68185288,Athanasia And Vasilis,,Thessaloniki,40.63129,22.94762,Entire home/apt,155,1,4,2022-12-30,0.08,13,84,0,00002417557
43064542,Grey Studios-G4 Comfort Studio Balcony Street view,68185288,Athanasia And Vasilis,,Thessaloniki,40.63108,22.94655,Entire home/apt,131,1,6,2023-08-20,0.18,13,83,0,00002417562
43090499,5* Deluxe residence uncle Vassos,342976810,Χριστινα,,Thessaloniki,40.63231,22.94764,Entire home/apt,101,2,109,2024-09-02,2.12,1,319,27,00001015502
43091123,Elli's Home - Calm & Cozy,114838593,George,,Thessaloniki,40.61709,22.95618,Entire home/apt,51,1,58,2024-06-30,1.10,4,365,17,00001101312
43201677,Luxury studio room with balcony,343981675,Pierre,,Thessaloniki,40.63851,22.94014,Entire home/apt,,2,12,2022-07-06,0.23,1,164,0,00001094233
43234377,Flat of Hippocrates,343385968,Mary,,Thessaloniki,40.61283,22.95988,Entire home/apt,70,2,15,2024-07-06,0.29,1,363,7,00000930229
43400561,Ήσυχο διαμέρισμα πλησίον Νέας Παραλίας Θεσ/νίκης,88947741,Thanasis,,Thessaloniki,40.61486,22.95443,Entire home/apt,45,2,236,2024-09-19,4.47,1,159,48,00000993959
43412328,Santa Rosa Cosy Apartment,152956485,Ioannis,,Thessaloniki,40.64177,22.92834,Entire home/apt,38,1,126,2024-09-10,2.44,4,346,35,00000989181
43417205,"2 Floor Apartment in Kalamaria, Thessaloniki",439647,Giorgos,,Kalamaria,40.58476,22.96728,Entire home/apt,75,3,21,2023-07-20,0.52,3,327,0,00001856070
43426970,"InCityBnB, Chic Suite in Downtown Thessaloniki",231424463,Sotiris,,Thessaloniki,40.63415,22.94588,Entire home/apt,88,2,3,2022-11-27,0.06,1,129,0,00001712842
43445771,RetroWaves,151041314,Babis,,Thessaloniki,40.62823541408312,22.946522757411003,Entire home/apt,100,2,8,2024-08-29,0.77,2,298,8,00002349560
43533923,Petra,208702499,Σοφία,,Thessaloniki,40.644,22.94344,Entire home/apt,38,1,350,2024-09-22,6.74,2,329,64,1044787
43611933,Luxury apartment in the heart of the city 1,112713546,Chris,,Thessaloniki,40.629730224609375,22.952205657958984,Entire home/apt,63,3,122,2024-09-14,2.38,1,29,29,00002877361
43618212,beautiful house,347955079,Lumin,,Thessaloniki,40.60093,22.95292,Entire home/apt,75,4,41,2024-09-21,0.84,1,94,14,00001062425
40614425,"★Convenient, minimalist apt w/ view (by Powerbnb)★",214857203,Powerbnb,,Thessaloniki,40.64631,22.9355,Entire home/apt,35,2,112,2024-06-13,1.93,14,99,13,00001382000
40632580,Casa Georgina,314477855,Γεωργία,,Thessaloniki,40.64074,22.94445,Entire home/apt,49,1,313,2024-09-16,5.43,1,334,71,00000916474
40717459,Modern Central Apartment Ag. Sofias Square for All,314126810,Apostolos,,Thessaloniki,40.63409,22.94817,Entire home/apt,49,2,51,2024-05-07,0.88,2,173,7,00000912072
40720326,"Atmospheric, Clean, Safe studio @Panorama",14851039,Nandia,,Pilea – Chortiatis,40.59103775024414,23.00830841064453,Entire home/apt,41,2,64,2024-09-11,1.11,3,264,35,00001627402
40794646,Central City Kristalli studio,317054164,Ludmila,,Thessaloniki,40.63924,22.94149,Entire home/apt,34,2,92,2024-09-07,1.59,1,179,16,00000909933
40813434,#Apollo: Luxe Aristotelous penthouse w/ city view,251290631,Halu,,Thessaloniki,40.63533,22.94335,Entire home/apt,138,1,73,2024-09-14,1.42,90,342,22,00001901740
41030217,Luxury  studio in downtown (3),107323918,Σάκης,,Thessaloniki,40.64272,22.93456,Entire home/apt,51,3,2,2020-03-02,0.04,4,97,0,00000924725
41031437,Luxury studio in downtown (1),107323918,Σάκης,,Thessaloniki,40.64077,22.93522,Entire home/apt,47,3,23,2024-05-25,0.76,4,100,7,00002859150
41032010,Luxury studio in  downtown (4),107323918,Σάκης,,Thessaloniki,40.64242,22.93532,Entire home/apt,49,3,16,2024-04-23,0.28,4,100,2,00000924747
41032972,Luxury studio in downtown(2),107323918,Σάκης,,Thessaloniki,40.64123,22.93547,Entire home/apt,45,3,31,2024-06-04,0.54,4,100,4,00002859225
41073868,Nereids Apts by halu! Apartments (Dione),251290631,Halu,,Thessaloniki,40.63172,22.94514,Entire home/apt,86,1,27,2024-06-05,0.48,90,341,6,00002458064
41074312,Nereids Apts by halu! Apartments (Clio),251290631,Halu,,Thessaloniki,40.63172,22.94514,Entire home/apt,95,1,19,2024-05-01,0.33,90,343,4,00002457929
41130333,Bright central 2 bedroom flat with harbor views,85598295,George,,Thessaloniki,40.6455,22.92651,Entire home/apt,54,2,32,2024-08-27,0.57,1,360,9,00000926405
41177179,Twin° Superior Suite,233279110,Panagiota,,Thessaloniki,40.61971486248547,22.957830615341663,Entire home/apt,60,4,138,2024-09-01,2.46,3,185,23,00000925922
41226425,City Center Apartment,269762234,Anastasios,,Thessaloniki,40.64157,22.93698,Entire home/apt,43,2,47,2024-05-19,0.83,1,172,7,00000968208
41235976,Seafront Luxury President Suite Olympus View,264870241,Vladimir,,Kalamaria,40.56726,22.95706,Entire home/apt,140,1,56,2024-08-19,1.00,1,297,15,00000923619
41366177,VH Executive Suites,233599991,Χρήστος,,Thessaloniki,40.63563,22.93821,Entire home/apt,62,2,0,,,30,336,0,00001718333
41376550,"Elegant Suite In The Center, The Luxury Suites",217629568,Dimitris,,Thessaloniki,40.63865,22.9376,Entire home/apt,58,1,96,2024-09-02,1.68,2,357,33,00000927351
41390702,Three bedroom flat next to the City Center,41816530,M,,Thessaloniki,40.62042,22.95309,Entire home/apt,60,2,69,2024-09-16,1.22,1,351,22,00001705839
41405084,Eclectic Style (free parking),186568120,Foteini,,Thessaloniki,40.6435,22.92289,Entire home/apt,37,2,9,2021-09-27,0.16,8,145,0,00000913123
41429813,Tree in the city*1,168860451,Gharitonidoy,,Thessaloniki,40.64412,22.92552,Entire home/apt,53,1,0,,,1,172,0,00000935464
41470111,Cosy house with garden,326419649,Despoina,,Kordelio – Evosmos,40.66679,22.92011,Entire home/apt,44,2,76,2024-09-15,1.35,1,0,7,00000938137
41499204,Stylish Apartment Thessaloniki,326726556,Αθανασιος,,Thessaloniki,40.62093,22.95836,Entire home/apt,41,2,249,2024-09-21,4.36,1,141,26,00002855233
41550599,Panorama Thessaloniki Great View ALSO FOR RENT,29328176,Konstantinos,,Pilea – Chortiatis,40.587,23.02579,Entire home/apt,400,2,0,,,1,365,0,
41641447,cozy apartment,171835195,Moris,,Pilea – Chortiatis,40.60181,22.992,Entire home/apt,68,1,214,2024-09-15,3.77,3,87,26,00002328555
41653711,Vivo's home,328648402,Vickie,,Thessaloniki,40.6074,22.95468,Entire home/apt,72,60,8,2023-09-30,0.14,1,355,1,00000933490
41659808,"★Stunning, minimalist apt w/ view (by Powerbnb)★",214857203,Powerbnb,,Neapolis – Sykeon,40.64847,22.93574,Entire home/apt,38,2,116,2024-08-18,2.07,14,99,33,00001382078
41682746,"2 Sea & City 
Living",315578528,Κατερίνα,,Thessaloniki,40.61098,22.953,Entire home/apt,55,3,44,2023-08-09,0.78,4,258,0,00000978169
41683367,"3 Sea & City  
Living",315578528,Κατερίνα,,Thessaloniki,40.60994,22.95275,Entire home/apt,50,2,111,2024-09-16,1.97,4,153,40,00000978180
41698905,Καλαίσθητο loft με θέα την πόλη,329229567,Cuckoobnb,,Thessaloniki,40.60836,22.9785,Entire home/apt,37,2,66,2024-08-30,1.17,1,336,25,00001130268
41770637,Θεσσαλονίκη/Διαμέρισμα/Ακτογραμμή/Θέα θάλασσα,329988046,Grigoris,,Kalamaria,40.57344,22.95018,Entire home/apt,63,5,40,2024-08-29,0.93,1,73,11,00000966142
41792414,"Hermes Suites, Nilie Hospitality MGMT",239769711,Nilie Premium Hospitality MGMT,,Thessaloniki,40.63692,22.93907,Entire home/apt,,1,116,2024-09-02,2.04,316,0,11,1386298
41817300,Paradise comfortable apartment!!!,89535441,Giorgios-Anneta,,Pilea – Chortiatis,40.60416,22.99602,Entire home/apt,70,2,32,2024-07-02,0.57,2,365,5,00002602893
41832114,"Hermes Suites, Nilie Hospitality MGMT",239769711,Nilie Premium Hospitality MGMT,,Thessaloniki,40.63692,22.93907,Entire home/apt,53,1,78,2024-09-22,1.38,316,212,15,1386282
41839514,"1 Sea & City 
Living",315578528,Κατερίνα,,Thessaloniki,40.61087,22.9526,Entire home/apt,80,2,101,2024-09-15,1.79,4,154,21,00000978136
41845470,"Restored, immaculate apartment @ city center #1",66843092,Ioannis,,Thessaloniki,40.63938,22.93775,Entire home/apt,30,2,160,2024-09-21,2.84,1,196,51,00001082485
41895419,Mini studio white tower A,261937610,Dimitriadis,,Thessaloniki,40.6296,22.95324,Entire home/apt,57,2,30,2024-09-09,0.54,12,355,17,00001840666
41895602,5 ☆Suite next to University/International fair☆,240360100,Sofia,,Thessaloniki,40.63145,22.95233,Entire home/apt,44,5,64,2024-07-24,1.13,1,141,15,00000920390
43979465,Κyana Downtown Apartments - JOE,22915578,Joanna,,Thessaloniki,40.63101,22.95157,Entire home/apt,50,2,7,2024-09-13,0.14,1,4,2,00001018959
44026155,Archaeo Home | Clean & Cozy | 5 min from sea front,342129780,Sofia,,Thessaloniki,40.61583,22.95619,Entire home/apt,93,2,83,2023-10-10,1.63,1,170,1,00000998516
44059223,"White Suite ""Armonia""",190915943,Δημήτρης -,,Thessaloniki,40.61719,22.95904,Entire home/apt,90,1,97,2024-09-11,1.91,2,327,17,00001018289
44083590,Old Radio House,272498492,Anthi M.,,Kordelio – Evosmos,40.6715,22.89646,Entire home/apt,50,2,93,2024-09-22,1.88,1,0,28,5278854
44121329,Air Loft,354502570,ΓιώργοςΧαρά,,Thessaloniki,40.62957,22.94577,Entire home/apt,50,2,194,2024-09-04,3.79,1,299,33,00002245034
44159208,Central Townhouse,162871303,Ioannis,,Thessaloniki,40.63496017456055,22.952564239501953,Entire home/apt,120,3,5,2023-07-21,0.15,1,178,0,00001034508
44175363,Thessaloniki - Quiet Loft Apartment in the City,154443586,Maria,,Thessaloniki,40.60814,22.97006,Entire home/apt,55,1,0,,,1,243,0,00001030930
44204866,@OIKOTRUST 3-bdr City Flat / Special Offer JUL-AUG,263378241,Oikotrust,,Thessaloniki,40.6342,22.95258,Entire home/apt,80,3,10,2023-08-27,0.20,1,326,0,00001036096
44232786,The City Block 5,241226463,Margarita,,Thessaloniki,40.60482,22.96277,Entire home/apt,45,2,17,2023-06-18,0.42,5,265,0,00001172123
44242704,Innovative luxurious suite in Ladadika,350279014,Innovation,,Thessaloniki,40.63742,22.93738,Entire home/apt,,2,79,2023-09-21,1.57,33,0,0,00001904645
44261364,#Speranza Apt near Theageneio by halu!,251290631,Halu,,Thessaloniki,40.6184,22.96005,Entire home/apt,46,1,11,2024-09-09,0.23,90,357,4,00002255393
44287259,"J. Villara's Luxury Suites ""Hive 1934""",356279703,Vasileios,,Thessaloniki,40.63754,22.93887,Entire home/apt,68,3,23,2023-11-17,0.60,2,358,5,00001029178
44287985,"J. Villara's Luxury Suites ""Spring 1932""",356279703,Vasileios,,Thessaloniki,40.63754,22.93909,Entire home/apt,56,3,5,2023-09-12,0.16,2,359,0,00001029157
44320579,Central heart of Thessaloniki,357494009,Χριστίνα,,Thessaloniki,40.64039,22.93962,Entire home/apt,46,2,91,2024-04-28,1.79,1,345,2,00001082283
44338800,"Amarillo #3, Nilie Hospitality MGMT",239769711,Nilie Premium Hospitality MGMT,,Thessaloniki,40.64003,22.93971,Entire home/apt,45,1,12,2024-09-14,0.28,316,363,5,00001039373
44378111,Εmerald Luxury Suite in Thessaloniki,268783289,Alexandra,,Kordelio – Evosmos,40.66903,22.92105,Entire home/apt,73,1,65,2024-09-15,1.29,1,208,15,00001056046
44385979,Namaste - Retro Boutique Apt in Historical Area,358149592,NamasteHomes,,Thessaloniki,40.63812,22.9536,Entire home/apt,66,1,44,2023-10-22,0.87,5,51,1,00001926423
44411469,"City Center, Sea view, Big private terrace",217068162,Marabou Unique Stay,,Thessaloniki,40.63778,22.9356,Entire home/apt,86,1,271,2024-09-04,5.39,7,334,18,00001045646
44453911,Sweet luxury,255827342,Ελευθερία,,Thessaloniki,40.60904,22.96009,Entire home/apt,56,1,142,2024-08-25,2.83,1,22,24,00001123679
44457545,~~GK cozyhome,359193131,Katerina,,Thessaloniki,40.64257,22.93562,Entire home/apt,80,2,58,2024-09-08,1.58,1,177,22,00001094440
44563051,Bright Bright C -Modern apartment with terrace,112813374,Viktoria,,Thessaloniki,40.63648,22.93764,Entire home/apt,60,2,114,2024-09-15,2.28,2,326,53,00002759770
44570570,"Waterfront #1Design - CozyCityCenter ""Octopus Pod""",10654206,Alexandra,,Thessaloniki,40.631729,22.941696,Entire home/apt,31,1,276,2024-09-16,5.50,28,333,79,00001056843
44574969,Elegant-City Center-Modern apartment,360735544,Penelope,,Thessaloniki,40.62953,22.94536,Entire home/apt,148,2,35,2024-07-23,0.70,1,172,14,00001058257
44582033,"93, Nilie Hospitality MGMT",239769711,Nilie Premium Hospitality MGMT,,Thessaloniki,40.63365,22.94889,Entire home/apt,51,1,56,2024-09-15,1.12,316,353,8,1380904
44585652,"Waterfront #2Design -CozyCityCenter ""Blue Capsule""",10654206,Alexandra,,Thessaloniki,40.631729,22.941696,Entire home/apt,26,1,260,2024-09-20,5.17,28,345,79,00001056817
44586560,Waterfront #3Design- CozyCityCenter PurpleSleepbox,10654206,Alexandra,,Thessaloniki,40.631729,22.941696,Entire home/apt,26,1,419,2024-09-19,8.36,28,319,96,00001056801
44697901,ONAR studio,107373389,Anastasia,,Thessaloniki,40.63883,22.93627,Entire home/apt,35,2,18,2024-08-08,0.39,5,15,3,00002510940
44699527,"Cute ,clean flat-close to center.",47615492,Savas & Anthi,,Thessaloniki,40.62182,22.96201,Entire home/apt,30,1,139,2024-09-19,2.79,8,333,27,00009795836
44834144,Tiny Deluxe Suite in Kalamaria,185879969,Aikaterina,,Kalamaria,40.58881,22.95964,Entire home/apt,61,3,12,2024-05-19,0.25,3,180,2,00001454774
44835116,Cozy 2BR next to Aristotelous Square (Centre),362511385,Abraham,,Thessaloniki,40.63701,22.94683,Entire home/apt,62,2,154,2024-07-29,3.09,1,73,36,00001065361
45017742,Luxury suite 5 star services,363334042,Tatiana,,Thessaloniki,40.64661,22.91739,Entire home/apt,85,1,0,,,1,265,0,00000460975
45137830,Charlot House,45875542,Sofoklis,,Neapolis – Sykeon,40.63603,22.96076,Entire home/apt,48,3,28,2024-03-25,0.70,5,364,5,00002556031
45185523,Utopia- City Center #Skgbnb,1977386,Cristina&Tomas! Skgbnb,,Thessaloniki,40.63127,22.96244,Entire home/apt,74,2,36,2024-06-27,0.82,30,358,5,00002349272
45197345,modern style home near the train station,190245854,Georgios,,Thessaloniki,40.64394,22.93042,Entire home/apt,47,1,65,2024-09-20,1.33,1,327,6,00001077890
45216262,Astor’s Boutique Egnatia (D),163123431,Ntemi And Nick,,Thessaloniki,40.63747,22.9386,Entire home/apt,39,2,140,2024-09-01,2.87,15,357,35,00002397160
45228027,Astor’s Boutique Egnatia (C),163123431,Ntemi And Nick,,Thessaloniki,40.64003,22.93841,Entire home/apt,38,2,110,2024-08-29,2.28,15,360,23,00002397214
45231796,Norra Apartments,362246772,Christos,,Thessaloniki,40.61647,22.97296,Entire home/apt,37,2,63,2024-08-14,1.71,1,67,15,00001343650
45234548,Comfortable Accommodation inThessaloniki,229524509,Eirini,,Pavlou Mela,40.66686,22.94572,Entire home/apt,47,7,24,2024-03-30,0.54,1,0,4,00001078111
45247518,Astor’s Boutique Egnatia (B),163123431,Ntemi And Nick,,Thessaloniki,40.63836,22.93845,Entire home/apt,35,2,114,2024-08-25,2.33,15,359,35,00002397220
45257707,Ladadika Luxury Studios #1,305664744,Welcome Bnb,,Thessaloniki,40.63646,22.93678,Entire home/apt,54,1,122,2024-04-19,2.48,12,351,3,00002463516
45263213,Aristotelous square apartment No 2,260321699,Μπουτσιούκης,,Thessaloniki,40.63445,22.94475,Entire home/apt,40,1,9,2022-10-30,0.22,2,41,0,00001044830
45263359,Φοιτητική κατοικία,74624594,Nikos,,Thessaloniki,40.60739,22.97071,Entire home/apt,450,365,0,,,1,365,0,
45278083,Apartments 77 Comfort,167783496,Irina&Marin,,Thessaloniki,40.61947,22.95735,Entire home/apt,90,1,3,2023-01-02,0.08,2,88,0,00001076489
45278839,"Superior , Modern Cozy  Apartment  90 τ.μ.  2Beds",38054563,Dimitra,,Kalamaria,40.5863,22.96572,Entire home/apt,105,3,18,2024-08-25,0.37,1,145,2,00001094536
45278929,Astor’s Boutique Egnatia (A),163123431,Ntemi And Nick,,Thessaloniki,40.63819,22.93846,Entire home/apt,37,2,160,2024-07-19,3.26,15,342,28,00002397235
45280496,Ladadika Luxury Studios #2,305664744,Welcome Bnb,,Thessaloniki,40.63536,22.93788,Entire home/apt,52,1,73,2024-07-02,1.51,12,354,5,00002463542
45465229,"Sea, Mt and City View",142699171,Κλεάνθης,,Neapolis – Sykeon,40.64034,22.96084,Entire home/apt,40,2,124,2024-09-08,2.57,1,340,28,00001084983
45467455,Zefxis: Rail & Port accommodation #3 sea view,367858831,Ελευθερία,,Thessaloniki,40.64357,22.9309,Entire home/apt,50,2,4,2020-11-15,0.08,1,162,0,00001040913
45486622,Luxury Apartments in Skg No3,213343119,Δημητρα,,Thessaloniki,40.63731,22.95072,Entire home/apt,39,1,136,2024-09-14,2.79,6,5,36,00002387151
43621721,Welcome!,95387597,Danai,,Thessaloniki,40.63188,22.94318,Entire home/apt,42,1,215,2024-09-19,4.11,1,325,55,00000999371
43624182,Sissy's cozy flat,348319717,Sissy,,Kordelio – Evosmos,40.67365,22.91405,Entire home/apt,52,4,68,2024-08-23,1.32,1,323,14,00001027249
43735820,Christina's hospitallity-The road of tradition!,198638021,Christina,,Thessaloniki,40.6404,22.95062,Entire home/apt,80,4,6,2023-09-14,0.12,2,133,0,00001015316
43753712,Antigoni's Dreamy Apartment,349647694,Μαρία,,Thessaloniki,40.64132,22.94199,Entire home/apt,70,2,132,2024-08-20,2.54,1,348,21,00001008020
43766848,IONOS,191124497,Σπυρος,,Thessaloniki,40.63554,22.93899,Entire home/apt,26,1,134,2024-09-06,2.67,3,344,54,00001017310
43771651,Bedroom - Center,349667768,Dimitris,,Thessaloniki,40.63532,22.94569,Entire home/apt,200,120,1,2021-06-30,0.03,2,365,0,00000310602
43777499,Διαμέρισμα με 3 υπνοδωμάτια και βεράντα στο κέντρο,138284660,Χρήστος,,Thessaloniki,40.621,22.95924,Entire home/apt,53,15,36,2024-07-28,0.70,1,86,11,00001017713
43793598,apartment downtown center,349667768,Dimitris,,Thessaloniki,40.63441,22.94438,Entire home/apt,240,15,0,,,2,180,0,00000310602
43794746,Πανόραμα πολυτελής κατοικία με θέα,77676926,Alkis,,Pilea – Chortiatis,40.58736,23.02694,Entire home/apt,99,7,0,,,1,226,0,
43810182,Nest for relaxation,226336056,Βασω,,Thessaloniki,40.64515360000001,22.9471744,Entire home/apt,53,3,9,2024-04-08,0.37,1,253,5,00001765719
43829846,Agias Sofias Square Stunning suite,77080281,Stratos,,Thessaloniki,40.63263,22.94541,Entire home/apt,52,6,23,2024-09-09,0.47,2,335,1,00001353961
43831255,Sky roof apartments#1,119416356,Fani,,Thessaloniki,40.63398,22.9396,Entire home/apt,38,1,333,2024-08-06,6.48,30,65,36,00001112976
43837996,Innovative comfy apartment in Ladadika,350279014,Innovation,,Thessaloniki,40.63825,22.93666,Entire home/apt,40,1,102,2024-03-27,1.99,33,8,16,00001904619
43838090,Innovative designer studio in Ladadika,350279014,Innovation,,Thessaloniki,40.63771,22.93727,Entire home/apt,33,1,133,2024-09-05,2.62,33,148,39,00001977077
43842006,Fully furnished studio in a traditional guesthouse,129257949,Constantino,,Thessaloniki,40.64374,22.94349,Entire home/apt,42,1,9,2022-03-23,0.17,6,365,0,0933K133K0466700
43842706,Feel like Home in Thessaloniki,350658260,Maria & Vicky,,Thessaloniki,40.61726,22.95515,Entire home/apt,73,2,32,2024-08-31,0.66,1,351,13,00001059323
43847165,Villanova Apartment #2,103104510,Theodoros,,Thessaloniki,40.64248,22.93128,Entire home/apt,39,1,120,2024-09-16,2.34,4,244,41,00001012660
43878947,Flat 129 ★ Sea view ★ 5min walk to Roman Forum,28441702,Silvia,,Thessaloniki,40.640911,22.945417,Entire home/apt,51,2,110,2024-09-07,3.00,2,58,38,00001344284
43928934,Sharks Thessaloniki Big Balcony House.,24978360,Ioannis,,Thessaloniki,40.61604309082031,22.97863006591797,Entire home/apt,47,1,57,2024-09-22,1.11,1,0,15,00001016419
43938007,Placebo Apartment,28267881,Tomas&Cristina! Skgbnb,,Thessaloniki,40.60803,22.95578,Entire home/apt,58,2,50,2024-07-27,0.98,29,19,12,00002409207
43948446,Escape ... in style / Seaside Downtown Balcony 503,80206409,Mike,,Thessaloniki,40.63176,22.94171,Entire home/apt,53,1,109,2024-08-23,2.14,12,324,24,00001352199
43978822,Salonika downtown spacious apartment,193837420,Zefi,,Thessaloniki,40.63493,22.94875,Entire home/apt,,2,20,2024-05-12,0.39,1,0,1,00001027420
46446257,"Adelle Apartment #21, The Luxury Suites",280458084,The Luxury Suites,,Thessaloniki,40.6395,22.94049,Entire home/apt,52,2,120,2024-09-07,2.58,173,167,45,00002645315
46507708,Like Your Home Apartment Thessaloniki,100776361,Μανωλης,,Thessaloniki,40.60673,22.95823,Entire home/apt,57,1,102,2024-09-21,2.22,8,89,59,00002348016
46509488,Luxurious Modern Home in Kalamaria by TT,248703896,Theofanis,,Kalamaria,40.58873,22.94847,Entire home/apt,89,2,50,2024-06-25,1.17,1,78,13,00002206759
46520525,#Pineapple Studio by halu! Apartments,251290631,Halu,,Thessaloniki,40.63038,22.94458,Entire home/apt,,1,7,2023-12-17,0.18,90,0,1,00001199713
46557009,One Apartment by SKG Apartments,68185288,Athanasia And Vasilis,,Thessaloniki,40.63175,22.94719,Entire home/apt,124,1,2,2024-07-02,0.14,13,66,1,00000937406
46579803,FeliCity:Accessible/Comfortable Loft_Thessaloniki,69811132,Despina,,Thessaloniki,40.63874,22.93722,Entire home/apt,121,1,21,2024-08-24,0.67,3,177,6,00001209309
46729229,COMFORT AND SEAVIEW APARTMENT NEA PARALIA,377664965,Konstantinos,,Thessaloniki,40.60095,22.95043,Entire home/apt,60,2,38,2024-08-25,0.83,1,171,7,00002702434
46960329,Bohemian Living,101933240,Giannis,,Thessaloniki,40.629425,22.952852,Entire home/apt,62,2,71,2024-09-02,1.60,4,332,9,00002376220
47038407,Luxury Apartments in Skg No6,213343119,Δημητρα,,Thessaloniki,40.6383056640625,22.951257705688477,Entire home/apt,,1,120,2024-09-06,2.73,6,0,33,00002387205
47119006,"Cozy flat  next to the city center,15 min.by foot",31456640,Grhgorhs,,Neapolis – Sykeon,40.6471,22.94586,Entire home/apt,50,2,0,,,1,167,0,00001391936
47134948,#SKGH Amaryllis suite -NearHELEXPO,146634219,Helias,,Thessaloniki,40.62712,22.95163,Entire home/apt,54,2,59,2024-06-02,1.29,22,140,7,00001111630
47165060,Super Modern Studio/Tsimiski/Thessaloniki/ 4p,381010310,George,,Thessaloniki,40.63173,22.94686,Entire home/apt,63,2,65,2024-08-30,1.60,1,156,10,00001184162
47287792,View and the city,108860419,Panagiotis,,Neapolis – Sykeon,40.64031,22.96039,Entire home/apt,100,2,42,2024-08-11,0.96,1,357,6,00001105473
47303006,"Penthouse Apartment #12, The Luxury Suites",280458084,The Luxury Suites,,Thessaloniki,40.63736,22.93599,Entire home/apt,65,2,160,2024-09-06,3.52,173,158,45,00001422823
47335817,Apartment at the heart of Thessaloniki,196008323,Alexandros,,Thessaloniki,40.63436,22.94757,Entire home/apt,34,1,277,2024-09-17,6.11,1,74,46,00001120955
47369954,"Penthouse Apartment #13, The Luxury Suites",280458084,The Luxury Suites,,Thessaloniki,40.63765,22.9359,Entire home/apt,51,2,121,2024-09-06,2.67,173,159,11,00002771097
47370377,"Penthouse Apartment #11, The Luxury Suites",280458084,The Luxury Suites,,Thessaloniki,40.63759,22.93787,Entire home/apt,60,2,67,2024-09-06,1.48,173,170,12,00001422818
47398404,Chic in the City #hosted by DoorMat,23525724,Mario,,Thessaloniki,40.63851,22.94071,Entire home/apt,37,1,142,2024-08-31,3.25,10,347,51,00002489211
47403458,Helios central luxury suite,108033866,Apostolos,,Thessaloniki,40.63692,22.93907,Entire home/apt,81,2,139,2024-09-04,3.08,8,338,34,00002450564
47444502,#SKGH Anatolia Luxury Suite -NearHELEXPO,146634219,Helias,,Thessaloniki,40.627476,22.952353,Entire home/apt,61,2,78,2024-08-09,1.76,22,150,8,00001114050
47491762,"Upper Floor #7, The Luxury Suites",280458084,The Luxury Suites,,Thessaloniki,40.63742,22.93827,Entire home/apt,50,2,151,2024-08-05,3.35,173,164,19,00001422865
47512062,"Penthouse Apartment #14, The Luxury Suites",280458084,The Luxury Suites,,Thessaloniki,40.63766,22.93814,Entire home/apt,66,2,103,2024-09-02,2.34,173,165,19,00001422850
47522051,Angelikis cozy and lovely place,383499752,Angeliki,,Thessaloniki,40.63644,22.95211,Entire home/apt,33,2,89,2024-09-10,2.10,1,351,23,00001139471
47580396,Emerald Mini Suite:Your deluxe studio in Kalamaria,185879969,Aikaterina,,Kalamaria,40.58477,22.95312,Entire home/apt,63,3,16,2023-09-22,0.38,3,174,0,00001454694
47806336,"Upper Floor #8, The Luxury Suites",280458084,The Luxury Suites,,Thessaloniki,40.63879,22.93733,Entire home/apt,50,2,58,2023-10-03,1.30,173,172,1,00001422870
47816869,Galerius Palace,385404818,Αναστάσης,,Thessaloniki,40.63491,22.95273,Entire home/apt,82,1,9,2024-04-28,0.57,1,62,2,00002073961
47930532,MINISTERIUM 1,272084271,Svetlana,,Thessaloniki,40.64266,22.94387,Entire home/apt,56,28,2,2022-10-01,0.08,2,218,0,00001606530
47955271,MINISTERIUM 2,272084271,Svetlana,,Thessaloniki,40.642,22.94445,Entire home/apt,83,28,6,2024-09-09,0.22,2,30,1,00001606530
48006716,"Adelle Studio #51, The Luxury Suites",280458084,The Luxury Suites,,Thessaloniki,40.63844,22.94062,Entire home/apt,48,2,194,2024-08-03,4.42,173,167,30,00001125056
48008774,"Adelle Studio #54, The Luxury Suites",280458084,The Luxury Suites,,Thessaloniki,40.63854,22.94097,Entire home/apt,48,2,126,2024-09-06,2.87,173,168,21,00001125098
48074770,"Adelle Studio #53, The Luxury Suites",280458084,The Luxury Suites,,Thessaloniki,40.63892,22.93898,Entire home/apt,48,2,163,2024-09-02,3.76,173,171,26,00001125061
48075208,"Adelle Studio #52, The Luxury Suites",280458084,The Luxury Suites,,Thessaloniki,40.63995,22.93897,Entire home/apt,48,2,120,2024-08-18,2.74,173,171,16,00001124994
48076060,Lovely Stay!,179413481,Theodoros,,Thessaloniki,40.62009,22.95487,Entire home/apt,38,4,80,2024-07-31,1.83,1,1,27,00001859788
48190193,#Eagle Studio by halu! Apartments,251290631,Halu,,Thessaloniki,40.63322,22.94743,Entire home/apt,,1,18,2024-03-29,0.55,90,0,6,00002252234
48323166,Bright and cozy 2 bd apartment in the city center,9531550,Katerina,,Thessaloniki,40.631901,22.946262,Entire home/apt,81,2,194,2024-09-05,4.74,14,332,51,00001186740
48347243,Namaste - Industrial Loft Near Seaside W 200Mbps,358149592,NamasteHomes,,Thessaloniki,40.61818,22.95775,Entire home/apt,73,1,108,2024-07-06,2.50,5,59,7,00001955873
48386482,Santa Sofia,107328172,Alexis,,Thessaloniki,40.63414,22.94777,Entire home/apt,91,2,83,2023-11-14,1.97,7,327,2,00001380951
48430734,Innovative colorful suite in Ladadika,350279014,Innovation,,Thessaloniki,40.63638,22.93846,Entire home/apt,,1,42,2023-09-26,1.03,33,0,1,00001144455
48430974,Innovative fun modern apartment in Ladadika,350279014,Innovation,,Thessaloniki,40.6381,22.93704,Entire home/apt,45,2,120,2024-09-06,2.87,33,150,23,00001144152
48497254,Pispi’s home in Agias Theodoras str,391361669,Ifigeneia,,Thessaloniki,40.63309,22.94504,Entire home/apt,48,3,65,2024-08-24,1.64,1,52,24,00002500297
48625212,DoorMat #2 Design Lovers,23525724,Mario,,Thessaloniki,40.6451,22.93475,Entire home/apt,31,2,208,2024-09-09,4.87,10,338,38,00001839760
48641107,"Big Apple, Nilie Hospitality MGMT",239769711,Nilie Premium Hospitality MGMT,,Thessaloniki,40.63998,22.93953,Entire home/apt,54,1,18,2024-09-05,0.42,316,245,8,1147163
48671039,IDEA Studio - Feel Like Home,150933689,Malamatenia,,Thessaloniki,40.60957,22.97116,Entire home/apt,44,2,94,2024-02-04,2.23,1,85,6,00001910131
48694251,Skg City Loft,392489003,Georgios,,Thessaloniki,40.60124,22.96829,Entire home/apt,50,2,64,2024-09-17,1.55,6,241,20,00002485724
48882009,Luxury Apartments in Skg Big House,213343119,Δημητρα,,Thessaloniki,40.63789,22.95177,Entire home/apt,71,2,25,2024-08-22,0.60,6,9,15,00002387188
48988560,Deluxe Two-Bedroom Apartment,373945980,Polis Apartments,,Thessaloniki,40.64148,22.93865,Entire home/apt,118,1,2,2023-08-08,0.06,5,361,0,0933K134K0772401
49026920,House of the Rising Sun,395381812,Δημήτρης,,Thessaloniki,40.64314,22.9408,Entire home/apt,65,3,22,2024-07-12,0.52,1,175,4,00001021093
49050362,AiR White Tower 110sqm 3Bedroom Apartment,988264,Architecture In Residence,,Thessaloniki,40.628162,22.949375,Entire home/apt,89,1,36,2024-06-30,0.90,3,331,6,00001904241
49050569,Comfort Studio,373945980,Polis Apartments,,Thessaloniki,40.64065,22.9369,Entire home/apt,98,1,3,2021-10-31,0.07,5,344,0,0933Κ134Κ0772401
49050595,Executive Two Bedroom Apartment,373945980,Polis Apartments,,Thessaloniki,40.64004,22.93707,Entire home/apt,183,1,6,2024-04-07,0.16,5,334,1,0933Κ134Κ0772401
49065311,Gounari Luxury Apartment #1,372140900,Porto Sea View,,Thessaloniki,40.63038,22.94959,Entire home/apt,115,1,5,2024-04-07,0.45,40,356,5,00002303618
49065692,Gounari Luxury Apartment #2,372140900,Porto Sea View,,Thessaloniki,40.63162,22.95097,Entire home/apt,120,1,1,2024-04-12,0.18,40,356,1,00002303590
49066181,Gounari Luxury Apartment #3,372140900,Porto Sea View,,Thessaloniki,40.63044,22.95141,Entire home/apt,114,1,5,2024-08-12,0.55,40,354,5,00002303665
49067498,Porto Sea View Apartment-01Junior Suite & SeaView,372140900,Porto Sea View,,Thessaloniki,40.63494,22.93479,Entire home/apt,165,1,16,2023-07-09,0.46,40,362,0,00002735695
49068025,Porto Sea View Apartment-02 Luxury Junior Suite,372140900,Porto Sea View,,Thessaloniki,40.63469,22.93665,Entire home/apt,122,1,28,2024-08-10,0.80,40,362,6,00002735881
49075883,"Big Apple, Nilie Hospitality MGMT",239769711,Nilie Premium Hospitality MGMT,,Thessaloniki,40.64035,22.93953,Entire home/apt,50,1,76,2024-09-14,1.80,316,239,23,1147217
49124270,Standard Studio,373945980,Polis Apartments,,Thessaloniki,40.63938,22.93837,Entire home/apt,68,1,0,,,5,352,0,0933K134K0772401
49169923,Fresh 1-Bedroom Apt. Near Sea and Concert Hall,396608291,Ioannis,,Thessaloniki,40.59685,22.95529,Entire home/apt,50,7,5,2024-08-03,0.32,1,28,2,00001884828
49172705,Innovative homey apartment in Ladadika,350279014,Innovation,,Thessaloniki,40.63692,22.93642,Entire home/apt,40,1,78,2024-09-04,1.88,33,2,9,00001144147
49230439,"Nemea Apartment #2, The Luxury Suites",280458084,The Luxury Suites,,Thessaloniki,40.63781,22.93596,Entire home/apt,52,2,65,2024-09-07,1.70,173,163,13,00002655977
49230588,"Upper Floor #6, The Luxury Suites",280458084,The Luxury Suites,,Thessaloniki,40.63862,22.93803,Entire home/apt,51,2,64,2024-08-30,1.54,173,174,4,00001422743
49252233,Triple Studio,373945980,Polis Apartments,,Thessaloniki,40.6412,22.93652,Entire home/apt,270,1,4,2022-04-03,0.11,5,350,0,0933Κ134Κ0772401
49259478,Marianna's beautiful & cozy home,397404721,Μαριάννα,,Kordelio – Evosmos,40.65973,22.90747,Entire home/apt,60,2,49,2024-06-30,1.24,1,177,9,00001020018
49310009,"Nemea Apartment #3, The Luxury Suites",280458084,The Luxury Suites,,Thessaloniki,40.63733,22.93748,Entire home/apt,52,2,108,2024-09-07,2.62,173,161,27,00002656023
49310392,"Nemea Apartment #4, The Luxury Suites",280458084,The Luxury Suites,,Thessaloniki,40.63756,22.93768,Entire home/apt,52,2,78,2024-09-08,1.88,173,160,36,00002656039
49310541,"Nemea Apartment #5, The Luxury Suites",280458084,The Luxury Suites,,Thessaloniki,40.63754,22.93665,Entire home/apt,52,2,36,2024-08-27,0.87,173,166,4,00002656044
49364982,8 min walk from White Tower and the sea !,398180905,Μαρια,,Thessaloniki,40.6352,22.94774,Entire home/apt,36,2,209,2024-09-17,5.02,2,203,38,00001153382
49365149,Gorgeous apartment in the city center,398180786,Anastasia,,Thessaloniki,40.6393,22.94611,Entire home/apt,65,2,32,2024-04-21,0.78,1,298,2,00001149837
49384342,"Luxury, art-deco spacious studio in city centre",2884318,Simos,,Thessaloniki,40.639252,22.944328,Entire home/apt,49,2,187,2024-09-04,4.64,2,351,35,00001184338
45515939,Bright Bright D- Charming  Central Studio,112813374,Viktoria,,Thessaloniki,40.636475,22.937641,Entire home/apt,30,2,84,2024-09-02,1.73,2,351,25,00002759886
45520170,Grey Studios-G1 Comfort Studio  BalconyCastle View,68185288,Athanasia And Vasilis,,Thessaloniki,40.62908,22.94778,Entire home/apt,131,1,3,2023-12-09,0.09,13,85,1,00002417541
45524904,Vintage passion !,314719925,Alkmini,,Thessaloniki,40.63973,22.93858,Entire home/apt,34,7,13,2024-09-08,0.27,2,324,5,01123534760
45605110,UTOPIA Studio can host up to 8ppl with UTOPIA Flat,71477920,Konstantinos,,Thessaloniki,40.64224,22.93783,Entire home/apt,40,2,125,2024-08-27,2.61,2,323,33,00001094174
45613610,UTOPIA Flat can host up to 8ppl with UTOPIA Studio,71477920,Konstantinos,,Thessaloniki,40.64283,22.93745,Entire home/apt,40,2,106,2024-09-07,2.20,2,347,27,00001094207
45613939,Urban Seaside Studio with BALCONY,54654715,Elina,,Thessaloniki,40.63098,22.94265,Entire home/apt,80,1,193,2024-09-08,4.03,2,131,48,00001096667
45667755,"Upper Floor #4, The Luxury Suites",280458084,The Luxury Suites,,Thessaloniki,40.638,22.93605,Entire home/apt,49,2,78,2024-08-31,1.65,173,169,14,00001422722
45668710,"Penthouse Apartment #6, The Luxury Suites",280458084,The Luxury Suites,,Thessaloniki,40.63904,22.93806,Entire home/apt,60,2,41,2023-02-20,0.87,173,170,0,00001422600
45720810,Namastay in Agias Sofias #hosted by DoorMat,370588541,Mariana,,Thessaloniki,40.6357,22.94761,Entire home/apt,37,2,86,2024-09-08,4.01,5,327,48,00001814657
45764631,Thessaloniki Nature Home,243111193,Mairly,,Thessaloniki,40.64468,22.93757,Entire home/apt,60,2,15,2023-11-12,0.39,1,80,2,00002202671
45779838,Elegant apartment,136549887,Zoitsa,,Thessaloniki,40.64252,22.94417,Entire home/apt,37,2,160,2024-09-01,3.34,1,359,26,00001095623
45840726,Downtown Seaside Suite 2,233599991,Χρήστος,,Thessaloniki,40.63274,22.93917,Entire home/apt,83,1,3,2021-06-06,0.07,30,353,0,00000820668
45841231,Downtown Seaside Suite 3,233599991,Χρήστος,,Thessaloniki,40.633506774902344,22.938854217529297,Entire home/apt,83,1,22,2024-02-28,0.46,30,353,1,00000820668
45891834,St Paul Ground floor,45875542,Sofoklis,,Neapolis – Sykeon,40.63617,22.95917,Entire home/apt,42,3,7,2023-09-18,0.17,5,338,0,00002556802
45892050,Downtown Seaside Suite 4,233599991,Χρήστος,,Thessaloniki,40.63285,22.93951,Entire home/apt,83,1,14,2024-02-04,0.31,30,359,2,00000820668
45903992,Porto Sea View Apartment #01,372140900,Porto Sea View,,Thessaloniki,40.63474,22.93595,Entire home/apt,108,1,2,2023-08-15,0.06,40,350,0,00001247214
45904374,Porto Sea View Apartment- Deluxe Suite& Jacuzzi 02,372140900,Porto Sea View,,Thessaloniki,40.63362,22.9355,Entire home/apt,150,1,10,2024-09-13,0.30,40,359,3,00002735728
45904821,Porto Sea View Apartments #03,372140900,Porto Sea View,,Thessaloniki,40.63509,22.93505,Entire home/apt,119,1,22,2024-09-21,0.57,40,0,7,00002735775
45904869,Waterfront apartment with sea view_WV112,260979712,Erasmus,,Thessaloniki,40.61515,22.95423,Entire home/apt,45,1,19,2022-07-22,0.42,40,301,0,00001738506
45904903,Porto Sea View Apartments #04,372140900,Porto Sea View,,Thessaloniki,40.63472,22.935823,Entire home/apt,124,1,41,2023-10-02,1.04,40,365,1,00001221338
45904941,Porto Sea View Apartments #05,372140900,Porto Sea View,,Thessaloniki,40.63388,22.93666,Entire home/apt,94,1,12,2022-11-06,0.32,40,353,0,00002735780
45904966,"Sea & City views, Aspa’s apartment",372146961,Aspasia,,Thessaloniki,40.62204,22.953192,Entire home/apt,180,2,26,2024-02-18,0.63,1,0,1,00001097218
45904989,Porto Sea View Apartments #06,372140900,Porto Sea View,,Thessaloniki,40.63498,22.93537,Entire home/apt,112,1,13,2023-07-30,0.33,40,337,0,00002735829
45905414,Porto Sea View Apartments #07,372140900,Porto Sea View,,Thessaloniki,40.63494,22.93611,Entire home/apt,92,1,8,2024-01-20,0.21,40,345,1,00002735387
45905503,Porto Sea View Apartments  #08,372140900,Porto Sea View,,Thessaloniki,40.63512,22.93545,Entire home/apt,87,1,8,2023-01-01,0.21,40,347,0,00002735526
45905543,Porto Sea View Apartments  #9,372140900,Porto Sea View,,Thessaloniki,40.63478,22.9374,Entire home/apt,98,1,18,2024-08-22,0.46,40,340,1,00002735760
45905587,Porto Sea View Apartments  #10,372140900,Porto Sea View,,Thessaloniki,40.63566,22.93525,Entire home/apt,107,1,10,2023-07-15,0.25,40,348,0,00002735531
45905624,Porto Sea View Apartments  #11,372140900,Porto Sea View,,Thessaloniki,40.63467,22.93662,Entire home/apt,109,1,4,2022-08-28,0.10,40,348,0,00002735568
45905681,Porto Sea View Apartments  #12,372140900,Porto Sea View,,Thessaloniki,40.63482,22.93523,Entire home/apt,86,1,9,2022-07-25,0.23,40,351,0,00002735573
45947656,Porto Sea View Apartments #14,372140900,Porto Sea View,,Thessaloniki,40.63392,22.93554,Entire home/apt,96,1,11,2023-01-08,0.29,40,354,0,00002735855
45948060,Erastos Luxury Home,372496533,Petros,,Pilea – Chortiatis,40.63722,23.02459,Entire home/apt,95,4,5,2024-06-25,0.11,1,173,1,00001000180
45955189,δίχωρο μοντέρνο διαμέρισμα στο κέντρο,150992455,Georgios,,Thessaloniki,40.64129,22.93207,Entire home/apt,34,2,23,2024-06-28,1.10,1,322,14,00001876163
46000962,Roman Forum Luxury Appartment,372881888,Αλέξανδρος,,Thessaloniki,40.6383,22.94653,Entire home/apt,60,1,36,2024-09-09,0.76,1,87,8,00001101991
46003299,Sunny and warm apartment,36179444,Konstantin,,Thessaloniki,40.62940216064453,22.946693420410156,Entire home/apt,58,4,10,2024-07-17,0.27,1,327,1,00000251509
46045780,SKG Syggrou - Modern 2 bedroom 1 living room flat,373220301,Julia,,Thessaloniki,40.639931,22.942198,Entire home/apt,61,1,45,2024-08-26,1.11,1,231,6,00001102080
46166523,Beautiful & renovated 4P charming apt Thessaloniki,326465600,Yitshak,,Thessaloniki,40.61062,22.95957,Entire home/apt,46,2,14,2024-07-09,0.30,1,5,1,00001112036
46235483,#Liberty Apt by halu! Apartments,251290631,Halu,,Thessaloniki,40.640816,22.943773,Entire home/apt,78,1,63,2024-09-07,2.25,90,333,26,00002001473
46323295,British Style Wood 'n Stone house in Panorama,374762273,Marina,,Pilea – Chortiatis,40.58347,23.03069,Entire home/apt,83,2,3,2023-01-03,0.11,1,316,0,00001316941
46353053,Myth- City center #Skgbnb,1977386,Cristina&Tomas! Skgbnb,,Thessaloniki,40.63821,22.93868,Entire home/apt,80,2,111,2024-09-08,2.49,30,333,46,00002448767
49802761,Archeological museum view,79446546,Dimitrios,,Thessaloniki,40.61411,22.95795,Entire home/apt,59,2,19,2023-10-13,0.49,5,114,1,00001442820
49806033,G&M Luxury Studios #7,265972620,Χρήστος,,Thessaloniki,40.64214,22.93777,Entire home/apt,50,1,2,2022-11-06,0.09,7,365,0,00000687748
49877133,"Aelia 2.3, The Luxury Suites",280458084,The Luxury Suites,,Thessaloniki,40.63783,22.938,Entire home/apt,50,2,100,2024-09-04,2.52,173,170,14,00002212022
49877650,"Aelia 2.1, The Luxury Suites",280458084,The Luxury Suites,,Thessaloniki,40.63733,22.93592,Entire home/apt,50,2,74,2024-03-15,1.89,173,168,2,00001161904
49879029,"Aelia 2.2, The Luxury Suites",280458084,The Luxury Suites,,Thessaloniki,40.63905,22.93589,Entire home/apt,50,2,110,2024-08-28,2.75,173,174,6,00002834542
49879470,"Aelia 2.4, The Luxury Suites",280458084,The Luxury Suites,,Thessaloniki,40.63736,22.93597,Entire home/apt,50,2,43,2024-08-03,1.19,173,174,11,00002414605
49879697,"Aelia 2.5, The Luxury Suites",280458084,The Luxury Suites,,Thessaloniki,40.6372,22.93764,Entire home/apt,49,2,86,2024-09-06,2.14,173,5,32,00001828280
49894708,Waterfront #00Design- TinySpace Capsule CityCenter,10654206,Alexandra,,Thessaloniki,40.63215,22.94138,Entire home/apt,24,1,393,2024-09-16,9.67,28,349,147,00001130783
49922295,Aristotelous Comfy Aprt,128655344,Ioannis,,Thessaloniki,40.636765,22.942789,Entire home/apt,88,1,27,2024-09-06,0.67,3,109,12,00001796960
50010317,Sweet home at kalamaria,403341332,Μαρία,,Kalamaria,40.576408,22.964937,Entire home/apt,60,3,21,2024-09-16,0.53,1,116,4,00001188972
50103669,Kripis  Thessaloniki  διαμέρισμα No6,1193625,Olga,,Thessaloniki,40.64067,22.95544,Entire home/apt,75,7,12,2024-07-04,0.35,6,330,4,1133335
50108150,The Lux2 a gorgeous 3 bd apt | Close to everything,231664008,Stef & George,,Thessaloniki,40.63017,22.94477,Entire home/apt,250,2,99,2024-09-21,3.16,3,64,39,00002879158
50113817,Campervan Argos,204997816,Odyssey,,Thessaloniki,40.59749,22.95918,Entire home/apt,110,6,1,2021-09-13,0.03,7,363,0,0933E81000178801
50148672,"Big Apple, Nilie Hospitality MGMT",239769711,Nilie Premium Hospitality MGMT,,Thessaloniki,40.63881,22.93821,Entire home/apt,53,1,54,2024-09-12,1.43,316,365,20,1504317
50162909,ανεξαρτητο διαμέρισμα στο κεντρο της πολης,236718071,Kostas,,Thessaloniki,40.64119,22.94792,Entire home/apt,70,2,3,2023-09-25,0.11,5,178,1,00001369212
50168888,ανεξαρτητο διαμέρισμα 2,236718071,Kostas,,Thessaloniki,40.64094,22.94837,Entire home/apt,70,4,0,,,5,217,0,00001369068
50187784,"KSquared, Nilie Hospitality MGMT",239769711,Nilie Premium Hospitality MGMT,,Thessaloniki,40.63422,22.93951,Entire home/apt,68,1,38,2024-08-23,1.00,316,84,13,1607367
50203631,ΜΟΝΤΕΡΝΟ ΗΛΙΟΛΟΥΣΤΟ ΔΙΑΜΕΡΙΣΜΑ,8252044,Theodoros,,Thessaloniki,40.647263,22.918703,Entire home/apt,37,2,6,2024-09-15,0.16,2,155,1,00001211249
50210282,Central University flat - Πανεπιστήμιο - Έκθεση,52202112,Mike,,Thessaloniki,40.628647,22.95282,Entire home/apt,51,1,21,2024-09-01,0.69,3,335,3,00002436324
50219769,"Wood n White, Nilie Hospitality MGMT",239769711,Nilie Premium Hospitality MGMT,,Thessaloniki,40.62695,22.95169,Entire home/apt,55,1,132,2024-09-19,3.41,316,315,45,1196579
50261740,CENTRAL-near HELEXPO-APARTMENT,405789487,Ιωαννης,,Thessaloniki,40.62918,22.95138,Entire home/apt,46,3,38,2024-09-02,0.99,1,223,12,00001184545
50277734,#Lighthouse Penthouse by halu! Apartments,251290631,Halu,,Thessaloniki,40.63151,22.94663,Entire home/apt,127,1,28,2024-02-07,0.72,90,320,4,00001902944
50282235,Flat 66,8357917,Omiros,,Thessaloniki,40.62863,22.95046,Entire home/apt,75,5,3,2024-06-24,0.08,1,324,1,00001216944
50295320,"Adelle Apartment #57, The Luxury Suites",280458084,The Luxury Suites,,Thessaloniki,40.63948,22.94022,Entire home/apt,58,2,121,2024-08-25,3.06,173,163,37,00002692631
50299690,"Nemea Apartment #1, The Luxury Suites",280458084,The Luxury Suites,,Thessaloniki,40.63812,22.9366,Entire home/apt,58,2,83,2024-09-07,2.07,173,166,10,00001767493
50337562,F & B Collection - 2 Bedroom Flat,31131449,Dimitris,,Thessaloniki,40.619003,22.95513,Entire home/apt,70,7,15,2024-08-10,0.38,56,365,13,00001220968
50342963,Vibrant city apartment,100890415,Filippa,,Thessaloniki,40.63077,22.94271,Entire home/apt,65,2,95,2024-09-05,2.42,1,122,31,00002292190
50352162,"Elegant, Modern & Quiet Flat, TOP Central Location",39563204,Anastasios,,Thessaloniki,40.63407,22.94725,Entire home/apt,67,2,43,2024-09-13,1.08,1,153,18,00002822338
50355273,LUXURY NEW CENTRAL APARTMENT A,406685663,Phi,,Thessaloniki,40.639656,22.942568,Entire home/apt,64,2,14,2024-04-15,0.38,5,176,2,00001267333
50370833,BRAND NEW LUXURY  CENTRAL APARTMENT,406685663,Phi,,Thessaloniki,40.63852,22.94353,Entire home/apt,61,2,32,2024-03-26,0.87,5,186,5,00001267206
50387237,A place to stay,177993848,Δημήτρης,,Thessaloniki,40.60956,22.98068,Entire home/apt,31,2,67,2024-09-18,1.69,1,11,30,00001225579
50407691,Jordans rooms 4,156282533,Jordans Rooms Ike,,Thessaloniki,40.64274,22.92812,Entire home/apt,55,2,2,2021-08-23,0.05,9,344,0,00001176874
50409250,Fairytale Nilie Hospitality MGMT,239769711,Nilie Premium Hospitality MGMT,,Thessaloniki,40.63984,22.94683,Entire home/apt,53,1,60,2024-09-14,1.57,316,257,18,1242932
50409626,Studio Saga Saloniki,179596039,Thor,,Thessaloniki,40.6292,22.95144,Entire home/apt,,4,25,2023-10-12,0.79,1,0,2,00001377583
50430632,Loft Style Apartment,63930608,Paraskevi,,Thessaloniki,40.64094,22.93523,Entire home/apt,32,1,67,2024-09-01,1.70,7,41,12,00002247957
50487075,Studio in excellent location in Karampournaki,350343266,Petros,,Kalamaria,40.58738,22.9448,Entire home/apt,55,1,64,2024-09-08,1.67,1,130,17,00001236292
50514402,Petite Palace Rotonda,408112693,Τανια,,Thessaloniki,40.63572,22.94958,Entire home/apt,43,3,14,2024-05-25,0.36,1,312,8,00001236882
50639984,LightHouse 17,132658526,Elena,,Thessaloniki,40.60053,22.96291,Entire home/apt,100,3,34,2024-06-09,0.87,3,336,5,00001249016
50674353,LEONE SUITES 2,119416356,Fani,,Thessaloniki,40.61727,22.9577,Entire home/apt,40,1,61,2024-09-07,1.60,30,65,20,1200600
50695202,Innovative Minimal Fresh suite in Ladadika,350279014,Innovation,,Thessaloniki,40.63672,22.93779,Entire home/apt,,2,109,2024-06-16,2.79,33,0,20,00002409052
50746226,Ano Poli stay with private terrace and view,336527202,Vesta Philoxenia,,Neapolis – Sykeon,40.64298,22.95404,Entire home/apt,91,3,57,2024-08-20,1.46,51,118,14,00002495589
50748596,Valory #6  Aesthetic Stay,410113839,Panos,,Thessaloniki,40.63969,22.93865,Entire home/apt,49,1,51,2024-08-23,1.31,8,330,6,00001252941
50759469,Kastalia Living Thessaloniki. A gem in city center,410213894,Γεωργια,,Thessaloniki,40.636974,22.938984,Entire home/apt,56,1,121,2024-09-22,3.11,2,51,14,00001225690
50806906,Alexandros Inn,410652631,Marios,,Thessaloniki,40.63471,22.95111,Entire home/apt,38,1,182,2024-09-21,4.69,1,352,69,00001253741
50808913,Innovative Bright Fancy apartment in Ladadika,350279014,Innovation,,Thessaloniki,40.63808,22.93774,Entire home/apt,43,2,47,2024-04-13,1.23,33,126,11,00001253407
50818489,Valory #7 Aesthetic Stay,410113839,Panos,,Thessaloniki,40.6374,22.93801,Entire home/apt,45,1,57,2024-07-30,1.47,8,277,13,00001252957
50835598,Sunny room at centre of city near the new seaside,123750052,Aimilia,,Thessaloniki,40.61291,22.9734,Private room,22,2,81,2024-09-18,2.09,2,355,11,00001332835
49416232,Τhe Half Root Suite Thessaloniki City Center,398570594,Fyllia,,Thessaloniki,40.635197,22.945772,Entire home/apt,45,3,29,2022-08-15,0.70,1,239,0,00001155976
49433556,Thessaloniki near sea apartment,398708309,Exakousti,,Thessaloniki,40.60031,22.95328,Entire home/apt,106,2,0,,,1,22,0,00002075763
49434223,Urban Living 302,112627287,Urban Living,,Thessaloniki,40.64023,22.94726,Entire home/apt,55,3,0,,,9,2,0,00001311782
49441965,#SKGH Alkmini suite -Mountain view&Parking,146634219,Helias,,Thessaloniki,40.61328,22.98671,Entire home/apt,48,2,55,2024-09-13,1.33,22,169,11,00001156372
49443585,Traditional villa appartment/garden/gatherings,139438705,Γεωργιος,,Pilea – Chortiatis,40.57616,23.0114,Entire home/apt,50,2,6,2024-08-15,0.16,3,345,1,00001153791
49579838,Innovative elegant suite in Ladadika,350279014,Innovation,,Thessaloniki,40.63822,22.93614,Entire home/apt,,2,103,2024-08-28,2.52,33,0,35,00002876307
49588542,"Adelle Apartment #58, The Luxury Suites",280458084,The Luxury Suites,,Thessaloniki,40.63937,22.9389,Entire home/apt,73,2,61,2024-06-29,1.48,173,168,9,00002692668
49590503,"Adelle Apartment #56, The Luxury Suites",280458084,The Luxury Suites,,Thessaloniki,40.63846,22.94065,Entire home/apt,51,2,83,2024-09-01,2.01,173,170,10,00002692626
49591235,"Adelle Apartment #55, The Luxury Suites",280458084,The Luxury Suites,,Thessaloniki,40.63992,22.94031,Entire home/apt,51,2,112,2024-09-08,2.73,173,173,15,00002692610
49601069,Chateau Leconte,154851328,Dimitra,,Thessaloniki,40.5972,22.95487,Entire home/apt,260,2,14,2024-09-09,0.37,1,331,5,00001159479
49601579,ATS - Ace Location | Luxury Building | Penthouse,399994221,Around,,Thessaloniki,40.63276,22.94178,Entire home/apt,79,1,87,2024-09-01,2.20,12,87,21,00002550944
49621024,#ATS-★Ace Location | Luxury Building | Great View★,399994221,Around,,Thessaloniki,40.63119,22.94299,Entire home/apt,84,1,141,2024-09-16,4.01,12,79,59,00002550923
49621688,ATS Square Elegant Suite I,399994221,Around,,Thessaloniki,40.6322,22.94122,Entire home/apt,66,1,60,2024-08-31,1.51,12,83,16,00001801212
49622101,#ATS - Square Elegant Suite II,399994221,Around,,Thessaloniki,40.63322,22.93945,Entire home/apt,85,1,30,2024-08-26,0.80,12,82,9,00001801180
49622689,#ATS - Galleries Elegant Suite I,399994221,Around,,Thessaloniki,40.63249,22.94002,Entire home/apt,59,1,35,2024-08-09,0.86,12,80,8,00001801233
49622838,#ATS - Galleries Elegant Suite II,399994221,Around,,Thessaloniki,40.63279,22.94071,Entire home/apt,83,1,134,2024-09-12,3.33,12,82,37,00001801249
49644727,Modiano Market | Aristotelous | santolina,329872169,Lampros,,Thessaloniki,40.63539,22.9413,Entire home/apt,54,2,39,2023-06-19,0.95,1,265,0,00000936640
49781791,Innovative luminous suite in Ladadika,350279014,Innovation,,Thessaloniki,40.63668,22.93757,Entire home/apt,,2,87,2024-08-30,2.16,33,0,25,00001144460
49786549,K2 SUITE from k2properties,257956713,Natasa,,Thessaloniki,40.63448,22.9384,Entire home/apt,42,2,44,2024-06-27,1.13,9,365,10,00000980189
51239578,Home sweet home 6,103334217,Valantis,,Pavlou Mela,40.66636,22.92881,Entire home/apt,45,1,107,2024-09-22,2.79,1,165,34,00002410714
51265583,Φιλόξενο διαμέρισμα στην καρδιά της Θεσσαλονίκης.,415103307,Alexandros,,Thessaloniki,40.634666,22.953564,Entire home/apt,50,1,24,2024-08-26,0.65,1,350,9,00002304263
51295715,Luxury 80m2 apartment with balkony downtown.,127232685,Leonidas,,Thessaloniki,40.63786,22.93881,Entire home/apt,110,1,66,2024-06-16,1.76,5,283,8,1190764
51327741,cozy apartment 2,171835195,Moris,,Pilea – Chortiatis,40.60291,22.99282,Entire home/apt,66,1,100,2024-09-04,2.62,3,97,28,00002357883
51340497,Luxury art-deco studio with balcony,2884318,Simos,,Thessaloniki,40.64004,22.9455,Entire home/apt,43,2,145,2024-09-05,3.83,2,365,27,00001303883
51396285,Deluxe studio with King size bed at Thessaloniki,217110382,Giorgios,,Thessaloniki,40.60866,22.96448,Entire home/apt,46,3,14,2024-04-28,0.40,2,54,3,00001147929
51445994,Nancy's house at Charilaou,416661677,Αθανασια,,Thessaloniki,40.598244,22.965595,Entire home/apt,48,2,48,2024-04-12,1.28,1,0,4,00001274900
51447977,Athonos Resort,392489003,Georgios,,Thessaloniki,40.64108,22.94997,Entire home/apt,45,2,22,2024-08-08,0.60,6,215,2,00002735940
51497788,#Heart and Soul by halu! Apartments (Soul),251290631,Halu,,Thessaloniki,40.627914,22.951284,Entire home/apt,59,1,38,2024-08-28,1.04,90,2,12,00002460775
51534240,Gemütliches Appartement in Ano Poli,21164288,Parthena,,Neapolis – Sykeon,40.64525,22.95078,Entire home/apt,50,3,0,,,1,347,0,00001321006
51645478,Modern Apartment in City Center,45547160,Christos,,Thessaloniki,40.643921,22.940207,Entire home/apt,44,3,32,2024-06-30,0.88,2,233,16,00001322464
51740059,Pop up roof Campervan - PENELOPE,204997816,Odyssey,,Thessaloniki,40.59752,22.95934,Entire home/apt,110,6,0,,,7,345,0,0933E81000178801
51757728,BLUE ROOM one bedroom in our home,304620428,Nina,,Thessaloniki,40.64272,22.92824,Private room,32,1,211,2024-09-10,5.61,2,46,54,00001711494
51833563,Tropical - City Center #Skgbnb,1977386,Cristina&Tomas! Skgbnb,,Thessaloniki,40.64198,22.94183,Entire home/apt,45,2,32,2024-06-09,0.86,30,365,1,00002635661
51839648,Istos Apartment No5,256391705,Katerina,,Thessaloniki,40.63629150390625,22.951826095581055,Entire home/apt,81,1,14,2024-08-24,0.38,1,270,2,00001740834
51859779,"Factory Inn, Nilie Hospitality MGMT",239769711,Nilie Premium Hospitality MGMT,,Thessaloniki,40.63734,22.93837,Entire home/apt,55,1,74,2024-08-19,2.00,316,360,15,1408853
51881882,Unlimited 360 View Central Wonderful Apartment,145800043,Dimitris,,Thessaloniki,40.64166,22.94108,Entire home/apt,51,2,5,2023-09-24,0.35,4,196,1,00000034365
51971578,perfect place 71A,90997572,Fotis,,Thessaloniki,40.63833,22.95001,Entire home/apt,52,2,12,2022-12-11,0.33,6,147,0,00001354171
51971581,perfect studio 71C,90997572,Fotis,,Thessaloniki,40.6387,22.9491,Entire home/apt,40,1,8,2023-05-01,0.22,6,365,0,00001354150
51979123,Agenda - City Center #Skgbnb,28267881,Tomas&Cristina! Skgbnb,,Thessaloniki,40.63759,22.94226,Entire home/apt,70,2,68,2024-08-21,1.83,29,338,33,00002319936
51997689,#Apricot: Bright & Cozy Apt by halu! Apts,251290631,Halu,,Thessaloniki,40.63451,22.94846,Entire home/apt,49,1,8,2024-09-05,0.27,90,356,3,00002301620
52017687,CENTRAL 1,421215431,Dimitra,,Thessaloniki,40.63956,22.93522,Entire home/apt,91,1,3,2022-07-17,0.08,15,360,0,00001131456
52018214,CENTRAL 2,421215431,Dimitra,,Thessaloniki,40.63909,22.93613,Entire home/apt,79,1,6,2023-01-21,0.16,15,364,0,00001131541
52018311,"Factory Inn, Nilie Hospitality MGMT",239769711,Nilie Premium Hospitality MGMT,,Thessaloniki,40.63766,22.93777,Entire home/apt,55,1,54,2024-09-07,1.46,316,352,11,1419010
52018347,CENTRAL 3,421215431,Dimitra,,Thessaloniki,40.64025,22.93456,Entire home/apt,78,1,2,2022-06-12,0.06,15,365,0,00001131562
52018428,CENTRAL 4,421215431,Dimitra,,Thessaloniki,40.64023,22.93654,Entire home/apt,78,1,25,2023-05-13,0.67,15,365,0,00001131578
52018515,CENTRAL 5,421215431,Dimitra,,Thessaloniki,40.63845,22.93539,Entire home/apt,78,1,14,2023-12-11,0.38,15,362,4,00001131583
52018556,CENTRAL 6,421215431,Dimitra,,Thessaloniki,40.63962,22.93639,Entire home/apt,79,1,6,2022-02-23,0.16,15,363,0,00001131599
52018647,CENTRAL 7,421215431,Dimitra,,Thessaloniki,40.64002,22.93656,Entire home/apt,80,1,9,2023-05-13,0.24,15,364,0,00001131557
52018751,CENTRAL 8,421215431,Dimitra,,Thessaloniki,40.63991,22.93536,Entire home/apt,80,1,31,2023-10-29,0.85,15,360,2,00001131621
52018983,CENTRAL 9,421215431,Dimitra,,Thessaloniki,40.64015,22.93631,Entire home/apt,86,1,8,2022-06-19,0.22,15,363,0,00001131616
52050021,Cozy apartment near city center thessalonikis,421384764,Mouratios,,Ampelokipon – Menemeni,40.65052,22.93132,Entire home/apt,47,3,26,2024-02-04,0.71,1,51,4,00000943748
52065688,Cozyhome2 in Thessaloniki center,44893060,Sotiris,,Thessaloniki,40.63828,22.95138,Entire home/apt,57,2,10,2022-12-30,0.27,3,355,0,00000934405
52067545,Flat 128 ★ Sea view ★ 5min walk to Roman Forum,28441702,Silvia,,Thessaloniki,40.640957,22.945415,Entire home/apt,50,2,70,2024-09-06,1.96,2,84,16,00001348276
52083039,"Factory Inn, Nilie Hospitality MGMT",239769711,Nilie Premium Hospitality MGMT,,Thessaloniki,40.63615,22.93668,Entire home/apt,55,1,18,2024-09-07,0.50,316,360,17,1408848
52083599,"Factory Inn, Nilie Hospitality MGMT",239769711,Nilie Premium Hospitality MGMT,,Thessaloniki,40.636,22.93696,Entire home/apt,55,1,36,2024-08-31,1.03,316,353,23,1418963
52085214,"Factory Inn, Nilie Hospitality MGMT",239769711,Nilie Premium Hospitality MGMT,,Thessaloniki,40.63719,22.93782,Entire home/apt,55,1,38,2024-06-26,1.03,316,340,4,1418984
52104042,Antony Luxury Suite in Thessaloniki,69981336,Evgenia,,Kordelio – Evosmos,40.668804,22.921415,Entire home/apt,66,1,63,2024-09-08,1.73,2,356,13,00001343968
52106564,Suggrou Apartment #7,119416356,Fani,,Thessaloniki,40.63914,22.9402,Entire home/apt,44,1,68,2024-09-06,2.33,30,154,11,00001555385
52169654,Μικρό όμορφο διαμέρισμα στο κέντρο της Καλαμαριάς,421576095,Erasmia,,Kalamaria,40.58277,22.94945,Entire home/apt,60,2,37,2024-06-22,1.03,1,168,5,00001345143
52230822,#Rocco Apt by halu! Apartments,251290631,Halu,,Thessaloniki,40.63151,22.95343,Entire home/apt,67,1,14,2023-10-01,0.39,90,23,1,00001797814
52252177,F & B Collection - Apartment for 4,31131449,Dimitris,,Pilea – Chortiatis,40.59446,22.987537,Entire home/apt,58,7,23,2024-08-06,0.64,56,363,4,00001345648
52278668,Elpiriana's house,287848438,Elpida,,Thessaloniki,40.63861,22.94914,Entire home/apt,70,2,43,2024-07-21,1.20,1,361,17,00001348240
52351281,Modern and comfy apartment in Kato Toumpa,246349731,Kostas,,Thessaloniki,40.60794,22.98087,Entire home/apt,179,2,19,2023-06-09,0.55,1,365,0,1377212
52356779,Sea View 360° Sunset Apartment,157925051,Σοφία,,Thessaloniki,40.604965,22.953897,Entire home/apt,65,3,115,2024-09-17,3.20,1,150,43,00002397080
52362717,Modiano Studio I-You Urban Stay,212951050,Socrates Junior Houses,,Thessaloniki,40.63581466674805,22.941417694091797,Entire home/apt,49,1,102,2024-09-21,2.80,13,255,13,00002338851
52362866,Porto Sea View Apartments- Mitropoleos,372140900,Porto Sea View,,Thessaloniki,40.62748,22.94917,Entire home/apt,142,1,65,2024-08-29,1.89,40,361,18,00001347429
52375375,Modiano Studio IΙ-You Urban Stay,212951050,Socrates Junior Houses,,Thessaloniki,40.63581466674805,22.941417694091797,Entire home/apt,56,1,103,2024-09-07,2.86,13,246,20,00001966247
52382033,"Closer ""Center Apartment""",48015079,Theocharis,,Thessaloniki,40.630146,22.951981,Entire home/apt,58,2,8,2023-10-02,0.22,4,90,1,00001318498
52397095,perfect home71B,90997572,Fotis,,Thessaloniki,40.63698,22.95047,Entire home/apt,55,2,9,2023-10-31,0.26,6,8,1,00001354124
52431167,Cozy Aristotelous Loft,424383717,Thomas,,Thessaloniki,40.63569,22.94269,Entire home/apt,69,2,77,2024-09-14,2.13,1,2,2,00001343602
52449427,SPECIAL HOME 71D,90997572,Fotis,,Thessaloniki,40.638428,22.949917,Entire home/apt,55,1,13,2024-04-15,0.36,6,98,1,00001354150
52464955,Modiano Studio IΙΙ-Your Urban Stay,212951050,Socrates Junior Houses,,Thessaloniki,40.63581466674805,22.941417694091797,Entire home/apt,49,1,119,2024-09-12,3.28,13,240,25,00001805469
52478974,Apartments 77 Νίκη,167783496,Irina&Marin,,Thessaloniki,40.630760192871094,22.950712203979492,Entire home/apt,75,1,3,2023-09-24,0.12,2,361,1,00001076489
52487887,SKG Athonos Square Apt,424847666,Giorgos,,Thessaloniki,40.63382,22.94443,Entire home/apt,45,2,29,2023-09-24,0.80,1,234,1,00001780376
52501877,Studio1,194224482,George,,Thessaloniki,40.63468,22.94965,Entire home/apt,39,2,82,2024-08-26,2.72,7,332,20,00001796466
52525093,"Big Apple, Nilie Hospitality MGMT",239769711,Nilie Premium Hospitality MGMT,,Thessaloniki,40.63897,22.93963,Entire home/apt,54,1,71,2024-09-15,2.01,316,364,25,1250161
52529185,Dreamy Apartment City Center 5 thesbnbgr,379910184,Νικόλαος,,Thessaloniki,40.63597,22.93998,Entire home/apt,55,1,16,2024-04-25,0.52,36,341,2,00000503922
52533116,Lamda Suites #2,117368170,Dimitrios,,Thessaloniki,40.59143,22.96748,Entire home/apt,69,2,26,2024-08-17,0.72,2,360,4,1357140
50859540,SUPERIOR DELUXE APARTMENT- LUXURY  IN TUMBA,411196687,Παναγιωτης,,Thessaloniki,40.61595,22.9747,Entire home/apt,60,1,70,2024-09-03,1.80,2,73,20,00001234565
50881878,Art Central Suites #3,201521114,Odysseas,,Thessaloniki,40.6152,22.9552,Entire home/apt,68,2,49,2024-08-22,1.27,13,187,2,00001376496
50885597,Studio 9,349542441,Argo,,Thessaloniki,40.6397582,22.9371346,Entire home/apt,48,2,0,,,2,157,0,00001952761
50890606,Thea Apartment,411476046,Anestis,,Thessaloniki,40.63977,22.95594,Entire home/apt,90,3,73,2024-09-05,1.90,1,14,38,00002458292
50891891,Valory #3 Aesthetic Stay,410113839,Panos,,Thessaloniki,40.63945,22.93656,Entire home/apt,37,1,79,2024-08-14,2.04,8,331,16,00001252840
50892620,Valory #1 Aesthetic Stay,410113839,Panos,,Thessaloniki,40.63787,22.93784,Entire home/apt,39,1,66,2024-09-13,1.70,8,330,27,00001252797
50928778,Art Central Suites #2,201521114,Odysseas,,Thessaloniki,40.6152,22.9552,Entire home/apt,67,2,43,2024-02-17,1.12,13,186,2,00001376454
50929868,Art Central Suites #1,201521114,Odysseas,,Thessaloniki,40.6152,22.9552,Entire home/apt,59,2,30,2024-01-30,0.78,13,178,1,00001376380
50937718,"Lovely apartment.
Univercity or City center?",8008818,Dimitris,,Thessaloniki,40.63656,22.95052,Entire home/apt,50,2,40,2024-08-27,1.03,1,354,16,00001795980
50945050,Lamda Suites #1,117368170,Dimitrios,,Thessaloniki,40.59126,22.96709,Entire home/apt,66,2,48,2024-08-11,1.33,2,359,10,1357177
50970841,Studio sunny in thessaloniki,412259290,Δημήτρης,,Thessaloniki,40.60603,22.96386,Entire home/apt,33,2,83,2024-06-30,2.23,1,326,20,00001296092
50987054,SUPERIOR ΔΩΜΑΤΙΟ - Πολυτέλεια στην Τούμπα,411196687,Παναγιωτης,,Thessaloniki,40.61603,22.9735,Private room,54,1,11,2024-06-26,0.31,2,61,4,00001234671
50989723,Leone Suite 3,119416356,Fani,,Thessaloniki,40.61763,22.95806,Entire home/apt,48,1,12,2022-04-18,0.31,30,0,0,1200600
50990417,"Closer ""Center Studio""",48015079,Theocharis,,Thessaloniki,40.630142,22.951981,Entire home/apt,,1,15,2023-01-15,0.40,4,0,0,00001318440
50992643,"*Cozy petite suite • Kalamaria, Thessaloniki*",195106949,Sissy,,Kalamaria,40.58711,22.94518,Entire home/apt,60,2,20,2024-01-01,0.53,2,265,1,00001284892
51016345,Erato '' wrapt in myrtle and roses '',331309714,Nikos Chrisa,,Thessaloniki,40.63807,22.94922,Entire home/apt,28,2,137,2024-06-26,3.59,3,333,27,00002118153
51020745,Diamond apartment  Thessaloniki center suits,339483314,Kotryna,,Thessaloniki,40.61833,22.95568,Entire home/apt,50,2,16,2024-06-16,0.42,1,61,1,1284095
51038583,Leone Suites 4,119416356,Fani,,Thessaloniki,40.61745,22.95787,Entire home/apt,,1,40,2022-07-13,1.03,30,0,0,12124170000
51038738,Leone suites 1 with accessible toilet,119416356,Fani,,Thessaloniki,40.61894,22.9593,Entire home/apt,41,1,36,2024-08-21,0.93,30,70,5,12124170000
51055041,Valory #4 Aesthetic Stay,410113839,Panos,,Thessaloniki,40.63784,22.93627,Entire home/apt,48,1,36,2024-08-28,0.94,8,328,7,00001252920
51055264,Valory #8 Aesthetic Stay,410113839,Panos,,Thessaloniki,40.63962,22.93788,Entire home/apt,36,1,72,2024-09-01,1.88,8,318,20,00001252978
51055439,New studio 1 downtown Thessaloniki-Fully equipped,127232685,Leonidas,,Thessaloniki,40.63754,22.9398,Entire home/apt,46,1,14,2023-07-23,0.37,5,350,0,00001190839
51059150,Azalea #Colony_apartment_White_Tower,252787688,Anna,,Thessaloniki,40.62861,22.9508,Entire home/apt,,4,16,2024-08-11,0.42,1,1,3,00001345956
51064061,New studio 3 downtown Thessaloniki-Fully equipped,127232685,Leonidas,,Thessaloniki,40.63821,22.93829,Entire home/apt,46,1,20,2023-08-03,0.52,5,352,0,00001190850
51085317,Leone Suites 5,119416356,Fani,,Thessaloniki,40.61944,22.9573,Entire home/apt,40,1,99,2024-09-17,2.57,30,76,33,1200600
51085620,Leone Suites 6,119416356,Fani,,Thessaloniki,40.61941,22.95803,Entire home/apt,,1,25,2022-06-17,0.65,30,0,0,1200600
51085762,Leone Suites 7,119416356,Fani,,Thessaloniki,40.61894,22.95807,Entire home/apt,,1,34,2022-07-13,0.88,30,0,0,1200600
51087171,New studio 2 downtown Thessaloniki-Fully equipped,127232685,Leonidas,,Thessaloniki,40.63824,22.9402,Entire home/apt,45,1,41,2024-08-17,1.08,5,319,4,00001190844
51100285,Top Floor Luxury Apartment with Beautiful Balcony,93145510,Vasilis,,Thessaloniki,40.63621,22.93697,Entire home/apt,47,1,188,2024-09-07,4.88,7,136,50,00001446504
51114979,Top Floor Magic Balcony Studio,93145510,Vasilis,,Thessaloniki,40.63608,22.9384,Entire home/apt,37,1,172,2024-09-08,4.47,7,156,45,00001450681
51165130,New studio 4 downtown Thessaloniki-Fully equipped,127232685,Leonidas,,Thessaloniki,40.63677,22.93826,Entire home/apt,46,1,45,2024-04-28,1.23,5,353,3,00001190865
51166590,Private Pristine Balcony Home- Heart of the Center,181766458,Αναστασια,,Thessaloniki,40.63742,22.93539,Entire home/apt,50,2,5,2023-05-30,0.14,1,252,0,00000723620
51185942,Innovative Boutique flat in the heart of the city,350279014,Innovation,,Thessaloniki,40.63031,22.94555,Entire home/apt,70,2,151,2024-09-03,3.99,33,153,28,00001381283
51192218,Φιλόξενο διαμέρισμα κοντά στη θάλασσα -Θεσσαλονίκη,164055172,Dimitrios & Fani,,Thessaloniki,40.606796,22.952183,Entire home/apt,51,1,158,2024-09-15,4.32,1,267,61,00001351300
51203243,Valory #5 Aesthetic Stay,410113839,Panos,,Thessaloniki,40.6395,22.93875,Entire home/apt,49,1,58,2024-08-22,1.51,8,329,22,00001252936
51205178,Thess Unique studio #7,284375244,Stavros,,Thessaloniki,40.64286,22.93412,Entire home/apt,81,1,19,2024-01-07,0.51,10,365,1,00001194018
51208455,"Big Apple, Nilie Hospitality MGMT",239769711,Nilie Premium Hospitality MGMT,,Thessaloniki,40.63841,22.93754,Entire home/apt,55,1,23,2024-09-18,0.64,316,245,19,1250257
51222611,Thess Unique Studio #8,284375244,Stavros,,Thessaloniki,40.64133,22.93298,Entire home/apt,81,1,11,2023-12-25,0.29,10,365,1,00001194373
51222864,Thess Unique Studio #9,284375244,Stavros,,Thessaloniki,40.64286,22.9342,Entire home/apt,81,1,28,2022-12-17,0.74,10,365,0,00001194533
51223001,Thess Unique Studio #10,284375244,Stavros,,Thessaloniki,40.64116,22.93446,Entire home/apt,81,1,18,2022-06-14,0.47,10,365,0,00001194549
51232915,Κλασικό αρχοντικό διαμέρισμα δεκαετίας '60.,414761977,Λέανδρος,,Thessaloniki,40.632423,22.944569,Entire home/apt,97,2,0,,,1,365,0,00001333715
52958198,"Cozy 55 sq flat in Salonica, 15' from the center",261351008,Vasilis,,Neapolis – Sykeon,40.64901,22.93875,Entire home/apt,38,2,8,2024-06-24,0.23,1,318,2,00001948100
52960806,"Marrone° Suite
 (free parking 24/7)",233279110,Panagiota,,Thessaloniki,40.616798083744925,22.95381635427475,Entire home/apt,82,4,56,2024-08-14,1.61,3,116,21,00001373081
52960878,"Blu° Suite
(free parking  24/7)",233279110,Panagiota,,Thessaloniki,40.61663189401749,22.953447215259075,Entire home/apt,66,4,54,2024-08-30,1.58,3,109,23,00001373097
52962130,Little hidden paradise apartment SKG,25099800,Yiorgos,,Thessaloniki,40.61158,22.95843,Entire home/apt,52,2,49,2024-07-02,1.40,1,89,14,00001375489
52980150,"Cozy studio, 1min from Kamara",428927067,Χρήστος,,Thessaloniki,40.63237,22.95303,Entire home/apt,55,1,67,2024-06-02,1.89,1,350,14,00001367569
52989279,Porto SeaView Apartments- Deluxe Suite& Jacuzzi 16,372140900,Porto Sea View,,Thessaloniki,40.63445,22.93636,Entire home/apt,173,1,28,2023-12-19,0.86,40,359,2,00001402630
53042535,Lef Lodging,170507468,Ελευθερία,,Kalamaria,40.584015,22.953333,Entire home/apt,62,2,56,2024-08-30,1.64,3,126,9,00002516680
53075905,Loft Platon,40847564,Spyridon,,Pilea – Chortiatis,40.58613,22.97983,Entire home/apt,89,2,2,2024-02-11,0.23,5,365,2,00001755614
53100667,Cozy flat in city center overlooking Yeni Mosque,29559321,Αναστασία,,Thessaloniki,40.615631,22.956364,Entire home/apt,95,2,15,2024-08-23,0.44,1,234,6,00001379811
53101461,Family Apartment with Sea View_PO357,6836073,Georgios,,Thessaloniki,40.61549,22.95324,Entire home/apt,45,3,5,2024-07-08,0.14,25,351,4,Exempt
53101806,Family Apartment with Sea View_PO6L7,6836073,Georgios,,Thessaloniki,40.61535,22.95396,Entire home/apt,55,6,1,2024-03-17,0.16,25,365,1,Exempt
53101944,Family Apartment with Sea View_PO112,6836073,Georgios,,Thessaloniki,40.61402,22.95251,Entire home/apt,45,1,0,,,25,365,0,Exempt
53102025,Family Apartment with Sea View_PO1L13,6836073,Georgios,,Thessaloniki,40.61474,22.95392,Entire home/apt,60,1,2,2024-08-21,0.71,25,360,2,Exempt
53105154,Downtown Studio by the Roman Palace_NO223,6836073,Georgios,,Thessaloniki,40.63034,22.94861,Entire home/apt,32,2,0,,,25,363,0,Exempt
53106827,Spacious Cosy Apt (up to 5 guests),189062876,Georgios,,Thessaloniki,40.62427,22.96874,Entire home/apt,52,1,40,2024-09-15,1.14,2,360,15,00001373793
53120924,Jacuzzi Suite Ladadika #3,305664744,Welcome Bnb,,Thessaloniki,40.63605,22.93596,Entire home/apt,101,1,85,2024-09-06,3.10,12,354,30,00002463558
53123431,Cosy Open Studio by the Roman Palace_NO113,6836073,Georgios,,Thessaloniki,40.63625,22.95334,Entire home/apt,45,1,0,,,25,365,0,Exempt
53138149,Center Country Style Apartment_AO112,6836073,Georgios,,Thessaloniki,40.63747,22.94904,Entire home/apt,37,1,2,2023-09-17,0.07,25,365,0,00001737981
53147008,Cosy Open Studio by the Roman Palace_NO6L3,6836073,Georgios,,Thessaloniki,40.62944,22.94799,Entire home/apt,32,6,4,2024-08-11,0.53,25,363,4,Exempt
53147170,Downtown Studio by the Roman Palace_NO1L4,6836073,Georgios,,Thessaloniki,40.63024,22.94992,Entire home/apt,40,1,0,,,25,365,0,Exempt
53147352,Cosy Open Studio by the Roman Palace_NO353,6836073,Georgios,,Thessaloniki,40.62877,22.94938,Entire home/apt,32,3,0,,,25,365,0,Exempt
53160131,Houseloft Metropolitan Highlight,29565272,Houseloft,,Thessaloniki,40.62790298461914,22.952533721923828,Entire home/apt,102,1,24,2024-08-27,0.76,20,353,6,00001410443
53163548,Dogu 1,107328172,Alexis,,Thessaloniki,40.63867,22.93839,Entire home/apt,54,1,41,2024-04-14,1.18,7,182,6,00001375861
53166824,Luxurious apartment,376240574,Νικος,,Thessaloniki,40.64583,22.91712,Entire home/apt,73,2,1,2024-07-13,0.41,1,269,1,00002206005
53167990,Center Country Style Apartment_AO224,6836073,Georgios,,Thessaloniki,40.63628,22.94806,Entire home/apt,33,2,0,,,25,358,0,Exempt
53168269,Center Country Style Apartment_AO354,6836073,Georgios,,Thessaloniki,40.63646,22.94984,Entire home/apt,33,3,1,2022-02-28,0.03,25,358,0,00001737981
53168905,Modern-Unigue- 2-bedroom apartment,429605162,Marija,,Thessaloniki,40.60932,22.95558,Entire home/apt,59,4,33,2024-08-04,0.96,1,212,9,00001378517
53182176,Dogu 2,107328172,Alexis,,Thessaloniki,40.63839,22.93828,Entire home/apt,53,1,52,2024-09-11,1.56,7,347,8,00001375856
53196053,Central suite 1,421215431,Dimitra,,Thessaloniki,40.63819,22.9371,Entire home/apt,80,1,2,2021-11-22,0.06,15,359,0,00001126531
53196273,Central suite 2,421215431,Dimitra,,Thessaloniki,40.63785,22.93822,Entire home/apt,80,1,12,2022-07-17,0.36,15,365,0,00001126589
53196606,Central suite 3,421215431,Dimitra,,Thessaloniki,40.63964,22.93721,Entire home/apt,80,1,56,2024-07-08,1.61,15,361,3,00001126594
53212963,Center Country Style Apartment_AO6L4,6836073,Georgios,,Thessaloniki,40.6369,22.94857,Entire home/apt,33,6,2,2024-03-31,0.08,25,365,1,00001737981
53213397,Center Country Style Apartment_AO114,6836073,Georgios,,Thessaloniki,40.63693,22.95004,Entire home/apt,45,1,3,2024-08-25,0.70,25,365,3,00001737981
53223294,Center Country Style Apartment_AO1L8,6836073,Georgios,,Thessaloniki,40.6364,22.94847,Entire home/apt,41,1,0,,,25,365,0,00001737981
53225160,Central suite 4,421215431,Dimitra,,Thessaloniki,40.63828,22.93657,Entire home/apt,80,1,7,2022-10-02,0.21,15,365,0,00001126573
53225684,Central suite 5,421215431,Dimitra,,Thessaloniki,40.63776,22.93881,Entire home/apt,80,1,19,2024-05-11,0.55,15,365,5,00001126552
53225829,Central suite 6,421215431,Dimitra,,Thessaloniki,40.63982,22.9386,Entire home/apt,80,1,8,2023-12-10,0.24,15,355,1,00001126606
53230621,"Eclectic Apartment, 8th floor, free parking",186568120,Foteini,,Thessaloniki,40.64332,22.92521,Entire home/apt,49,2,2,2024-07-27,0.50,8,206,2,00001376700
53247323,Aristotelous Square Luxury Apartment Myrat 360°,306325346,Spyros,,Thessaloniki,40.63625,22.9458,Entire home/apt,10,2,5,2022-01-04,0.14,1,0,0,00001377010
53276720,Dreamy Apartment City Center 7 thesbnbgr,379910184,Νικόλαος,,Thessaloniki,40.637074,22.93944,Entire home/apt,50,1,7,2022-12-02,0.20,36,307,0,00001378442
53302952,Urban Jasmine,151041314,Babis,,Thessaloniki,40.632153,22.95278,Entire home/apt,96,2,12,2024-04-17,0.38,2,300,1,00001974210
53359103,Dreamy Apartment City Center 8 thesbnbgr,379910184,Νικόλαος,,Thessaloniki,40.637074,22.93944,Entire home/apt,50,1,16,2024-06-17,0.46,36,347,1,00001378442
53392881,"Eclectic    Grey  studio ,free parking",186568120,Foteini,,Thessaloniki,40.64285,22.92421,Entire home/apt,42,2,12,2024-09-15,0.48,8,365,8,00002294784
53407498,"Big Apple, Nilie Hospitality MGMT",239769711,Nilie Premium Hospitality MGMT,,Thessaloniki,40.64012,22.93965,Entire home/apt,54,1,11,2024-09-13,0.32,316,365,8,1389293
53423612,2 Mon-keys,107328172,Alexis,,Thessaloniki,40.63987,22.9385,Entire home/apt,91,1,1,2024-08-27,1,7,347,1,00001375861
53424905,"Big Apple, Nilie Hospitality MGMT",239769711,Nilie Premium Hospitality MGMT,,Thessaloniki,40.64022,22.93887,Entire home/apt,53,1,72,2024-09-15,2.13,316,143,21,1362373
53438998,"Big Apple, Nilie Hospitality MGMT",239769711,Nilie Premium Hospitality MGMT,,Thessaloniki,40.63988,22.93923,Entire home/apt,53,1,107,2024-09-06,3.09,316,351,41,1362411
53440335,"Big Apple, Nilie Hospitality MGMT",239769711,Nilie Premium Hospitality MGMT,,Thessaloniki,40.63868,22.93899,Entire home/apt,50,1,10,2024-09-14,0.32,316,336,4,1221183
52542183,"Big Apple, Nilie Hospitality MGMT",239769711,Nilie Premium Hospitality MGMT,,Thessaloniki,40.63926,22.93928,Entire home/apt,54,1,20,2024-07-25,0.56,316,365,9,1250156
52547767,"Big Apple, Nilie Hospitality MGMT",239769711,Nilie Premium Hospitality MGMT,,Thessaloniki,40.63837,22.93805,Entire home/apt,50,1,48,2024-09-14,1.35,316,351,20,1250040
52548940,GIGGI'S HOME,425318291,Georgia,,Neapolis – Sykeon,40.646095,22.964487,Private room,70,2,116,2024-05-03,3.30,1,33,18,00000518940
52549167,La casa,425141880,Απόστολος,,Thessaloniki,40.61651,22.97494,Entire home/apt,52,2,76,2024-09-16,2.13,1,365,21,00001358694
52579249,"SkyHigh, Nilie Premium Hospitality MGMT",239769711,Nilie Premium Hospitality MGMT,,Thessaloniki,40.62832,22.95121,Entire home/apt,79,1,38,2024-09-02,1.11,316,250,14,Exempt
52589757,"Factory Inn, Nilie Hospitality MGMT",239769711,Nilie Premium Hospitality MGMT,,Thessaloniki,40.63761,22.93636,Entire home/apt,55,1,72,2024-09-15,2.03,316,357,8,1419004
52663564,"Big Apple, Nilie Hospitality MGMT",239769711,Nilie Premium Hospitality MGMT,,Thessaloniki,40.64051,22.93891,Entire home/apt,53,1,49,2024-09-05,1.40,316,365,21,1362406
52664081,"Big Apple, Nilie Hospitality MGMT",239769711,Nilie Premium Hospitality MGMT,,Thessaloniki,40.63871,22.93905,Entire home/apt,50,1,49,2024-09-22,1.47,316,351,16,1250060
52664320,"Big Apple, Nilie Hospitality MGMT",239769711,Nilie Premium Hospitality MGMT,,Thessaloniki,40.63993,22.93749,Entire home/apt,50,1,35,2024-09-14,1.00,316,357,12,1504364
52664577,"Big Apple, Nilie Hospitality MGMT",239769711,Nilie Premium Hospitality MGMT,,Thessaloniki,40.64054,22.9394,Entire home/apt,54,1,16,2024-02-15,0.55,316,361,2,1387242
52664732,"Big Apple, Nilie Hospitality MGMT",239769711,Nilie Premium Hospitality MGMT,,Thessaloniki,40.6387,22.93804,Entire home/apt,54,1,62,2024-09-22,1.74,316,364,20,1387162
52665902,"Factory Inn, Nilie Hospitality MGMT",239769711,Nilie Premium Hospitality MGMT,,Thessaloniki,40.63691,22.93653,Entire home/apt,55,1,30,2024-09-03,0.85,316,361,7,1418979
52680626,Ellis Apartment 2,82520571,Panos,,Thessaloniki,40.634984,22.936391,Entire home/apt,95,1,1,2024-04-07,0.18,2,126,1,00002372855
52683184,1BD - Deer Traveler Central Apt,81582518,Danae,,Thessaloniki,40.63567,22.95102,Entire home/apt,500,3,9,2023-01-05,0.26,2,342,0,00001363147
52683904,PLATO Penthouse | minimalist design,483889,Theo,,Thessaloniki,40.62139251641099,22.958098411560062,Entire home/apt,74,3,22,2024-09-19,1.33,1,117,12,00001929110
52684248,"Adelle Apartment #24, The Luxury Suites",280458084,The Luxury Suites,,Thessaloniki,40.63971,22.94038,Entire home/apt,69,2,51,2024-07-09,1.53,173,168,9,00002351978
52686054,Elegant Studio 2 opposite Apostolou Pavlou 38,142030781,Χρυσάνθη,,Thessaloniki,40.63787,22.95598,Entire home/apt,35,3,30,2023-09-21,0.94,3,365,0,00001411546
52699569,"Big Apple, Nilie Hospitality MGMT",239769711,Nilie Premium Hospitality MGMT,,Thessaloniki,40.63986,22.93979,Entire home/apt,54,1,31,2024-09-15,0.87,316,365,15,1389288
52785845,Lovely studio2*down town* with parking,285054779,Katerina,,Thessaloniki,40.64211,22.93686,Entire home/apt,46,2,126,2024-09-21,3.56,2,155,61,00001360806
52848651,#ATS - Spade Elegant Apartment   I,399994221,Around,,Thessaloniki,40.6345,22.94159,Entire home/apt,49,1,78,2024-09-12,2.24,12,42,23,00001379853
52849598,#ATS - Spade Elegant Apartment II,399994221,Around,,Thessaloniki,40.63444,22.94087,Entire home/apt,50,1,78,2024-08-23,2.24,12,28,27,00001379869
52887241,CC Lux Studio,48791781,Sofia,,Thessaloniki,40.6319580078125,22.94664192199707,Entire home/apt,50,2,19,2024-09-18,0.54,2,97,2,00001372516
52889725,Modern cozy apartment in the heart of Thessaloniki,218040052,Σάκης,,Thessaloniki,40.63174,22.94711,Entire home/apt,56,1,210,2024-09-17,6.52,1,63,69,00001417627
52912091,F & B Collection - 2 Bedroom Flat,31131449,Dimitris,,Thessaloniki,40.619003,22.95513,Entire home/apt,59,7,25,2024-09-03,0.93,56,364,17,00001369440
52917552,Beach Breeze at Kalamaria,255835194,Rebeka,,Kalamaria,40.57855,22.94474,Entire home/apt,65,4,56,2024-09-17,1.59,2,354,31,00001372260
52921630,HARMONY LIFE. Luxury Thessaloniki Center apartment,185542685,Nijole,,Thessaloniki,40.617672,22.956844,Entire home/apt,92,2,10,2023-09-24,0.28,1,114,1,1365948
52928971,Σουίτα με θέα θάλασσα 500μ από το κέντρο της πόλης,428491874,Giorgos,,Thessaloniki,40.64158,22.92513,Entire home/apt,78,1,16,2024-02-18,0.53,1,265,3,00001471043
52934628,Valory #2 Aesthetic Stay,410113839,Panos,,Thessaloniki,40.63797,22.9365,Entire home/apt,45,1,41,2024-09-03,1.16,8,330,9,00001252835
52948050,#Magnolia Apt by halu! Apartments,251290631,Halu,,Thessaloniki,40.63083,22.94632,Entire home/apt,112,1,39,2024-09-05,1.11,90,338,18,00001369169
54134985,Tsimiski Contemporary Studio 3. New & Renovated.,437052618,Stavros & Tony,,Thessaloniki,40.634274,22.940025,Entire home/apt,56,1,91,2024-09-01,2.78,3,353,35,00001393663
54147223,Lux appartment 3 rooms full extra city center,139438705,Γεωργιος,,Thessaloniki,40.64113998413086,22.94257926940918,Private room,104,2,2,2024-04-14,0.14,3,342,1,00001892828
54152078,Porto Sea View Apartments - Alex. Svolou,372140900,Porto Sea View,,Thessaloniki,40.631313,22.949293,Entire home/apt,138,1,26,2024-07-27,0.79,40,348,4,00001390036
54268596,Click - City Center #Skgbnb,28267881,Tomas&Cristina! Skgbnb,,Thessaloniki,40.63263,22.95141,Entire home/apt,45,2,50,2024-08-19,1.73,29,273,21,00002585088
54288558,"Aelia 4.1, The Luxury Suites",280458084,The Luxury Suites,,Thessaloniki,40.63841,22.93789,Entire home/apt,50,2,31,2024-06-07,0.96,173,174,5,00001409813
54288980,"Aelia 4.2, The Luxury Suites",280458084,The Luxury Suites,,Thessaloniki,40.63728,22.93589,Entire home/apt,50,2,49,2024-09-02,1.56,173,165,14,00001409834
54353185,"Big Apple, Nilie Hospitality MGMT",239769711,Nilie Premium Hospitality MGMT,,Thessaloniki,40.64037,22.9389,Entire home/apt,53,1,14,2024-09-14,0.56,316,363,11,1913403
54353465,"Big Apple, Nilie Hospitality MGMT",239769711,Nilie Premium Hospitality MGMT,,Thessaloniki,40.63868,22.93907,Entire home/apt,54,1,14,2024-09-06,0.43,316,364,8,1418937
54353757,"Big Apple, Nilie Hospitality MGMT",239769711,Nilie Premium Hospitality MGMT,,Thessaloniki,40.64023,22.9397,Entire home/apt,50,1,30,2024-04-05,0.92,316,360,3,1418899
54365602,"Civilian Boutique Apartment,Nilie Hospitality MGMT",239769711,Nilie Premium Hospitality MGMT,,Thessaloniki,40.63849,22.93397,Entire home/apt,50,1,25,2024-09-16,0.85,316,251,17,1944246
54365742,"Civilian Boutique Apartment,Nilie Hospitality MGMT",239769711,Nilie Premium Hospitality MGMT,,Thessaloniki,40.63825,22.93418,Entire home/apt,50,1,13,2024-09-14,0.52,316,213,8,1944288
54366176,"Civilian Boutique Apartment,Nilie Hospitality MGMT",239769711,Nilie Premium Hospitality MGMT,,Thessaloniki,40.63677,22.93526,Entire home/apt,50,1,16,2024-09-14,0.71,316,247,12,1853745
509414021492864672,ΙΩΚΑ Suites / the Urbitality Project - apartment Ι,38580324,Nikos,,Thessaloniki,40.63583,22.937998,Entire home/apt,64,2,42,2023-05-02,1.32,4,336,0,00001923715
541798974204348423,"Όμορφο διαμέρισμα, στο κέντρο της Θεσσαλονίκης",203206660,Αργυρώ,,Thessaloniki,40.63251,22.96345,Entire home/apt,28,1,7,2023-08-06,0.22,1,264,0,00001413353
545691506057164736,Mythos #2 apartment (Kalliston),303891297,Kalliston,,Thessaloniki,40.63833,22.94335,Entire home/apt,55,3,75,2024-09-13,2.37,4,178,26,00001388164
546031332520686103,Unique Waterfront Apartment with Sea View_TRM112,433471717,Erasmus,,Thessaloniki,40.61467,22.95424,Entire home/apt,32,1,2,2022-07-23,0.07,20,365,0,Exempt
546216511679428073,Weekend101 Apartment | Thessaloniki Centre,86291218,Αγγελος,,Thessaloniki,40.644123,22.92765,Entire home/apt,37,1,46,2023-07-30,1.55,1,333,0,00001483693
546888281329841280,Innovative chic apartment in Ladadika,350279014,Innovation,,Thessaloniki,40.63747,22.93685,Entire home/apt,35,1,41,2024-09-08,1.30,33,4,7,
546889336156458277,Innovative top floor breathtaking flat in Ladadika,350279014,Innovation,,Thessaloniki,40.63683,22.93844,Entire home/apt,85,2,132,2024-09-08,4.72,33,130,51,00001594001
548247932664556474,Urban Living 3,112627287,Urban Living,,Thessaloniki,40.6359,22.94342,Entire home/apt,150,3,15,2023-10-30,0.48,9,357,1,00001378060
548377956474570886,node studio,156655983,Natasa,,Thessaloniki,40.64119,22.93401,Entire home/apt,38,1,140,2024-09-07,4.33,2,64,50,00002521870
549562802455039354,Unique Waterfront Apartment with Sea View_TRM117,433471717,Erasmus,,Thessaloniki,40.61376,22.95316,Entire home/apt,,1,0,,,20,364,0,Exempt
549748349439162097,F & B Collection - Seaview 2 bedroom Penthouse,31131449,Dimitris,,Thessaloniki,40.64148712158203,22.950233459472656,Entire home/apt,62,7,37,2024-07-01,1.17,56,365,11,00001419429
549748359215647825,Porto Sea View Apartments - Alex.Svolou 29,372140900,Porto Sea View,,Thessaloniki,40.63178,22.95122,Entire home/apt,178,1,78,2024-08-31,2.45,40,342,22,00001410619
550689510218237600,Unique Waterfront Apartment with Sea View_TRM357,433471717,Erasmus,,Thessaloniki,40.61304,22.9548,Entire home/apt,32,3,0,,,20,362,0,Exempt
551731416985397681,Unique Waterfront Apartment with Sea View_TRM6L7,433471717,Erasmus,,Thessaloniki,40.61317,22.95278,Entire home/apt,56,6,0,,,20,365,0,Exempt
551838424522885998,ΙΩΚΑ Suites / the Urbitality Project - apartment Ω,38580324,Nikos,,Thessaloniki,40.63583,22.937998,Entire home/apt,54,2,58,2024-01-21,1.81,4,332,4,00001923901
551849790798886746,Unique Waterfront Apartment with Sea View_TRM227,433471717,Erasmus,,Thessaloniki,40.61335,22.95489,Entire home/apt,40,2,0,,,20,365,0,Exempt
551907185308698559,"Marys House , Lovely 2-bedroom Apartment",442910501,Argyro,,Thessaloniki,40.61224,22.96067,Entire home/apt,90,2,1,2023-09-09,0.08,1,332,0,00001472110
551948821439734809,ΙΩΚΑ Suites / the Urbitality Project - apartment K,38580324,Nikos,,Thessaloniki,40.63583,22.937998,Entire home/apt,61,2,47,2024-01-28,1.50,4,346,4,00001923917
552012698778478395,ΙΩΚΑ Suites / the Urbitality Project - apartment A,38580324,Nikos,,Thessaloniki,40.63583,22.937998,Entire home/apt,74,2,39,2023-10-22,1.22,4,353,3,00001923858
552712470990012189,"Penthouse Apartment #1, The Luxury Suites",280458084,The Luxury Suites,,Thessaloniki,40.6387,22.9363,Entire home/apt,60,2,73,2024-07-31,2.30,173,163,15,00001420840
552722392209570373,"Penthouse Apartment #2, The Luxury Suites",280458084,The Luxury Suites,,Thessaloniki,40.63728,22.93663,Entire home/apt,59,2,49,2024-09-03,1.53,173,160,18,00001420856
552845590257573629,Unique Waterfront Apartment with Sea View_TRM1L11,433471717,Erasmus,,Thessaloniki,40.61384,22.95478,Entire home/apt,60,1,0,,,20,365,0,Exempt
553347745827163867,"Penthouse Apartment #4, The Luxury Suites",280458084,The Luxury Suites,,Thessaloniki,40.63895,22.93688,Entire home/apt,59,2,64,2024-08-09,2.00,173,163,12,00001768899
553351691094696867,"Penthouse Apartment #5, The Luxury Suites",280458084,The Luxury Suites,,Thessaloniki,40.63802,22.93654,Entire home/apt,60,2,48,2024-06-19,1.50,173,167,2,00001420983
553358273188841677,"Upper Floor #2, The Luxury Suites",280458084,The Luxury Suites,,Thessaloniki,40.63763,22.93816,Entire home/apt,49,2,89,2024-09-04,2.79,173,170,16,00002834558
553361160496490513,"Upper Floor #3, The Luxury Suites",280458084,The Luxury Suites,,Thessaloniki,40.63809,22.93593,Entire home/apt,51,2,45,2023-09-13,1.41,173,171,0,00001421205
554799554785039382,Delmare Aristotelous  7,268825110,Grigorios,,Thessaloniki,40.63477,22.94312,Entire home/apt,90,1,3,2022-08-21,0.10,7,365,0,00001361079
554815556231829050,Central Apt. in the heart of the city,443518808,Φιλώτας,,Thessaloniki,40.63395,22.94666,Entire home/apt,70,2,9,2023-05-01,0.36,1,8,0,00000354457
556511883977822372,Old Town Family Apartment_TM115,433471717,Erasmus,,Thessaloniki,40.63391,22.95345,Entire home/apt,45,1,1,2022-10-27,0.04,20,365,0,Exempt
556840713925762733,Old Town Family Apartment_TM112,433471717,Erasmus,,Thessaloniki,40.6347,22.95304,Entire home/apt,41,1,2,2022-09-18,0.08,20,365,0,Exempt
557342351070426290,Old Town Family Apartment_TM365,433471717,Erasmus,,Thessaloniki,40.63555,22.95499,Entire home/apt,36,3,1,2024-03-18,0.16,20,365,1,Exempt
557745706937215825,SUNNY PENTHOUSE SUITE 6ος,8252044,Theodoros,,Thessaloniki,40.64587,22.91803,Entire home/apt,40,2,2,2024-01-08,0.07,2,353,1,00001418272
557935718963891825,Konstantinos's Luxury vintage apartment,131894407,Konstantinos,,Thessaloniki,40.64169,22.94446,Entire home/apt,54,2,1,2024-05-01,0.21,3,365,1,00001425291
557968560822052381,Ευρύχωρο διαμέρισμα σε κεντρικό σημείο της πόλης,263488685,Maria,,Thessaloniki,40.60706,22.9614,Entire home/apt,46,3,18,2024-09-18,0.66,1,356,5,Exempt
558253393755908601,Old Town Family Apartment_TM6L5,433471717,Erasmus,,Thessaloniki,40.63573,22.955,Entire home/apt,50,6,1,2024-07-17,0.43,20,365,1,Exempt
558365605953240463,FifteenTheApartment,19049516,Semina,,Thessaloniki,40.61446,22.95658,Entire home/apt,,2,60,2024-08-24,1.92,1,0,11,00001474256
558507201397497426,Old Town Family Apartment_TM225,433471717,Erasmus,,Thessaloniki,40.63427,22.95467,Entire home/apt,36,2,2,2024-05-19,0.33,20,365,2,Exempt
559017699905174700,Old Town Family Apartment_TM1L8,433471717,Erasmus,,Thessaloniki,40.63402,22.95357,Entire home/apt,54,1,1,2024-03-31,0.17,20,365,1,Exempt
559061972065383195,#Firefly Apt by halu! Apartments,251290631,Halu,,Thessaloniki,40.63377,22.95129,Entire home/apt,67,1,17,2024-04-04,0.54,90,359,4,00002271957
559097214306979029,Veranda Residence,444428817,Nancy,,Thessaloniki,40.63364,22.94892,Entire home/apt,104,2,92,2024-09-21,2.92,1,263,50,00001415416
559848902474069884,Porto Sea View Apartments - Mitropoleos 127,372140900,Porto Sea View,,Thessaloniki,40.627968,22.949224,Entire home/apt,164,1,40,2024-07-07,1.34,40,333,6,00001425669
53461338,#Olive Tree: Aristotelous Suite by halu! Apts,251290631,Halu,,Thessaloniki,40.635071,22.943684,Entire home/apt,51,1,51,2024-09-03,1.50,90,355,7,00002367910
53467222,Waterfront Apartment with Sea View_WV6L4,260979712,Erasmus,,Thessaloniki,40.61393,22.95496,Entire home/apt,42,6,0,,,40,301,0,00001738506
53469197,"""NoHome""! 
A home, like No other Home! ❤️",138326801,Stefanos,,Thessaloniki,40.63561,22.94599,Entire home/apt,46,3,15,2024-09-10,0.44,1,254,7,00001388829
53491693,90 m² Apartment in Thessaloniki with Balcony,432125912,"Loic, Estelle And Co",,Thessaloniki,40.60562,22.97802,Entire home/apt,180,1,0,,,1,364,0,Exempt
53530110,"Modiano TinyHome, 5th floor, City Center",36149597,Smaro,,Thessaloniki,40.63368,22.94175,Entire home/apt,56,2,53,2024-09-16,1.57,2,169,22,00002830444
53579018,#Ioannas apartments 2bedroom house,67017063,Ioanna,,Pavlou Mela,40.6798837,22.9366199,Entire home/apt,44,2,9,2024-09-13,5.40,1,308,9,00002834791
53581469,Houseloft Grand Vista,29565272,Houseloft,,Thessaloniki,40.63009,22.95201,Entire home/apt,171,1,54,2024-09-05,1.70,20,336,27,00001393600
53599271,✤ Casa Diez ✤ Boho Chic Style Apartment ✤,121021366,Chris,,Thessaloniki,40.60341,22.95762,Entire home/apt,51,2,60,2024-09-14,1.75,2,13,22,00002806322
53603672,Νέο διαμέρισμα πολυκατοικίας σε ιστορικό κέντρο,434094101,Panos Rotonda'S View,,Thessaloniki,40.632526328146355,22.95296415548961,Entire home/apt,105,2,8,2024-05-07,0.38,1,0,2,00001811221
53636275,#Ioanna Apartments |Terminal Station Nikopoli,434347481,Ioanna Apartments,,Pavlou Mela,40.68385675499686,22.931008194676163,Entire home/apt,40,1,75,2024-09-13,3.01,21,353,39,00001747327
53638677,Όμορφο διαμέρισμα στη Ρήγα Φεραίου 51,248426270,Κατερίνα,,Neapolis – Sykeon,40.64881,22.94037,Entire home/apt,49,2,4,2023-11-01,0.17,2,180,1,00001754580
53655010,Dioapartments - Armonia,174457098,Αγγελική,,Thessaloniki,40.61712,22.96017,Entire home/apt,56,2,6,2024-06-30,0.20,1,273,4,00001389251
53714306,2downtown,49869116,Nikos,,Thessaloniki,40.63916934317199,22.93997883796692,Entire home/apt,40,3,1,2024-03-01,0.14,1,196,1,01209541208
53728283,Agustin Luxury Apartment in Thessaloniki,168602383,Avgoustinos,,Kordelio – Evosmos,40.669094,22.91781,Entire home/apt,92,1,25,2024-05-19,0.77,1,261,5,00001391814
53733587,Comfortable and elegant flat in Thessaloniki,149664142,Labros,,Thessaloniki,40.64134,22.93066,Entire home/apt,,4,8,2024-05-29,0.31,2,0,1,00001656550
53753397,#Cassandra: Elegant City Centre home by halu! Apts,251290631,Halu,,Thessaloniki,40.64056,22.94342,Entire home/apt,58,1,22,2024-08-04,0.78,90,337,11,00002271729
53793937,Sunny and cozy flat in the center of Thessaloniki,447415501,Parysatis,,Thessaloniki,40.641029357910156,22.943836212158203,Entire home/apt,77,2,53,2024-09-14,1.92,1,354,16,00001392917
53811711,"ModianoLoft, 5th floor, City Center, Thessaloniki",36149597,Smaro,,Thessaloniki,40.63442,22.94276,Entire home/apt,80,2,19,2023-12-15,0.57,2,86,2,00002830524
53820175,Treasure box apartment _Aristotelous square_,144919832,Χριστίνα,,Thessaloniki,40.636765,22.942789,Entire home/apt,38,2,26,2024-06-30,0.89,1,358,2,00001465381
53820946,2BD- Perfect Location with square views,33923077,Βασίλης,,Thessaloniki,40.63256072998047,22.944698333740234,Entire home/apt,62,1,16,2024-07-07,0.48,6,349,2,00002147859
53823594,Zennova #4 Vintage City Center Apt,263237779,Stelios,,Thessaloniki,40.63896277516258,22.945769089157796,Entire home/apt,102,1,15,2024-06-30,0.50,4,337,5,00001380786
53824924,"Big Apple, Nilie Hospitality MGMT",239769711,Nilie Premium Hospitality MGMT,,Thessaloniki,40.6388,22.9397,Entire home/apt,50,1,42,2024-09-18,1.27,316,357,9,1408832
53836987,Big Apple Nilie Hospitality MGMT,239769711,Nilie Premium Hospitality MGMT,,Thessaloniki,40.6397,22.93954,Entire home/apt,50,1,16,2024-09-06,0.59,316,335,7,1408773
53838432,Big Apple Nilie Hospitality MGMT,239769711,Nilie Premium Hospitality MGMT,,Thessaloniki,40.64039,22.93947,Entire home/apt,50,1,58,2024-09-19,1.73,316,351,13,1418878
53839802,Big Apple Nilie Hospitality MGMT,239769711,Nilie Premium Hospitality MGMT,,Thessaloniki,40.64051,22.93813,Entire home/apt,50,1,4,2022-09-16,0.12,316,360,0,1399866
53840873,Big Apple Nilie Hospitality MGMT,239769711,Nilie Premium Hospitality MGMT,,Thessaloniki,40.64019,22.93894,Entire home/apt,54,1,36,2024-09-12,1.09,316,364,8,1418862
53858391,Big Apple Nilie Hospitality MGMT,239769711,Nilie Premium Hospitality MGMT,,Thessaloniki,40.63914,22.93968,Entire home/apt,50,1,60,2024-09-06,1.81,316,342,9,1418883
53904233,VáLi_skg studio,436662098,Vaggelis,,Thessaloniki,40.638859,22.936487,Entire home/apt,55,1,32,2024-08-04,1.03,1,327,5,00001442225
53927740,Aura Studios V9-10: Deluxe studio,251290631,Halu,,Thessaloniki,40.63751,22.93907,Entire home/apt,55,1,4,2023-01-22,0.13,90,361,0,00001741681
53930243,Aura F24 apartments: 1BD Apt,251290631,Halu,,Thessaloniki,40.63833,22.93753,Entire home/apt,59,1,9,2024-09-02,0.28,90,361,6,00001384917
53932576,Porto Sea View Apartments- Kypriou,372140900,Porto Sea View,,Thessaloniki,40.63245,22.94731,Entire home/apt,153,1,58,2024-09-17,1.74,40,346,12,00001397681
53934630,"Daylily, 2 bdrm apartment, Vesta Philoxenia",336527202,Vesta Philoxenia,,Thessaloniki,40.61927,22.95465,Entire home/apt,65,2,39,2024-08-12,1.17,51,112,13,00002499443
53952650,Tsimiski Contemporary Studio 2. New & Renovated.,437052618,Stavros & Tony,,Thessaloniki,40.634281,22.940004,Entire home/apt,55,1,32,2024-08-18,0.98,3,346,11,00001393679
53952652,Tsimiski Contemporary Studio 1. New & Renovated.,437052618,Stavros & Tony,,Thessaloniki,40.634266,22.940037,Entire home/apt,55,1,65,2024-09-04,1.97,3,343,24,00001393663
53997462,Cozy apartment at historical center,437479978,Alexia,,Thessaloniki,40.62955,22.94906,Entire home/apt,55,1,37,2024-09-05,1.11,1,102,27,00001423282
54012123,Delmare dahlia double apartment,268825110,Grigorios,,Thessaloniki,40.63546,22.94086,Entire home/apt,90,2,0,,,7,365,0,00001380234
54031591,Διαμέρισμα στην πλατεία Αντιγονιδών,27405918,Maria,,Thessaloniki,40.64006,22.940098,Entire home/apt,49,1,23,2024-04-21,0.76,1,118,6,00001472348
54061506,Rainbow Nilie Hospitality MGMT,239769711,Nilie Premium Hospitality MGMT,,Thessaloniki,40.63021,22.9502,Entire home/apt,55,1,46,2024-09-17,1.40,316,334,13,1242969
54099574,Big Apple Nilie Hospitality MGMT,239769711,Nilie Premium Hospitality MGMT,,Thessaloniki,40.639,22.93804,Entire home/apt,54,1,9,2024-09-21,0.27,316,364,1,1418921
54099663,Big Apple Nilie Hospitality MGMT,239769711,Nilie Premium Hospitality MGMT,,Thessaloniki,40.64007,22.93796,Entire home/apt,54,1,40,2024-09-10,1.21,316,365,7,1418942
578756333791481444,"Central flat,sleeps 4 people with a balcony!!!",47615492,Savas & Anthi,,Thessaloniki,40.64239,22.93776,Entire home/apt,31,1,15,2024-09-16,0.62,8,78,14,00000758995
578842137868732214,Houseloft White Tower Icon,29565272,Houseloft,,Thessaloniki,40.62873077392578,22.947559356689453,Entire home/apt,152,1,39,2024-07-19,1.30,20,333,9,00001461873
578940432628490438,Fresh and New #hosted by DoorMat,448777615,Elena,,Pavlou Mela,40.65499,22.95327,Entire home/apt,40,2,101,2024-09-09,3.27,1,337,43,00001453316
580141893770695319,"BOUTIQUE HOTEL 
MINERVA PREMIER",448700807,Κωνσταντινος,,Thessaloniki,40.637753,22.940002,Private room,,1,2,2022-12-18,0.07,4,357,0,0933K274A0815400
580151027031226464,"BOUTIQUE HOTEL
MINERVA PREMIER",448700807,Κωνσταντινος,,Thessaloniki,40.637737,22.940002,Private room,,1,3,2024-08-27,0.11,4,356,1,0933K274A0815400
580169584132574658,"BOUTIQUE HOTEL
MINERVA PREMIER",448700807,Κωνσταντινος,,Thessaloniki,40.637753,22.940023,Private room,,1,2,2022-11-13,0.07,4,356,0,0933K274A0815400
580939983366736621,"Avenue, Nilie Hospitality MGMT",239769711,Nilie Premium Hospitality MGMT,,Thessaloniki,40.63669,22.93841,Entire home/apt,51,1,47,2024-08-09,1.63,316,358,15,1435280
581602718008378989,"Big Apple, Nilie Hospitality MGMT",239769711,Nilie Premium Hospitality MGMT,,Thessaloniki,40.63847,22.93792,Entire home/apt,55,1,32,2024-08-19,1.11,316,287,16,1387258
581613690621443966,"Big Apple, Nilie Hospitality MGMT",239769711,Nilie Premium Hospitality MGMT,,Thessaloniki,40.64046,22.93905,Entire home/apt,50,1,27,2024-09-20,0.99,316,351,7,1408789
581618227101018759,"Big Apple, Nilie Hospitality MGMT",239769711,Nilie Premium Hospitality MGMT,,Thessaloniki,40.63852,22.93825,Entire home/apt,50,1,14,2024-09-06,0.49,316,341,4,1408794
581622855261965104,Central studio in the heart of Thessaloniki,304431826,Ioannis,,Thessaloniki,40.634178,22.945892,Entire home/apt,51,4,6,2023-05-25,0.23,2,354,0,00000540589
581627605066123182,"Big Apple, Nilie Hospitality MGMT",239769711,Nilie Premium Hospitality MGMT,,Thessaloniki,40.63846,22.93771,Entire home/apt,54,1,14,2024-09-10,0.47,316,358,2,1418958
582236731028953299,"Stylish & Modern Studio ""Miltos""",30898139,Miltiadis,,Thessaloniki,40.63953,22.93132,Entire home/apt,27,1,145,2024-09-21,4.97,1,0,52,00001509873
582282276932156573,Aristotelous 8th floor 1bd apt with wonderful view,9531550,Katerina,,Thessaloniki,40.633884,22.941484,Entire home/apt,70,1,176,2024-08-29,5.86,14,299,61,00000439943
582304818430332387,Aristotelous 2 bd apt with a wonderful view,9531550,Katerina,,Thessaloniki,40.633884,22.941484,Entire home/apt,97,1,219,2024-09-02,7.15,14,317,69,00001602166
582360494031397698,Nesting Ramblers SKG #1,210667008,Nesting Ramblers SKG,,Thessaloniki,40.635292,22.948172,Entire home/apt,99,3,39,2024-05-18,1.36,3,341,4,00002467901
584076906744817546,Dream Spitaki in Thessaloniki centre /Nea Paralia,97904274,Kika,,Thessaloniki,40.61581,22.95438,Entire home/apt,65,4,12,2024-09-02,0.47,1,82,6,00002820334
586266170705839368,"Eleanna's Studio - Ano Poli
(Free parking)",450340864,Maria Anna,,Neapolis – Sykeon,40.641655,22.960447,Entire home/apt,73,3,5,2024-09-09,0.16,1,364,1,00801489846
586721005453277448,Unique Downtown Studio_NM112,433471717,Erasmus,,Thessaloniki,40.62827,22.94812,Entire home/apt,37,1,1,2022-08-19,0.04,20,365,0,Exempt
589818171229615653,SKG Central Gateaway 103,128968239,Konstantinos,,Thessaloniki,40.63842,22.9388,Entire home/apt,60,1,8,2024-06-27,0.31,19,27,2,00001471776
591049489032379141,thesstay Attica downtown boutique apartment,349515363,Magda,,Thessaloniki,40.63129,22.94472,Entire home/apt,76,2,8,2023-03-05,0.28,1,365,0,00001469836
591874939577570825,Το σπιτικό της Δάφνης,304084956,Γιάννης,,Kalamaria,40.584682,22.954664,Entire home/apt,58,1,154,2024-09-22,5.14,1,357,68,00001478890
594487226612505745,Lux apartment 2BR/Washer/Wi-fi/Terrace/Elevator#,108524590,Nana,,Thessaloniki,40.634899,22.951225,Entire home/apt,105,2,22,2024-01-03,0.74,2,12,3,00001478147
594664296394624737,4 Travelers,91511772,Crisa,,Thessaloniki,40.633869,22.942566,Entire home/apt,161,2,52,2024-08-10,1.76,4,317,2,00001489774
595339870394860264,Agias Sofias luxury apartment at the city center,127480963,Δημητρης,,Thessaloniki,40.6347274,22.9474102,Entire home/apt,41,1,28,2024-09-20,1.03,1,1,19,00001597910
595563903917513626,"Double A 
Luxury Apartment",205837983,George,,Pilea – Chortiatis,40.60795,22.98497,Entire home/apt,100,2,10,2024-07-14,0.34,1,348,3,00001432009
595623325799231877,Cozy and pleasant apartment,305670694,Αθανάσιος,,Pilea – Chortiatis,40.60301,22.99333,Entire home/apt,60,4,17,2023-09-19,0.57,1,320,0,00001479457
595672076972229073,"""HSH"" 3 Rooms free Breakfast Big House 110m",93198556,Mr Αχίλλέας-Miss Μελπομένη,,Neapolis – Sykeon,40.6516609,22.9412779,Entire home/apt,65,2,9,2024-09-11,0.38,1,252,3,00001800640
596027896489498784,El.Venizelos Quiet Lux apt. (Aristotelous sqr),128655344,Ioannis,,Thessaloniki,40.63676452636719,22.94278907775879,Entire home/apt,79,1,54,2024-07-02,1.83,3,107,23,00001796860
596450934242079526,Όμορφο διαμέρισμα στο κέντρο της Θεσσαλονίκης,103848709,Kostas,,Thessaloniki,40.63973,22.93493,Entire home/apt,70,2,5,2023-05-07,0.23,1,360,0,00001805815
596925870274508801,"Διαμέρισμα στη πόλη Kalamaria , κοντα στη θάλασσα",104591968,Alba Katerina,,Kalamaria,40.5770145,22.9532929,Entire home/apt,65,3,62,2024-09-09,2.87,1,342,33,00001819475
597526902892118515,Aura Studios V9-10 by halu! : Standard Studio,251290631,Halu,,Thessaloniki,40.6358,22.93877,Private room,49,1,1,2022-04-17,0.03,90,364,0,00001901761
597535367176130508,#Blueberry Apt by halu! Apartments,251290631,Halu,,Thessaloniki,40.63904,22.94501,Entire home/apt,,1,2,2022-09-19,0.07,90,0,0,00001460670
598368292393563415,Mood for dreams,253383571,Mariana,,Thessaloniki,40.64072,22.94373,Entire home/apt,43,7,0,,,1,358,0,00001552508
598379089773023514,Aggelaki Project By JohnTack  apartments,128433739,John,,Thessaloniki,40.628933,22.953072,Entire home/apt,53,1,22,2024-09-16,0.82,2,34,7,00001313584
598449845506365191,KONSTANTINOS'S LUXURY APARTMENT,258813184,Ανδρεας,,Thessaloniki,40.63937,22.94709,Entire home/apt,87,3,4,2022-10-19,0.14,1,344,0,00001483082
599223145264479968,Unique Downtown Studio_MOFFER,433471717,Erasmus,,Thessaloniki,40.6283,22.94895,Entire home/apt,50,8,0,,,20,365,0,Exempt
599654009094734995,"Bonsai 3.1, The Luxury Suites",280458084,The Luxury Suites,,Thessaloniki,40.63809,22.93783,Entire home/apt,57,2,40,2024-06-05,1.35,173,152,4,00002366093
599886417091743669,NEW #3  LUXURY DESIGN,406685663,Phi,,Thessaloniki,40.64082,22.94257,Entire home/apt,76,2,7,2023-02-19,0.26,5,182,0,00001488401
600005030115304174,Kalamaria Urban-penthouse: unlimited view,199220644,Δόμνα,,Kalamaria,40.58214,22.961,Entire home/apt,73,2,8,2024-02-04,0.34,1,84,3,00001474888
600690432968435903,NEW #5 DESIGN LUXURY,406685663,Phi,,Thessaloniki,40.64039,22.94192,Entire home/apt,67,2,7,2024-03-24,0.24,5,276,2,00001488422
600690647360004406,NEW #4 LUXURY DESIGN,406685663,Phi,,Thessaloniki,40.63933,22.94196,Entire home/apt,77,2,19,2024-03-19,0.69,5,182,3,00001488417
601554679238960148,Private Garden house in Panorama lux accommodation,76504273,Κωνσταντινος,,Pilea – Chortiatis,40.57909,23.00664,Entire home/apt,105,2,9,2023-09-19,0.33,1,6,0,00001861730
602468305333031997,Όμορφο διαμέρισμα - σοφίτα με υπέροχη θέα,160950003,Petros,,Pilea – Chortiatis,40.600887,22.994545,Entire home/apt,53,1,24,2023-12-18,0.83,2,31,1,00001519983
562877854097739373,Stunning city view apt at Old town,445181551,Maria,,Thessaloniki,40.64271,22.95357,Entire home/apt,98,2,85,2024-09-08,2.73,1,341,25,00001429337
563797368683657760,Paloma Free Parking House,445400489,Theodora,,Thessaloniki,40.6014162,22.9571945,Entire home/apt,58,3,39,2024-04-24,1.46,2,154,8,00001623186
564166700193980554,A unique loft studio,56949946,Κωνσταντινα,,Thessaloniki,40.63172912597656,22.950241088867188,Entire home/apt,,1,44,2024-06-02,1.46,1,0,11,00001460107
564451860194314968,2 Persons Camper in Halkidiki - Nausicaa,204997816,Odyssey,,Thessaloniki,40.59699,22.95821,Entire home/apt,70,6,0,,,7,363,0,0933E81000178801
565663266768626164,Helens Little Castle  (Free Private Parking),445787114,Efstathios,,Thessaloniki,40.6376,22.95548,Entire home/apt,62,1,79,2024-09-15,2.60,3,246,36,00001452400
566618350314795994,Thessaloniki 2 bedroom apartment,446006524,Βενέρα,,Kordelio – Evosmos,40.66373,22.91066,Entire home/apt,30,10,7,2024-01-19,0.28,1,236,2,00001437040
566619629720283253,Campervan with roof tent in Halkidiki - Laertes,204997816,Odyssey,,Thessaloniki,40.59732,22.9583,Entire home/apt,96,6,0,,,7,363,0,0933E81000178801
567071826622741919,Ανακαινισμένο διαμέρισμα στην καρδιά της πόλης.,218897166,Ilias,,Thessaloniki,40.629402,22.945597,Entire home/apt,49,2,104,2024-09-02,3.38,1,345,34,00001442640
567171816005996117,The Rotonda loft,67362033,Evelina,,Thessaloniki,40.63416,22.95496,Entire home/apt,22,3,105,2024-09-10,3.35,1,332,36,00001582838
567217401511831634,"HAPPY TRAVELLER - Luxury, Free Parking",103306415,Angel,,Thessaloniki,40.6471,22.9384,Entire home/apt,77,2,4,2023-02-16,0.14,3,346,0,00001447102
568513324050140350,Central Luxury Apartment,446450968,Nikos,,Thessaloniki,40.62883350194538,22.9485478932541,Entire home/apt,100,2,25,2024-06-23,1.02,2,317,6,00001761365
568695410006958794,2 Persons Camper in Halkidiki  - Nestor,204997816,Odyssey,,Thessaloniki,40.59571,22.95966,Entire home/apt,70,6,0,,,7,363,0,0933E81000178801
569412065052467206,Polymnia,163123431,Ntemi And Nick,,Thessaloniki,40.640789,22.943064,Entire home/apt,51,2,137,2024-09-07,4.41,15,356,44,00001421449
570191984863127237,Nostalgia,163123431,Ntemi And Nick,,Thessaloniki,40.640919,22.943043,Entire home/apt,50,2,133,2024-09-08,4.28,15,354,52,00001421513
570680344395826389,"Adelle Apartment #23, The Luxury Suites",280458084,The Luxury Suites,,Thessaloniki,40.64016,22.94078,Entire home/apt,51,2,77,2024-04-09,2.50,173,174,4,00001447287
570924336403328552,Sevenpockethouse Deluxe double bed with extra bed,214857203,Powerbnb,,Thessaloniki,40.643337,22.947905,Private room,38,2,67,2024-08-09,2.24,14,342,37,00000257624
571483127602165831,Thess Ladadika,447039507,Tania,,Thessaloniki,40.63781,22.93677,Entire home/apt,40,2,130,2024-09-01,4.17,1,92,37,00001443641
572284109008120624,Seafront Mini Studio,433471717,Erasmus,,Thessaloniki,40.61314,22.95279,Private room,,1,4,2024-05-05,0.16,20,365,3,Exempt
572407565594742482,"ADI 1 BOUTIQUE HOUSE, στο κέντρο της Θεσ/νίκης",38097022,Dimitris Jessica,,Thessaloniki,40.629948,22.950708,Entire home/apt,85,1,4,2024-06-01,0.15,2,322,1,00001586809
572876626181967304,A&J Fully equipped renovated 1 room apartment,302197572,Andreas,,Thessaloniki,40.627469,22.966408,Entire home/apt,43,2,134,2024-09-16,4.86,2,156,65,00001446323
572915999968910251,Seafront Mini Studio_Moffer,433471717,Erasmus,,Thessaloniki,40.61538,22.95332,Private room,28,1,0,,,20,365,0,Exempt
572925107183712106,Seafront Mini Studio_MT4,433471717,Erasmus,,Thessaloniki,40.61396,22.95509,Private room,21,2,1,2024-05-22,0.24,20,365,1,Exempt
573057188243214658,Seafront Mini Studio_MT6,433471717,Erasmus,,Thessaloniki,40.6133,22.95359,Private room,21,4,0,,,20,365,0,Exempt
573061573495091846,Seafront Mini Studio_MT7,433471717,Erasmus,,Thessaloniki,40.61525,22.95337,Private room,22,7,0,,,20,358,0,Exempt
573506252592157040,Seafront Mini Studio_MT8,433471717,Erasmus,,Thessaloniki,40.6152,22.95437,Private room,35,8,0,,,20,365,0,Exempt
573583511328594508,URBAN LIFE STYLE,69172339,George,,Kalamaria,40.58116,22.96173,Entire home/apt,78,2,3,2024-02-28,0.10,1,264,2,00001447292
574336018505791211,Poseidon's Apartment on White Tower | Midas Home,158095749,Νίκος,,Thessaloniki,40.62878,22.94802,Entire home/apt,135,2,25,2024-08-05,0.82,6,344,17,00001448353
574684365733681066,CALMA apartment next to Aristotelous square,198194809,Nadia,,Thessaloniki,40.63427,22.94196,Entire home/apt,124,3,67,2024-09-15,2.53,1,336,29,00001679016
574990860611686423,#White Rabbit by halu! Apartments,251290631,Halu,,Thessaloniki,40.63394,22.94877,Entire home/apt,40,1,20,2024-07-08,0.70,90,360,14,00001443253
575168826809441793,Luxury Suites VASKO 1,409703629,Theo,,Thessaloniki,40.64166,22.93245,Entire home/apt,60,1,3,2024-04-09,0.11,2,365,1,00001449031
575205061596901482,Luxury Suites VASKO 2,409703629,Theo,,Thessaloniki,40.64277,22.93181,Entire home/apt,70,1,14,2024-08-04,0.45,2,362,8,00001449397
577215339210487897,Sevenpockethouse Deluxe δικλινο δωματιο μερικη θεα,214857203,Powerbnb,,Thessaloniki,40.643337,22.947905,Private room,43,2,29,2024-09-08,0.96,14,338,5,00000919974
577242084798982493,Sevenpockethouse double bed room,214857203,Powerbnb,,Thessaloniki,40.643337,22.947905,Private room,41,2,9,2024-07-12,0.39,14,360,7,00000919919
578164438752310214,Γκαρσονιέρα κοντά στον πεζόδρομο Καλαμαριάς!,194655336,Lefteris Mary,,Kalamaria,40.58043,22.95547,Entire home/apt,38,2,28,2024-08-11,0.97,1,87,5,00001474893
578618569305656503,"BOUTIQUE HOTEL
MINERVA PREMIER",448700807,Κωνσταντινος,,Thessaloniki,40.637699,22.940119,Private room,,1,2,2022-11-20,0.08,4,355,0,0933K274A0815400
617234959230661445,Center Family Apartment_T1,260979712,Erasmus,,Thessaloniki,40.63613,22.95036,Entire home/apt,40,1,6,2023-04-02,0.21,40,265,0,00001738506
617368603454398188,Center Family Apartment_T2,260979712,Erasmus,,Thessaloniki,40.63664,22.9489,Entire home/apt,40,1,13,2023-10-15,0.50,40,265,1,00001738506
617374617275647592,Center Family Apartment_T4,260979712,Erasmus,,Thessaloniki,40.6375,22.94989,Entire home/apt,40,1,1,2023-04-23,0.06,40,265,0,00001738506
617840250788798494,Lively & delightful Apartment near Aristoteles,457068052,Mihaela,,Ampelokipon – Menemeni,40.64927,22.9331,Entire home/apt,50,2,7,2024-09-08,0.28,1,357,1,Exempt
618064001332940419,Center Family Apartment_T5,260979712,Erasmus,,Thessaloniki,40.63686,22.9482,Entire home/apt,40,1,5,2023-10-01,0.31,40,265,1,00001738506
618068108898497525,Center Family Apartment_T6,260979712,Erasmus,,Thessaloniki,40.63784,22.94835,Entire home/apt,40,1,1,2022-05-16,0.03,40,265,0,00001738506
618071410020974573,Center Family Apartment_T7,260979712,Erasmus,,Thessaloniki,40.63828,22.94851,Entire home/apt,40,1,1,2022-12-24,0.05,40,265,0,00001738506
618614078385976140,Modern cozy appartment in Thessaloniki,147341432,Christina,,Thessaloniki,40.60537,22.95299,Entire home/apt,60,1,30,2023-10-26,1.03,2,138,1,00001542780
619215509361952041,Newbuild superfresh n4 studio-appartment _ SKG,138923036,Κατερινα,,Thessaloniki,40.64956,22.91538,Entire home/apt,38,1,67,2024-09-02,2.34,2,265,32,00001523460
619386482560793084,Cosy Open Studio by the Roman Palace_D2,260979712,Erasmus,,Thessaloniki,40.62867,22.94804,Entire home/apt,30,4,4,2023-05-21,0.22,40,232,0,00001738506
619389812765368007,Cosy Open Studio by the Roman Palace_D3,260979712,Erasmus,,Thessaloniki,40.6298,22.94944,Entire home/apt,,2,1,2023-12-10,0.10,40,232,1,00001738506
619393121191418080,Cosy Open Studio by the Roman Palace_D4,260979712,Erasmus,,Thessaloniki,40.62818,22.94873,Entire home/apt,40,2,2,2023-07-22,0.09,40,232,0,00001738506
619400624461985581,Cosy Open Studio by the Roman Palace_D5,260979712,Erasmus,,Thessaloniki,40.62965,22.94809,Entire home/apt,30,1,1,2024-04-15,0.19,40,232,1,00001738506
619404689318714611,Cosy Open Studio by the Roman Palace_D6,260979712,Erasmus,,Thessaloniki,40.62802,22.95029,Entire home/apt,,1,0,,,40,232,0,00001738506
619407142729993598,Cosy Open Studio by the Roman Palace_D7,260979712,Erasmus,,Thessaloniki,40.6286,22.94986,Entire home/apt,27,1,1,2022-07-31,0.04,40,232,0,00001738506
619410109583583066,Cosy Open Studio by the Roman Palace_D8,260979712,Erasmus,,Thessaloniki,40.62949,22.94991,Entire home/apt,30,1,1,2022-11-13,0.04,40,232,0,00001738506
619552937562333094,"Διαμέρισμα, σε ήσυχη περιοχή κοντά στο κέντρο",445390589,Δημήτρης,,Thessaloniki,40.632637,22.965944,Entire home/apt,46,2,83,2024-09-16,3.42,1,347,41,00001761908
621474324260726396,"Small 
Project loft",457872564,Ηλίας,,Thessaloniki,40.61965,22.95834,Entire home/apt,37,2,129,2024-09-14,4.75,1,312,47,00001601223
622265835737012896,Innovative upscale 2-BR flat in premium location,350279014,Innovation,,Thessaloniki,40.630287,22.945156,Entire home/apt,85,2,110,2024-09-03,3.92,33,133,42,00001547907
622397244749496651,Lovely Luxurious Modern Apartment in Thessaloniki,15815559,Vasilis,,Kalamaria,40.57252,22.96009,Entire home/apt,125,2,3,2022-06-20,0.11,1,114,0,00001519325
622452817517411408,𝑴𝒆𝒓𝒂𝒌𝒊 𝒂𝒑𝒂𝒓𝒕𝒎𝒆𝒏𝒕,182220308,Βαρβαρα,,Thessaloniki,40.61819,22.95862,Entire home/apt,60,2,0,,,1,345,0,00001532234
622816584281540932,cozy apartment 3,171835195,Moris,,Pilea – Chortiatis,40.602306,22.992605,Entire home/apt,65,2,85,2024-08-21,3.00,3,173,9,00001418613
622894265056512575,Vintage Experience στην Άνω Πολη,78986644,Evge,,Thessaloniki,40.64281,22.94639,Entire home/apt,71,2,5,2024-06-04,0.26,1,346,2,00001663584
623025629197181544,Private bedroom in the Urban Verdant apartment,4975792,Eleftheria,,Thessaloniki,40.63754,22.94952,Private room,33,3,69,2024-09-11,2.47,2,165,37,00001530326
623052524541409738,"Comfy sofa at the lounge, Urban Verdant apartment",4975792,Eleftheria,,Thessaloniki,40.63933,22.94988,Shared room,,2,13,2023-11-12,0.48,2,0,3,00001530331
623767438408783796,"Old Town, Cosy Apartment_VT1",260979712,Erasmus,,Thessaloniki,40.63393,22.955,Entire home/apt,36,2,5,2022-12-04,0.19,40,265,0,00001738506
623770688110394399,"Old Town, Cosy Apartment_VT2",260979712,Erasmus,,Thessaloniki,40.63547,22.95439,Entire home/apt,36,1,4,2023-06-18,0.15,40,265,0,00001738506
623774216866496501,"Old Town, Cosy Apartment_VT3",260979712,Erasmus,,Thessaloniki,40.6357,22.9542,Entire home/apt,36,1,4,2023-01-30,0.14,40,265,0,00001738506
623779301458187070,"Old Town, Cosy Apartment_VT4",260979712,Erasmus,,Thessaloniki,40.63474,22.9532,Entire home/apt,36,1,2,2023-06-25,0.12,40,265,0,00001738506
623782631429515624,"Old Town, Cosy Apartment_VOFFER",260979712,Erasmus,,Thessaloniki,40.63556,22.95298,Entire home/apt,80,1,1,2023-04-30,0.06,40,283,0,00001738506
623786198683603694,"Old Town, Cosy Apartment_VT6",260979712,Erasmus,,Thessaloniki,40.63398,22.95467,Entire home/apt,36,1,0,,,40,265,0,00001738506
623789103518323753,"Old Town, Cosy Apartment_VT7",260979712,Erasmus,,Thessaloniki,40.63577,22.95469,Entire home/apt,36,1,0,,,40,265,0,00001738506
623792814201685659,"Old Town, Cosy Apartment_VT8",260979712,Erasmus,,Thessaloniki,40.63583,22.95442,Entire home/apt,36,1,5,2023-12-24,0.33,40,265,1,00001738506
624350100316373425,#SKGH Asterie lux studio|Κάτω Τούμπα|Paok stadium,146634219,Helias,,Thessaloniki,40.60887,22.97701,Entire home/apt,45,2,29,2024-08-19,1.04,22,267,10,00001546256
624366231731304717,#SKGH Aria lux studio|Κάτω Τούμπα|Paok stadium,146634219,Helias,,Thessaloniki,40.60931,22.97739,Entire home/apt,45,2,43,2024-06-30,1.55,22,167,11,00001545701
624376029330710806,#SKGH Aurora studio |Κάτω Τούμπα|Paok stadium,146634219,Helias,,Thessaloniki,40.60733,22.97697,Entire home/apt,39,2,28,2024-09-08,1.09,22,263,14,00001545536
624379287707118120,#SKGH Aphroditi apartment|Κάτω Τούμπα|Paok stadium,146634219,Helias,,Thessaloniki,40.608116149902344,22.97762107849121,Entire home/apt,48,2,25,2024-07-15,0.89,22,172,8,00001545663
624475246374600527,Egnatia Resort,392489003,Georgios,,Thessaloniki,40.63318,22.95032,Entire home/apt,83,3,36,2024-08-18,1.26,6,192,6,00002484541
625726941232283772,Mellia Home Thessaloniki,458105460,Ελισσάβετ,,Neapolis – Sykeon,40.65392303466797,22.936643600463867,Entire home/apt,56,2,74,2024-09-06,2.60,1,175,15,00001856740
625785603913666623,Elephant Suites: Superior Suites,458874419,Elephant,,Thessaloniki,40.64328,22.92211,Entire home/apt,61,1,26,2024-07-31,0.96,3,365,7,1215203
625789060445538482,Elephant Suites: Standard Suite,458874419,Elephant,,Thessaloniki,40.64555,22.92201,Entire home/apt,57,1,23,2024-08-02,0.81,3,360,13,1215203
625794856762367347,Black Onyx Comfort Suites Thessaloniki,206134494,Ioanna,,Thessaloniki,40.638980865478516,22.937786102294922,Entire home/apt,55,1,4,2023-06-25,0.15,2,347,0,00001534976
625974870986667584,Great apartment near the center of Thessaloniki!,405383207,Grigoris,,Thessaloniki,40.61935056210639,22.956501483917222,Entire home/apt,57,3,18,2024-08-16,0.73,1,88,4,00002554118
626644629674986972,"Big Apple, Nilie Hospitality MGMT",239769711,Nilie Premium Hospitality MGMT,,Thessaloniki,40.63858,22.93974,Entire home/apt,50,1,93,2024-09-18,3.26,316,341,22,1408806
627267909077513239,"WallStreet #31, The Luxury Suites",280458084,The Luxury Suites,,Thessaloniki,40.64126,22.93682,Entire home/apt,47,2,49,2024-08-05,1.88,173,172,23,00002391988
627284181058932485,"WallStreet #32, The Luxury Suites",280458084,The Luxury Suites,,Thessaloniki,40.641525,22.936064,Entire home/apt,49,2,60,2024-07-07,2.14,173,172,19,00001537461
627300245076505995,"WallStreet #34, The Luxury Suites",280458084,The Luxury Suites,,Thessaloniki,40.641525,22.936064,Entire home/apt,47,2,50,2024-08-19,2.12,173,172,26,00001537536
627306132511579418,"WallStreet #35, The Luxury Suites",280458084,The Luxury Suites,,Thessaloniki,40.64181,22.93564,Entire home/apt,46,2,59,2024-08-09,2.08,173,174,18,00001537562
627310263785272819,"WallStreet  #36, The Luxury Suites",280458084,The Luxury Suites,,Thessaloniki,40.64124,22.93494,Entire home/apt,47,2,30,2024-09-03,1.15,173,174,10,00001539827
627323412388884164,"WallStreet #37, The Luxury Suites",280458084,The Luxury Suites,,Thessaloniki,40.641525,22.936064,Entire home/apt,46,2,43,2024-08-24,1.77,173,174,27,00002378814
627395467177295914,"WeStay Apartment #30, The Luxury Suites",280458084,The Luxury Suites,,Thessaloniki,40.640133,22.938135,Entire home/apt,52,2,28,2024-08-10,0.98,173,174,9,00001539912
627397191355972787,"WeStay Apartment #31, The Luxury Suites",280458084,The Luxury Suites,,Thessaloniki,40.640133,22.938135,Entire home/apt,48,2,43,2024-08-11,1.62,173,173,11,00001540107
627398910745423608,"WeStay Apartment #32, The Luxury Suites",280458084,The Luxury Suites,,Thessaloniki,40.640133,22.938135,Entire home/apt,49,2,26,2024-08-23,1.01,173,174,4,00001540160
627437473816916075,"WeStay Apartment #33, The Luxury Suites",280458084,The Luxury Suites,,Thessaloniki,40.640133,22.938135,Entire home/apt,48,2,45,2024-09-07,1.60,173,173,6,00001540196
627439663109019237,"WeStay Apartment #34, The Luxury Suites",280458084,The Luxury Suites,,Thessaloniki,40.640133,22.938135,Entire home/apt,48,2,33,2024-02-05,1.24,173,169,1,00002931156
627449226663158875,"WeStay Apartment #38, The Luxury Suites",280458084,The Luxury Suites,,Thessaloniki,40.640133,22.938135,Entire home/apt,48,2,63,2024-08-28,2.23,173,168,21,00001540340
627450175488867137,"WeStay Apartment #39, The Luxury Suites",280458084,The Luxury Suites,,Thessaloniki,40.640133,22.938135,Entire home/apt,49,2,49,2024-04-15,1.72,173,173,10,00001540356
627605507444372921,"WeStay Apartment #40, The Luxury Suites",280458084,The Luxury Suites,,Thessaloniki,40.640133,22.938135,Entire home/apt,52,2,35,2024-09-02,1.24,173,174,6,00001540382
627607063970248531,"WeStay Apartment #41, The Luxury Suites",280458084,The Luxury Suites,,Thessaloniki,40.640133,22.938135,Entire home/apt,48,2,35,2024-08-18,1.27,173,173,5,00002367213
627608224895381193,"WeStay Apartment #42, The Luxury Suites",280458084,The Luxury Suites,,Thessaloniki,40.640133,22.938135,Entire home/apt,49,2,45,2024-09-03,1.63,173,168,11,00001540420
627612392299998636,"WeStay Apartment #44, The Luxury Suites",280458084,The Luxury Suites,,Thessaloniki,40.640133,22.938135,Entire home/apt,48,2,66,2024-09-03,2.42,173,170,12,00001540436
627614564215108639,"WeStay Apartment #46, The Luxury Suites",280458084,The Luxury Suites,,Thessaloniki,40.640133,22.938135,Entire home/apt,49,2,43,2024-08-25,1.64,173,169,6,00001540500
627615698536792405,"WeStay Apartment #47, The Luxury Suites",280458084,The Luxury Suites,,Thessaloniki,40.640133,22.938135,Entire home/apt,48,2,43,2023-12-28,1.51,173,170,4,00001540499
627617043590044916,"WeStay Apartment #48, The Luxury Suites",280458084,The Luxury Suites,,Thessaloniki,40.640133,22.938135,Entire home/apt,48,2,47,2024-05-28,1.67,173,169,8,00001540558
627618635484514568,"WeStay Apartment #49, The Luxury Suites",280458084,The Luxury Suites,,Thessaloniki,40.640133,22.938135,Entire home/apt,50,2,20,2024-08-31,0.72,173,173,7,00001540579
627987150217846708,"WeStay Apartment #36, The Luxury Suites",280458084,The Luxury Suites,,Thessaloniki,40.640133,22.938135,Entire home/apt,50,2,30,2024-08-10,1.07,173,174,6,00001540260
628336023381088175,Cozy apartment in the City Center,403121008,Christos,,Thessaloniki,40.636673,22.950562,Entire home/apt,70,2,71,2024-09-10,2.55,1,155,27,00002692780
628798562534168363,Dialogue | Olvios Lofts @Ladadika,303066120,Olvios EKMETALLEUSI,,Thessaloniki,40.63485,22.936565,Entire home/apt,92,1,1,2022-07-06,0.04,8,342,0,00001508478
628812804216483166,Synthesis | Olvios Lofts @Ladadika,303066120,Olvios EKMETALLEUSI,,Thessaloniki,40.63485,22.936565,Entire home/apt,93,1,1,2022-08-17,0.04,8,342,0,00001508664
628820284316673893,Horizon | Olvios Lofts @Ladadika,303066120,Olvios EKMETALLEUSI,,Thessaloniki,40.63485,22.936565,Entire home/apt,97,1,10,2024-03-17,0.36,8,343,1,00001508622
628827976620807100,Thea | Olvios Lofts @Ladadika,303066120,Olvios EKMETALLEUSI,,Thessaloniki,40.63485,22.936565,Entire home/apt,101,1,12,2024-07-08,0.46,8,334,3,00001508638
629589954428910277,Rerfect location apartment with view,461802811,Joanna,,Thessaloniki,40.621818832319036,22.953492077424016,Entire home/apt,150,3,68,2024-08-13,2.45,1,5,14,00001574838
629755726685304607,"Park View City Apartment, Vesta Philoxenia",336527202,Vesta Philoxenia,,Thessaloniki,40.6078,22.9564,Entire home/apt,58,2,5,2023-05-08,0.18,51,7,0,00002500208
631533379765137776,#Mango by halu! Apartments,251290631,Halu,,Thessaloniki,40.6422,22.93909,Entire home/apt,54,1,15,2024-09-14,0.53,90,358,8,00002458224
603157607310690738,Innovative charming apartment in Ladadika,350279014,Innovation,,Thessaloniki,40.63747,22.9371,Entire home/apt,41,1,71,2024-09-08,2.47,33,1,22,00001486779
603449995703227044,Μπροστά στη Πλατεία Ναυαρίνου/Τσιμισκη διαμέρισμα,18277866,B_Homes,,Thessaloniki,40.63003,22.94895,Entire home/apt,49,1,61,2024-09-09,2.08,1,217,27,00001493326
603497047796231730,A glam chic apartment in the ♥️ of the city,138456876,Korinna,,Thessaloniki,40.63067,22.94315,Entire home/apt,67,2,111,2024-09-19,3.96,2,275,51,00001611939
603979714482028811,Coralia Comfort Apartment,454062804,Sea And The City,,Thessaloniki,40.634609,22.936182,Entire home/apt,88,1,5,2022-05-29,0.17,16,118,0,00001504470
603996727292612694,Cecilia Jacuzzi Sea view Suite 2,454062804,Sea And The City,,Thessaloniki,40.634609,22.936182,Entire home/apt,140,1,34,2024-07-17,1.18,16,121,16,00001504587
604709819217295461,Kiveli Sea View Suite 3,454062804,Sea And The City,,Thessaloniki,40.634609,22.936182,Entire home/apt,114,1,7,2024-05-11,0.24,16,126,1,00001504625
604737613187944950,Armonia Jacizzi Sea view Suite 4,454062804,Sea And The City,,Thessaloniki,40.634609,22.936182,Entire home/apt,140,1,24,2024-09-03,0.89,16,127,7,00001504630
604762674805385777,Akti Sea View Suite 5,454062804,Sea And The City,,Thessaloniki,40.634609,22.936182,Entire home/apt,111,1,6,2024-06-23,0.21,16,128,1,00001504530
604790957332016581,Oriana Superior Jacuzzi Sea view Suite,454062804,Sea And The City,,Thessaloniki,40.634609,22.936182,Entire home/apt,157,1,48,2024-09-02,1.64,16,130,20,00001504646
604995854364732839,"Comfortable,beautiful apartment,in the city center",454285124,Markella,,Thessaloniki,40.63684,22.95287,Entire home/apt,43,2,81,2024-09-04,2.77,1,50,33,00002115036
605624927339524948,city center new apartment 2,56007433,Helen,,Thessaloniki,40.637939,22.943539,Entire home/apt,59,1,39,2024-09-18,1.32,2,23,17,00001501045
606935908153250043,Spacious Luxury apartment downtown Thessaloniki,454653883,My Street,,Thessaloniki,40.64007,22.93705,Entire home/apt,53,1,90,2024-09-06,3.08,7,347,41,00001501273
606968348534229270,Big Luxury apartment in Thessaloniki,454653883,My Street,,Thessaloniki,40.6382,22.93754,Entire home/apt,47,1,96,2024-09-02,3.29,7,340,33,00001501348
606978030037699314,Top floor flat downtown Thessaloniki,454653883,My Street,,Thessaloniki,40.63791,22.938,Entire home/apt,44,1,86,2024-09-07,3.19,7,328,33,00001501353
606983111972234080,Luxury Studio downtown SKG,454653883,My Street,,Thessaloniki,40.63987,22.93722,Entire home/apt,36,1,118,2024-09-10,4.00,7,344,33,00001501332
606986367113843681,Top floor flat with balcony,454653883,My Street,,Thessaloniki,40.63949,22.93841,Entire home/apt,51,1,132,2024-09-11,4.51,7,340,43,00001501380
607541488178018192,Minos Side Sea View Suite 7,454062804,Sea And The City,,Thessaloniki,40.634609,22.936182,Entire home/apt,84,1,3,2024-05-07,0.11,16,121,1,00001504610
607686248376849451,Lysander's House,45875542,Sofoklis,,Kordelio – Evosmos,40.66876,22.89854,Entire home/apt,47,3,16,2024-05-19,0.56,5,363,4,00001419636
607749788059407801,Stylish Loft Nicol in the Thessaloniki center -1fl,433944029,Tatyana,,Thessaloniki,40.63221,22.95103,Entire home/apt,100,3,25,2024-05-26,0.86,1,89,7,00001508500
607758777556522179,Bright and Modern studio  Thessaloniki Downtown,9521123,Zafiris,,Thessaloniki,40.63282,22.94367,Entire home/apt,96,2,5,2023-11-24,0.18,1,51,2,00001598625
608296159355162832,Waterfront Apartment with Sea View_WV224,260979712,Erasmus,,Thessaloniki,40.61343,22.95461,Entire home/apt,30,2,1,2022-07-16,0.04,40,301,0,00001738506
608313990658617484,standby_Waterfront Apartment with Sea View_T3,260979712,Erasmus,,Thessaloniki,40.61351,22.95265,Entire home/apt,31,2,2,2024-01-03,0.07,40,268,1,00001738506
608323236708135531,Waterfront Apartment with Sea View_WV354,260979712,Erasmus,,Thessaloniki,40.61309,22.95499,Entire home/apt,35,3,0,,,40,301,0,00001738506
608330884913253743,standbyWaterfront Apartment with Sea View_T5,260979712,Erasmus,,Thessaloniki,40.61336,22.95441,Entire home/apt,40,1,0,,,40,268,0,00001738506
608352482779037235,Waterfront Apartment with Sea View_WV1L7,260979712,Erasmus,,Thessaloniki,40.61487,22.95446,Entire home/apt,,1,0,,,40,301,0,00001738506
609015330493941454,Promenade Apartment with Sea View_T2,260979712,Erasmus,,Thessaloniki,40.61459,22.95434,Entire home/apt,36,1,2,2023-04-22,0.10,40,163,0,00001738506
609020515133183449,Promenade Apartment with Sea View_T3,260979712,Erasmus,,Thessaloniki,40.61582,22.95503,Entire home/apt,40,1,1,2023-02-27,0.05,40,163,0,00001738506
609027510071228912,Promenade Apartment with sea View_T4,260979712,Erasmus,,Thessaloniki,40.61417,22.95304,Entire home/apt,40,1,1,2022-12-26,0.05,40,163,0,00001738506
609031784891139796,Promenade Apartment with Sea View_T5,260979712,Erasmus,,Thessaloniki,40.61424,22.95434,Entire home/apt,40,1,2,2022-06-24,0.07,40,163,0,00001738506
609036709256006186,Promenade Apartment with Sea View_T6,260979712,Erasmus,,Thessaloniki,40.61536,22.95331,Entire home/apt,40,1,1,2022-09-04,0.04,40,163,0,00001738506
609040106218662771,Promenade Apartment with Sea View_T7,260979712,Erasmus,,Thessaloniki,40.61391,22.95499,Entire home/apt,45,1,1,2023-05-20,0.06,40,163,0,00001738506
609056898866563989,Promenade Apartment with Sea View_T8,260979712,Erasmus,,Thessaloniki,40.61396,22.95331,Entire home/apt,,1,1,2023-07-13,0.07,40,163,0,00001738506
609332492826637303,Sunny 5th floor flat with big balcony,454653883,My Street,,Thessaloniki,40.6379,22.93827,Entire home/apt,57,1,124,2024-09-08,4.20,7,340,50,00001501395
609820306982552943,Floret Apartment,170507468,Ελευθερία,,Kalamaria,40.58433,22.95326,Entire home/apt,55,2,63,2024-09-19,2.23,3,354,17,00002443726
610629802709965169,Lux Nomad MGMT - BOEM super central 2bedroom flat!,455462712,Alexios,,Thessaloniki,40.637081,22.946606,Entire home/apt,87,2,68,2024-09-04,2.33,2,330,27,00001509114
611991743431408831,Center Family Apartment_T3,260979712,Erasmus,,Thessaloniki,40.63618,22.95017,Entire home/apt,30,2,7,2023-06-25,0.28,40,265,0,00001738506
612719153837165593,Palazzo Vista Suite&Spa,522101309,Anastasios-Vasileios,,Neapolis – Sykeon,40.64167,22.96235,Entire home/apt,120,1,9,2024-05-16,0.31,2,325,7,00002167511
612936307930241782,Κεντρικό διαμέρισμα στην Καλαμαριά,455965445,Dimitris,,Kalamaria,40.5774951,22.9523541,Entire home/apt,49,5,9,2024-07-29,0.52,1,354,6,00001795544
613587360388353420,Sunny apartment,90780487,Olga,,Pavlou Mela,40.65868,22.92846,Entire home/apt,41,2,72,2024-09-15,2.47,3,70,18,00001511639
614164463104359518,Suggrou terrace apartment,119416356,Fani,,Thessaloniki,40.63927,22.94215,Entire home/apt,44,1,66,2024-09-17,2.26,30,151,14,00001555098
614891095479087257,Aphrodite's Apartment on Agia Sofia | Midas Home,158095749,Νίκος,,Thessaloniki,40.6329,22.95004,Entire home/apt,154,2,33,2024-04-23,1.13,6,335,10,00001514958
615030143442499527,"Awesome Sea View, Nilie Premium Hospitality MGMT.",239769711,Nilie Premium Hospitality MGMT,,Thessaloniki,40.62006,22.9529,Entire home/apt,110,1,46,2024-09-16,1.59,316,295,25,1528677
615749181921628559,KALITHEA VIEW,79446546,Dimitrios,,Thessaloniki,40.638657,22.955662,Entire home/apt,49,2,14,2024-09-15,0.50,5,363,4,00001476573
615859927404779662,Sunny flat in the center of Thessaloniki,454653883,My Street,,Thessaloniki,40.63996,22.93889,Entire home/apt,50,1,76,2024-09-11,2.64,7,349,27,00001501273
641301433257478086,"1.Aristotelous sq.-Tsimiski, luxury ap.| Betahomes",16478745,Ioanna,,Thessaloniki,40.63389,22.94136,Entire home/apt,47,2,43,2024-08-10,1.54,6,299,13,00002401920
641316353407085584,"2.Aristotelous sq.-Tsimiski, luxury ap.| Betahomes",16478745,Ioanna,,Thessaloniki,40.63489,22.94201,Entire home/apt,41,2,53,2024-09-17,1.91,6,307,12,00002401956
642404917430531431,"East City Living Apt - Netflix, Vesta Philoxenia",336527202,Vesta Philoxenia,,Kalamaria,40.5783,22.96056,Entire home/apt,69,3,17,2024-08-20,0.62,51,38,6,00002499490
643197836225425471,DISTRiCT01 - Kalamaria,42519930,George,,Kalamaria,40.5863,22.95175,Entire home/apt,90,1,6,2024-04-12,0.32,4,68,5,00001768794
643277747886356759,Mina's studio center town R - Νέα Παραλία,462842901,Μίνα,,Thessaloniki,40.6138673,22.9551816,Entire home/apt,36,2,31,2024-09-17,1.12,2,170,2,00001605182
643359329703348353,“IL Gatto”Studio in the Center of Thessaloniki,462870472,Christina,,Thessaloniki,40.64173759849234,22.937382129524174,Entire home/apt,40,4,14,2024-07-27,0.60,1,14,2,00001109827
644466548346381704,Innovative Βoho chic studio in Ladadika,350279014,Innovation,,Thessaloniki,40.6378,22.93699,Entire home/apt,35,1,78,2024-09-08,3.93,33,244,46,00001853054
644466598517331001,Lavish Unique Penthouse next to the seafront,350279014,Innovation,,Thessaloniki,40.60353,22.95175,Entire home/apt,68,2,48,2024-09-07,2.07,33,97,37,00001829804
644466661278621440,Innovative majestic corner suite in Ladadika,350279014,Innovation,,Thessaloniki,40.63786,22.9384,Entire home/apt,,2,36,2024-07-11,1.33,33,0,1,00001594287
644510218639883052,"ARES -  Suite, next to Rotunda",404625147,Angelos,,Thessaloniki,40.634559011625186,22.951871629312734,Entire home/apt,53,2,21,2024-08-13,0.75,3,165,11,00001597012
644596772524035043,F & B Collection - Kassandrou #3,31131449,Dimitris,,Thessaloniki,40.63777717552818,22.951213674868754,Entire home/apt,35,7,20,2024-08-29,0.75,56,361,9,00002680288
644612235937175594,F & B Collection - Kassandrou #4,31131449,Dimitris,,Thessaloniki,40.6378,22.95107,Entire home/apt,33,7,26,2024-03-18,0.97,56,357,8,00002680267
644999010944123578,Elegant commodious apartment (up to 7 people),463280056,Vicky,,Thessaloniki,40.6182622,22.9589165,Entire home/apt,63,2,53,2024-08-28,1.96,1,352,22,00001649015
645314693709876780,Thess Central 1 B.R Oasis  equipped - Netflix,409238876,Gil,,Thessaloniki,40.6353249,22.9520283,Entire home/apt,,2,11,2024-08-25,0.46,3,0,3,00001553823
645368406553818233,ΟΜΟΡΦΟ ΔΙΑΜΕΡΙΣΜΑ ΣΤΟ ΚΕΝΤΡΟ ΤΗΣ ΘΕΣΣΑΛΟΝΙΚΗΣ,86093592,Makis,,Thessaloniki,40.6298452,22.9485376,Entire home/apt,91,3,12,2023-07-09,0.45,1,57,0,00001602575
645506191021044146,Luxury studio in the center of Thessaloniki,390378104,Dimitra,,Thessaloniki,40.6381583,22.9516415,Entire home/apt,40,1,0,,,1,32,0,00001601202
645519847613114230,MATS APARTMENT,311619197,Matsoukakos,,Thessaloniki,40.59841,22.95365,Entire home/apt,90,3,29,2024-09-15,1.07,1,174,10,Exempt
645589196440336884,Olumpou Residences 156#,119416356,Fani,,Thessaloniki,40.64156,22.94243,Entire home/apt,35,1,100,2024-09-19,3.59,30,282,14,00001637091
646188187917384415,Mina's studio center town L -Νέα  Παραλία,462842901,Μίνα,,Thessaloniki,40.61423,22.9557,Entire home/apt,39,2,38,2024-07-31,1.38,2,152,7,00001603561
646285719321467224,Azalea City Apartment – Vesta Philoxenia,336527202,Vesta Philoxenia,,Thessaloniki,40.64331,22.94064,Entire home/apt,49,2,19,2024-04-14,0.75,51,130,8,00002495707
646713769829725445,Theo Apartment,453163974,Theodoros,,Thessaloniki,40.639343879086354,22.941831573843956,Entire home/apt,50,3,4,2022-10-17,0.15,1,348,0,00001488995
646942177722914066,Chill Out Apartment Thessaloniki,100776361,Μανωλης,,Neapolis – Sykeon,40.6394197,22.9617886,Entire home/apt,56,1,60,2024-07-14,2.22,8,90,13,00001650665
647745257741726622,"Blue Apartment 
Entire apartment",304620428,Nina,,Thessaloniki,40.64453,22.92731,Entire home/apt,48,1,144,2024-08-29,5.29,2,31,23,00001711527
648554613389850906,IN25S,462568061,Αθανάσιος,,Thessaloniki,40.6115487827982,22.963956445455548,Entire home/apt,46,2,13,2024-08-26,0.52,2,85,4,00001599632
649130934314563097,Pela-Chris,341137087,Αστέριος,,Thessaloniki,40.63461682440878,22.954166857147236,Entire home/apt,35,2,112,2024-07-20,4.11,1,341,27,00001638067
649167156026613356,"Breez Apartment #2, The Luxury Suites",280458084,The Luxury Suites,,Thessaloniki,40.64007,22.93855,Entire home/apt,49,2,27,2024-03-11,1.00,173,167,8,00002834521
649898776472090142,όμορφο διαμέρισμα σε πολυκατοικία.,182741032,Lititsia,,Thessaloniki,40.60585557375356,22.969786442852794,Entire home/apt,400,1,2,2024-01-01,0.08,1,365,1,1593116
650237413609703492,"Thessaloniki Luxe Suite, Chrysa's Private Getaway",464489378,Vasileios,,Ampelokipon – Menemeni,40.660490683774825,22.899198591614436,Entire home/apt,57,2,1,2024-08-11,0.68,2,245,1,00002508855
650625477623065732,Α beautiful  seaside view apartment at  the center,227181951,John,,Thessaloniki,40.6353962,22.9355702,Entire home/apt,60,2,15,2024-05-19,0.57,4,353,2,00001616837
650706526812001256,nona's,329299900,Sofi,,Thessaloniki,40.63940909999999,22.9469714,Entire home/apt,101,2,22,2024-09-15,0.83,1,186,12,00001614302
652012120005727660,"Dahlia City Loft-Apartment, Vesta Philoxenia",336527202,Vesta Philoxenia,,Thessaloniki,40.61564,22.96106,Entire home/apt,48,2,23,2024-08-19,0.85,51,111,10,00002497843
652165752758930198,SANI's | Modern 2-bedroom downtown condo,177139251,Stergios,,Thessaloniki,40.6339,22.94401,Entire home/apt,129,2,38,2024-09-16,1.62,1,188,12,00002370490
653331508268237537,Doiranis Accomodation,74318088,Maria,,Thessaloniki,40.62262,22.96334,Entire home/apt,100,2,4,2024-08-08,0.16,2,78,1,00001620382
654362038650310648,Despina's Yard,465414954,Δέσποινα,,Thessaloniki,40.64655817397087,22.92554688118936,Entire home/apt,55,2,16,2024-08-26,0.66,1,170,9,00001702795
654770766604855592,Waterfront Apartment with Sea View_WV114,260979712,Erasmus,,Thessaloniki,40.61342,22.95498,Entire home/apt,,1,0,,,40,301,0,00001738506
655059993486401599,"Old Town, Cosy Apartment_VT11",260979712,Erasmus,,Thessaloniki,40.63574,22.95409,Entire home/apt,41,1,1,2023-05-20,0.06,40,265,0,00001738506
655763573041320267,A&D City Apartment,465206023,Ελένη,,Thessaloniki,40.64236676947321,22.939211390912533,Entire home/apt,70,1,1,2024-03-27,0.17,1,333,1,00001546602
656159393568299610,Cosy Open Studio by the Roman Palace_D11,260979712,Erasmus,,Thessaloniki,40.62871,22.9496,Entire home/apt,,1,1,2023-01-08,0.05,40,232,0,00001738506
656307846355454735,Penthouse Apartment 1# ΜΟΝΤΕΡΝΟ ΡΕΤΙΡΕ ΔΙΑΜΕΡΙΣΜΑ,465853131,Παναγιωτης,,Thessaloniki,40.60298969999999,22.968923,Entire home/apt,57,4,28,2024-08-16,1.10,1,340,9,00001701906
656332026958406791,Elegant Suite Kalamaria / Parking,465858522,Matoula,,Kalamaria,40.5888138,22.9606976,Entire home/apt,86,1,84,2024-09-21,3.10,2,355,35,00001634947
657166493255120697,Delmare Tiffany's Apartment,268825110,Grigorios,,Thessaloniki,40.631556,22.9461174,Entire home/apt,80,1,1,2022-09-02,0.04,7,365,0,00001901070
658000720643074207,SunnySide Up #hosted by DoorMat,465380268,Marinos,,Thessaloniki,40.6421261,22.9468752,Entire home/apt,43,2,125,2024-09-10,4.65,1,63,49,00002362973
635371139523889378,Kallos #Skgbnb,28267881,Tomas&Cristina! Skgbnb,,Thessaloniki,40.632808121173966,22.9539829865098,Entire home/apt,90,2,17,2024-08-21,0.70,29,361,9,00001756886
635371353462491690,Aura Apartment #Skgbnb,28267881,Tomas&Cristina! Skgbnb,,Thessaloniki,40.638317,22.950602,Entire home/apt,50,2,42,2024-09-03,1.51,29,233,22,00001462339
635470197593756357,ZH Superior Suite - Modern apartment ||||,317568408,Zh,,Thessaloniki,40.630646,22.945978,Entire home/apt,71,2,0,,,1,331,0,00000928457
636249703061752082,Antelope Studio 1,188716510,Ζωή,,Thessaloniki,40.63676,22.94015,Entire home/apt,43,1,110,2024-08-31,4.09,1,360,50,00002812440
638263781153808554,Golden Rose,185616424,Vaggelis,,Thessaloniki,40.636982,22.950491,Entire home/apt,70,2,10,2023-12-01,0.36,4,363,3,00002797420
638326006141970051,Heavenly Roof Top studio with Terrace,176195463,Panagiotis S,,Kalamaria,40.58618,22.95901,Entire home/apt,59,6,17,2024-09-03,0.66,1,364,4,00001584464
639105931822324713,"Homevision - Bright, spacious & quiet",515398068,Homevision,,Neapolis – Sykeon,40.64732,22.93974,Entire home/apt,50,2,17,2024-08-25,0.66,11,357,11,00001661921
639185777409894562,GraffitiSuites#Cactus,185535470,V.M.,,Thessaloniki,40.63583,22.937998,Entire home/apt,,1,2,2023-05-07,0.12,5,365,0,00001749543
639629026041699105,Temple of PPG in Thessaloniki,188458774,Arcus O.E.,,Thessaloniki,40.63197,22.95113,Entire home/apt,153,2,20,2024-09-07,0.72,18,190,9,00001534833
639710686986340875,Orange studio downtown 5 min from White Tower,119396127,Alexandra-Olesia,,Thessaloniki,40.630116,22.951262,Entire home/apt,,2,87,2024-09-07,3.12,2,0,27,00001564319
640296465664226724,Castle of Beauty in Thessaloniki,188458774,Arcus O.E.,,Thessaloniki,40.63535,22.94517,Entire home/apt,,2,0,,,18,1,0,00001595125
640606539978421406,"Beautiful ,central flat,sleeps 4 people!!!",47615492,Savas & Anthi,,Thessaloniki,40.64468,22.93876,Entire home/apt,,700,68,2024-04-30,2.53,8,90,16,00000673498
640941677887226784,"ADI 2 BOUTIQUE HOUSE, στο κέντρο της Θεσ/νίκης",38097022,Dimitris Jessica,,Thessaloniki,40.62993761367324,22.95059432394257,Entire home/apt,70,1,20,2024-08-30,0.73,2,322,1,00001586861
641180153839024067,Olumpou Residence #234,119416356,Fani,,Thessaloniki,40.64176,22.94239,Entire home/apt,39,1,75,2024-07-18,2.71,30,241,11,00001637065
680958954667654610,Thess1home Metro,171595075,Panagiotis,,Thessaloniki,40.61348,22.95904,Entire home/apt,80,1,28,2024-08-17,1.09,5,360,7,00002867507
683135804679180495,"Quiet 1 bedroom apart, 2 mins walk to White Tower",15699709,Caroline,,Thessaloniki,40.62803,22.94945,Entire home/apt,60,2,0,,,1,110,0,00001710179
683194646392027111,Maria’s House,127754324,Maria,,Pilea – Chortiatis,40.6398107,23.030272,Entire home/apt,45,1,8,2024-03-25,0.31,1,365,4,00001710217
684321539889062168,Innovative urban boho studio in Ladadika,350279014,Innovation,,Thessaloniki,40.63786,22.93616,Entire home/apt,35,1,100,2024-09-05,3.90,33,332,43,00002409068
684470072081495746,#Lighthouse: Penthouse with private pool by halu!,251290631,Halu,,Thessaloniki,40.63224,22.94648,Entire home/apt,,1,8,2024-09-01,0.60,90,0,7,00002319696
685795344504013579,Innovative snug bohemian studio in Ladadika,350279014,Innovation,,Thessaloniki,40.63817,22.93626,Entire home/apt,38,1,114,2024-09-03,4.42,33,2,54,00001717984
685928722869944112,Room at a nice place in Thessaloniki,142980276,Elias G.,,Thessaloniki,40.61225,22.95537,Private room,23,1,47,2024-09-13,3.39,1,1,37,00002245236
686104806218937567,"Elegant apart, 3Km downtown, 20min Airport,100Mbps",473289343,Eleni,,Kalamaria,40.58713,22.96266,Entire home/apt,90,30,9,2023-05-07,0.35,1,153,0,00001676360
686213034394391014,Delmare Posidonio  Apartment,268825110,Grigorios,,Thessaloniki,40.59794,22.9526,Entire home/apt,90,2,3,2024-04-01,0.12,7,265,1,00001874382
686749466530118099,SIBL LOFT I,473440953,Sibl,,Thessaloniki,40.6195884,22.9557284,Entire home/apt,59,1,22,2024-08-24,0.90,2,37,5,00002514484
686759070416358257,SIBL LOFT II,473440953,Sibl,,Thessaloniki,40.6195884,22.9557284,Entire home/apt,59,1,54,2024-09-10,2.26,2,353,24,00001768002
688936110991054597,"Floral, Nilie Hospitality MGMT",239769711,Nilie Premium Hospitality MGMT,,Thessaloniki,40.63807,22.94057,Entire home/apt,,1,37,2024-09-13,1.72,316,0,19,1790710
689708838119446436,Όμορφο διαμέρισμα κέντροανατολικα στη θεσσαλονικη,50465921,Xristos,,Thessaloniki,40.60525,22.95379,Entire home/apt,45,1,39,2023-10-15,1.59,1,208,4,00001727803
689948714164970429,Mini Suite Roman Agora,131624143,Intos,,Thessaloniki,40.63636,22.94736,Entire home/apt,39,2,37,2024-09-12,2.00,1,339,26,00001925209
690541926482882028,Michael's house Thessaloniki near center,284760951,Mιχαήλ,,Thessaloniki,40.6384122,22.9557982,Entire home/apt,,719,2,2023-06-01,0.11,1,364,0,00001639542
691194351164002098,"Ideal City Studio-Apartment, Vesta Philoxenia",336527202,Vesta Philoxenia,,Thessaloniki,40.63866,22.94782,Entire home/apt,43,3,27,2024-07-25,1.10,51,121,15,00002499932
691194470218612445,"Fairytale 1 City Loft Apartment, Vesta Philoxenia",336527202,Vesta Philoxenia,,Thessaloniki,40.61506,22.96683,Entire home/apt,,3,23,2024-08-10,0.91,51,0,9,00002499889
691251777595909186,Eclectic Design Studio #01 in Aristotelous,474464191,Ana,,Thessaloniki,40.6349398,22.9439764,Entire home/apt,,30,4,2024-09-18,0.16,5,0,1,00001746070
691642976250706279,"Big Apple, Nilie Hospitality MGMT",239769711,Nilie Premium Hospitality MGMT,,Thessaloniki,40.64032,22.93776,Entire home/apt,50,1,9,2024-09-16,0.38,316,349,6,1913424
692028358218403633,"Simone
(By Socrates Junior Houses)",212951050,Socrates Junior Houses,,Thessaloniki,40.63919490000001,22.9396479,Entire home/apt,61,1,46,2024-08-11,1.80,13,226,24,00001721616
692469336498065058,Business Double Room | 72 AD Suites,474777255,Ido,,Thessaloniki,40.6395497,22.9451357,Entire home/apt,81,1,3,2024-08-22,0.28,6,318,3,1251122
692489503995470058,Comfort Double Room | 72 AD Suites,474777255,Ido,,Thessaloniki,40.6395497,22.9451357,Entire home/apt,88,1,4,2023-03-26,0.17,6,349,0,1251122
692505084081017908,Superior Room | 72 AD Suites,474777255,Ido,,Thessaloniki,40.6395497,22.9451357,Entire home/apt,93,1,2,2023-05-01,0.09,6,353,0,1251122
692520242242563218,Junior Suite | 72 AD Suites,474777255,Ido,,Thessaloniki,40.6395497,22.9451357,Entire home/apt,104,1,1,2023-02-19,0.05,6,347,0,1251122
692533774934610883,Cozy Room | 72 AD Suites,474777255,Ido,,Thessaloniki,40.63955,22.94514,Entire home/apt,99,1,0,,,6,325,0,1251122
692542463355420020,Executive Suite | 72 AD Suites,474777255,Ido,,Thessaloniki,40.6395497,22.9451357,Entire home/apt,163,1,0,,,6,319,0,1251122
693459668610239701,"like home!
(στο κεντρο της θεσσαλονίκης)",474994062,Nelson,,Thessaloniki,40.6329692,22.9485376,Entire home/apt,45,3,44,2024-09-16,1.78,1,220,23,00001735500
694732422553181108,Angels' House,90204326,Giorgos,,Thessaloniki,40.6355271,22.9544678,Entire home/apt,70,3,6,2023-07-20,0.24,1,115,0,00001706054
695430090584498898,C.4 Red Rose #colony_central_apartment,32216964,George,,Thessaloniki,40.63539189999999,22.9444694,Entire home/apt,90,2,12,2024-08-16,0.52,17,289,3,00001748329
696927664794179285,Dora's Home 35,475763208,Εμμανουηλ,,Thessaloniki,40.62043,22.95873,Entire home/apt,52,2,64,2024-09-19,2.57,1,353,22,00001728932
698379849721347468,"Beautiful apartment with fireplace, A/C & terrace.",476040125,Σωτήρης,,Thessaloniki,40.61164,22.96156,Entire home/apt,100,3,4,2024-01-05,0.18,1,364,1,00001742636
698942776696366775,Catalina Jacuzzi Sea View SuITE,454062804,Sea And The City,,Thessaloniki,40.6364,22.93572,Entire home/apt,128,1,40,2024-08-29,1.62,16,125,18,00002735392
699763376243267056,Άνετο διαμέρισμα δίπλα στο κέντρο της πόλης,476343445,Maria,,Thessaloniki,40.6071397,22.9571945,Entire home/apt,45,3,7,2023-10-25,0.32,1,322,1,00001746203
699873449240347215,Rania's house,221206947,Vasilis,,Thessaloniki,40.6232146,22.9743428,Entire home/apt,102,1,7,2024-06-13,0.28,1,355,4,00001749113
700450221799143245,Four Queens Downtown-Άνετο διαμέρισμα στο κέντρο.,247069907,Konstantinos,,Thessaloniki,40.62828870300942,22.949606257672126,Entire home/apt,64,2,29,2024-09-19,1.23,1,69,18,00001787932
700453983461434849,Olive #Skgbnb,1977386,Cristina&Tomas! Skgbnb,,Thessaloniki,40.61259,22.95509,Entire home/apt,50,20,20,2024-08-31,0.79,30,355,4,00001811625
700465528964603344,#Eclair by halu! Apartments,251290631,Halu,,Thessaloniki,40.6326,22.94557,Entire home/apt,103,1,14,2024-08-11,0.57,90,354,6,00002255797
700484449244043273,Thess1home Grand Mistral,34979760,Panagiotis,,Kalamaria,40.5689242,22.9586007,Entire home/apt,131,1,65,2024-09-12,2.57,10,262,29,00001747513
700586101962321400,Roman Forum Apartment,476518880,Κατερινα,,Thessaloniki,40.6385613,22.9461813,Entire home/apt,130,2,8,2023-05-20,0.33,1,350,0,00001746150
700663946942943040,Antelope Studio 2,29643928,Desen Hospitality,,Thessaloniki,40.63593,22.94,Entire home/apt,52,1,128,2024-08-28,5.09,8,349,41,00002104699
700678511521393449,Lovely small (parterre) apartment in Thessaloniki,44750245,Guy,,Thessaloniki,40.62227,22.96219,Entire home/apt,56,2,6,2024-08-07,0.24,3,189,3,00001994037
700685766344410509,Art lab,445778813,Xristina,,Kalamaria,40.57056,22.97171,Entire home/apt,40,2,32,2024-09-06,1.30,1,351,18,00001757140
700995989719525696,Jordan’s rooms 6,156282533,Jordans Rooms Ike,,Thessaloniki,40.64092553217603,22.946672961115837,Entire home/apt,49,2,0,,,9,358,0,00001748089
701210293340939581,Άνετο διαμέρισμα στη Θεσσαλονίκη!,373209388,Βικτωρία,,Thessaloniki,40.61899,22.95966,Entire home/apt,70,2,32,2024-08-11,1.29,1,270,11,00001752029
701871095317443782,#Ioanna Apartments | Nikopolis Corner,434347481,Ioanna Apartments,,Pavlou Mela,40.68479,22.93149,Entire home/apt,35,1,68,2024-09-06,2.76,21,354,31,00001747311
701892166109841095,Warm luxury Living 60,241086876,Souzanna,,Thessaloniki,40.6056,22.96208,Entire home/apt,75,2,0,,,1,265,0,00001880640
704095363790715678,Γλυκό διαμέρισμα διακοπών πυλαία,472715164,V,,Thessaloniki,40.59558,22.97159,Entire home/apt,60,1,2,2024-09-09,0.59,1,356,2,00000162294
704295611303778907,"Pearl City Center Apartment, Vesta Philoxenia",336527202,Vesta Philoxenia,,Thessaloniki,40.63245,22.95032,Entire home/apt,66,2,7,2024-08-19,0.30,51,110,2,00002500356
705620933910591855,ΝΤΕΠΥΣ ΛΟΦΤ ΠΟΛΥ ΟΜΟΡΦΟ ΚΑΙ ΠΛΗΡΩΣ ΑΝΑΚΑΙΝΙΣΜΕΝΟ,473275376,Depy,,Thessaloniki,40.60439909999999,22.9546621,Entire home/apt,65,2,15,2024-07-30,0.61,1,365,4,Exempt
705657579228328193,Nomas SKG - 2 Bedroom Stylish Apartment,337667708,Christos,,Thessaloniki,40.60108,22.95351,Entire home/apt,110,1,3,2023-09-08,0.12,1,361,0,00001749235
706310045051705601,"Nyma White #5, The Luxury Suites",280458084,The Luxury Suites,,Thessaloniki,40.63795,22.94106,Entire home/apt,64,2,121,2024-08-31,4.88,173,158,45,00002834500
706888516554266717,Stylish Urban rental unit with private entrance #G,477781969,Eg Urban Stay,,Thessaloniki,40.64286,22.93296,Entire home/apt,50,2,10,2024-03-31,0.40,5,297,3,00001754431
706944804037011385,"#FLH - K4.01 City Apartment, Thessaloniki",9244884,FeelsLikeHomeGR,,Thessaloniki,40.64204,22.93649,Entire home/apt,65,1,2,2022-09-27,0.08,17,113,0,00001755640
707026608133132554,"#FLH - K4.02 City Apartment, Thessaloniki",9244884,FeelsLikeHomeGR,,Thessaloniki,40.64222,22.93582,Entire home/apt,75,1,6,2024-06-26,0.24,17,123,2,00001755698
707148817466694797,Harmony Luxury Apartment,134116779,Dimitris,,Thessaloniki,40.6188886,22.9561938,Entire home/apt,237,2,4,2022-12-06,0.16,1,0,0,00001923348
707200119303381400,Urbancozy appartment#,206225529,Dourou,,Thessaloniki,40.60427,22.95321,Entire home/apt,60,2,4,2023-12-12,0.16,1,128,1,00001756599
707272081987156649,"Bourn, Nilie Hospitality MGMT",239769711,Nilie Premium Hospitality MGMT,,Thessaloniki,40.64403,22.93435,Entire home/apt,45,1,10,2023-12-03,0.62,316,338,2,1794850
707554396188882230,Happy Colors flat downtown near St.Sophia church,477912948,Alexander,,Thessaloniki,40.63351,22.94761,Entire home/apt,42,2,85,2024-09-01,3.43,2,25,36,00000983543
707643480137643975,Euphoria,477924313,Ιωαννης,,Thessaloniki,40.6286768,22.9478461,Entire home/apt,78,3,97,2024-09-12,3.92,1,315,52,00002918736
707689448028970107,"Stylish Urban Studio with private entrance, #E",477781969,Eg Urban Stay,,Thessaloniki,40.64322,22.93277,Entire home/apt,47,2,21,2024-08-18,0.85,5,341,13,00001754393
707699923949771152,"Stylish Urban Studio with private entrance,  #E1",477781969,Eg Urban Stay,,Thessaloniki,40.642,22.93315,Entire home/apt,49,2,29,2024-09-04,1.16,5,247,10,00001754405
707723013348405933,"#FLH - K4.04 City Apartment, Thessaloniki",9244884,FeelsLikeHomeGR,,Thessaloniki,40.64086,22.93533,Entire home/apt,60,1,8,2024-04-07,0.33,17,110,3,00001755715
707729859740169658,"#FLH - K4.05 City Apartment, Thessaloniki",9244884,FeelsLikeHomeGR,,Thessaloniki,40.64099,22.93709,Entire home/apt,79,1,1,2022-12-20,0.05,17,122,0,00001755700
707783901663113428,"""Home Cinema"" at the center of Thessaloniki",102046074,Evangelos,,Thessaloniki,40.6394,22.93916,Entire home/apt,86,1,41,2024-08-31,1.65,1,352,23,00001756966
709109897566003214,"#FLH - K4.06 City Apartment, Thessaloniki",9244884,FeelsLikeHomeGR,,Thessaloniki,40.64073,22.93705,Entire home/apt,88,1,0,,,17,120,0,00001755720
709404262573344709,Διαμέρισμα στην παραδοσιάκη Άνω Πόλη,478283223,Θανος,,Thessaloniki,40.6430028515909,22.94964118345544,Entire home/apt,84,1,48,2023-11-12,1.94,2,1,6,00001989803
709539799458290275,Stylish Fully Equipped City Center Condo,8875256,Alex,,Thessaloniki,40.63826873645473,22.940975342327867,Entire home/apt,52,2,135,2024-09-14,5.45,3,332,50,00002160020
709935180454950366,Satus   Finem Egnatia s Luxury Apartment,188458774,Arcus O.E.,,Thessaloniki,40.63863,22.93762,Entire home/apt,91,2,1,2022-12-31,0.05,18,224,0,00001775037
709944699638380465,"Ellis Paradise City Apartment 1, Vesta Philoxenia",336527202,Vesta Philoxenia,,Thessaloniki,40.63523,22.93588,Entire home/apt,67,2,26,2024-08-19,1.05,51,128,11,00002499544
709945063059670106,"Ellis Paradise City Studio 2, Vesta Philoxenia",336527202,Vesta Philoxenia,,Thessaloniki,40.63374,22.93598,Entire home/apt,57,2,17,2024-06-22,0.69,51,130,10,00002499630
709945233003613252,"Ellis Paradise City Studio 3, Vesta Philoxenia",336527202,Vesta Philoxenia,,Thessaloniki,40.63511,22.93684,Entire home/apt,57,2,15,2024-05-26,0.63,51,126,6,00002499788
709945468040820441,"Ellis Paradise City Apartment 4, Vesta Philoxenia",336527202,Vesta Philoxenia,,Thessaloniki,40.63457,22.93681,Entire home/apt,74,2,26,2024-08-26,1.07,51,130,11,00002499603
709947423621230641,Satus   Finem Egnatia s Luxury Studio,188458774,Arcus O.E.,,Thessaloniki,40.63847,22.93721,Entire home/apt,56,2,1,2022-12-30,0.05,18,205,0,00001775058
710023969451588768,Sevenpockethouse Deluxe double room,214857203,Powerbnb,,Thessaloniki,40.64447,22.94814,Private room,36,1,22,2024-08-06,1.54,14,350,19,00000638064
710036099642446218,7Pocket house deluxe double room w/ garden view,214857203,Powerbnb,,Thessaloniki,40.64437,22.94814,Private room,40,1,12,2024-05-13,0.60,14,349,7,00000920028
710151501160270012,Όμορφο διαμέρισμα στο κέντρο της Θεσσαλονίκης,50792351,Dimosthenis,,Thessaloniki,40.640745441192614,22.947247624397278,Entire home/apt,70,1,1,2022-09-10,0.04,1,84,0,00001759303
710489640065170067,(5min from Papageorgiou) Free Indoor Parking,62233574,Georgios,,Pavlou Mela,40.683572576898975,22.9486073374344,Entire home/apt,62,1,63,2024-07-15,2.54,2,51,23,00001825190
710812965911243955,Δίχωρο δωμάτιο φιλοξενίας σε διαμέρισμα,132902557,Maria Eleni,,Thessaloniki,40.6229,22.96706,Private room,26,1,73,2024-09-04,2.94,1,125,24,00001760262
711315424952708732,John Central Suites #1,478654139,Ιωάννης,,Thessaloniki,40.64221,22.9343187,Entire home/apt,37,1,12,2024-09-16,0.50,8,163,6,00001768091
711554239713818723,Eclectic Design Studio #02 in Aristotelous,474464191,Ana,,Thessaloniki,40.6350191828744,22.944040773016354,Entire home/apt,41,1,0,,,5,3,0,00001752464
711912353017495882,City Center Getaway,474305106,Theodotie,,Thessaloniki,40.631923429555094,22.946272641420364,Entire home/apt,69,2,28,2024-09-21,2.49,1,358,28,00002048486
712741684252837790,South France Apt,200817622,Dimitris,,Kordelio – Evosmos,40.6754842,22.8994317,Entire home/apt,41,3,42,2024-09-09,1.71,2,350,28,00001762250
658569034024451828,"Breez Apartment #3, The Luxury Suites",280458084,The Luxury Suites,,Thessaloniki,40.63978,22.93882,Entire home/apt,53,2,68,2024-08-21,2.50,173,170,4,00002834537
658629868052811514,Sky View apartment,466386597,Κατερίνα,,Thessaloniki,40.643792443993654,22.927100211381912,Entire home/apt,42,1,90,2024-08-23,3.31,1,69,37,00001637411
659128423516101953,Hara's house,466507704,Χαρούλα,,Pilea – Chortiatis,40.6287265,23.0477174,Entire home/apt,37,1,7,2024-05-07,0.26,1,326,2,00001646600
659297265126954395,A&J fully equipped renovated 2 room apartment,302197572,Andreas,,Thessaloniki,40.6301382,22.9667356,Entire home/apt,50,2,126,2024-09-21,4.73,2,156,52,00001641127
659478917313600816,Πολυτελής κατοικία με θέα τον Θερμαϊκό,127313703,Vasiliki,,Pilea – Chortiatis,40.58404,23.02861,Entire home/apt,129,1,17,2024-09-07,0.64,1,337,3,00000333528
660077601407963522,DoorMat#1 Stracciatella,314719925,Alkmini,,Thessaloniki,40.61869,22.95467,Entire home/apt,40,1,100,2024-08-27,3.81,2,355,36,00002880298
660156630752133102,Tsimiski7#apartment (one bedroom),119416356,Fani,,Thessaloniki,40.63579,22.93948,Entire home/apt,46,1,110,2024-08-25,4.11,30,55,30,00001637018
661334069600107375,#Tiramisu by halu! Apartments,251290631,Halu,,Thessaloniki,40.63319,22.94279,Entire home/apt,72,1,30,2024-08-09,1.20,90,348,15,00001887790
662583091562850808,Greek Home Retreat in the Center,47632379,Marianna,,Thessaloniki,40.631864140008034,22.9489803314209,Entire home/apt,78,2,9,2024-09-08,0.71,1,365,7,00002130055
663614550400001198,"Το σπίτι μου, δίπλα στο κέντρο!",467595516,Βασιλική,,Thessaloniki,40.61823,22.96092,Entire home/apt,44,2,40,2024-09-17,2.09,1,83,21,00001902093
664124568111157227,Βολικο διαμερισμα στην Νεα Κρηνη Καλαμαριά,467726389,Sofia,,Kalamaria,40.5733809,22.9555422,Entire home/apt,60,3,15,2024-09-09,0.58,1,355,8,00495122391
664428853718737334,🔸Loft In The Center🔸,217629568,Dimitris,,Thessaloniki,40.63563,22.94759,Entire home/apt,44,1,73,2024-09-07,2.78,2,360,30,00001872549
664493458263870201,Anthis luxury home,66865892,Maria,,Neapolis – Sykeon,40.64921117076436,22.94491544365883,Entire home/apt,50,4,24,2024-05-06,0.95,2,356,4,00001657631
664852052161880510,Luxury Studio in Central Thessaloniki,267073665,Manos,,Thessaloniki,40.63871063099142,22.937811613082886,Entire home/apt,70,3,7,2023-11-05,0.26,1,342,1,00001633233
665146678148966577,Central Garden Boutique,467998185,Harris,,Thessaloniki,40.59908,22.95279,Entire home/apt,70,1,24,2024-07-27,0.91,2,346,10,00001622430
665299790813397939,"Eclectic Luxury Studio ,Max Rubens(Egnatias str)",186568120,Foteini,,Thessaloniki,40.63995,22.9369,Entire home/apt,49,1,5,2023-04-09,0.19,8,346,0,00002294859
665609938049867780,Grekolidays.com Galatia's Apartment,255728773,Μαρια,,Kalamaria,40.576449955369746,22.94727075845003,Entire home/apt,90,4,9,2024-07-29,0.34,1,22,1,00001660961
665844014710535459,Project Leni 239,468175748,Alexandros,,Thessaloniki,40.63845114847727,22.943960306745907,Entire home/apt,75,2,51,2024-09-17,1.93,1,162,17,00001611067
665965187641186576,Ele- city centre charmy and comfy!,7926196,Elena,,Ampelokipon – Menemeni,40.64852,22.93129,Entire home/apt,39,1,32,2024-08-16,1.20,4,0,5,00001665285
666045693539847344,Singularity Luxury Studio,443969806,John,,Thessaloniki,40.64068867093566,22.93290185277861,Entire home/apt,55,1,8,2024-09-01,2.35,1,150,8,00001798736
667050429365547035,7 min walk from the White Tower and the sea,398180905,Μαρια,,Thessaloniki,40.63436783318549,22.948272228240967,Entire home/apt,35,2,57,2024-09-11,2.14,2,126,26,00001660472
667105942427501578,"P30, Nilie Hospitality MGMT",239769711,Nilie Premium Hospitality MGMT,,Thessaloniki,40.63816,22.93915,Entire home/apt,51,1,62,2024-09-12,2.47,316,349,29,1677096
667148555964655079,"New Era, Nilie Hospitality MGMT",239769711,Nilie Premium Hospitality MGMT,,Thessaloniki,40.63888,22.93629,Entire home/apt,64,1,20,2024-04-04,0.85,316,350,12,1674983
668803483604558417,Lux Nomad MGMT - ZEN (super central studio),455462712,Alexios,,Thessaloniki,40.6355604,22.9462872,Entire home/apt,53,2,55,2024-09-07,2.07,2,353,16,00001665631
669214263466218041,Όμορφο διαμέρισμα στο κέντρο της Καλαμαριάς,402890447,Δεσποινα,,Kalamaria,40.5827,22.95139,Entire home/apt,96,2,12,2024-07-29,0.57,1,364,3,Exempt
670046791415974976,"Uptown 2-level Apt, private patio & balcony with views",336527202,Vesta Philoxenia,,Thessaloniki,40.64237,22.95817,Entire home/apt,,3,3,2023-05-01,0.12,51,0,0,00002106550
670335393832297367,Luxurious Studio with amazing view to the sea,83568509,Stefanos,,Kalamaria,40.57114011626576,22.953210023803717,Entire home/apt,99,2,14,2024-09-15,0.56,1,365,8,00001675741
671352172549254202,Όμορφο διαμέρισμα σε πολυκατοικία στη Θεσσαλονίκη,263018837,Savvas,,Thessaloniki,40.61007483219481,22.95910365879536,Entire home/apt,60,2,8,2022-09-23,0.31,1,234,0,00001266640
671511902353834446,Modern apartment in Οld Τown,153156267,Panagiotis,,Thessaloniki,40.64365,22.94993,Entire home/apt,82,2,16,2024-04-15,0.84,1,325,10,00001892424
671536018219790986,Fon - quiet nook !,7926196,Elena,,Ampelokipon – Menemeni,40.64838,22.9292,Entire home/apt,39,1,29,2024-05-18,1.09,4,0,10,00001682038
672850764266434756,#Pico Mango by halu!,251290631,Halu,,Thessaloniki,40.64122,22.94089,Entire home/apt,40,1,1,2024-07-23,0.48,90,361,1,00002458250
673045835673728776,"SunRay City Apartment, Vesta Philoxenia",336527202,Vesta Philoxenia,,Thessaloniki,40.60703,22.95852,Entire home/apt,53,2,9,2023-11-20,0.35,51,117,4,00002501283
673544188522522079,Smaro’s 2 Bedroom Luxury Apartment,197778673,Smaro,,Thessaloniki,40.59665,22.95797,Entire home/apt,100,2,9,2024-09-09,0.49,1,167,1,01033550652
673723916196007244,The Caravan B&B-Executive Room,59679245,The Caravan,,Thessaloniki,40.63677,22.94108,Private room,176,1,0,,,6,151,0,1178802
673881502317725093,"Breez Apartment #1, The Luxury Suites",280458084,The Luxury Suites,,Thessaloniki,40.63992,22.93898,Entire home/apt,51,2,49,2024-07-26,1.90,173,160,9,00002834516
674226436070938140,The Caravan B&B-Family Room,59679245,The Caravan,,Thessaloniki,40.6378373,22.9415434,Private room,216,1,0,,,6,130,0,1178802
674306197618159770,7 pocket house Deluxe triple bedrooum,214857203,Powerbnb,,Thessaloniki,40.64444,22.94883,Private room,35,1,30,2024-06-18,1.55,14,353,16,00000920040
674611049959443499,"Thesshome Apartment, Aristotelous, city center",470411744,Eleni,,Thessaloniki,40.63721273678263,22.946679898147586,Entire home/apt,60,2,50,2024-09-13,1.92,2,114,20,00001588068
675524673046098335,"Premium, modern apartment in city center",470648435,Forget The Hotel,,Thessaloniki,40.64107,22.94488,Entire home/apt,52,1,42,2024-09-02,1.85,6,315,25,Exempt
675921562437970511,Fandango: Gorgeous Neoclassical Apartment,251290631,Halu,,Thessaloniki,40.63668,22.94203,Entire home/apt,175,1,20,2024-03-10,0.77,90,322,2,00001654615
676049350186161694,Μοντέρνο διαμέρισμα στο κέντρο της Θεσσαλονίκης,93631145,Απόστολος,,Thessaloniki,40.6427754,22.9397567,Entire home/apt,43,2,42,2024-05-10,1.60,6,28,11,00002801487
678760290216153627,Central apartment in Thessaloniki,341592803,Sophia,,Thessaloniki,40.6374,22.95137,Entire home/apt,60,2,19,2023-09-28,0.77,2,362,1,00001758806
679304457114425708,2BD - Deer Traveler Family Apt,81582518,Danae,,Thessaloniki,40.63662,22.95332,Entire home/apt,800,3,2,2023-04-24,0.08,2,365,0,00001698887
679428386339578470,Cosy Apartment in the city center,495512219,Laura,,Thessaloniki,40.63595992865621,22.948108864418018,Entire home/apt,,1,49,2024-06-28,1.98,1,0,13,00001583887
680951237962604139,Thess1home Astral,171595075,Panagiotis,,Thessaloniki,40.61209,22.95913,Entire home/apt,72,1,17,2024-09-15,0.66,5,362,4,00002867474
717052815927735059,"PanOrama, Nilie Hospitality MGMT",239769711,Nilie Premium Hospitality MGMT,,Pilea – Chortiatis,40.59043,23.02898,Entire home/apt,124,1,7,2024-08-26,0.29,316,358,1,1987798
717185950314433874,#Figaro apt by halu!,251290631,Halu,,Thessaloniki,40.63186,22.94277,Entire home/apt,110,1,4,2023-11-12,0.17,90,344,2,00001730665
718611574840066216,Urban Living 303,112627287,Urban Living,,Thessaloniki,40.63785,22.94736,Entire home/apt,120,2,1,2023-03-06,0.05,9,188,0,1640348
718703132399753714,Renovated with separate access,111563568,Ivan,,Thessaloniki,40.61418,22.95766,Entire home/apt,51,3,18,2024-09-09,1.04,1,277,6,00001911234
718727856515240603,Studio4,194224482,George,,Thessaloniki,40.63673,22.9476,Entire home/apt,36,2,27,2024-09-07,1.18,7,357,9,00001796492
719277319213182191,"Urban Secret Apartment no2, Vesta Philoxenia",336527202,Vesta Philoxenia,,Thessaloniki,40.63727,22.93827,Entire home/apt,49,2,7,2024-04-22,0.35,51,257,5,00001602507
719277444362862288,"Urban Secret Apartment no3, Vesta Philoxenia",336527202,Vesta Philoxenia,,Thessaloniki,40.63615,22.93757,Entire home/apt,53,2,24,2024-06-02,1.07,51,243,12,00001602533
719464425985940880,"Διαμέρισμα στο κέντρο, Αγία Σοφία",458345352,Mtk,,Thessaloniki,40.63537,22.94466,Entire home/apt,95,1,5,2024-03-18,0.22,1,234,3,00001766200
719933015237815314,Navarino Jacuzzi Studio,62055269,Θοδωρής,,Thessaloniki,40.63014,22.95151,Entire home/apt,60,1,10,2023-11-30,0.41,5,87,2,00001754696
720237052332915564,ΑΝΕΤΟ ΣΤΟΥΝΤΙΟ ΣΤΗΝ ΠΥΛΑΙΑ ΜΕ ΕΥΚΟΛΟ ΠΑΡΚΙΓΚ,160950003,Petros,,Pilea – Chortiatis,40.60167,22.99373,Entire home/apt,45,1,34,2024-09-07,1.41,2,91,17,00001763003
720650025456465880,Park view apartment,274401272,Dimitris,,Thessaloniki,40.60692,22.95422,Entire home/apt,,1,26,2024-08-07,1.09,2,0,7,
720909823926351894,Nava apartment,302947153,George,,Thessaloniki,40.63189,22.95023,Entire home/apt,70,2,22,2024-02-18,1.15,7,239,11,00001721414
722103158969866522,Brand new stylish 3 bdrm apartment with terrace,480671021,Mint,,Thessaloniki,40.60565,22.95153,Entire home/apt,80,2,23,2024-06-26,0.96,1,152,14,00000633350
722280138632768165,Διαμέρισμα Αμπελόκηποι,466284759,Lampros,,Ampelokipon – Menemeni,40.656299,22.9252612,Entire home/apt,80,10,2,2022-11-19,0.09,1,40,0,00001763332
723641823279273527,Καμάρα Ρετιρέ 8ος 441,73801336,George,,Thessaloniki,40.63373021698165,22.950265780091286,Entire home/apt,32,3,61,2024-09-18,2.61,3,156,35,00001892588
725014645909135503,Spacious stylish studio close to centre,481208872,Mint,,Thessaloniki,40.60205,22.95877,Entire home/apt,59,2,13,2024-09-08,0.57,1,352,6,00000922794
725049521775511512,Manou No15 Apartment,233599991,Χρήστος,,Thessaloniki,40.6281799,22.9523004,Entire home/apt,65,1,22,2024-08-15,0.98,30,358,7,00001767084
725146016534293505,Ήσυχο διαμέρισμα στην Εξοχή,481233847,Χρήστος,,Pilea – Chortiatis,40.629476100000005,23.04429520429917,Entire home/apt,50,1,4,2023-09-17,0.19,3,347,0,00001857152
725390063251662342,DoorMat#4 White Tower,23525724,Mario,,Thessaloniki,40.62839,22.94843,Entire home/apt,43,1,174,2024-09-04,7.21,10,295,77,00002503607
725415718040049776,A.G.A.I.N Downtown Premium Suite,151138484,Christos,,Thessaloniki,40.63867534828132,22.938848065301645,Entire home/apt,76,1,58,2024-09-21,2.42,1,354,31,00001784560
725738567591591618,Aristotelous 3bdrm central & family Thessaloniki,481353469,Athanasios,,Thessaloniki,40.63891,22.94716,Entire home/apt,65,2,25,2024-08-20,1.22,1,331,16,00000919067
725799990946657482,Hugo Superior Studio no1,233599991,Χρήστος,,Thessaloniki,40.6364751,22.9376423,Entire home/apt,62,1,7,2024-01-14,0.36,30,361,3,00001718333
725817558869008046,Hugo Superior Studio no2,233599991,Χρήστος,,Thessaloniki,40.6364751,22.9376423,Entire home/apt,62,1,5,2024-08-18,0.22,30,297,4,00001718333
725836044324417794,John Central Suites#2,478654139,Ιωάννης,,Thessaloniki,40.64221,22.9343187,Entire home/apt,36,1,24,2024-09-17,1.04,8,174,7,00001768103
725852949684206142,John Central Suites #3,478654139,Ιωάννης,,Thessaloniki,40.64221,22.9343187,Entire home/apt,39,1,22,2024-09-03,0.91,8,157,3,00001768119
725868983457161279,John Central Suites#4,478654139,Ιωάννης,,Thessaloniki,40.64221,22.9343187,Entire home/apt,44,1,29,2024-09-02,1.22,8,160,9,00001768044
726102822186807898,Namastay in Olympou #hosted by DoorMat,370588541,Mariana,,Thessaloniki,40.63567,22.95231,Entire home/apt,45,2,55,2024-08-30,2.70,5,334,38,00001814582
726442992999198903,John Central Suites #5,478654139,Ιωάννης,,Thessaloniki,40.64333,22.93526,Entire home/apt,37,1,38,2024-03-09,1.58,8,164,3,00001768150
726474315684927041,John Central Suites #7,478654139,Ιωάννης,,Thessaloniki,40.64153,22.93507,Entire home/apt,47,1,34,2024-09-16,1.41,8,160,11,00001768171
726495050667331331,Wood apartment in the center of Thessaloniki,481494326,Mint,,Thessaloniki,40.62914,22.95251,Entire home/apt,68,2,19,2024-05-05,0.83,1,20,4,00001440912
726579667661588436,Porto sea view Apartments- D. Gounari 5,372140900,Porto Sea View,,Thessaloniki,40.627793416774715,22.947574388360604,Entire home/apt,207,1,36,2024-09-04,1.83,40,355,18,00001785088
726859506208071858,2 Bedroom Family Apartment with Private Parking,126197040,George,,Pilea – Chortiatis,40.59839,22.98263,Entire home/apt,62,2,56,2024-09-16,2.33,2,12,33,00001787894
729419966819490971,West Road House,482020318,Ιraklis,,Kordelio – Evosmos,40.6767928,22.9063922,Entire home/apt,49,3,2,2023-09-01,0.09,1,357,0,00001784251
729437239422474121,"Vesper Apartment #3, The Luxury Suites",280458084,The Luxury Suites,,Thessaloniki,40.6381,22.93609,Entire home/apt,46,2,28,2024-08-05,1.20,173,174,8,00001767185
729571294992743298,Houseloft CityView Hagia Sophia,29565272,Houseloft,,Thessaloniki,40.6326183,22.9450286,Entire home/apt,135,1,34,2024-09-08,1.44,20,341,22,00001901512
729607705372019525,John Central Suites#8,478654139,Ιωάννης,,Thessaloniki,40.64191,22.93497,Entire home/apt,37,1,43,2024-08-26,1.83,8,165,19,00001768187
730385297053943938,Sunny Street Studio,482223766,Κυριακή,,Thessaloniki,40.646522340635705,22.92415179312229,Entire home/apt,46,2,5,2024-02-04,0.21,2,362,3,01095455108
731001555045591573,"Aslan Residence, Nilie Hospitality MGMT",239769711,Nilie Premium Hospitality MGMT,,Thessaloniki,40.60687,22.97528,Entire home/apt,55,1,35,2024-08-25,2.13,316,356,24,1792507
731515950953846032,ΟΜΟΡΦΟ ΔΙΑΜΕΡΙΣΜΑ ΝΕΟΔΜΗΤΟ 2022,250112109,Stefanos,,Thessaloniki,40.6160405,22.9772539,Entire home/apt,65,2,42,2024-09-08,1.79,2,364,7,00001792130
731541069103876790,John Central Suites #6,478654139,Ιωάννης,,Thessaloniki,40.642,22.93387,Entire home/apt,39,1,17,2024-05-15,0.73,8,168,4,00001768166
712991291581116295,Crimson Suite: 1-bedroom apartment in Thessaloniki,185879969,Aikaterina,,Thessaloniki,40.63501,22.9545,Entire home/apt,68,3,0,,,3,357,0,00001762452
712992342101450660,Airy apartment,90780487,Olga,,Pavlou Mela,40.65775,22.92822,Entire home/apt,46,2,43,2024-09-16,1.84,3,69,18,00001763863
713515590615219538,Φωτεινό και Ήσυχο Studio,140966699,Andreas Anna,,Thessaloniki,40.61405452247011,22.96618675767214,Entire home/apt,27,1,72,2024-09-06,3.41,2,47,47,00002331918
713515801254128741,Ηλιόλουστο και ήσυχο Studio,140966699,Andreas Anna,,Thessaloniki,40.6140871,22.9661653,Entire home/apt,32,1,67,2024-08-31,2.75,2,52,32,00002331902
714277065275046177,Porto Sea View Apartments - Pl. Ippodromiou 21,372140900,Porto Sea View,,Thessaloniki,40.63074353060871,22.95149817672119,Entire home/apt,146,1,39,2024-08-11,1.65,40,345,12,00001425669
714497434021397158,Ohappy Design Penthouse,479241462,Ioannis,,Thessaloniki,40.63993,22.94031,Entire home/apt,55,3,19,2024-08-13,0.84,1,327,14,00001799599
744836065090574815,THEss OLD TOWN 3 ( free private parking),470416056,Στρατης,,Thessaloniki,40.638334,22.95476,Entire home/apt,66,2,23,2024-09-01,1.20,1,259,7,00001807314
745665590435061382,Eclectic Luxury 2 (free parking place),186568120,Foteini,,Thessaloniki,40.64462,22.9254,Entire home/apt,50,1,14,2024-07-19,0.65,8,340,6,00002294890
746288236636503768,Irinis Twins apt #1,144328548,Maria,,Thessaloniki,40.6418191,22.9357383,Entire home/apt,71,2,14,2024-02-04,0.62,2,141,4,00001806354
746346386661695635,"Peaceful Lovely, 1st floor flat with Fast Internet",14851039,Nandia,,Thessaloniki,40.63252,22.95001,Entire home/apt,43,2,32,2024-09-22,1.40,3,0,17,00002462582
746709484669181963,Dreamy Apartment City Center 11 thesbnbgr,379910184,Νικόλαος,,Thessaloniki,40.6369477,22.9522056,Entire home/apt,48,2,6,2024-06-21,0.26,36,342,4,00001844180
746757355383194950,CC Urban Studio,48791781,Sofia,,Thessaloniki,40.606824891282265,22.961322344774615,Entire home/apt,46,3,12,2024-08-11,0.58,2,257,3,00001804467
747751085511920452,ARES - Suite,404625147,Angelos,,Thessaloniki,40.63547,22.9524,Entire home/apt,51,3,0,,,3,328,0,00001597012
749171477095284263,ΣπHomeThessaloniki!,485663092,Ira,,Thessaloniki,40.60011,22.96562,Entire home/apt,45,1,3,2023-05-01,0.13,1,365,0,3377225
749950988467422337,Luxury Downtown Apartment C1,485800812,Kinfeel North,,Thessaloniki,40.63341913325506,22.944184052725305,Entire home/apt,102,1,75,2024-08-18,3.30,11,303,26,00001808438
751174421855402400,Modern Central 1- bedroom apt. in Thessaloniki,27978979,George,,Thessaloniki,40.63334,22.9552,Entire home/apt,72,1,2,2023-11-12,0.16,1,257,1,00001810378
751209329292893129,C.8 Indigo&Leon  #suite_in_city_center,32216964,George,,Thessaloniki,40.6405809,22.9298416,Entire home/apt,65,2,28,2024-05-16,1.25,17,334,9,00001804159
752169274359150940,Ladadika sea view 101｜near Aristotle Square,337330816,Allen,,Thessaloniki,40.63586,22.935,Entire home/apt,51,1,102,2024-09-15,4.80,4,357,43,Exempt
752633314307481818,cozy apartment,250239088,Theodora,,Thessaloniki,40.63242,22.94713,Entire home/apt,69,2,7,2024-01-22,0.31,2,82,4,00001811545
753524380364339055,Vivi's home,119836244,Βασιλικη,,Thessaloniki,40.61429,22.95591,Entire home/apt,40,3,27,2024-09-15,1.27,1,163,15,00001829484
753720880732440002,Hermes Apartment at Aristotelous | Midas Home,158095749,Νίκος,,Thessaloniki,40.63577,22.9425,Entire home/apt,138,2,13,2024-07-31,0.58,6,307,3,00001812244
754760912608063715,PM - In the heart of Thessaloniki,25320105,Manos,,Thessaloniki,40.63114483205932,22.947431355714798,Entire home/apt,115,2,18,2024-08-08,0.82,3,336,7,00001984501
754794925200159993,Newbuild superfresh n2 studio-apartment_SKG,138923036,Κατερινα,,Ampelokipon – Menemeni,40.65057944900291,22.91478719562292,Entire home/apt,30,1,9,2024-09-07,0.40,2,207,6,00001812775
754830981243484772,#B~ Ioanna's Apartments,434347481,Ioanna Apartments,,Kordelio – Evosmos,40.66652,22.9036,Entire home/apt,35,3,83,2024-09-15,3.66,21,353,39,00001812935
755067807038337296,Menta Studios 8,174941806,Γιαννης,,Thessaloniki,40.6418347,22.9335042,Entire home/apt,37,1,34,2024-09-11,1.50,2,8,10,1728704
756510429439984554,PEARL Studio ( free private parking),302947153,George,,Thessaloniki,40.6383205,22.9549095,Entire home/apt,51,1,37,2024-09-08,1.69,7,254,27,00001815196
757318662595325620,Luxury Downtown Apartment C2,485800812,Kinfeel North,,Thessaloniki,40.63339832898708,22.94432210304107,Entire home/apt,134,1,74,2024-09-16,3.27,11,341,33,00001808443
757655476854778113,Niblue Seaview Apartment,233599991,Χρήστος,,Thessaloniki,40.63320179999999,22.93888,Entire home/apt,168,2,18,2024-08-15,0.86,30,254,11,00001806939
757659687138972620,Vasou no7 Apartment no1,233599991,Χρήστος,,Thessaloniki,40.63281569999999,22.9516094,Entire home/apt,82,1,13,2023-06-15,0.59,30,97,0,00001814721
758470882478007939,Green studio,219296169,Iosif,,Thessaloniki,40.59953,22.95561,Entire home/apt,47,2,32,2024-09-14,1.42,2,29,10,00001817201
758537402380430065,"Yellow Door, Nilie Hospitality MGMT",239769711,Nilie Premium Hospitality MGMT,,Thessaloniki,40.63489,22.93756,Entire home/apt,53,1,28,2024-09-22,1.24,316,245,19,1823400
758563335295203949,Mythos #1 apartment (Kalliston),303891297,Kalliston,,Thessaloniki,40.63844,22.9445,Entire home/apt,63,3,35,2024-09-09,1.57,4,147,20,00001819449
758619422816108960,Purple studio,219296169,Iosif,,Thessaloniki,40.5995,22.95735,Entire home/apt,46,2,36,2024-09-15,1.60,2,25,20,00001817217
759334518531659543,"Bliss #6, The Luxury Suites",280458084,The Luxury Suites,,Thessaloniki,40.64164,22.93646,Entire home/apt,73,2,11,2024-04-01,0.57,173,170,3,00001828376
759432648657167159,Homevision - Stylish & Serene Condo - City Center,515398068,Homevision,,Thessaloniki,40.63237,22.9486,Entire home/apt,83,2,42,2024-09-05,1.91,11,357,17,00001828461
759874237222606906,"Bliss #5, The Luxury Suites",280458084,The Luxury Suites,,Thessaloniki,40.64307,22.93474,Entire home/apt,47,2,28,2024-08-22,1.32,173,173,20,00001828334
759882608575162029,"Bliss #3,  The Luxury Suites",280458084,The Luxury Suites,,Thessaloniki,40.64301,22.93542,Entire home/apt,73,2,33,2024-03-01,1.55,173,172,11,00001828355
759884942526190927,"Bliss #2, The Luxury Suites",280458084,The Luxury Suites,,Thessaloniki,40.64251,22.93629,Entire home/apt,47,2,38,2024-06-25,1.81,173,164,20,00001828334
759904762115950202,"Bliss #1, The Luxury Suites",280458084,The Luxury Suites,,Thessaloniki,40.64242,22.936,Entire home/apt,46,2,31,2024-08-23,1.60,173,172,25,00001828329
760107611282366938,Menta Studios 2,174941806,Γιαννης,,Thessaloniki,40.64098,22.93305,Entire home/apt,37,1,92,2024-09-20,4.11,2,3,50,1728805
760147019391924624,Cozy three BDRMS central APT at five Filippou str,487432055,Τάσος,,Thessaloniki,40.6393112,22.9419797,Entire home/apt,84,2,33,2024-09-01,1.48,1,5,10,00001819428
760788421735036104,Jacuzzi Suite No61,53934947,Vasilis,,Thessaloniki,40.6004876,22.9545884,Entire home/apt,59,1,20,2024-09-13,0.89,7,356,6,00000550713
761598655627952244,Redstripes Apartment,487989279,Αλεξανδρος,,Thessaloniki,40.63946515230047,22.9427623650818,Entire home/apt,111,2,7,2023-08-27,0.31,1,355,0,00001813756
762908332441232017,DeKo Penthouse Suite,214875317,DeKo,,Thessaloniki,40.6325162,22.945396,Entire home/apt,87,1,6,2023-08-07,0.28,3,163,0,00001805023
763549993753011184,F & B Collection - City Central 2 Bedroom Suite,31131449,Dimitris,,Thessaloniki,40.63051,22.951656,Entire home/apt,65,7,39,2024-08-30,1.77,56,358,15,00001795384
763698320578684092,F & B Collection - 2 Bedroom Flat,31131449,Dimitris,,Thessaloniki,40.6401612,22.9373673,Entire home/apt,66,7,17,2024-08-16,0.78,56,360,8,00000428159
763760015816433488,Nike appartment,488249523,Νικος,,Thessaloniki,40.61544,22.97855,Entire home/apt,99,1,0,,,1,363,0,00025977854
764364052621533996,Cozy Modern 2 Bedroom Apartment in Thessaloniki,94474413,Roman,,Ampelokipon – Menemeni,40.65708,22.91802,Entire home/apt,49,1,65,2024-09-18,3.16,1,342,36,00001825652
764528641849748740,Haris modern apt. near the sea,435340361,Chariton,,Kalamaria,40.5761726,22.9531057,Entire home/apt,106,2,13,2024-08-18,0.88,1,94,9,01205275627
766643676801777171,Jacuzzi Suite no62,53934947,Vasilis,,Thessaloniki,40.6004876,22.9545884,Entire home/apt,60,1,21,2024-09-16,1.03,7,350,10,00000550702
766742171519893726,"Sea la vie apartment, Vesta Philoxenia",336527202,Vesta Philoxenia,,Thessaloniki,40.60861,22.95095,Entire home/apt,74,2,17,2024-07-21,0.78,51,115,7,00002500213
767201386331245978,Lovely small apartment #2,44750245,Guy,,Thessaloniki,40.63751,22.95035,Entire home/apt,54,2,4,2024-09-16,0.23,3,249,3,00001994042
767286734397914299,Ζεστός χώρος στο κέντρο,488974134,Γεωργιος,,Thessaloniki,40.64135,22.93594,Entire home/apt,50,2,2,2023-02-05,0.10,1,302,0,Exempt
767392957988068420,Thess Inn,488994714,Apostolos,,Thessaloniki,40.6434007,22.9340165,Entire home/apt,38,1,5,2023-10-08,0.24,1,344,1,00001830801
767420206021641367,2 bedroom flat in Sykies,19572831,Effie,,Neapolis – Sykeon,40.65227278865433,22.954636439681053,Entire home/apt,45,2,16,2024-09-10,1.00,1,98,9,00002478216
767929943883702028,Sofmare City Apartment,458887158,Eleni,,Thessaloniki,40.637146124627115,22.94417643809816,Entire home/apt,82,2,34,2024-09-08,1.84,1,95,16,00001841184
770260219902358909,Silver apartment,57594898,Μαρια,,Kalamaria,40.58571,22.94499,Entire home/apt,63,3,23,2024-07-30,1.08,1,6,8,00001845559
770743710689954200,Minimal style apartment,75541856,Yannis,,Thessaloniki,40.60129371916811,22.957578057672126,Entire home/apt,65,7,6,2023-03-12,0.28,1,364,0,00001830556
771057467593571015,Διαμέρισμα στο πάρκο,489616469,Αθανάσιος,,Thessaloniki,40.63961,22.9517,Entire home/apt,39,5,24,2024-09-21,1.10,1,70,2,00001831819
771464895614778586,The Rotunda of Galerius Suite,489575433,Aggelos,,Thessaloniki,40.6324915,22.9514883,Entire home/apt,92,2,2,2023-12-24,0.10,1,0,1,14200630077
771617700626123863,"AdoorAble #1, The Luxury Suites",280458084,The Luxury Suites,,Thessaloniki,40.63878,22.93776,Entire home/apt,68,2,36,2024-08-03,1.74,173,168,10,00001830885
771624332433455919,"AdoorAble #2, The Luxury Suites",280458084,The Luxury Suites,,Thessaloniki,40.63888,22.93589,Entire home/apt,68,2,36,2024-06-19,1.86,173,165,23,00001830890
771641277685467355,"AdoorAble #3, The Luxury Suites",280458084,The Luxury Suites,,Thessaloniki,40.63895,22.93799,Entire home/apt,68,2,17,2024-05-01,0.84,173,168,1,00001830902
772196665588202124,Urban Elephant Suites: Large double room + balcony,489707491,Urban,,Thessaloniki,40.64063,22.9272,Private room,58,1,55,2024-09-16,2.53,3,364,46,1215203
772309067684278566,"WallStreet #21, The Luxury Suites",280458084,The Luxury Suites,,Thessaloniki,40.64112,22.9372,Entire home/apt,46,2,23,2024-08-30,1.19,173,174,5,00001846141
772311892391467827,"WallStreet #22, The Luxury Suites",280458084,The Luxury Suites,,Thessaloniki,40.64121,22.93725,Entire home/apt,47,2,51,2024-09-01,2.38,173,172,24,00001846157
772314376473468132,"WallStreet #23, The Luxury Suites",280458084,The Luxury Suites,,Thessaloniki,40.64217,22.93502,Entire home/apt,46,2,28,2024-08-23,1.31,173,172,8,00001846183
772315769826201694,"WallStreet #24, The Luxury Suites",280458084,The Luxury Suites,,Thessaloniki,40.64048,22.9371,Entire home/apt,46,2,60,2024-08-16,2.83,173,173,27,00001846178
772316732437181519,"WallStreet #25, The Luxury Suites",280458084,The Luxury Suites,,Thessaloniki,40.64274,22.93524,Entire home/apt,46,2,51,2024-08-30,2.57,173,174,21,00001846199
772318077143728900,"WallStreet #26, The Luxury Suites",280458084,The Luxury Suites,,Thessaloniki,40.64205,22.93653,Entire home/apt,47,2,32,2024-09-04,1.52,173,174,15,00001846200
772319147307027524,"WallStreet #27, The Luxury Suites",280458084,The Luxury Suites,,Thessaloniki,40.64136,22.93578,Entire home/apt,46,2,26,2024-06-30,1.22,173,174,13,00001846216
772553963292271116,Luxury studio with KING-SIZE bed,217110382,Giorgios,,Thessaloniki,40.6182606,22.9624305,Entire home/apt,53,3,1,2023-09-07,0.08,2,87,0,00001147929
773057254176322523,Gaia Studio 2,107373389,Anastasia,,Thessaloniki,40.63354986048131,22.938462893848442,Entire home/apt,80,2,3,2024-03-10,0.14,5,15,2,00002508552
773163974720082976,Μεζονέτα στο Πανόραμα με πισίνα,489978376,Γεωργιος,,Pilea – Chortiatis,40.580424863699285,23.00952361534426,Entire home/apt,400,2,2,2023-02-05,0.10,1,152,0,00001829724
774617146497126564,Διαμέρισμα Θεσσαλονίκη/Κ. Τουμπα,490211280,Αλεξάνδρα,,Thessaloniki,40.60999,22.97134,Entire home/apt,55,5,5,2024-02-18,0.33,1,284,2,00001839392
775162210963078522,Eclectic Dot 2 (free parking),186568120,Foteini,,Thessaloniki,40.64527,22.92511,Entire home/apt,56,1,3,2024-02-20,0.14,8,351,1,00002294843
775176612519793006,Central Luxury Apartment,446450968,Nikos,,Thessaloniki,40.6288905,22.9485318,Entire home/apt,145,2,30,2024-08-20,1.40,2,309,13,00001824969
775870750358203576,Porto Sea View Apartments-Tsimiski 78,372140900,Porto Sea View,,Thessaloniki,40.630860877495095,22.945873746032724,Entire home/apt,156,1,6,2024-06-28,0.32,40,348,4,00001818393
775914039561256426,Houseloft Rotunda Getaway,29565272,Houseloft,,Thessaloniki,40.6335976,22.9534239,Entire home/apt,94,1,18,2024-09-07,0.85,20,358,15,00001866845
776709465450897631,Old Town Luxe Suite W 100Mbps,490582655,Ali,,Thessaloniki,40.64253,22.94765,Entire home/apt,79,1,8,2023-12-26,0.38,1,64,2,00001818271
776977158857240799,ROOM 11 [Aristotelous Thessaloniki] and-Mykono,490635683,Viktoriya,,Thessaloniki,40.63363866919868,22.942035788360613,Entire home/apt,115,2,2,2023-01-07,0.10,1,0,0,Exempt
777393740134566527,master1 seaside lux apartment,490694538,Μιχαλης,,Thessaloniki,40.62805444953217,22.94652954232787,Entire home/apt,140,3,6,2023-07-04,0.30,1,58,0,00001816156
778046674717350197,Secret Colors of Thessaloniki,460542477,Alexandros,,Kalamaria,40.575892757703684,22.94935517013073,Entire home/apt,80,1,45,2024-09-10,2.15,2,334,19,00001815830
778386983298363421,Apollo's Apartment on Radio City Midas Home,158095749,Νίκος,,Thessaloniki,40.6161,22.95677,Entire home/apt,108,2,3,2023-11-16,0.14,6,355,1,00001839170
779037155828183820,Casa di famiglia 3,490955236,Ιωαννα,,Neapolis – Sykeon,40.6541352,22.9568176,Entire home/apt,70,2,0,,,7,96,0,00002605103
779054401448973106,Sunny apartment near city center,490957800,Olga,,Thessaloniki,40.6151393,22.9567766,Entire home/apt,63,2,20,2024-02-04,1.02,1,114,6,00001850017
779633508160439326,Artemis Apartment Midas Home Project,158095749,Νίκος,,Thessaloniki,40.61741,22.95521,Entire home/apt,57,2,9,2024-08-20,0.42,6,110,6,00001839324
780051376179593400,Διαμέρισμα στα γραφικά σοκάκια,477806628,Χρήστος,,Thessaloniki,40.6422814,22.9514072,Entire home/apt,55,2,7,2024-08-04,0.33,2,91,3,00002801593
780147702025750950,Διαμέρισμα στο κέντρο,491134518,Na,,Thessaloniki,40.63996,22.94276,Entire home/apt,34,2,19,2024-06-30,0.88,1,0,6,00000141970
780165532891255334,Danae Luxurious Suite #TIFHelexpo,278921038,Nikoleta,,Thessaloniki,40.6275639731947,22.952468582909958,Entire home/apt,69,2,9,2024-04-21,0.43,3,89,5,00001842447
780236629939937225,White Tower Studio Apartment~!,482985601,Ioanna Apartments,,Thessaloniki,40.6281687,22.9520852,Entire home/apt,34,2,89,2024-09-17,4.53,12,328,46,00001840262
780942481851675512,Studio6,194224482,George,,Thessaloniki,40.63531839416149,22.948755025863647,Entire home/apt,37,2,37,2024-08-20,1.91,7,337,24,00001854933
780948617011246896,Ophelia Luxurious Suite #TIFHelexpo,278921038,Nikoleta,,Thessaloniki,40.6281687,22.9520852,Entire home/apt,68,2,3,2024-09-16,0.14,3,97,1,00001842410
781600632752780912,"Jolie Suit Art- Design Pent House, near seafront",468535127,Wenjun,,Thessaloniki,40.61455996826895,22.957354187965393,Entire home/apt,79,2,23,2024-09-09,1.09,1,91,10,00001804834
821082280004745882,DoorMat#6 Domus Dei,23525724,Mario,,Thessaloniki,40.630806,22.9494402,Entire home/apt,103,1,37,2024-08-25,1.90,10,319,18,00001893649
821512122162060850,Modern apartment in Thessaloniki,44681685,Stavros,,Thessaloniki,40.6010524,22.9547045,Entire home/apt,79,2,27,2024-08-25,1.38,1,28,14,00001894922
822213219089794082,Thalia “ muse of bucolic poetry ”,334261979,Chrisa And Nick,,Thessaloniki,40.64205,22.94283,Entire home/apt,39,2,79,2024-09-05,4.33,3,325,42,00001923087
822272932315117802,Δωμάτιο,481233847,Χρήστος,,Pilea – Chortiatis,40.62917139791446,23.044531116993152,Private room,35,1,0,,,3,365,0,00001897141
822392579788069436,The Fine Home,500164306,Ioannis,,Thessaloniki,40.6313242116435,22.951269261538982,Entire home/apt,49,2,17,2023-07-06,0.87,1,234,0,00001896442
732301271241916046,"Thea Apartments ""Ione""",1619493,Georgios,,Thessaloniki,40.6446660434193,22.92358987033367,Entire home/apt,45,20,3,2024-07-26,0.15,9,122,1,00000396919
732480277750044257,Κεντρικό και φιλόξενο διαμέρισμα,482625894,Βαία,,Thessaloniki,40.6346648,22.9535642,Entire home/apt,45,1,21,2024-09-14,0.88,1,309,16,00001792580
732622051768661486,"Bonsai #4.1, Nilie Hospitality MGMT",239769711,Nilie Premium Hospitality MGMT,,Thessaloniki,40.64414,22.93545,Entire home/apt,49,1,20,2024-09-22,0.90,316,251,11,1795805
733087389065266493,Kono Studios & Suites: Junior suite,482719940,Kono,,Thessaloniki,40.64077,22.94165,Entire home/apt,43,1,8,2024-09-09,0.42,2,355,3,0933E70000225701
733096915867732802,Kono Studios & Suites: Deluxe suite,482719940,Kono,,Thessaloniki,40.63925,22.93939,Entire home/apt,47,1,30,2024-09-01,1.66,2,359,18,0933E70000225701
733107823062086191,Terpsi's house,305342013,Giorgos,,Thessaloniki,40.63058,22.94894,Entire home/apt,77,2,69,2024-09-19,3.26,1,160,35,00002474760
733202823066943187,Couple-in magical suite with jacuzzi,426292229,ענבר,,Thessaloniki,40.63339,22.94236,Entire home/apt,87,1,15,2024-09-17,1.28,2,213,15,00002317911
733319373403424472,"Bonsai #3.1, Nilie Hospitality MGMΤ",239769711,Nilie Premium Hospitality MGMT,,Thessaloniki,40.64435,22.93399,Entire home/apt,49,1,14,2024-06-02,0.59,316,241,2,1795730
733753584302958818,"Bonsai #2.4, Nilie Hospitality MGMT",239769711,Nilie Premium Hospitality MGMT,,Thessaloniki,40.64403,22.93415,Entire home/apt,49,1,14,2024-04-28,0.60,316,250,8,1794830
734089103441247723,High-end boutique apartment in the city centre,228706480,Vivi,,Thessaloniki,40.630415,22.9477929,Entire home/apt,75,3,3,2023-04-03,0.14,1,336,0,00002075360
734092260025979463,"Όμορφο διαμέρισμα με αυλή, στην Κηφισιά",280716640,Βασιλειος,,Kalamaria,40.58711,22.9699,Entire home/apt,45,2,42,2024-09-16,1.77,1,92,22,00001793110
734480031024960164,Delmare Dion Apartment,268825110,Grigorios,,Kalamaria,40.57625,22.96528,Entire home/apt,80,2,2,2024-07-14,0.09,7,362,1,00002387959
734829696890668238,"The Modern World Apartment, Vesta Philoxenia",336527202,Vesta Philoxenia,,Thessaloniki,40.63474,22.95434,Entire home/apt,76,3,31,2024-08-17,1.34,51,73,15,00002500415
735374789447313445,"Nyma White #1, The Luxury Suites",280458084,The Luxury Suites,,Thessaloniki,40.63951,22.93968,Entire home/apt,52,2,37,2024-08-28,1.58,173,167,13,00002834483
735920125682900773,Luxury White Tower Apartments,482985601,Ioanna Apartments,,Thessaloniki,40.6281687,22.9520852,Entire home/apt,38,2,136,2024-09-16,5.87,12,333,61,00001799280
736165579882851364,Elpidas houses 1 with Private parking,471652135,Ioanna,,Thessaloniki,40.62523768604426,22.964584361376968,Entire home/apt,54,3,20,2024-09-16,0.93,1,345,7,00001795630
736746413354031805,C.7 Cyclamen #Loft_Studio_Near_The_Sea,32216964,George,,Thessaloniki,40.6074406,22.9565662,Entire home/apt,68,3,19,2024-07-05,0.82,17,330,8,01210045113
736843658001062453,"Closer ""Penthouse apartment 1""",48015079,Theocharis,,Thessaloniki,40.63929,22.94877,Entire home/apt,59,2,4,2023-02-13,0.17,4,13,0,00001682070
738092538156658832,Thessaloniki View - Presidential Suite,135356834,Elite Class,,Thessaloniki,40.6219601,22.9528987,Entire home/apt,166,2,6,2024-08-29,0.35,1,284,3,00002651480
738280137587708433,LIA’s Luxury Intown Apartment *Prime location*,265729546,Lia,,Thessaloniki,40.63511,22.94118,Entire home/apt,52,2,82,2024-09-09,3.51,1,354,31,00002604680
738360816878125407,Salto - Free Parking #Skgbnb,153342675,Georgia,,Thessaloniki,40.6440153,22.9238989,Entire home/apt,45,2,65,2024-09-13,2.81,1,352,45,00002574954
738816627353372903,Luxury apartment in city center,172595834,Isidora And Christos,,Thessaloniki,40.6342892,22.9481653,Entire home/apt,71,1,85,2024-09-13,3.86,8,358,39,00001799515
739176565383285639,Cozzzy. Exclusive Apartment.,315198910,Christos,,Thessaloniki,40.6363274,22.9393221,Entire home/apt,74,2,70,2024-09-19,3.05,1,307,38,1796668
739510214795804191,#A~ Ιoanna's Apartments,434347481,Ioanna Apartments,,Kordelio – Evosmos,40.66618829999999,22.9038874,Entire home/apt,37,1,50,2024-09-17,2.14,21,345,18,00001799296
739561144312673003,Your SKG Tiny House_1bdrm/3Persns/P,44486345,Αντώνιος-Πηνελόπη,,Kalamaria,40.58415,22.9685,Entire home/apt,49,2,19,2024-07-28,0.97,2,364,9,00001839606
739625265111727121,STUDIO 66 ΣΤΗΝ ΚΑΛΑΜΑΡΙΑ-,133159291,Κωνσταντίνος,,Kalamaria,40.5875259,22.9571273,Entire home/apt,47,1,13,2024-09-07,0.58,1,348,11,00001763268
739773069386526647,Delmare D12 Apartment,268825110,Grigorios,,Thessaloniki,40.63779,22.93532,Entire home/apt,80,2,0,,,7,365,0,00001874382
740606699682758006,"Μοντέρνο σπίτι (68 Τ. Μ), Ιδιωτική θέση PARKING",484148940,Athanasios,,Thessaloniki,40.643004566563285,22.948695681989193,Entire home/apt,49,3,43,2024-04-13,1.84,1,317,20,00001800661
740691553868511274,Lemoni Luxury Apartment,484165796,Thomas,,Thessaloniki,40.615028740401044,22.96658466258796,Entire home/apt,150,3,0,,,1,178,0,00001799500
741075923495712996,Effrosynis Appartment,484225683,Ευφροσυνη,,Kordelio – Evosmos,40.66318,22.89662,Entire home/apt,110,2,1,2023-09-04,0.08,1,135,0,00001777801
741819264367500096,"Άνετη φωτεινή σοφίτα με κουζίνα γραφείο, πάρκινγκ.",484364107,Καλλινικη,,Pavlou Mela,40.6793979,22.9339696,Entire home/apt,68,1,4,2023-10-22,0.17,1,221,2,00001805862
741951378894371471,Be Queen-You Urban Stay,212951050,Socrates Junior Houses,,Thessaloniki,40.63325034698014,22.947374023497105,Entire home/apt,72,1,43,2024-09-14,1.85,13,249,19,00001814088
741974274036721656,Irinis Twins apt #2,144328548,Maria,,Thessaloniki,40.64189,22.93585,Entire home/apt,,5,20,2024-08-24,0.86,2,0,7,00001806360
742035476287252494,"Closer ""Penthouse Apartment 2""",48015079,Theocharis,,Thessaloniki,40.63873,22.94734,Entire home/apt,54,2,4,2023-10-30,0.18,4,2,1,00001682085
742038319572379664,Harmony Sea View Apartment,484415145,Harmony,,Thessaloniki,40.6199543,22.95389,Entire home/apt,207,1,26,2024-08-22,1.14,1,208,6,00002361195
742112266904286567,Lovely Fully Equipted Apartment in Thessaloniki,11223389,Ioannis,,Thessaloniki,40.6459224,22.9301531,Entire home/apt,60,3,46,2024-08-14,1.99,1,229,30,00001802054
742960021144269618,iN25G,462568061,Αθανάσιος,,Thessaloniki,40.61142177641962,22.963653691112995,Entire home/apt,51,2,12,2024-08-24,0.57,2,171,10,00001599749
743226296782879196,#Alice by halu! Apartments,251290631,Halu,,Thessaloniki,40.63238,22.94756,Entire home/apt,62,1,8,2024-05-20,0.38,90,360,5,00002459529
743289457751806213,ThesSpacious Apartment,484615940,Paraskevi,,Thessaloniki,40.63919490000001,22.9396479,Entire home/apt,100,2,5,2023-04-02,0.23,1,248,0,00001840422
743385498100627798,"Vesper Apartment #1, The Luxury Suites",280458084,The Luxury Suites,,Thessaloniki,40.63765,22.93822,Entire home/apt,48,2,70,2024-08-18,3.01,173,174,31,00001767291
743511569780540735,Amazing apartment SKG center,63925795,Rania,,Thessaloniki,40.6049131,22.960478,Entire home/apt,,2,38,2024-06-30,1.67,1,0,19,00001804589
743900462081391423,Lovely 2 bedroom apartment in Thessaloniki,17404160,Grisha,,Neapolis – Sykeon,40.64471,22.95518,Entire home/apt,47,3,8,2024-09-14,0.47,2,328,7,00002551739
743928007754197898,Shiny happy studio,45134302,Christina,,Thessaloniki,40.6097176,22.9672708,Entire home/apt,47,7,6,2024-08-12,0.29,1,363,2,00002873098
743931996991080046,Στουντιο κοντά στην κλινική Αγ Λουκας,484719614,Αsterios,,Pilea – Chortiatis,40.58688,23.02689,Private room,70,2,4,2023-08-24,0.18,1,89,0,00002643433
744024134145998799,Modern & Convenient APT near city center/Welcome#3,22448391,Giorgos,,Thessaloniki,40.6197244,22.9568626,Entire home/apt,36,2,35,2024-08-31,1.56,3,160,22,00001804594
744640204443284453,"Vesper Apartment #2, The Luxury Suites",280458084,The Luxury Suites,,Thessaloniki,40.63784,22.93767,Entire home/apt,45,2,2,2023-03-16,0.11,173,169,0,00001767244
744684493835544031,Όμορφο διαμέρισμα σε πολυκατοικία στην Θεσσαλονίκη,423865899,Kalliopi,,Thessaloniki,40.61998,22.95851,Entire home/apt,46,2,32,2024-09-16,1.38,1,204,4,00001801127
781632647039518169,Loft Sokrates 18 B,40847564,Spyridon,,Thessaloniki,40.64104,22.93959,Entire home/apt,52,2,4,2024-05-20,0.46,5,364,4,Exempt
781668408148947668,Solo | Nomades Suites,491161577,Nikolas,,Thessaloniki,40.6348513,22.9365647,Entire home/apt,81,1,4,2023-03-12,0.19,4,151,0,00001827741
781703155273937473,Durata | Nomades Suites,491161577,Nikolas,,Thessaloniki,40.6348513,22.9365647,Entire home/apt,86,1,3,2024-07-24,0.14,4,153,1,00001827700
781706513090896965,Tempo | Nomades Suites,491161577,Nikolas,,Thessaloniki,40.6348513,22.9365647,Entire home/apt,87,1,1,2023-01-02,0.05,4,155,0,00001827783
781727150004368351,Grande | Nomades Suites,491161577,Nikolas,,Thessaloniki,40.6348513,22.9365647,Entire home/apt,96,1,3,2023-01-22,0.14,4,155,0,00001827762
781727544197558365,"WeStay Apartment #43, The Luxury Suites",280458084,The Luxury Suites,,Thessaloniki,40.64111,22.93703,Entire home/apt,49,2,10,2024-02-19,0.46,173,171,3,00001540441
781731754336397297,"WallStreet #33, The Luxury Suites",280458084,The Luxury Suites,,Thessaloniki,40.64084,22.93632,Entire home/apt,46,2,39,2024-07-26,2.00,173,174,28,00001537498
781745960942940989,"Stylish Suite #4, The Luxury Suites",280458084,The Luxury Suites,,Thessaloniki,40.63791,22.93972,Entire home/apt,46,2,46,2024-07-10,2.18,173,169,16,00002692546
781749211250602083,"Penthouse Apartment #3, The Luxury Suites",280458084,The Luxury Suites,,Thessaloniki,40.63766,22.93743,Entire home/apt,59,2,43,2024-09-06,2.00,173,165,19,00001420877
781752561592367183,Harmonia Traditional House,490623109,Νικολαος,,Neapolis – Sykeon,40.64405,22.95318,Entire home/apt,90,2,2,2023-02-11,0.10,1,365,0,00001835268
781790313511134775,Ancient Agora Central Living,192021753,Kosmas,,Thessaloniki,40.63662,22.94568,Entire home/apt,135,1,15,2024-08-25,0.71,1,331,10,00000955356
781823984844485284,Fori's Nest / SKG / 4P,491429613,Christoforos,,Thessaloniki,40.620867,22.9623514,Entire home/apt,31,2,24,2024-09-17,1.36,2,358,23,00001842548
782672750262349081,Elaiorama Apartment,180901227,Nikolaos,,Pilea – Chortiatis,40.60451,22.98597,Entire home/apt,63,1,13,2024-04-06,0.63,1,362,4,00002305425
782727173354465946,Van life CamperVan,18217265,Mavridis,,Neapolis – Sykeon,40.63565,22.96564,Entire home/apt,75,1,0,,,1,365,0,
783090274620300671,Κοντά στην παραλια της Καλαμαριας,155399708,Elena,,Kalamaria,40.57458341306459,22.959954001333255,Private room,21,2,29,2024-09-01,1.53,1,338,15,Exempt
783943819339156406,Ventura - Radio city #Skgbnb,1977386,Cristina&Tomas! Skgbnb,,Thessaloniki,40.61709,22.95626,Entire home/apt,57,2,45,2024-09-01,2.41,30,293,33,00002471988
784040650536610809,Ήσυχο διαμέρισμα 4ου ορόφου,110060937,Georgios,,Thessaloniki,40.61576,22.95807,Entire home/apt,55,2,10,2024-07-26,0.47,1,1,4,00001837926
785289820175732840,ThessIkos,81117783,Nick,,Thessaloniki,40.6383068,22.9571774,Entire home/apt,35,1,0,,,1,76,0,00001833732
785545118753640549,Desperai accommodation center - Tower - TIF,492041535,Νικόλαος,,Thessaloniki,40.6290415,22.9526913,Entire home/apt,,3,66,2024-08-19,3.09,1,1,29,00001824257
786105801862653802,F & B Collection-Carpe Diem-Flat close to Rotunda,31131449,Dimitris,,Thessaloniki,40.6349464,22.9516552,Entire home/apt,80,7,26,2024-08-20,1.25,56,356,12,00001839712
786157471489586243,"Jolene Loft Apartment with patio, Vesta Philoxenia",336527202,Vesta Philoxenia,,Thessaloniki,40.6185,22.95852,Entire home/apt,,3,18,2024-04-14,0.86,51,0,10,00002495829
786321206015218201,Happy Colors #2 flat downtown near St. Sophia,477912948,Alexander,,Thessaloniki,40.63234301177255,22.947803176939487,Entire home/apt,57,2,24,2024-07-27,1.14,2,35,7,00001846385
786653099191733357,ARES - Penthouse,404625147,Angelos,,Thessaloniki,40.6323106,22.9524671,Entire home/apt,112,2,5,2024-08-14,0.34,3,231,4,00001851922
786746742361900852,F & B Collection - Suite for 3,31131449,Dimitris,,Thessaloniki,40.639338,22.9386938,Entire home/apt,78,7,24,2024-02-05,1.18,56,340,9,00001822375
786811889717135403,Tailor's suites  #2,67280623,Maria,,Thessaloniki,40.639683593876434,22.938742212935196,Entire home/apt,45,1,41,2024-09-09,2.06,2,332,22,00002470307
786935950799612059,"Zeus 2-bdrm Apartment, Vesta Philoxenia",336527202,Vesta Philoxenia,,Thessaloniki,40.64285,22.9394,Entire home/apt,66,2,20,2024-08-31,0.95,51,120,11,00002501363
787567979233818161,Athina Pantheon mitropoleos,108395209,Dimitrios,,Thessaloniki,40.631458724727885,22.943451917196647,Entire home/apt,137,2,6,2024-07-05,0.28,1,64,3,00001848427
788128943289755678,Modern Central Studio,488339227,Sargis,,Thessaloniki,40.6344223,22.9499572,Entire home/apt,40,1,34,2024-06-09,2.12,1,114,24,00002084314
788130772792529386,Ζεστό και Άνετο Διαμέρισμα,492473004,Ελενη,,Thessaloniki,40.6036614,22.9622126,Entire home/apt,48,2,25,2024-08-31,1.24,1,177,9,00001832591
788259620405439313,Anastasios’ artwork apartment,262766879,Olga,,Thessaloniki,40.5975573,22.9562428,Entire home/apt,67,1,57,2024-09-21,2.71,2,357,28,00001867518
788461754746600841,Apartment with garden in Pilaia.,262766879,Olga,,Pilea – Chortiatis,40.59385,22.98822,Entire home/apt,67,1,69,2024-09-17,3.31,2,350,41,01019328086
790324153632007087,Macadamia - Agias Sofias square #Skgbnb,28267881,Tomas&Cristina! Skgbnb,,Thessaloniki,40.6325478,22.9442557,Entire home/apt,170,2,25,2024-03-01,1.30,29,0,11,00001864714
791084038785844549,F & B Collection - MiniLux Studio for 3,31131449,Dimitris,,Thessaloniki,40.6416131,22.942025,Entire home/apt,49,7,23,2024-09-03,1.37,56,364,17,00001953986
792211195558904520,Urban Green Loft,26574526,Pinelopi,,Thessaloniki,40.63614,22.93914,Entire home/apt,63,2,37,2024-09-16,2.14,1,210,25,00001922431
794070893848832656,"Vintage home , Downtown",461829545,Κρυσταλλία,,Thessaloniki,40.62855,22.95,Entire home/apt,60,2,3,2024-09-08,0.24,1,352,1,00810581994
796463687254421572,#Totti | City center Penthouse | Beautiful View!,494151768,Dimitrios,,Thessaloniki,40.631846823304734,22.944556698203087,Entire home/apt,85,1,108,2024-09-18,5.67,1,337,69,00001972976
797673994795625396,Sanderson Suite from k2properties,257956713,Natasa,,Thessaloniki,40.63451353926907,22.948901076057425,Entire home/apt,49,2,24,2024-09-08,1.23,9,102,13,1854519
799081412191067590,Elaiones house,494772639,Κώστας,,Pilea – Chortiatis,40.59903278582945,23.004151359200478,Entire home/apt,76,2,14,2024-06-25,1.11,1,341,13,00002303947
799735704690016680,Eptalofos Studio loft,128655344,Ioannis,,Ampelokipon – Menemeni,40.6538852162505,22.917213900000007,Entire home/apt,56,1,16,2024-07-15,0.79,3,361,5,00001870688
822910018676555093,Industrial Apartment in Thessaloniki,36326447,Stamatis,,Thessaloniki,40.6248,22.97553,Entire home/apt,83,2,0,,,2,37,0,00001896277
823035627443860184,The Caravan B&B-Standard Double,59679245,The Caravan,,Thessaloniki,40.6378373,22.9415434,Private room,147,1,0,,,6,152,0,1178802
823054394480848147,The Caravan B&B-City View Double,59679245,The Caravan,,Thessaloniki,40.63738137529656,22.941929638098152,Private room,158,1,0,,,6,143,0,1178802
823084859827631825,The Caravan B&B-Luminous Suite,59679245,The Caravan,,Thessaloniki,40.6378373,22.9415434,Private room,223,1,0,,,6,131,0,1178802
823139903147764825,"""Closer"" Egnatia Apartment 1",500325834,Μαρια,,Thessaloniki,40.6342355,22.9477277,Entire home/apt,66,2,0,,,3,90,0,00001883422
823152523335336612,Globy Central Apartment Center Kamara Rotonda,497978905,GlobyBnb,,Thessaloniki,40.63157,22.95027,Entire home/apt,69,3,0,,,4,330,0,00000423890
823935847094114883,Villa Filarety Luxury House,95473472,Πέτρος,,Neapolis – Sykeon,40.64827,22.95453,Entire home/apt,220,3,1,2023-04-10,0.06,1,96,0,00001885612
825083192438910390,Galerius guesthouse,477823066,Miltos,,Thessaloniki,40.6301782065,22.9502567,Entire home/apt,55,3,41,2024-09-21,2.16,2,356,24,00001892270
825962314963300887,#ATS-Port de L'eau Roof Garden,399994221,Around,,Thessaloniki,40.63684,22.93584,Entire home/apt,77,1,80,2024-09-01,4.12,12,62,47,00001894661
826528334172080977,Central City Apartment,24325952,Daniel,,Thessaloniki,40.61055,22.95335,Entire home/apt,,2,2,2023-07-12,0.12,1,0,0,00001920793
826669437045818644,Atmospheric 2-bedroom apartment in good location,29676007,Marina,,Thessaloniki,40.59698,22.95467,Entire home/apt,65,2,54,2024-09-11,3.77,1,6,42,00002588243
826693909776673084,"Avenue, Nilie Hospitality MGMT",239769711,Nilie Premium Hospitality MGMT,,Thessaloniki,40.63769,22.93991,Entire home/apt,55,1,87,2024-09-13,4.64,316,362,36,1896830
827204109660989802,Lux studio at French Institute,93631145,Απόστολος,,Thessaloniki,40.62141685651355,22.957188598147575,Entire home/apt,38,2,30,2024-09-07,1.56,6,334,17,00001898324
827316563384678690,"Estia Thessaloniki Apartment, cozy, 2 rooms-5 beds",501165644,Γεωργιος,,Thessaloniki,40.635987541710854,22.9496879374344,Entire home/apt,87,4,21,2024-06-28,1.25,1,10,8,00001915534
828046407388067851,Innovative 2-BR futuristic flat in Ladadika,350279014,Innovation,,Thessaloniki,40.63617,22.93799,Entire home/apt,73,2,59,2024-08-24,3.15,33,137,32,00001872958
828141316897032609,F & B Collection - Flat for 6,31131449,Dimitris,,Thessaloniki,40.633838,22.947452,Entire home/apt,87,7,19,2024-08-04,1.08,56,355,10,00001289355
828805343148375863,C.27 Lili Urban_Apartment,236468936,Παναγιώτα,,Thessaloniki,40.6300567,22.9506237,Entire home/apt,50,1,4,2023-05-01,0.22,2,364,0,00001890770
828894941233834551,"Fancy, minimalist apt w/view",214857203,Powerbnb,,Thessaloniki,40.64813,22.93524,Entire home/apt,36,1,23,2024-08-18,1.20,14,95,12,00001886970
828967928931519753,Lux Nomad MGMT - SKG,501521934,Alex,,Thessaloniki,40.641944,22.9373906,Entire home/apt,,2,32,2024-07-17,1.66,1,0,16,00001901836
829006948359656996,Aretha-Your Urban Stay,212951050,Socrates Junior Houses,,Thessaloniki,40.63919490000001,22.9396479,Entire home/apt,63,1,45,2024-09-20,2.34,13,242,20,00001908174
829397761914516591,Central charming apartment with view,114347076,Marianna,,Thessaloniki,40.6310772,22.944628,Entire home/apt,120,2,6,2023-11-12,0.34,1,236,1,00001857902
830200975486898180,Loft Aphrodite 18 A,40847564,Spyridon,,Thessaloniki,40.63988,22.93926,Entire home/apt,49,2,0,,,5,365,0,Exempt
830345560591781684,Studio minimalist apt w/view,214857203,Powerbnb,,Thessaloniki,40.6472481789936,22.934982746032716,Entire home/apt,34,1,25,2024-08-09,1.30,14,122,7,00001886985
830914255789941085,Sunny Street Apartment,482223766,Κυριακή,,Thessaloniki,40.6463701,22.9242352,Entire home/apt,65,2,3,2023-07-23,0.17,2,5,0,00001902030
830948379407561652,Hidden Island Oasis near the city center,93145510,Vasilis,,Thessaloniki,40.61918,22.95547,Entire home/apt,44,2,70,2024-09-08,3.69,7,344,39,00001910965
831096517775812365,Be My Guest Thessaloniki,501971772,Δημήτρης,,Ampelokipon – Menemeni,40.650210950064206,22.928310517196643,Entire home/apt,53,2,7,2024-08-31,0.39,1,26,5,00001892854
831293495777361920,Iconic minimalist apt w/ view,214857203,Powerbnb,,Thessaloniki,40.64738,22.93464,Entire home/apt,36,1,30,2024-03-26,1.57,14,104,15,00001886964
831675296267544136,Cute 2bdrm in Salonica Center,502100914,Ειρηνη Irene,,Thessaloniki,40.6412,22.93884,Entire home/apt,50,1,39,2024-09-14,2.75,1,357,22,00001918752
832352385819817399,Hagia Sophia Cathedral,188458774,Arcus O.E.,,Thessaloniki,40.63263449999999,22.9454078,Entire home/apt,90,2,2,2023-04-10,0.11,18,217,0,00001886555
832382333641865906,Houseloft Rotonda Lodging,29565272,Houseloft,,Thessaloniki,40.635441,22.9528908,Entire home/apt,96,1,14,2024-08-16,0.76,20,355,7,00001765691
832433462103212434,Houseloft Grand Casa,29565272,Houseloft,,Thessaloniki,40.6317324,22.9477929,Entire home/apt,153,1,9,2024-08-07,0.48,20,8,5,00001235285
832447199006419270,Houseloft White Tower Collection,29565272,Houseloft,,Thessaloniki,40.6281695,22.9486307,Entire home/apt,184,1,34,2024-09-06,1.92,20,330,30,00000948270
832604481656806051,Nestos Apartment,152956485,Ioannis,,Thessaloniki,40.61886,22.9599,Entire home/apt,38,1,32,2024-09-03,3.05,4,276,32,00001890499
832640551446481791,Luxmini 2bd apt near the sea,231664008,Stef & George,,Thessaloniki,40.62863568401463,22.946684025228024,Entire home/apt,120,2,40,2024-08-18,2.14,3,353,20,00001888810
832736332324620353,White tower city center loft 2,70494327,Hlias,,Thessaloniki,40.6275733193396,22.94938400387764,Entire home/apt,38,1,84,2024-09-02,4.46,2,79,57,00001751175
833227106150053049,The Caravan B&B-Superior Suite,59679245,The Caravan,,Thessaloniki,40.6378373,22.9415434,Private room,216,1,0,,,6,142,0,1178802
833330777654868685,"Luxury flat, view and parking, close city center",502476464,Αχιλλέας,,Thessaloniki,40.64433,22.924467,Entire home/apt,48,2,73,2024-09-03,4.05,1,231,46,00001896623
834154650831736239,"Zen Luxury City Apartment, Vesta Philoxenia",336527202,Vesta Philoxenia,,Thessaloniki,40.60044,22.95435,Entire home/apt,94,2,18,2024-08-09,0.96,51,128,7,00002501215
834650678727636706,"Horizon #1, The Luxury Suites",280458084,The Luxury Suites,,Thessaloniki,40.64283,22.93481,Entire home/apt,49,2,23,2024-09-01,1.30,173,170,17,00001924461
834655822911911035,"Horizon #2, The Luxury Suites",280458084,The Luxury Suites,,Thessaloniki,40.6419,22.93642,Entire home/apt,49,2,60,2024-09-04,3.31,173,167,27,00002393121
834658697113189827,"Horizon #4, The Luxury Suites",280458084,The Luxury Suites,,Thessaloniki,40.64311,22.93494,Entire home/apt,49,2,41,2024-09-08,2.34,173,168,32,00002393137
834659957824606179,"Horizon #5, The Luxury Suites",280458084,The Luxury Suites,,Thessaloniki,40.64237,22.93505,Entire home/apt,49,2,11,2024-07-13,0.65,173,173,5,00002393158
834661072337094677,"Horizon #6, The Luxury Suites",280458084,The Luxury Suites,,Thessaloniki,40.64289,22.93645,Entire home/apt,53,2,25,2024-08-26,1.37,173,162,11,00002393163
834876268070079302,City Center Suites SKG (A),502601454,Harris,,Thessaloniki,40.6405,22.93773,Entire home/apt,38,10,20,2024-01-02,1.07,2,331,6,00001948391
834948454776066312,Celestial Luxury SKG Port,21555625,Νίκη,,Thessaloniki,40.6353131,22.9353337,Entire home/apt,68,2,35,2024-06-19,1.94,1,62,21,00001878720
836123127347916211,Melodys Quiet Central Apartment,451827249,Alexander,,Thessaloniki,40.64033,22.9416,Entire home/apt,75,1,152,2024-09-02,8.17,1,341,74,00001965405
836721491199594182,F & B Collection - 3 Bedroom Penthouse,31131449,Dimitris,,Thessaloniki,40.5994768,22.961872,Entire home/apt,99,7,26,2024-08-14,1.37,56,358,18,00001920337
836775795415049251,Houseloft Metropolitan Charm,29565272,Houseloft,,Thessaloniki,40.6278686,22.9525868,Entire home/apt,119,1,7,2024-08-21,0.38,20,273,2,00001410502
837316743090107197,"Turnkey, cozy house for rent.",501192041,Markos,,Thessaloniki,40.605613718121006,22.960861628836057,Entire home/apt,45,1,44,2024-09-20,2.37,1,86,22,00002518126
837571448260795413,"Cozy KN, Nilie Hospitality MGMT",239769711,Nilie Premium Hospitality MGMT,,Thessaloniki,40.63391,22.94343,Entire home/apt,55,1,15,2024-09-18,0.92,316,362,13,1857408
837581126891034983,"V1 Boutique Rooms, Nilie Hospitality MGMT",239769711,Nilie Premium Hospitality MGMT,,Thessaloniki,40.64175,22.93509,Entire home/apt,45,1,4,2023-11-25,0.22,316,144,2,1808177
838086616333045086,kids friendly apartment,114512195,Sofi,,Thessaloniki,40.59581,22.95607,Entire home/apt,115,2,13,2024-09-11,0.87,1,348,8,00001986909
838168795689675261,Downtown one bedroom apartment,9531550,Katerina,,Thessaloniki,40.63703670691507,22.936270428773433,Entire home/apt,50,1,133,2024-09-03,7.38,14,327,70,00001925096
838244079625563650,Downtown 130 sqm -6th floor- 4 bedroom apartment,9531550,Katerina,,Thessaloniki,40.637090583153615,22.93624471045076,Entire home/apt,102,1,70,2024-09-06,3.93,14,322,52,00001925096
838274722298203771,City Center Suites SKG (B),502601454,Harris,,Thessaloniki,40.64032,22.93952,Entire home/apt,45,10,22,2024-01-02,1.22,2,327,6,00001948344
838280767685804433,Cozy Spacious Flat in City Center,100740048,Eleni,,Thessaloniki,40.6369,22.95202,Entire home/apt,38,1,58,2024-09-02,3.72,1,354,42,00002102505
838283431117091724,Downtown 160 sqm -5th floor- 5 bedroom apartment,9531550,Katerina,,Thessaloniki,40.63713536180563,22.93626080370485,Entire home/apt,103,1,72,2024-09-01,4.01,14,313,52,00001925080
839006618590965017,Andonis apartment,491581206,Andonis,,Thessaloniki,40.60604579150356,22.963622845709324,Entire home/apt,50,3,0,,,1,173,0,00001951239
839554820513161288,Fori's Nest / Homy / SKG / 3P,491429613,Christoforos,,Thessaloniki,40.62015,22.96323,Entire home/apt,42,2,19,2024-08-20,1.24,2,361,11,00001924701
839565654332831282,Urban Oasis - Central Stylish Studio with Balcony,503783671,Ioannis,,Thessaloniki,40.62833938241436,22.948215265606677,Entire home/apt,87,1,83,2024-09-18,4.41,1,325,55,00001926465
839767937335531052,"V1 Boutique Rooms, Nilie Hospitality MGMT",239769711,Nilie Premium Hospitality MGMT,,Thessaloniki,40.64179,22.93573,Entire home/apt,49,1,12,2024-05-24,0.91,316,251,10,1808236
839772204763837536,"V1 Boutique Rooms, Nilie Hospitality MGMT",239769711,Nilie Premium Hospitality MGMT,,Thessaloniki,40.6434,22.93439,Entire home/apt,49,1,8,2024-09-21,0.44,316,249,4,1808161
839937193407958552,Luxury Apartment in Thessaloniki Center,47685676,Olga,,Thessaloniki,40.6209,22.95847,Entire home/apt,57,1,13,2024-09-15,0.69,2,350,6,00001926530
840459709509073783,"Salome, Nilie Hospitality MGMT",239769711,Nilie Premium Hospitality MGMT,,Thessaloniki,40.64213,22.93348,Entire home/apt,49,1,31,2024-09-17,1.79,316,232,27,1926571
840461868905370811,"Salome, Nilie Hospitality MGMT",239769711,Nilie Premium Hospitality MGMT,,Thessaloniki,40.64196,22.93455,Entire home/apt,49,1,26,2024-09-22,1.39,316,239,16,1926667
840463996219250162,"Salome, Nilie Hospitality MGMT",239769711,Nilie Premium Hospitality MGMT,,Thessaloniki,40.64053,22.93478,Entire home/apt,49,1,20,2024-09-09,1.07,316,142,14,1926672
840468261409947809,"Salome, Nilie Hospitality MGMT",239769711,Nilie Premium Hospitality MGMT,,Thessaloniki,40.64103,22.93334,Entire home/apt,49,1,68,2024-08-20,3.72,316,9,32,1926610
840470281789627940,"Salome, Nilie Hospitality MGMT",239769711,Nilie Premium Hospitality MGMT,,Thessaloniki,40.64268,22.93462,Entire home/apt,49,1,11,2024-09-09,0.60,316,239,6,1926710
840476621152425759,"V1 Boutique Rooms, Nilie Hospitality MGMT",239769711,Nilie Premium Hospitality MGMT,,Thessaloniki,40.64193,22.93532,Entire home/apt,49,1,13,2024-09-22,0.69,316,251,10,1808262
841026742139057868,"Avenue, Nilie Hospitality MGMT",239769711,Nilie Premium Hospitality MGMT,,Thessaloniki,40.63746,22.93899,Entire home/apt,55,1,9,2024-08-22,0.57,316,362,7,1896825
841119892572797897,thessaloniki flat,503240538,Michail,,Pavlou Mela,40.67287,22.93324,Entire home/apt,55,2,0,,,1,268,0,00002340441
841765908315629005,Gorgeous exclusive penthouse next to the seafront,350279014,Innovation,,Thessaloniki,40.6037873,22.9525665,Entire home/apt,77,2,58,2024-09-01,3.23,33,148,37,00002488394
841946184133819007,CitycenterApartment,51508938,Aggeliki,,Thessaloniki,40.64200959407917,22.92738553136587,Entire home/apt,39,10,2,2023-08-28,0.13,1,38,0,00001224641
841950189369297114,Hidden paradise apartment,504305332,George,,Thessaloniki,40.60526,22.97658,Entire home/apt,52,2,20,2024-09-12,1.13,1,61,15,00002691384
842481709938664743,Central & comfortable apart!,181038870,City Apartments,,Thessaloniki,40.63841626636436,22.9424699395895,Entire home/apt,58,2,25,2024-08-24,1.49,3,0,15,00001941989
842739197636799444,Soul - the vibe of the city,25320105,Manos,,Thessaloniki,40.6317694,22.9462847,Entire home/apt,76,2,51,2024-09-01,2.75,3,316,28,01216761250
843219063040017873,"""Calliope"" premium flat in Evosmo Thessaloniki",136467908,Theodoros&Eleni,,Kordelio – Evosmos,40.67121,22.91384,Entire home/apt,59,1,0,,,2,80,0,00001934768
843538379320562886,Cozy Place Near Historic Center,504640397,Marina,,Thessaloniki,40.6412616,22.9493906,Entire home/apt,67,3,1,2023-04-02,0.06,1,252,0,00001934338
844064956298621367,Cozy modern studio in Thessaloniki,504569494,Aggelos,,Thessaloniki,40.6333058,22.943511,Entire home/apt,,2,4,2024-05-19,0.24,4,0,2,00000176327
844940553456379096,JK Luxury Old Town Apartment | 62sqm |Castle Tower,437280388,Jk,,Thessaloniki,40.6405384,22.9578158,Entire home/apt,79,1,1,2024-09-07,1,1,322,1,00002406908
845611389689633030,KYANA luxury,238952971,Αθανάσιος,,Thessaloniki,40.63465076388415,22.94830910861492,Entire home/apt,59,2,6,2024-02-28,0.42,1,315,3,00002181390
845941436465232344,Petros Apartmant,476466070,Πετρος,,Thessaloniki,40.6132715,22.9555057,Entire home/apt,39,2,29,2024-08-25,1.57,1,354,13,00001923294
846466723053689417,Luxury apartment,162014423,Lazaros,,Ampelokipon – Menemeni,40.6562878,22.9063664,Entire home/apt,62,2,11,2024-08-15,0.60,1,282,4,00001937131
866415470611513371,"Cittadino, Nilie Hospitality MGMT",239769711,Nilie Premium Hospitality MGMT,,Thessaloniki,40.63987,22.93455,Entire home/apt,54,1,25,2024-09-19,2.02,316,349,22,1989229
866632169909596364,Άνετο και όμορφο ρετιρέ στο κέντρο της πόλης,509234022,Maria,,Thessaloniki,40.63573,22.94701,Entire home/apt,105,3,5,2024-04-14,0.30,1,342,4,00001987474
866692712372002577,Cosy apt. near the city centre,124442977,Μάγδα,,Ampelokipon – Menemeni,40.65133,22.92453,Entire home/apt,48,2,2,2024-08-14,0.15,1,171,1,00001988535
866699757853291127,Spacious | Luminous | Central,43633063,Harry,,Thessaloniki,40.63190828897352,22.949149744180318,Entire home/apt,119,2,18,2024-07-29,1.04,3,113,14,00001988600
868009934545086049,Acanthus,509724832,Γρηγορης,,Thessaloniki,40.6101704,22.9588959,Entire home/apt,110,2,0,,,1,31,0,00001975966
868037966197564438,Petit 58 City Apartment,359806903,Ioanna,,Kalamaria,40.56966,22.96039,Entire home/apt,74,2,19,2024-09-11,1.10,1,51,11,00002411232
868073825609710274,Στούντιο Ιωάννα,411457403,Ιωάννα,,Thessaloniki,40.60882,22.96214,Entire home/apt,45,1,87,2024-08-31,5.01,1,83,41,00002002024
868502563365411117,Mamo Thessaloniki Studios ~2,300676576,Magdalini,,Thessaloniki,40.64682811466789,22.923523150384426,Entire home/apt,48,2,19,2024-09-06,1.10,2,88,8,00001988072
868581239819223162,Dahlia: Elegant & Spacious 2-Bedroom Luxury Living,251290631,Halu,,Thessaloniki,40.63188,22.94953,Entire home/apt,131,1,5,2024-02-09,0.29,90,363,2,12345678901
868686502797999591,4 Travelers - Together,91511772,Crisa,,Thessaloniki,40.6338509,22.9426049,Entire home/apt,155,2,10,2024-08-16,0.58,4,312,1,00001996758
868711852799394080,Filota Luxury Home - free public parking,103306415,Angel,,Thessaloniki,40.64264084089942,22.94132803558199,Entire home/apt,74,2,2,2023-06-02,0.12,3,362,0,00001996838
869210908192555208,Lydia's,433637970,Georgios,,Thessaloniki,40.6098659,22.9601904,Entire home/apt,41,1,80,2024-08-22,4.74,1,347,51,00002010110
870019640339589378,"Big Apple, Nilie Hospitality MGMT",239769711,Nilie Premium Hospitality MGMT,,Thessaloniki,40.63962,22.93849,Entire home/apt,50,1,18,2024-07-29,1.18,316,352,13,1387216
800581436389275570,Brand New Apartment Giovanna,206134494,Ioanna,,Thessaloniki,40.63951,22.93751,Entire home/apt,109,1,0,,,2,344,0,00001957085
800794909950594774,Down Town  apartment,132138519,Γιωργος,,Thessaloniki,40.6316664,22.9508466,Entire home/apt,60,4,18,2023-09-14,0.89,1,206,0,00001861320
801257237782014866,Thess1home Stellar,34979760,Panagiotis,,Kalamaria,40.5827939,22.947374,Entire home/apt,76,1,47,2024-08-08,2.30,10,245,29,00001865093
802145616268638095,Rooftop96,151354719,Δημήτρης,,Thessaloniki,40.6104507,22.9551794,Entire home/apt,47,2,26,2024-09-08,1.30,1,248,8,00001865737
802173030221428191,Sky Seaview suite 10min walk from Thessaloniki Ctr,495550951,Ilias,,Thessaloniki,40.647261346472376,22.934884134937906,Entire home/apt,100,7,1,2023-12-03,0.10,4,275,1,00001457616
802700068409783849,vera's rooms 7,156282533,Jordans Rooms Ike,,Neapolis – Sykeon,40.6517654,22.9366101,Entire home/apt,42,2,0,,,9,353,0,2113910
803422214219654739,Lavie #Skgbnb,1977386,Cristina&Tomas! Skgbnb,,Thessaloniki,40.6198,22.9574,Entire home/apt,50,2,19,2024-07-08,1.06,30,304,14,00002407781
803431407184564009,Spazio 51,187063192,Vicky,,Thessaloniki,40.6406803,22.958471,Entire home/apt,47,1,110,2024-09-22,5.39,1,354,72,00001866558
804176893461060337,"Electra 2-bdrm Apartment, Vesta Philoxenia",336527202,Vesta Philoxenia,,Thessaloniki,40.63889,22.95099,Entire home/apt,69,3,22,2024-05-19,1.15,51,121,11,00002618654
804434792765255983,Azuro Luxury Living,132658526,Elena,,Thessaloniki,40.60036,22.96104,Entire home/apt,84,3,10,2024-06-09,0.62,3,358,4,01224427905
804972469018401528,"Bourn, Nilie Hospitality MGMT",239769711,Nilie Premium Hospitality MGMT,,Thessaloniki,40.64301,22.93288,Entire home/apt,,1,27,2024-09-18,1.71,316,0,13,1819433
804976125080889035,"Bourn, Nilie Hospitality MGMT",239769711,Nilie Premium Hospitality MGMT,,Thessaloniki,40.64314,22.93268,Entire home/apt,49,1,8,2024-09-16,0.50,316,7,6,1843433
805869956251364551,G&G city center luxury studio 1-3 persons,496359029,Γεωργιος,,Thessaloniki,40.6314485,22.9426732,Entire home/apt,53,2,49,2024-09-09,2.41,1,339,33,00001859029
806194742284206223,Jolie II #Skgbnb,1977386,Cristina&Tomas! Skgbnb,,Thessaloniki,40.61932,22.95841,Entire home/apt,65,2,6,2024-07-26,0.35,30,234,4,00002407580
806212714614652593,Jolie for 4 #Skgbnb,1977386,Cristina&Tomas! Skgbnb,,Thessaloniki,40.62086,22.95822,Entire home/apt,70,2,38,2024-09-09,1.88,30,317,19,00002407820
806304143493143423,Houseloft Agora Residence,29565272,Houseloft,,Thessaloniki,40.63886,22.9417889,Entire home/apt,190,1,15,2024-08-18,0.77,20,336,8,00001940477
806485828980601796,"Nazar City Apartment, Vesta Philoxenia",336527202,Vesta Philoxenia,,Thessaloniki,40.64747,22.92348,Entire home/apt,45,3,6,2023-06-04,0.31,51,101,0,00001864857
806603838645425483,Tailor's Suites #4,40505568,Thanos,,Thessaloniki,40.63857615259501,22.939294264556878,Entire home/apt,37,1,71,2024-09-14,3.49,2,358,30,00002470349
807074401526443150,Fobillo Apartment at Charilaou,496721592,Γιάννης,,Thessaloniki,40.59963,22.96791,Entire home/apt,50,1,34,2024-07-24,1.68,1,77,15,00001869304
807714364954665911,Tailor's suites  #3,67280623,Maria,,Thessaloniki,40.639633048898986,22.938725521660555,Entire home/apt,34,2,42,2024-09-15,2.06,2,348,19,00002470312
808631695388641533,Square Suite from k2properties,257956713,Natasa,,Thessaloniki,40.63460310000001,22.949003,Entire home/apt,45,2,32,2024-08-02,1.61,9,344,12,00001854545
808799716702566318,Meraki Home,497128803,Christos,,Thessaloniki,40.6096819,22.977108,Entire home/apt,47,1,46,2023-10-06,2.28,1,15,1,00001875666
809845043644944590,NeaPoliteia-Evosmos-Thessaloniki,497338688,Άννα,,Kordelio – Evosmos,40.67272248822536,22.914272332996028,Entire home/apt,60,2,14,2024-03-18,0.70,1,334,7,00001876860
809944009225300964,Skg Urban Studio,250160089,Alexandros,,Thessaloniki,40.638204688561224,22.93984136931154,Entire home/apt,61,2,2,2023-04-02,0.10,3,64,0,00001870317
811350463280843646,studio51 - bohemian oasis in historical ano poli,51567698,Ekaterini,,Thessaloniki,40.6421641,22.9468621,Entire home/apt,53,2,32,2024-09-09,1.58,1,233,10,00001835943
812137927564307577,Stelina’s Cosy Loft - Ideal Spot,59919167,Stelina,,Thessaloniki,40.60996563116811,22.96372275799513,Entire home/apt,42,1,15,2024-09-06,0.75,1,324,4,00001879950
812232363741560265,Lux 90sqm 2bedrooms 10minAirport,496112487,Marta,,Kalamaria,40.57165,22.97289,Entire home/apt,81,1,11,2024-09-08,0.67,1,39,9,00001786878
812339110736989941,BlueSpike,491687089,Ιωαννα,,Thessaloniki,40.6013266,22.952104,Entire home/apt,98,2,4,2024-08-14,0.31,1,174,3,00001831685
812473164372647710,Modern Apartment in Thessaloniki,46848791,Vasileios,,Thessaloniki,40.6065,22.96249,Entire home/apt,64,2,10,2024-08-03,0.58,1,265,5,00001988636
813640137666738453,Eunoia Luxury Apartment Thessaloniki,337091548,Christos,,Thessaloniki,40.6307,22.94965,Entire home/apt,97,1,0,,,1,345,0,00001906506
814433179217369895,Diamond Luxury Suite,280326852,Lefteris,,Thessaloniki,40.6222755,22.9596984,Entire home/apt,110,1,1,2024-07-08,0.38,1,87,1,00001940212
814556924448179666,Πολυτελές διαμέρισμα ρετιρέ,52797288,Adam,,Kalamaria,40.5699,22.97007,Entire home/apt,216,2,0,,,1,365,0,
814557335335743921,Globy Chic Central Διαμέρισμα Κέντρο-Ροτόντα-ΑΠΘ,497978905,GlobyBnb,,Thessaloniki,40.63104,22.95109,Entire home/apt,,3,0,,,4,365,0,00000440995
815084741632179344,"Aelia 7.3 , The Luxury Suites",280458084,The Luxury Suites,,Thessaloniki,40.63852,22.93803,Entire home/apt,94,2,18,2024-08-01,0.92,173,174,9,00001886757
815113289860845599,"Aelia 7.1, The Luxury Suites",280458084,The Luxury Suites,,Thessaloniki,40.63934,22.9375,Entire home/apt,98,2,28,2024-09-13,1.44,173,168,12,00001886800
815302993576064943,Adastro Apartment 17,132658526,Elena,,Thessaloniki,40.60076,22.962,Entire home/apt,70,3,4,2024-09-12,0.25,3,362,2,01226663944
815782608636673381,Nederlands mini studioSkg,159377222,Χρήστος,,Thessaloniki,40.63773,22.9548,Entire home/apt,33,3,2,2023-02-20,0.10,1,360,0,00001877532
815907034011246555,Modern apartment in city center,175912895,Dimitra,,Thessaloniki,40.64142,22.94382,Entire home/apt,60,2,2,2024-02-05,0.12,1,360,1,00001935117
815947327816083270,Globy Artistic Central Apartment,497978905,GlobyBnb,,Thessaloniki,40.64134,22.94004,Entire home/apt,109,3,0,,,4,365,0,00000483715
816019571688476611,Globy Lux City Paradise Apartment -Aristotelous SQ,497978905,GlobyBnb,,Thessaloniki,40.6371,22.94768,Entire home/apt,129,3,0,,,4,365,0,00000493311
816368796292192010,Kostas Appartment,238050571,Aggelos,,Thessaloniki,40.620642425682476,22.957230146032707,Entire home/apt,31,2,12,2024-06-12,0.61,2,323,5,00001884689
817280799302085386,Studio in the Heart of the City,172777157,Gregory,,Thessaloniki,40.633550073251655,22.939055487513542,Entire home/apt,70,2,2,2023-03-26,0.11,2,330,0,00498253750
818063340796137877,"Adelle Studio #31, The Luxury Suites",280458084,The Luxury Suites,,Thessaloniki,40.63775,22.93937,Entire home/apt,48,2,70,2024-09-04,3.63,173,168,38,00001901549
818063640189700242,"Adelle Studio #32, The Luxury Suites",280458084,The Luxury Suites,,Thessaloniki,40.63983,22.94084,Entire home/apt,48,2,54,2024-09-06,3.06,173,166,32,00001902864
818067945770325642,"Adelle Studio #33, The Luxury Suites",280458084,The Luxury Suites,,Thessaloniki,40.63799,22.93893,Entire home/apt,49,2,67,2024-09-06,3.52,173,170,50,00001902902
818069574694619800,"Adelle Studio #34, The Luxury Suites",280458084,The Luxury Suites,,Thessaloniki,40.63965,22.93941,Entire home/apt,49,2,57,2024-08-04,2.97,173,170,28,00001902918
818144625573476919,The Elysian luxury apartment CITY centre,5122108,Eleni,,Thessaloniki,40.6297,22.9509,Entire home/apt,117,2,24,2024-07-06,1.26,3,45,16,00494474133
819541893526481041,"Spacious, quiet, Balcony next center,Mall, RailSt.",197543386,Aristeidis,,Thessaloniki,40.64218,22.92149,Entire home/apt,28,6,17,2024-09-05,0.90,3,42,8,00001890871
820367248949909675,"Old City,New Vibes#hosted by DoorMat",499715628,Efstratios,,Thessaloniki,40.640867156610696,22.951683135746936,Entire home/apt,32,2,90,2024-09-07,4.58,1,317,52,00002485730
847143794240567963,"Early Bird 2-bdrm Apartment, Vesta Philoxenia",336527202,Vesta Philoxenia,,Kalamaria,40.5755,22.96554,Entire home/apt,93,3,12,2024-08-07,0.68,51,127,8,00002499485
847572713646032041,VIP SKG Central apartment,505483771,Unlock,,Thessaloniki,40.6341414710945,22.946799469311514,Entire home/apt,55,2,1,2024-04-14,0.18,4,179,1,00002613480
847573749457914124,Πανεπιστήμιο - Έκθεση- Τούρκικο προξενείο,52202112,Mike,,Thessaloniki,40.6363813,22.9546744,Entire home/apt,41,2,6,2024-02-05,0.36,3,364,3,00002436350
847665681082679873,Agia Sofia Noir Apartment,101485509,Dimitra,,Thessaloniki,40.63245,22.9446,Entire home/apt,106,2,21,2024-09-09,1.18,1,240,10,00001961152
848259724198973324,"Cozy 120Sq/m,2 B/room Apartment",16161258,Ektoras,,Thessaloniki,40.63375,22.94665,Entire home/apt,113,2,2,2023-05-28,0.11,1,350,0,00002433903
848268539218356824,"Colourful Spot Apartment Ano Poli, Vesta Philoxenia",336527202,Vesta Philoxenia,,Thessaloniki,40.64142,22.95022,Entire home/apt,56,1,21,2024-08-18,1.18,51,7,15,00002497434
848443491983633989,Park studio,161976560,Aggela,,Kalamaria,40.58602,22.96504,Entire home/apt,48,2,3,2024-05-21,0.34,1,145,3,00002347975
848532185896622243,Garden House/Thessaloniki/wifi,505691399,Styliani,,Kalamaria,40.58841,22.96334,Entire home/apt,75,2,1,2023-09-24,0.08,1,361,1,00001942980
849236381277802692,Appartamento Centrale Salonicco,189163224,Sofia,,Thessaloniki,40.6333732,22.944628,Entire home/apt,62,2,47,2024-08-11,2.57,1,69,33,00001938314
849796631460588795,Simplicity Flat near white tower,505311073,Haya,,Thessaloniki,40.6316,22.95288,Entire home/apt,60,2,9,2023-09-24,0.49,1,180,1,00001935940
849862398213507524,Cozy flat  for leisure & work,47558010,Eleni,,Thessaloniki,40.6324915,22.9514883,Entire home/apt,109,2,5,2023-11-12,0.29,1,364,1,00001817083
851207669966373751,Innovative trendy studio in Ladadika,350279014,Innovation,,Thessaloniki,40.63684,22.93663,Entire home/apt,34,1,53,2024-09-08,3.02,33,134,33,00001853108
851447270349887772,Super stylish studio II,11536415,Costas,,Thessaloniki,40.61574,22.95747,Entire home/apt,31,3,11,2024-04-22,0.61,2,298,3,00001948318
851460410600874424,Λουξ Διαμέρισμα στην Καλαμαριά!,118179802,Antonis,,Kalamaria,40.58779,22.95019,Entire home/apt,80,3,8,2024-08-27,0.45,1,36,2,00002167473
852009401622389559,"Closer ""Egnatia Apartment 2""",500325834,Μαρια,,Thessaloniki,40.63472,22.94664,Entire home/apt,44,2,0,,,3,364,0,00001883443
852017524427973315,"Closer ""Egnatia Apartment 4""",500325834,Μαρια,,Thessaloniki,40.6342355,22.9477277,Entire home/apt,48,2,1,2023-06-22,0.07,3,365,0,00001883438
852300224708501624,In the heart of Thessaloniki,506477839,Athanasios,,Thessaloniki,40.63358010411851,22.95385185767213,Entire home/apt,45,3,50,2024-09-05,3.09,1,281,38,00002077220
852626767189130207,Valaoritou Luxury Studio,188458774,Arcus O.E.,,Thessaloniki,40.638722,22.9369445,Entire home/apt,64,2,0,,,18,84,0,00001941501
852639620154038501,Valaoritou Luxury Suite,188458774,Arcus O.E.,,Thessaloniki,40.63959,22.93646,Entire home/apt,72,2,0,,,18,84,0,00001928709
852673478609934106,Gavi Eleven Apartment,233599991,Χρήστος,,Thessaloniki,40.6477885,22.9323872,Entire home/apt,70,1,5,2023-09-15,0.28,30,268,0,00001950077
852825945076704381,East Coast Senses,108992327,Katerina,,Kalamaria,40.57608,22.96408,Entire home/apt,67,1,33,2024-09-13,1.80,2,307,17,00001952474
852888442607395157,Cozy & Stylish Eastside Apt.,231486129,George,,Thessaloniki,40.6221973,22.9652928,Entire home/apt,42,2,9,2024-03-29,0.52,1,362,1,00001943190
853435198630419092,The Caravan-Superior Apartment,506697607,George,,Thessaloniki,40.63947,22.9402,Entire home/apt,98,1,0,,,2,159,0,00001954951
853448125748745623,The Caravan-Deluxe Apartment,506697607,George,,Thessaloniki,40.63814,22.93884,Entire home/apt,,1,1,2023-04-30,0.06,2,149,0,00001955013
854211866551477192,Rooftop project Mitropolis,506853658,Χριστοφορος,,Thessaloniki,40.6293411,22.9466294,Entire home/apt,140,1,3,2024-02-04,0.25,1,269,3,Exempt
855726765329014242,Comfort Studio,328710724,Smaro,,Pilea – Chortiatis,40.6074445,22.9939736,Entire home/apt,80,3,0,,,1,21,0,00001165289
856325988096644846,Downtown 160 sqm -7th floor- 5 bedroom apt,9531550,Katerina,,Thessaloniki,40.63707429999999,22.9361106,Entire home/apt,105,1,60,2024-09-08,3.42,14,314,40,00001974104
856331556597957167,"Soleado, Nilie Hospitality MGMT",239769711,Nilie Premium Hospitality MGMT,,Thessaloniki,40.61071,22.97536,Entire home/apt,51,2,7,2024-07-29,0.42,316,258,2,1984113
856446412443622144,Eliza's luxury apartment in the heart of city  2,505199704,Ολγα,,Thessaloniki,40.63496,22.94913,Entire home/apt,45,2,120,2024-09-21,6.74,1,346,79,00001960225
857328025374268083,exclusive ladadika apartment 1,84186875,Dimitris,,Thessaloniki,40.637600835623275,22.938863709568977,Entire home/apt,54,2,12,2024-08-03,0.71,3,365,6,00001957410
857638318199102289,Porto Sea View Apartments #41,372140900,Porto Sea View,,Thessaloniki,40.6344631,22.9364128,Entire home/apt,154,1,16,2024-07-25,1.17,40,264,12,00002062541
857649852173094016,Relax in the city center 1,72608852,Tzetzisanastasios,,Thessaloniki,40.64670769528922,22.92723649563136,Entire home/apt,41,3,0,,,2,21,0,00001964875
857662826725358928,#Pearl: Penthouse suite with amazing view,251290631,Halu,,Thessaloniki,40.63415,22.94527,Entire home/apt,55,1,26,2024-08-22,1.46,90,354,18,00001936714
857668207764059675,Sanders Old Port - Cute 1-Bdr Apt with Balcony,437864658,Sanders,,Thessaloniki,40.64485,22.92178,Entire home/apt,49,1,4,2023-09-01,0.24,8,357,0,01200647815
857668959079411539,Sanders Old Port - Precious 1-Bdr Apt with Balcony,437864658,Sanders,,Thessaloniki,40.64485,22.92178,Entire home/apt,48,1,2,2023-08-08,0.14,8,360,0,01200647823
857669406549189833,Sanders Old Port - Simple Studio with Balcony,437864658,Sanders,,Thessaloniki,40.64485,22.92178,Entire home/apt,48,1,2,2023-06-29,0.12,8,324,0,01200647778
857670196902112290,Sanders Old Port - Humble 1-Bdr Apt with Balcony,437864658,Sanders,,Thessaloniki,40.64485,22.92178,Entire home/apt,51,1,1,2023-07-02,0.07,8,357,0,01200647794
857670482118314230,Sanders Old Port - Adorable 1-Bdr Apt with Balcony,437864658,Sanders,,Thessaloniki,40.64485,22.92178,Entire home/apt,48,1,0,,,8,362,0,01200647807
857670874889804282,Sanders Old Port - Charming 1-Bdr Apt with Balcony,437864658,Sanders,,Thessaloniki,40.64485,22.92178,Entire home/apt,51,1,0,,,8,346,0,01200647786
870314491949610894,Domi's Rooftop Apartment,510197474,Θεοκλήτη,,Kalamaria,40.57753,22.95228,Entire home/apt,80,2,10,2024-08-20,0.62,1,333,6,00001996657
870316370441764580,LuxLiving Agiou Dimitriou,510197006,Alexandros,,Thessaloniki,40.6377684,22.9485706,Entire home/apt,46,1,59,2024-09-05,3.46,9,258,42,00002015150
870705978684692425,"Big Apple, Nilie Hospitality MGMT",239769711,Nilie Premium Hospitality MGMT,,Thessaloniki,40.64052,22.93761,Entire home/apt,50,1,6,2024-09-14,0.46,316,350,4,1387183
870732616176376935,"Big Apple, Nilie Hospitality MGMT",239769711,Nilie Premium Hospitality MGMT,,Thessaloniki,40.63816,22.93764,Entire home/apt,50,1,5,2024-09-17,0.48,316,355,5,1418900
871693931569568462,Mamo Thessaloniki Studios ~1,300676576,Magdalini,,Thessaloniki,40.64683396557166,22.923476547002792,Entire home/apt,49,2,8,2024-09-01,0.46,2,84,3,00001988067
871802240199223289,Santa Sophia’s Elegant Pop Suite,460542477,Alexandros,,Thessaloniki,40.633254407672354,22.94843651354313,Entire home/apt,68,1,36,2024-09-16,2.09,2,359,26,00002008944
872172902339832378,Cosy Studio,43145005,Evι,,Pilea – Chortiatis,40.59707,22.98435,Entire home/apt,55,4,1,2023-06-05,0.06,1,354,0,00001998730
872277020215370051,F & B Collection - Flat for 4,31131449,Dimitris,,Kalamaria,40.5839128,22.9536056,Entire home/apt,61,7,22,2024-09-04,1.58,56,360,19,00001931172
872335441518286583,F & B Collection - Flat for 4,31131449,Dimitris,,Thessaloniki,40.6462441,22.9379724,Entire home/apt,65,7,4,2023-09-15,0.25,56,0,0,00001980424
872350731797629816,Stella’s Jasmine,510630853,Στυλιανή,,Pilea – Chortiatis,40.59014052431214,22.979829112189044,Entire home/apt,70,1,6,2023-10-28,0.35,1,80,2,00001993216
872492358786742837,cozy house,510670334,Θεοχαρης,,Pavlou Mela,40.66167,22.95243,Entire home/apt,35,2,3,2024-09-19,0.23,1,358,1,00002098108
872828663393680389,Ευρύχωρο Διαμέρισμα,327288068,Skytrack,,Pavlou Mela,40.68523110026751,22.94946421481933,Entire home/apt,110,1,0,,,1,80,0,Exempt
873057217901659120,Elegant Mountain-view Apartment next to seaside,350279014,Innovation,,Thessaloniki,40.60491,22.95141,Entire home/apt,59,2,37,2024-09-08,2.19,33,163,19,00002007554
873760221403457515,New penthouse apartment near center/free parking!,27467340,Alexandros,,Thessaloniki,40.64444,22.922,Entire home/apt,43,2,28,2024-09-13,1.64,1,331,19,00002006042
873852259137404239,Studio in Mpotsari Str,474464191,Ana,,Thessaloniki,40.607155,22.9643154,Entire home/apt,21,30,0,,,5,272,0,00002010428
873896397983830405,black dot,510965923,Blackdotrooms,,Thessaloniki,40.6409891,22.9373673,Entire home/apt,51,3,4,2024-09-01,0.23,2,359,2,00002007958
874401514110339575,White City Stay 2,510781981,Babis,,Thessaloniki,40.64207,22.92845,Entire home/apt,,1,0,,,1,0,0,00001921318
874527348662622085,King sized bed | Luxury Accommodation | Balcony,505252855,Ηλίας,,Thessaloniki,40.6155,22.96956,Entire home/apt,115,2,7,2023-08-26,0.43,2,19,0,00002005592
875248479588428243,"City gem, top spec flat.",203042804,Eva,,Thessaloniki,40.6110893,22.9751262,Entire home/apt,70,1,2,2024-02-03,0.19,1,365,2,Exempt
875919498417479551,Sweet Pleace 1,283671521,Marusya,,Thessaloniki,40.59056,22.95496,Private room,20,1,1,2023-04-30,0.06,1,88,0,Exempt
876081492528535726,MF Luxury Apartments,241268374,Μαριάνθη Marianna,,Thessaloniki,40.64504,22.92315,Entire home/apt,59,2,6,2024-09-08,0.35,1,365,3,00002303096
876631988863814998,Kalamaria-in-Center,377310536,Olena,,Kalamaria,40.5799900446338,22.951752356652815,Entire home/apt,37,5,7,2024-08-26,0.43,1,168,4,00002008535
876769768637305552,Κέντρο,224059789,George,,Thessaloniki,40.6314583,22.9452842,Entire home/apt,65,3,3,2024-09-08,0.22,1,248,1,00000272948
877200798608478053,Relax in the city center 2,72608852,Tzetzisanastasios,,Thessaloniki,40.6467716,22.9273075,Entire home/apt,38,3,2,2023-05-09,0.12,2,22,0,00002014244
877224769162554593,"Luxurious Condo Ni, 1 bedroom",511329065,Michael,,Thessaloniki,40.62509,22.97517,Entire home/apt,49,3,5,2024-06-29,0.41,1,44,5,00002017149
877269580613256458,Rusion Fortress,188458774,Arcus O.E.,,Thessaloniki,40.6303288,22.963805,Entire home/apt,115,3,5,2024-09-01,0.38,18,214,4,00001921647
877360054321202718,Mariza's luxury suites #1A,155265031,Mariza,,Ampelokipon – Menemeni,40.6513009,22.9131306,Entire home/apt,65,1,17,2023-12-17,1.00,2,357,5,00002011482
877399418878026890,Mariza's luxury suites #2M,155265031,Mariza,,Ampelokipon – Menemeni,40.6513009,22.9131306,Entire home/apt,63,1,76,2024-09-19,4.45,2,357,38,00002011477
878085284974692085,"Skyline Residence in Ano Poli, Vesta Philoxenia",336527202,Vesta Philoxenia,,Thessaloniki,40.6417,22.95802,Entire home/apt,60,2,4,2023-12-19,0.24,51,87,1,00002529350
878108129149559359,"San Francisco, Nilie Hospitality MGMT",239769711,Nilie Premium Hospitality MGMT,,Thessaloniki,40.63789,22.93646,Entire home/apt,40,1,5,2024-03-08,0.31,316,337,2,2030611
878729850185032432,Sunshine Apartments #01,466333344,Γεωργιος,,Thessaloniki,40.6441548,22.9241644,Entire home/apt,37,3,14,2024-09-21,0.83,2,258,9,00001926806
880181423428366275,ΟλντΣίτιαπαρτμεντ,79446546,Dimitrios,,Thessaloniki,40.64597819999999,22.9406506,Entire home/apt,55,3,0,,,5,342,0,00002011397
880224477599489883,Exclusive ladadika apartment 3,84186875,Dimitris,,Thessaloniki,40.6375928,22.9386705,Entire home/apt,59,2,4,2024-04-02,0.25,3,365,2,00002277018
880914159806911845,City Nest 6 @ Thessaloniki Center / 2p,512430842,Mirella,,Thessaloniki,40.639426241291496,22.941890501852427,Entire home/apt,53,2,9,2024-09-04,0.71,2,235,8,00002024010
881001727314981156,Adam's apartment with large sunny balcony,160330109,Yorgos,,Thessaloniki,40.62967,22.95211,Entire home/apt,120,20,5,2024-04-16,0.57,2,234,5,00002584883
881152807490223892,City Nest 5 @ Thessaloniki Center / 2p,512430842,Mirella,,Thessaloniki,40.639347106076364,22.94167292345545,Entire home/apt,53,2,31,2024-09-08,2.12,2,354,26,00002024354
881179092137920604,SKG City Cabin,512498750,Jose,,Thessaloniki,40.636302334010836,22.937297407934583,Entire home/apt,80,3,11,2024-07-29,0.68,1,5,8,00002032360
881380540839682750,Agapi’s apartment,333690273,Αγάπη,,Kalamaria,40.5861987,22.956322,Entire home/apt,105,2,8,2024-02-17,0.48,1,178,2,00002015204
881507225143728660,City Nest 4 @ ThessalonikiCenter/2p,512565241,Μιχαήλ,,Thessaloniki,40.63938583938309,22.941619585736486,Entire home/apt,53,2,22,2024-07-22,1.39,1,333,19,00002028388
882429901924382738,"Artistic eco aprt, Rotunda SKG",502266610,Vasilis,,Thessaloniki,40.63607,22.95151,Entire home/apt,70,1,40,2024-09-09,2.70,1,84,34,00002717888
883001795621646760,"V6 Penthouse, Nilie Hospitality MGMT",239769711,Nilie Premium Hospitality MGMT,,Thessaloniki,40.64205,22.93536,Entire home/apt,51,1,8,2024-08-18,0.63,316,365,7,2030627
883141387298451170,Luxury Ladadika Apartments,172595834,Isidora And Christos,,Thessaloniki,40.63638287981762,22.937196976552322,Entire home/apt,38,1,53,2024-08-25,3.20,8,352,27,00002041670
883182179770820555,Xarilaou's Two-Bedroom Treasure in Thessaloniki,504569494,Aggelos,,Thessaloniki,40.6003744,22.9673029,Entire home/apt,66,2,4,2023-07-14,0.26,4,39,0,00000152584
884616747741037090,A nice place in Thessaloniki,513258471,Liat,,Thessaloniki,40.64122,22.93902,Entire home/apt,58,3,3,2023-07-09,0.19,1,89,0,00002047787
884671250162443821,#Penelope by halu! apartments,251290631,Halu,,Thessaloniki,40.63026,22.95114,Entire home/apt,98,1,29,2024-09-14,1.87,90,334,25,00001971725
885345040342499278,Jim house Thessaloniki,160126520,Giorgos,,Pilea – Chortiatis,40.60538,22.98084,Entire home/apt,69,2,28,2024-09-16,2.00,1,265,24,2212367
885937398829827744,"Pantheon, Nilie Hospitality MGMT",239769711,Nilie Premium Hospitality MGMT,,Thessaloniki,40.6347,22.93617,Entire home/apt,66,1,13,2024-09-13,0.78,316,349,11,2066293
886065409928838558,Marilians Luxury Apartment,452499645,Dimitrios,,Thessaloniki,40.6122814,22.9610044,Entire home/apt,80,2,8,2024-09-09,0.48,1,251,2,00001989377
886659741754019339,Hutson House,478283223,Θανος,,Thessaloniki,40.64398,22.9491,Entire home/apt,103,1,31,2024-06-30,1.95,2,114,22,00001989791
886970152977022616,Apartment  urban loft,513792785,Φιλιππια,,Thessaloniki,40.60216,22.95554,Entire home/apt,38,3,47,2024-09-16,2.91,1,358,29,00002080402
887696725063239765,Ladadika street view 103｜near Aristotle Square,337330816,Allen,,Thessaloniki,40.63571,22.93658,Entire home/apt,51,1,23,2024-09-03,1.52,4,310,8,00002323944
887710302345777392,Authentic City Living,513965058,Ioana,,Thessaloniki,40.63155,22.94911,Entire home/apt,65,2,2,2024-02-04,0.16,1,364,1,00001167054
887732101053256604,Διαμερισμα με ολες τις ανεσεις,74253719,Pedros,,Thessaloniki,40.6097049,22.977524,Entire home/apt,45,4,5,2024-08-31,0.33,1,359,3,00002047400
888071912656590439,Tasos apartment,146027074,Anastasios,,Thessaloniki,40.60101864066437,22.952935583889488,Entire home/apt,50,1,49,2024-09-22,2.96,1,0,37,00001973882
888105401753748012,Studios Iris,514034276,Βαρβαρα,,Kordelio – Evosmos,40.676108584048805,22.894484717886968,Private room,73,3,2,2024-06-22,0.14,1,365,1,0933Κ122Κ0443700
888119404450561368,Old school - classic value,7926196,Elena,,Thessaloniki,40.64554260000001,22.9400668,Entire home/apt,45,1,21,2024-09-16,1.28,4,90,9,01183066305
888178249890281390,Classic Apartment,514059255,Panagiotis,,Ampelokipon – Menemeni,40.65504873329945,22.916861923942545,Entire home/apt,60,3,3,2024-01-28,0.23,2,69,2,00002093034
888199592382632444,Elegant Apartment,514059255,Panagiotis,,Ampelokipon – Menemeni,40.65493478180658,22.91695848346708,Entire home/apt,50,3,4,2024-05-29,0.27,2,69,3,00002093060
888246193328306723,Thanos Luxurious Apartment,60917896,Thanos,,Thessaloniki,40.61918,22.95905,Entire home/apt,48,2,25,2024-09-11,1.57,1,279,19,00002034894
888247366886988439,Earthy and cozy 55sqm condo in the historic center,382941620,Antonios,,Thessaloniki,40.642208,22.9379668,Entire home/apt,29,8,26,2024-09-18,1.56,1,323,18,00002050013
888276594561196541,#Heart and Soul by halu! Apartments (Heart),251290631,Halu,,Thessaloniki,40.62854,22.95185,Entire home/apt,,1,14,2024-09-05,0.92,90,0,13,00002651858
888924759590678586,Next to railway station | K room,212454949,Evans' Apartments,,Thessaloniki,40.64402369201323,22.93297056108713,Entire home/apt,37,1,27,2024-07-23,1.68,6,177,19,00002013061
888944352058391446,Emerald House,508345975,Komno,,Neapolis – Sykeon,40.6604115,22.9888891,Entire home/apt,71,2,14,2024-09-13,0.88,1,357,10,00001960660
889744690277657343,Family friendly~Free private Parking~,172482632,Alexandros,,Neapolis – Sykeon,40.6474031,22.950595,Entire home/apt,50,2,80,2024-09-17,4.93,1,89,41,2050805
890345513848081773,Γκαρσονιέρα στις 40 εκκλησίες,50346796,Konstadinos,,Thessaloniki,40.6330065,22.9673271,Entire home/apt,35,2,12,2024-09-09,0.85,1,345,11,00002057117
890451527369856925,Bocca’s,45415850,Darko,,Thessaloniki,40.641395,22.946525,Entire home/apt,47,4,6,2024-09-08,0.54,1,77,6,00002085464
890539529051906376,Apartment In The Heart Of The City,514565655,Central,,Thessaloniki,40.6319433,22.9490863,Entire home/apt,62,1,15,2024-03-16,0.91,3,353,4,00002029496
891024291907130169,"Azul, Nilie Hospitality MGMT",239769711,Nilie Premium Hospitality MGMT,,Thessaloniki,40.64324,22.9373,Entire home/apt,47,1,41,2024-09-04,2.88,316,353,34,2041770
891067525525517704,#Luxlikehome Lux Locals 1,231048679,Luxlikehome,,Thessaloniki,40.63705,22.93811,Entire home/apt,80,2,2,2023-11-03,0.14,15,365,1,00002731475
891094211294556449,#Luxlikehome Lux Locals 2,231048679,Luxlikehome,,Thessaloniki,40.63777,22.93815,Entire home/apt,80,2,4,2023-12-17,0.26,15,360,1,00002731560
891882950808384342,Ikos central spacious apartment,261937610,Dimitriadis,,Thessaloniki,40.6340719,22.9487661,Entire home/apt,76,1,0,,,12,345,0,00002371693
891982777141699303,Kalamaria brand new 1 bedroom apartment,183460322,Christos,,Kalamaria,40.5847053,22.9474206,Entire home/apt,90,3,1,2023-08-16,0.07,2,344,0,00002046498
892040797693637327,Kalamaria brand new 2 bedroom apartment,183460322,Christos,,Kalamaria,40.5847053,22.9474206,Entire home/apt,100,3,3,2023-10-23,0.20,2,363,1,00002046461
892468404108461224,Minimal Penthouse by Maria,514979313,Maria,,Thessaloniki,40.63966378636701,22.93842581651316,Entire home/apt,57,2,48,2024-09-18,3.02,1,343,32,00002100490
907662973581090274,Flowery Penthouse in city centre,518503608,Marjana,,Thessaloniki,40.6337128,22.9498262,Entire home/apt,81,2,5,2023-08-06,0.33,1,175,0,00002013136
907682398637791922,Our little apartment,162763006,Nelly,,Thessaloniki,40.64092,22.95301,Entire home/apt,50,3,0,,,1,358,0,00002131243
907707902367994809,Houseloft Queen Olga Casa,29565272,Houseloft,,Thessaloniki,40.61269,22.9551,Entire home/apt,111,1,16,2024-08-31,1.12,20,357,15,00001326308
907755458679601976,Houseloft Forum Premium,29565272,Houseloft,,Thessaloniki,40.6274714,22.9521857,Entire home/apt,136,1,23,2024-08-26,1.54,20,356,15,00000948189
908431113669071115,Apartment in Thessaloniki,504711205,Dimitris,,Thessaloniki,40.6416115,22.9341706,Entire home/apt,60,2,1,2024-01-02,0.11,1,358,1,00002158344
908448145138212290,"Ultima, Nilie Hospitality MGMT",239769711,Nilie Premium Hospitality MGMT,,Thessaloniki,40.63693,22.94181,Entire home/apt,50,1,20,2024-09-15,2.67,316,355,20,00001256985
908538830122295596,Central Flat with mountain views,495550951,Ilias,,Thessaloniki,40.64223372233447,22.930237358197036,Entire home/apt,50,6,7,2024-06-04,0.57,4,317,6,00002007495
908574116880213912,Your Sweet Home,180686424,Kosmas,,Thessaloniki,40.6440159,22.9343773,Entire home/apt,55,3,3,2023-09-17,0.23,1,228,0,00002251817
908745131871373834,Mini Paradise,518778529,Σεβαστή,,Thessaloniki,40.63773,22.93612,Entire home/apt,39,3,3,2023-09-13,0.19,1,331,0,00002118169
908782541325639745,Luxury Apartment East Of Thessaloniki,485800812,Kinfeel North,,Thessaloniki,40.6134,22.96408,Entire home/apt,68,2,15,2024-02-20,1.00,11,265,6,00002099651
909235862184814083,#Oddity: Superior apartment by halu!,251290631,Halu,,Thessaloniki,40.63536,22.93527,Entire home/apt,111,1,16,2024-09-05,1.03,90,332,11,00002170469
909346258959806073,#Oddity: Deluxe apartment by halu!,251290631,Halu,,Thessaloniki,40.63372,22.93685,Entire home/apt,99,1,3,2024-07-14,0.23,90,340,2,00002170023
909349020418433759,Studio In The Heart of the City3,172777157,Gregory,,Thessaloniki,40.6335203030211,22.939097061753273,Entire home/apt,59,2,2,2023-08-20,0.13,2,346,0,00002121213
857701481161435539,Urban suites- Helexpo,507586350,Babis,,Thessaloniki,40.6295391,22.9520711,Entire home/apt,85,2,3,2023-09-11,0.21,1,83,0,00002000833
857722214874328551,Porto Sea View Apartments #42,372140900,Porto Sea View,,Thessaloniki,40.63434911335531,22.936198223278808,Entire home/apt,145,1,8,2024-09-09,0.58,40,266,4,00002062663
857744859753819868,Porto Sea View Apartments #43,372140900,Porto Sea View,,Thessaloniki,40.6344631,22.9364128,Entire home/apt,135,1,5,2023-10-17,0.37,40,268,1,00002062891
857782685556956226,Porto Sea View Apartments #44,372140900,Porto Sea View,,Thessaloniki,40.63507,22.93743,Entire home/apt,95,1,0,,,40,332,0,00002062802
857799105354983358,Porto Sea View Apartments #46,372140900,Porto Sea View,,Thessaloniki,40.6344631,22.9364128,Entire home/apt,100,1,1,2023-11-19,0.10,40,257,1,00002062930
857818023492796887,Porto Sea View Apartments #45,372140900,Porto Sea View,,Thessaloniki,40.63544,22.93599,Entire home/apt,97,1,0,,,40,353,0,00002062919
857968377358544094,Urban Living 4,112627287,Urban Living,,Thessaloniki,40.6368963,22.9427198,Entire home/apt,55,3,2,2023-12-11,0.13,9,356,1,00001895148
858026694236355741,"Harmony Loft Apartment in Sykies, Vesta Philoxenia",336527202,Vesta Philoxenia,,Thessaloniki,40.64315,22.94196,Entire home/apt,,3,21,2024-05-26,1.17,51,0,15,00002499974
858516898419237990,Studio Agia Triada - Theageneio,507754548,Ηλίας,,Thessaloniki,40.6182789,22.9579867,Entire home/apt,34,2,20,2024-09-21,1.14,1,271,14,00001963550
858521480438358193,ITHACA: Διαμέρισμα με αυτόνομη είσοδο,474940787,Ειρήνη,,Pavlou Mela,40.6685221,22.9244788,Entire home/apt,68,1,24,2024-05-14,1.37,2,37,9,00001648868
858521776565249248,#4 Ioanna Apartments,434347481,Ioanna Apartments,,Pavlou Mela,40.67682,22.93462,Entire home/apt,31,1,37,2024-08-29,2.51,21,338,28,00001967520
858552786495995326,Sunny Central Apt Nice View,506729414,Christos,,Thessaloniki,40.64125,22.94758,Entire home/apt,50,2,33,2024-09-05,1.90,1,271,18,00001966454
858710237433889782,Exclusive ladadika apartment 2,84186875,Dimitris,,Thessaloniki,40.63845,22.93796,Entire home/apt,54,2,1,2023-09-10,0.08,3,365,0,00002276982
859234741292410140,#3 Ioanna Apartments,434347481,Ioanna Apartments,,Pavlou Mela,40.67751,22.93477,Entire home/apt,36,2,50,2024-09-20,2.77,21,338,29,00001967515
859239239351681802,"Roselyn 3-bdrm Central Suite, Vesta Philoxenia",336527202,Vesta Philoxenia,,Thessaloniki,40.64017,22.93812,Entire home/apt,131,3,26,2024-08-27,1.50,51,110,17,00002457880
859248245809026457,#2 Ioanna Apartments,434347481,Ioanna Apartments,,Pavlou Mela,40.67728,22.93619,Entire home/apt,36,1,50,2024-09-15,2.77,21,339,31,00001967500
859258563459735836,#1 Ioanna Apartments,434347481,Ioanna Apartments,,Pavlou Mela,40.67678,22.93546,Entire home/apt,37,1,80,2024-09-21,4.75,21,336,61,00001967498
859355763408929775,Cozy City Centre  Apartment,120540147,Apostolos,,Thessaloniki,40.6294387349038,22.949934527277946,Entire home/apt,46,3,22,2024-09-16,1.24,1,89,11,00001968559
859405792197015294,Rea's place,53163893,George,,Thessaloniki,40.6158765,22.9674337,Entire home/apt,53,2,1,2023-04-30,0.06,1,206,0,00001968383
859437987893461764,Modern apartment near the sea,507881500,Nikolaos,,Thessaloniki,40.60921,22.95368,Entire home/apt,60,2,6,2024-07-09,0.39,1,353,1,00001903542
859882204221866275,Athonos apartment,64204706,Alexandros,,Thessaloniki,40.63431,22.94449,Entire home/apt,40,5,0,,,1,265,0,00001969301
859883774537272636,Cozy 20 sq flat in Salonica,418406263,Ioannis,,Thessaloniki,40.64759,22.93884,Entire home/apt,25,3,6,2023-11-18,0.39,1,264,3,00001948689
860862171129442628,Promenade Apartment with Sea View_T11,260979712,Erasmus,,Thessaloniki,40.61594,22.95435,Entire home/apt,35,2,0,,,40,163,0,00001738506
860892548977686530,Serenity,508234250,Charis,,Thessaloniki,40.64298,22.9402633,Entire home/apt,50,2,6,2024-01-07,0.34,1,206,1,00001964780
861209060264034755,Lux Studio at French Institude 2,93631145,Απόστολος,,Thessaloniki,40.62067,22.95825,Entire home/apt,35,2,16,2024-08-22,0.90,6,326,13,00002038562
861322325320484304,Urban Elegance in Thessaloniki,436387571,Kyriakos,,Thessaloniki,40.62999588386072,22.951277043814887,Entire home/apt,79,1,7,2024-01-04,0.45,5,136,2,00002029656
861343488913377390,#Chloe by halu! Apartments,251290631,Halu,,Thessaloniki,40.63101,22.94994,Entire home/apt,73,1,11,2024-06-17,0.64,90,356,5,00001967966
861619761040877064,Stay and Sleep Apartment,114389106,Τασος,,Pavlou Mela,40.67321530480379,22.942426688969135,Entire home/apt,55,1,19,2024-09-18,4.10,2,178,19,00002513254
861619767915283349,Sunny Rooftop House,114389106,Τασος,,Kordelio – Evosmos,40.6628196,22.9118911,Entire home/apt,60,1,38,2024-09-20,2.42,2,254,24,00002113032
861678983247015240,Το σπιτάκι της Αθηνάς,180953199,Αθηνά,,Neapolis – Sykeon,40.64746738646681,22.939562425017357,Entire home/apt,47,1,43,2024-09-02,2.42,2,327,24,00001939262
862168527449288505,Urban Elephant suites: Junior suite with balcony,489707491,Urban,,Thessaloniki,40.64238,22.92774,Private room,72,1,1,2024-07-27,0.51,3,312,1,1266218
862619275622800610,CenterStage1-Boutique Apartment,458932050,George,,Thessaloniki,40.6312298,22.942999,Entire home/apt,190,2,5,2024-06-13,0.29,1,340,2,00001968040
862716559765901338,"Calliope, Nilie Hospitality MGMT",239769711,Nilie Premium Hospitality MGMT,,Thessaloniki,40.63495,22.94176,Entire home/apt,81,1,45,2024-08-28,2.60,316,84,27,1987740
862961404125604936,#Sunshine: City centre family retreat,251290631,Halu,,Thessaloniki,40.63515,22.94939,Entire home/apt,64,1,14,2024-08-26,1.15,90,353,14,00001979086
862989416069014496,Superb apartment in city center.,237581754,Christos-Dimitrios,,Thessaloniki,40.62801990000001,22.9518728,Entire home/apt,51,1,40,2024-07-27,2.37,1,312,14,00002021450
863021706645065284,Christos III,481233847,Χρήστος,,Pilea – Chortiatis,40.6294761,23.0442657,Entire home/apt,41,1,1,2023-07-16,0.07,3,365,0,00001978218
863540312461104473,Lefkothea's central apartment,508803749,Ιφιγενεια,,Thessaloniki,40.61651680000001,22.9603943,Entire home/apt,74,2,6,2024-06-23,0.36,1,340,5,00001989213
863617658288144161,Kleious Ground Floor Apartment,474464191,Ana,,Thessaloniki,40.64325,22.94511,Entire home/apt,35,120,4,2023-09-15,0.24,5,365,0,00001981649
863664188088266402,"Maison Cristal, The Luxury Suites",280458084,The Luxury Suites,,Thessaloniki,40.63953,22.93663,Entire home/apt,61,2,23,2024-09-05,1.33,173,168,13,00002535739
863818914171916975,Φιλοξενία2,501988071,Γιωργος,,Neapolis – Sykeon,40.64799,22.93672,Entire home/apt,62,2,6,2024-08-31,1.12,1,354,6,00001977705
864166475737265712,Agias Sofias Svolou Center Thessaloniki,102811930,Chris,,Thessaloniki,40.6316245,22.9493229,Entire home/apt,60,2,25,2024-07-09,1.44,2,74,15,1895717
864300288256528514,C.1 Elia Old_Town,32216964,George,,Thessaloniki,40.6440871,22.9440113,Entire home/apt,270,2,29,2024-09-08,1.65,17,278,18,00001983839
864448614251430298,Laonikos Seaside Urban Studio SKG,20816730,Zeta,,Thessaloniki,40.600249,22.95335,Entire home/apt,63,1,29,2024-09-15,2.64,1,360,29,00002236750
864481499624191486,Queen sized bed | A/C | Balcony | 240mbps,505252855,Ηλίας,,Thessaloniki,40.61517,22.96919,Entire home/apt,74,2,13,2024-04-06,0.77,2,330,8,00001943808
864514192493213083,Syggrou Project 44,49272219,Timos,,Thessaloniki,40.6388,22.94104,Entire home/apt,90,1,0,,,6,242,0,00001950439
865144813589893454,Modern apartment near city centre for two!,42366041,Giannis Roditis,,Thessaloniki,40.60848,22.95595,Entire home/apt,33,2,40,2024-09-21,2.26,1,64,24,00001859438
865637745167597910,Agias Sofias Svolou Center 2 Thessaloniki,102811930,Chris,,Thessaloniki,40.63161228663531,22.949242433729555,Entire home/apt,77,2,14,2024-07-19,0.81,2,74,9,1895743
865814465741914144,Green Doors Penthouse,4166285,Magda,,Thessaloniki,40.6316166,22.9475369,Entire home/apt,109,2,32,2024-08-25,1.88,1,351,21,00001991456
866408279303087663,"Cittadino, Nilie Hospitality MGMT",239769711,Nilie Premium Hospitality MGMT,,Thessaloniki,40.63977,22.93617,Entire home/apt,54,1,3,2024-09-15,0.39,316,346,3,1989276
892508477850477585,Snow White studios: Memorable city break,251290631,Halu,,Thessaloniki,40.63181,22.94962,Private room,42,1,23,2024-08-04,1.41,90,361,13,0933Ε70000225701
892561439530454741,Ifos Apartments,499857867,Ruslana,,Ampelokipon – Menemeni,40.6491326,22.9231502,Entire home/apt,42,1,2,2023-06-25,0.13,6,364,0,00001878268
892561720667436400,Upper View Grande Terrace Apart,474464191,Ana,,Thessaloniki,40.6425212,22.9460619,Entire home/apt,35,12,0,,,5,236,0,00002062435
892705510794931570,Stylish Urban Studio w Balcony,477781969,Eg Urban Stay,,Thessaloniki,40.64261,22.9315,Entire home/apt,46,2,26,2024-08-23,2.07,5,334,25,00002063458
892728456011998934,Ifos Apartments,499857867,Ruslana,,Ampelokipon – Menemeni,40.6491326,22.9231502,Entire home/apt,42,1,0,,,6,364,0,00001878268
892736275012720638,Ifos Apartments,499857867,Ruslana,,Ampelokipon – Menemeni,40.6491326,22.9231502,Entire home/apt,42,1,4,2024-03-02,0.25,6,364,2,00001878247
892740243830245344,Ifos Apartments,499857867,Ruslana,,Ampelokipon – Menemeni,40.6491326,22.9231502,Entire home/apt,42,1,14,2024-09-07,0.86,6,364,8,00001878247
892745748264461185,Ifos Apartments,499857867,Ruslana,,Ampelokipon – Menemeni,40.6491326,22.9231502,Entire home/apt,32,1,9,2024-06-16,0.58,6,363,7,00001878247
892759358195242950,Ifos Apartments,499857867,Ruslana,,Ampelokipon – Menemeni,40.6491326,22.9231502,Entire home/apt,32,1,18,2024-09-10,1.13,6,359,13,00001878268
892830905579726395,"Deluxe Apartment Pylaia, SKG",148812537,Ioannis,,Thessaloniki,40.6108787,22.9840842,Entire home/apt,69,2,30,2024-09-02,1.89,1,9,11,00002092074
893161452313853990,Porto Sea View Apartments - #48,372140900,Porto Sea View,,Thessaloniki,40.6344631,22.9364128,Entire home/apt,125,1,5,2024-09-16,0.36,40,359,2,00002063028
893164007775976689,Porto Sea View Apartments - #49,372140900,Porto Sea View,,Thessaloniki,40.6344631,22.9364128,Entire home/apt,116,1,1,2023-11-03,0.09,40,337,1,00002062802
893446921438608817,Art Corner in the heart of the city,515398068,Homevision,,Thessaloniki,40.63198,22.94979,Entire home/apt,68,2,9,2024-08-28,0.61,11,359,7,00002066613
893876092625700029,"Stylish Urban Studio with private entrance, #G1",477781969,Eg Urban Stay,,Thessaloniki,40.64324,22.93261,Entire home/apt,52,2,9,2024-03-21,0.67,5,310,6,00001839345
894266241752830034,Almond Apartment,349542441,Argo,,Kalamaria,40.5765807,22.9538434,Entire home/apt,55,2,2,2023-11-02,0.12,2,175,1,00002316830
894817165449958402,Ioanna Apartments | Luxury Studio 2,434347481,Ioanna Apartments,,Thessaloniki,40.6187216,22.96142,Entire home/apt,34,2,62,2024-09-18,3.89,21,352,46,00002069470
894935506619152537,Ioanna Apartments | Luxury Studio 3,434347481,Ioanna Apartments,,Thessaloniki,40.6187216,22.96142,Entire home/apt,26,1,51,2024-09-18,3.15,21,331,39,00002069363
895433361149840878,Villanova - Emerald Suite,350701586,Polina,,Thessaloniki,40.64375,22.93328,Entire home/apt,35,1,66,2024-09-16,4.21,5,315,48,00002010762
895557736895054575,Pretty Petitie Fully Equipped City Center Studio,8875256,Alex,,Thessaloniki,40.638252434694806,22.940991773155204,Entire home/apt,37,2,67,2024-09-07,4.13,3,333,36,00002160035
895660991741519479,"Torre Bianca #1, The Luxury Suites",280458084,The Luxury Suites,,Thessaloniki,40.62751,22.9485,Entire home/apt,126,2,17,2024-09-03,1.13,173,174,11,00002093873
896323956520204030,Gorgeous Room-Jacuzzi-CityCenter,217068162,Marabou Unique Stay,,Thessaloniki,40.6386434,22.9377632,Private room,68,1,15,2024-09-07,1.06,7,347,13,00002084011
896423609345348391,Stunning room-CityCenter-Getaway,217068162,Marabou Unique Stay,,Thessaloniki,40.6386434,22.9377632,Entire home/apt,56,1,36,2024-09-16,2.23,7,344,34,00002084011
896437853971798830,Stylish & Tiny Room-City Center,217068162,Marabou Unique Stay,,Thessaloniki,40.6386434,22.9377632,Entire home/apt,46,1,14,2024-09-09,1.24,7,344,14,00002084011
896450129719100956,Unique Room-Jacuzzi and Balcony,217068162,Marabou Unique Stay,,Thessaloniki,40.6386434,22.9377632,Entire home/apt,84,1,25,2024-09-08,1.57,7,343,20,00002084011
896451656986762457,Modern Apartment in Kalamaria,147341432,Christina,,Kalamaria,40.58796,22.96472,Entire home/apt,55,1,30,2024-08-22,1.89,2,337,22,00002074608
896457921780355886,Boho Room-Jacuzzi-City Center,217068162,Marabou Unique Stay,,Thessaloniki,40.6386434,22.9377632,Entire home/apt,79,1,24,2024-07-14,1.50,7,357,18,00002084011
896872186121044545,"Διαμέρισμα με θέα, κοντά στο κέντρο της πόλης",207362115,Alexandra,,Ampelokipon – Menemeni,40.65525740683766,22.907938226392407,Entire home/apt,53,2,20,2024-09-16,1.31,1,148,11,00002115849
896975034489996943,Ioannas Luxury Suite Νο1,482985601,Ioanna Apartments,,Thessaloniki,40.6388548,22.9362016,Entire home/apt,37,1,44,2024-09-09,2.88,12,355,37,00002077109
897040614176039426,Rooftop Tsimiski Apartment,119416356,Fani,,Thessaloniki,40.63358,22.93919,Entire home/apt,39,1,51,2024-09-07,3.25,30,59,35,00002084499
897531757209316084,Eleana's Art Studio,516116239,Ioannis,,Thessaloniki,40.63362,22.94403,Entire home/apt,70,2,8,2024-09-08,0.53,1,5,7,00002109480
897688486755271680,SKG Retreat - Emerald | 5 min walk from seafront,155913725,Dimosthenis,,Thessaloniki,40.6102925,22.9559068,Entire home/apt,37,2,14,2024-08-12,2.98,1,280,14,00002441212
898271567172831134,Edem #Skgbnb,1977386,Cristina&Tomas! Skgbnb,,Thessaloniki,40.63833,22.94892,Entire home/apt,60,2,8,2024-08-25,0.49,30,316,6,00002069337
898574727120106081,DoorMat#8 Retro Soul,23525724,Mario,,Thessaloniki,40.6287266,22.9475892,Entire home/apt,46,1,43,2024-09-09,2.74,10,305,20,00002702194
898962732962741275,Ιδανική  διαμονή στο κέντρο με παροχή parking,516453603,Seas,,Thessaloniki,40.6288865,22.9497012,Entire home/apt,60,2,71,2024-09-16,4.73,1,253,62,00002084558
899793045435746788,Ioanna Apartments | Luxury Studio 1,434347481,Ioanna Apartments,,Thessaloniki,40.6187216,22.96142,Entire home/apt,31,1,57,2024-09-03,3.69,21,341,32,00002069443
899800384570559013,Ioannas Luxury Suite Νο2,482985601,Ioanna Apartments,,Thessaloniki,40.6388548,22.9362016,Entire home/apt,34,1,39,2024-09-03,2.65,12,340,31,00002077135
899802564004489137,Ioannas Luxury Suite Νο3,482985601,Ioanna Apartments,,Thessaloniki,40.6388548,22.9362016,Entire home/apt,38,2,37,2024-08-27,2.39,12,355,26,00002077140
899804619746283983,Ioannas Luxury Suite Νο4,482985601,Ioanna Apartments,,Thessaloniki,40.6388548,22.9362016,Entire home/apt,37,1,60,2024-09-08,3.94,12,358,43,00002077156
899804781726420097,Ioannas Luxury Suite Νο5,482985601,Ioanna Apartments,,Thessaloniki,40.6388548,22.9362016,Entire home/apt,37,2,49,2024-09-13,3.22,12,356,36,00002077161
910035963144682442,Diamond suites 32 1  #,519070622,Sofia,,Thessaloniki,40.628793380798804,22.951212208424188,Entire home/apt,,1,0,,,4,363,0,00802123730
910505580666691333,Απέραντη θέα,335000102,Sandra,,Thessaloniki,40.6411169,22.9567604,Entire home/apt,61,1,53,2024-09-06,5.00,1,308,53,00002324462
910539406178653810,Iconic Salonica Suite seafront,468818538,Konstantinos,,Thessaloniki,40.6301907,22.9435033,Entire home/apt,283,1,14,2024-09-12,0.97,1,313,11,00002093539
910576600016343828,#7Ioanna Apartments,434347481,Ioanna Apartments,,Pavlou Mela,40.67812,22.93492,Entire home/apt,33,1,49,2024-09-17,3.31,21,345,41,00002112721
910883614773452532,Centaurus Διαμέρισμα στην Παλιά πόλη,4642786,Ioanna,,Thessaloniki,40.63945690000001,22.9583261,Entire home/apt,65,3,12,2024-06-23,0.94,1,22,9,00002124219
911509710799260551,"studio 3 - central, modern & urban",519401575,Stefanos,,Thessaloniki,40.6350088793764,22.95322329770006,Entire home/apt,,2,12,2023-12-09,0.79,2,0,7,00002101141
912002524943843422,"Ultima, Nilie Hospitality MGMT",239769711,Nilie Premium Hospitality MGMT,,Thessaloniki,40.63719,22.94129,Entire home/apt,50,1,25,2024-09-07,1.63,316,357,16,00001256986
912146993109000116,Roman-Market Luxury Apartment,519565119,Koup,,Thessaloniki,40.6374234,22.947299,Entire home/apt,140,1,0,,,6,125,0,00002143300
912160536738157379,"Koup Collection Suite ""One""",519565119,Koup,,Thessaloniki,40.639156,22.9371346,Entire home/apt,,1,2,2023-08-13,0.13,6,0,0,00002143341
912161903367500779,#SKGH Aigli luxury suite- Tsimiski|CityCenter,146634219,Helias,,Thessaloniki,40.6306443,22.9459778,Entire home/apt,58,2,23,2024-08-26,1.49,22,233,15,00002127160
912170402098753773,"Koup Collection Suite ""Two""",519565119,Koup,,Thessaloniki,40.639156,22.9371346,Entire home/apt,77,1,1,2023-09-30,0.08,6,21,1,00002143256
912176362276851976,"Koup Collection Suite ""Three""",519565119,Koup,,Thessaloniki,40.639156,22.9371346,Entire home/apt,78,1,0,,,6,20,0,00002143320
912176380007558435,#SKGH Arianna luxury suite - Tsimiski|CityCenter,146634219,Helias,,Thessaloniki,40.6306443,22.9459778,Entire home/apt,55,2,14,2024-07-07,0.98,22,214,9,00002127181
912181052808275898,#SKGH Aurelia luxury suite - Tsimiski|CityCenter,146634219,Helias,,Thessaloniki,40.63088,22.94636,Entire home/apt,58,2,11,2024-09-10,0.73,22,158,8,00002127209
912181779918150629,"Koup Collection Suite ""Four""",519565119,Koup,,Thessaloniki,40.639156,22.9371346,Entire home/apt,,1,0,,,6,0,0,00002143336
912184473900645857,#SKGH Arsinoi luxury suite - Tsimiski|CityCenter,146634219,Helias,,Thessaloniki,40.6306443,22.9459778,Entire home/apt,52,2,32,2024-08-05,2.11,22,167,21,00002127220
912186324850992002,"Koup Collection Suite ""Five""",519565119,Koup,,Thessaloniki,40.639156,22.9371346,Entire home/apt,,1,0,,,6,0,0,00002143315
912190376264866433,#SKGH Armonia luxury suite- Tsimiski|CityCenter,146634219,Helias,,Thessaloniki,40.6306443,22.9459778,Entire home/apt,50,2,25,2024-09-22,1.63,22,227,19,00002127113
912267787248855250,Mina's Spacious Studio Apt : June '23 Renovated,519605111,Dimitra Athanasia,,Thessaloniki,40.61930704700773,22.968355153967302,Entire home/apt,55,1,13,2024-09-08,0.93,2,178,9,00002118690
913020429450082360,υπέροχο σπίτι κοντά στην παραλία,328492457,Πετρος,,Thessaloniki,40.6099673,22.9568021,Entire home/apt,42,2,11,2024-09-13,0.84,1,352,8,00002134637
913518783685122255,"#FLH - The Wild Lobster, Thessaloniki",9244884,FeelsLikeHomeGR,,Thessaloniki,40.6316487,22.9476533,Entire home/apt,130,2,9,2024-09-08,0.59,17,80,5,00002726183
913576408764064280,#Oddity: 1BD apartment by halu!,251290631,Halu,,Thessaloniki,40.63552,22.93674,Entire home/apt,109,1,35,2024-09-12,2.31,90,262,23,00002170453
913708378560483817,Diamond suites 32  2 #,519070622,Sofia,,Thessaloniki,40.62916,22.95184,Entire home/apt,,1,0,,,4,364,0,00802123730
913802645182838803,Modern  Penthouse Thessaloniki,520025329,Ruben,,Thessaloniki,40.6140023,22.9596803,Entire home/apt,50,2,2,2023-09-15,0.14,1,270,0,00002138305
914224197936268773,Incognito #Skgbnb,28267881,Tomas&Cristina! Skgbnb,,Thessaloniki,40.6333289,22.9542146,Entire home/apt,65,2,23,2024-08-13,1.51,29,320,18,00002207028
914309446317259100,MaNasio Apartment,188458774,Arcus O.E.,,Thessaloniki,40.6312483,22.9513975,Entire home/apt,58,2,0,,,18,211,0,00002106570
914388483993000078,Diamond suites 32 3#,519070622,Sofia,,Thessaloniki,40.6295442,22.9520999,Entire home/apt,,1,1,2023-07-10,0.07,4,364,0,00802123730
914847032149356416,Elli’s Home,150622514,Elisavet,,Thessaloniki,40.6289176,22.9500214,Entire home/apt,70,2,4,2023-10-08,0.28,1,103,1,00002093826
915173073111261891,Rainbow Suites Thessaloniki,496016210,Anastasia,,Thessaloniki,40.6355455,22.9373634,Entire home/apt,70,1,7,2024-09-22,0.58,1,90,7,00002145467
915262732684273624,The City of Thessaloniki in a cozy studio,40768337,Nestor,,Thessaloniki,40.60457,22.95593,Entire home/apt,53,1,0,,,1,365,0,00002144874
915642752717874757,Traveller's Spot cozy apt,50521631,Napoleon,,Thessaloniki,40.598571,22.9556579,Entire home/apt,75,2,4,2024-07-10,0.30,3,94,2,00002143140
915653114675985159,Matovic One-bedroom Apartment close to the center,464565696,Milenko,,Thessaloniki,40.64854011810142,22.934613078832626,Entire home/apt,53,1,4,2024-08-12,0.38,1,5,4,00002150195
916001406925253683,Thess Vibes @ City Center,358149592,NamasteHomes,,Thessaloniki,40.63389,22.94301,Entire home/apt,82,1,8,2023-09-14,0.53,5,53,0,00002113080
916404600859649478,fruit tower,520611143,Nicolas,,Thessaloniki,40.6121809,22.9601453,Entire home/apt,57,1,18,2024-09-08,1.24,1,114,9,00002203828
916615167427345308,Diamond suites 32 4#,519070622,Sofia,,Thessaloniki,40.62936,22.95057,Entire home/apt,,1,1,2023-08-06,0.07,4,364,0,00802123730
916643134756260854,Mina's Spacious Apt : June '23 Renovated,519605111,Dimitra Athanasia,,Thessaloniki,40.61931926262285,22.968312238623064,Entire home/apt,46,1,7,2024-09-22,0.56,2,89,5,00002118717
917175895812862907,Olympou Thessaloniki Comfy City Centre Apartment,138883668,Konstantinos,,Thessaloniki,40.63868031386916,22.945105673016375,Entire home/apt,67,2,15,2024-09-07,2.96,1,327,15,00002879391
918648559186981676,Prime B by thess1home,34979760,Panagiotis,,Thessaloniki,40.6043847,22.9549913,Entire home/apt,66,2,5,2024-02-04,0.34,10,265,2,00002100479
918691990150277457,Dora's SKG Apartment,521205814,Αθανάσιος,,Thessaloniki,40.64212819999999,22.9253411,Entire home/apt,49,2,18,2024-09-08,1.23,1,356,14,00002095532
918705562717783238,One Salonica Deluxe Apartment 1,521211529,Tony,,Thessaloniki,40.64793509751791,22.920562352778617,Entire home/apt,55,1,2,2024-08-25,0.17,3,364,2,00002120600
919341035157601841,Crystal Studio-downtown escape-Navarinou square,110774772,Alexia,,Thessaloniki,40.62956541922268,22.949555174141672,Entire home/apt,43,2,23,2024-09-15,1.55,1,343,20,00002064980
919345020356349121,One Salonica Deluxe Apartment 2,521211529,Tony,,Thessaloniki,40.64795544814776,22.920572093991733,Entire home/apt,60,1,2,2023-10-01,0.16,3,364,1,00002120413
919382369300419566,One Salonica Deluxe Apartments 3,521211529,Tony,,Thessaloniki,40.64788625598102,22.92048188650817,Entire home/apt,40,1,6,2024-09-19,0.51,3,353,6,00002120413
919600073742338705,Waterfront Apartment_OT2,6836073,Georgios,,Thessaloniki,40.61502,22.95451,Entire home/apt,31,2,1,2023-09-03,0.08,25,265,0,Exempt
919607302451253679,Waterfront Apartent_OT3,6836073,Georgios,,Thessaloniki,40.61323,22.95308,Entire home/apt,36,1,2,2024-06-09,0.44,25,265,2,Exempt
919612270268923618,Waterfront Apartment_OT4,6836073,Georgios,,Thessaloniki,40.61391,22.95467,Entire home/apt,43,1,2,2024-06-16,0.40,25,265,2,Exempt
919624574712802870,Waterfront Apartment_OT6,6836073,Georgios,,Thessaloniki,40.61322,22.95274,Entire home/apt,,1,0,,,25,265,0,Exempt
919631959564226870,Waterfront Apartment_OT7,6836073,Georgios,,Thessaloniki,40.61356,22.95317,Entire home/apt,,1,0,,,25,265,0,Exempt
919640145639684016,Waterfront Apartment_OT11,6836073,Georgios,,Thessaloniki,40.61546,22.9548,Entire home/apt,36,1,1,2023-08-04,0.07,25,265,0,Exempt
919988292859457911,Waterfront Apartment_OT8,6836073,Georgios,,Thessaloniki,40.61341,22.9527,Entire home/apt,41,8,0,,,25,265,0,Exempt
920080519446240710,BedCity Apartment in the center of Thessaloniki,521557985,Dimitrios,,Thessaloniki,40.6383162,22.9408699,Entire home/apt,35,1,43,2024-09-14,2.85,1,339,28,00002091131
920090090965817781,2 Zimmer Wohnung in ruhigen Lage,137958813,Katerina,,Ampelokipon – Menemeni,40.6512239,22.9294549,Entire home/apt,59,1,0,,,1,268,0,01124158306
922153300508438583,Casa de Castro - Loft Apartment,522075344,Vasiliki,,Thessaloniki,40.6420568,22.9608684,Entire home/apt,72,2,2,2023-07-21,0.14,2,363,0,00002202630
922189400381974868,Casa de Castro - Patio Apartment,522075344,Vasiliki,,Thessaloniki,40.64252,22.96171,Entire home/apt,72,2,3,2023-08-27,0.21,2,363,0,00002202687
922266011423101334,Skyline Suite&Spa,522101309,Anastasios-Vasileios,,Neapolis – Sykeon,40.64049,22.96023,Entire home/apt,130,1,53,2024-09-12,3.58,2,229,39,00002159713
922349594809786976,Lasari comfort living 1-bedroom apt.,1619493,Georgios,,Thessaloniki,40.645867,22.9292457,Entire home/apt,58,15,1,2023-10-11,0.09,9,346,1,1303627
922628740463001985,LuxLiving Velissariou Retire,510197006,Alexandros,,Thessaloniki,40.61692790000001,22.9565724,Entire home/apt,42,1,72,2024-08-29,4.82,9,157,52,00002169903
922878721156488912,Spectacular Sea & City View Penthouse,20797761,Rod & Slavica,,Thessaloniki,40.6429013,22.9387879,Private room,,1,34,2024-09-22,2.26,2,0,14,00002119261
923057846185650256,Alexandros Family Home,185616424,Vaggelis,,Thessaloniki,40.63624,22.95046,Entire home/apt,67,2,3,2023-11-13,0.21,4,364,1,00002156622
923262109628905721,DoorMat#9 Casa Pelin,23525724,Mario,,Thessaloniki,40.63919490000001,22.9396479,Entire home/apt,43,1,59,2024-09-09,4.07,10,65,50,00002851236
923554047945254627,Sunshine Apartments #02,466333344,Γεωργιος,,Thessaloniki,40.64440059133268,22.92429664603272,Entire home/apt,39,3,7,2024-06-03,0.56,2,139,6,00002806811
923564709267681163,Lasari comfort living - one bedroom type apt.,1619493,Georgios,,Thessaloniki,40.64512,22.92978,Entire home/apt,58,3,1,2024-03-09,0.15,9,174,1,1303627
923578257028381244,Lasari comfort living - Studio type,1619493,Georgios,,Thessaloniki,40.64495,22.93033,Entire home/apt,53,3,3,2023-10-14,0.23,9,165,1,1303627
923578676549012607,Cosmopolitan Oasis by thesbnb,379910184,Νικόλαος,,Thessaloniki,40.6377628,22.9384456,Entire home/apt,47,1,3,2024-08-01,1.06,36,353,3,00002092845
923596083554593539,Delmare Kram Vee apartment,522481571,Konstantinos,,Thessaloniki,40.630669396197234,22.953425048839414,Entire home/apt,120,2,1,2024-02-04,0.13,1,167,1,00002169207
923644706227388091,Lasari comfort living Apt.13,1619493,Georgios,,Thessaloniki,40.6454,22.93021,Entire home/apt,74,3,2,2024-01-21,0.15,9,184,1,1303627
923730760702899217,Breloque #Skgbnb,1977386,Cristina&Tomas! Skgbnb,,Thessaloniki,40.63231,22.95158,Entire home/apt,55,2,22,2024-08-25,1.47,30,345,14,00002808406
923993750503185478,Cozy Apartment with 2 Bedrooms,59431058,Gerasimos,,Thessaloniki,40.64444,22.93014,Entire home/apt,68,2,2,2023-10-29,0.15,1,350,1,00002203940
924059378022437262,LuxLiving Mavili Square II,510197006,Alexandros,,Thessaloniki,40.6414111,22.937752,Entire home/apt,39,1,45,2024-08-09,3.00,9,163,34,00002170560
924242486605846950,Lux Central apt Great Balcony 5p,196107063,Nikolaos,,Thessaloniki,40.6288055,22.9528541,Entire home/apt,72,2,15,2024-08-15,1.04,1,242,12,00002862762
924390943748502641,Homevision - Galerius Arch Condo,515398068,Homevision,,Thessaloniki,40.63115,22.95344,Entire home/apt,95,2,55,2024-09-11,3.91,11,342,51,00002175580
924434206066501120,Cosy Apartment at White Tower,522694671,Αντωνιου,,Thessaloniki,40.6279426,22.9523398,Entire home/apt,39,2,14,2024-08-15,1.04,1,7,10,00002396950
924527462250729634,Olga's Luxury Apartment - Thessaloniki Centre,47685676,Olga,,Thessaloniki,40.62348,22.96163,Entire home/apt,51,1,5,2024-05-26,0.35,2,351,3,00002177397
924763902557012448,LuxLiving Mavili Square IV,510197006,Alexandros,,Thessaloniki,40.6414111,22.937752,Entire home/apt,39,1,24,2024-08-27,1.68,9,156,17,00002173363
925698843234637858,Lasari comfort living - studio,1619493,Georgios,,Thessaloniki,40.64519,22.92999,Entire home/apt,51,15,5,2023-11-27,0.35,9,364,3,1303627
944955312050360392,new & modern city apartment21B,528272168,Iliana,,Thessaloniki,40.5965567,22.9567523,Entire home/apt,55,2,22,2024-08-28,1.61,1,321,17,00002246057
944992723055749498,Sea view Aristotelous square,67571388,Ermis,,Thessaloniki,40.63211,22.9393,Entire home/apt,44,1,29,2024-08-08,2.10,1,135,24,00000599329
945047065091771532,Μοναδική κατοικία στο δάσος,528059424,Spyros,,Neapolis – Sykeon,40.65052,22.96075,Entire home/apt,380,2,0,,,1,365,0,2246083
945349873196672057,K45 Serenity Studio,59203703,Nikolaos,,Thessaloniki,40.64045,22.94615,Entire home/apt,50,2,5,2024-08-26,0.55,1,266,5,2370905
945355378956534474,Tsimiski's Pearl,188458774,Arcus O.E.,,Thessaloniki,40.6277315,22.9513534,Entire home/apt,,2,2,2024-01-01,0.17,18,1,2,00002026932
945366390986486237,Zealot,188458774,Arcus O.E.,,Thessaloniki,40.6347284,22.9474024,Entire home/apt,90,2,3,2023-11-05,0.22,18,213,2,00002241037
945378107716336806,Μ. Ιωσήφ 12,188458774,Arcus O.E.,,Thessaloniki,40.6296095,22.9458512,Entire home/apt,60,2,0,,,18,58,0,00002241101
945646856961853220,central/view/terrace/smart/south,528453526,Aggeliki,,Thessaloniki,40.63418679999999,22.9462685,Entire home/apt,83,2,12,2024-07-10,1.04,1,261,12,00002306373
948415890470577599,Luxury and spacious apartment,274401272,Dimitris,,Thessaloniki,40.60565,22.95554,Entire home/apt,101,1,1,2023-11-13,0.09,2,277,1,00002252213
948429810490998928,Prive Apartment Thessaloniki-Easy Parking,100776361,Μανωλης,,Thessaloniki,40.6321255,22.9625724,Entire home/apt,61,1,23,2024-09-15,1.71,8,82,16,00002254546
949318347632746081,Travelers Suite,91511772,Crisa,,Thessaloniki,40.63337,22.94201,Entire home/apt,68,2,1,2023-08-10,0.07,4,84,0,00002148584
949833077151030246,ΠΟΛΥΤΕΛΕΣ ΣΤΟΥΝΤΙΟ ΦΑΛΗΡΟ,454642420,Ευαγγελία,,Thessaloniki,40.61578799999999,22.9551801,Entire home/apt,52,2,0,,,2,75,0,01138443870
949951794560183944,"Dolce Vita city center apartment, Vesta Philoxenia",336527202,Vesta Philoxenia,,Thessaloniki,40.6422,22.93502,Entire home/apt,49,2,6,2024-05-26,0.47,51,130,4,00002495695
950494939610249336,Flat 75m2 + Balcony | New beach | METRO Efklidis,385116261,Ioannis,,Thessaloniki,40.61414,22.95926,Entire home/apt,56,2,10,2024-08-12,0.75,1,124,7,00002164601
899809250962686126,Ioannas Luxury Suite Νο6,482985601,Ioanna Apartments,,Thessaloniki,40.63965,22.93726,Entire home/apt,36,1,56,2024-09-22,3.69,12,346,41,00002077177
899811745924578475,Ioannas Luxury Suite Νο7,482985601,Ioanna Apartments,,Thessaloniki,40.6388548,22.9362016,Entire home/apt,37,1,69,2024-09-19,4.49,12,357,50,00002077198
899818238446233856,Ioannas Jacuzzi Suite Νο8,482985601,Ioanna Apartments,,Thessaloniki,40.6388548,22.9362016,Entire home/apt,38,2,59,2024-09-13,3.81,12,329,43,00002077182
900045317097229640,Victoria’s apartment,484209905,Victoria,,Thessaloniki,40.6291,22.951,Entire home/apt,42,4,47,2024-09-19,3.69,1,51,41,00002303517
900098988679765039,"Callista City Center Apartment, Vesta Philoxenia",336527202,Vesta Philoxenia,,Thessaloniki,40.64298,22.93716,Entire home/apt,54,3,4,2023-09-12,0.28,51,140,0,00002065451
900432016887314287,Two bedroom apartment in the city center,442073493,Daniel,,Thessaloniki,40.64363669999999,22.9396536,Entire home/apt,81,2,26,2024-09-08,1.61,2,174,19,00002056604
900610637673670259,"Calme, Nilie Hospitality MGMT",239769711,Nilie Premium Hospitality MGMT,,Thessaloniki,40.63945,22.93755,Entire home/apt,58,1,10,2024-09-09,0.66,316,365,6,00001256325
900681955522898620,BeOurGuest#1-Bright Central Suite,516830304,Ευαγγελία,,Thessaloniki,40.62827,22.95392,Entire home/apt,55,3,11,2024-09-02,0.72,2,65,4,00002091801
900690361615256143,The secret place -Mona Lisa,504251838,Χρύσα,,Thessaloniki,40.61052,22.97564,Entire home/apt,59,1,15,2024-09-08,0.94,1,88,7,00002081000
900745850997292869,Industrial Loft with sea view,68887084,Sofia (Fei),,Thessaloniki,40.63677066691969,22.93622776865959,Entire home/apt,86,2,8,2024-09-06,0.63,1,98,7,00002902183
901202033603823394,BeOurGuest#2-Bright Corner Suite,516830304,Ευαγγελία,,Thessaloniki,40.6294016,22.952836,Entire home/apt,54,3,28,2024-09-16,1.99,2,56,22,00002091817
901238340098898195,Casa di famiglia 1,490955236,Ιωαννα,,Neapolis – Sykeon,40.653918,22.9578437,Entire home/apt,52,2,2,2024-09-03,0.14,7,98,1,00002605091
901284203943315778,Seaside Heights: Awe-Inspiring City Views!,516952908,Yanis,,Thessaloniki,40.6397854,22.9477833,Entire home/apt,56,2,62,2024-09-13,4.50,1,32,52,00002149704
901320980106453898,Casa di famiglia 2,490955236,Ιωαννα,,Neapolis – Sykeon,40.653949,22.9579848,Entire home/apt,51,2,5,2024-07-06,0.41,7,100,4,00002605086
901445409640551495,Κήπος στο κέντρο της Θεσσαλονίκης!,516972432,Nikos,,Thessaloniki,40.63963009705216,22.95233946293592,Entire home/apt,65,2,29,2024-09-02,1.86,1,318,23,00002091763
901875504007381962,Nicole6Attic PH,517092278,Nicole,,Thessaloniki,40.646209951076216,22.924397885799408,Entire home/apt,88,3,0,,,1,5,0,00002092516
901898614925516511,Sweet Home Ano Poli,517097328,Γιάννης,,Thessaloniki,40.6422172,22.948059,Entire home/apt,75,1,59,2024-09-14,3.76,1,306,45,00002833923
901958409610422855,Agias Sofias City Center,107517588,Timos,,Thessaloniki,40.63591,22.94897,Entire home/apt,53,1,0,,,9,358,0,00002014860
902110033381073286,"Aelia 1.2, The Luxury Suites",280458084,The Luxury Suites,,Thessaloniki,40.63702,22.93632,Entire home/apt,50,2,11,2024-08-12,0.76,173,172,9,00002094610
902673628586028383,Siggrou 44 City Center,107517588,Timos,,Thessaloniki,40.64054,22.9431,Entire home/apt,101,1,2,2023-06-26,0.13,9,350,0,00002003992
902787081794467020,View House: beyond the castle old town,70827840,Konstantinos,,Thessaloniki,40.641056074933445,22.9599666595459,Entire home/apt,40,2,37,2024-09-10,2.46,1,338,29,00002097557
902819535033232131,"Nephele 1.1 With 2 Double Beds, The Luxury Suites",280458084,The Luxury Suites,,Thessaloniki,40.64154,22.9328,Entire home/apt,53,2,25,2024-09-05,1.66,173,171,22,00002671170
902822761316454978,"Nephele 1.2, The Luxury Suites",280458084,The Luxury Suites,,Thessaloniki,40.64196,22.93241,Entire home/apt,48,2,41,2024-09-06,2.70,173,166,34,00002094753
902824986270138653,"Nephele 2.1 With 2 Double Beds, The Luxury Suites",280458084,The Luxury Suites,,Thessaloniki,40.6399,22.93177,Entire home/apt,51,2,21,2024-09-07,1.37,173,166,16,00002094780
902826828203301055,"Nephele 2.2, The Luxury Suites",280458084,The Luxury Suites,,Thessaloniki,40.64129,22.93261,Entire home/apt,48,2,32,2024-08-28,2.07,173,167,28,00002094795
902830062606579627,"Nephele 3.1 With 2 Double Beds, The Luxury Suites",280458084,The Luxury Suites,,Thessaloniki,40.6413,22.93158,Entire home/apt,51,2,24,2024-09-04,1.56,173,172,20,00002094828
902831570294504186,"Nephele 3.2, The Luxury Suites",280458084,The Luxury Suites,,Thessaloniki,40.64128,22.9327,Entire home/apt,48,2,10,2024-08-03,0.66,173,169,9,00002094833
902835062324536125,"Nephele 4.1 With Jacuzzi, The Luxury Suites",280458084,The Luxury Suites,,Thessaloniki,40.64211,22.93116,Entire home/apt,115,2,38,2024-09-05,2.47,173,166,28,00002789537
902838689658535913,"Nephele 4.2, The Luxury Suites",280458084,The Luxury Suites,,Thessaloniki,40.64064,22.93317,Entire home/apt,48,2,21,2024-08-28,1.44,173,173,18,00002094860
902841088178463972,"Nephele 5.1 With Jacuzzi, The Luxury Suites",280458084,The Luxury Suites,,Thessaloniki,40.64199,22.93304,Entire home/apt,105,2,33,2024-09-06,2.14,173,169,29,00002789563
902842949432011015,"Nephele 5.2, The Luxury Suites",280458084,The Luxury Suites,,Thessaloniki,40.64175,22.93135,Entire home/apt,53,2,14,2024-08-31,1.54,173,167,14,00002094854
903584130773646756,Code Green Studio,154602004,Εμμανουέλα Μαρία,,Thessaloniki,40.62805,22.95211,Entire home/apt,53,2,18,2024-07-31,1.14,1,320,17,00002095367
904020794036675679,Cozy house in Κallithea Thessaloniki,75427291,Anastasios,,Thessaloniki,40.64577,22.94369,Entire home/apt,41,2,3,2024-01-02,0.24,1,357,2,00002294227
904081694285943975,Central stylish modern classic apartment 70m2,195991693,Lucia And Konstantinos,,Thessaloniki,40.6328615,22.949098,Entire home/apt,75,2,48,2024-09-18,3.05,3,158,24,00002103580
904393943950877009,Valaoritou Studio 2,29643928,Desen Hospitality,,Thessaloniki,40.63492,22.93985,Entire home/apt,52,1,48,2024-09-06,3.08,8,357,31,00002104641
904902662046646074,NestInThess,414517785,Θεοδωρος,,Thessaloniki,40.62019406628698,22.96200279146433,Entire home/apt,50,1,83,2024-09-17,5.28,1,172,54,00002108740
905036737804202750,Anthokipon 60,517885036,Eleni,,Kordelio – Evosmos,40.67014,22.92333,Entire home/apt,50,1,59,2024-09-22,4.03,1,0,45,00002107487
905042509157882209,#5 Ioanna Apartments,434347481,Ioanna Apartments,,Pavlou Mela,40.6778161,22.9351296,Entire home/apt,36,1,42,2024-09-04,2.64,21,336,32,00002112716
905047645758810162,#6 Ioannas Apartments,434347481,Ioanna Apartments,,Pavlou Mela,40.6778161,22.9351296,Entire home/apt,37,2,32,2024-09-17,2.12,21,346,21,00002112700
905062629043219263,Porto Boutique #B,29643928,Desen Hospitality,,Thessaloniki,40.63664989999999,22.9345011,Entire home/apt,80,1,2,2023-12-31,0.13,8,176,1,00002470683
905080328404157392,ZaroHome,517897998,Tasos,,Thessaloniki,40.63664259999999,22.9509913,Entire home/apt,55,1,2,2024-02-20,0.16,1,294,1,00002106502
905087193081497215,Porto Boutique #A,29643928,Desen Hospitality,,Thessaloniki,40.63664989999999,22.9345011,Entire home/apt,80,1,5,2023-11-19,0.37,8,54,3,00002107828
905109775025537047,VIP Apt. Pezodromos Kalamarias / Free Parking,517906148,Παντελεημων,,Kalamaria,40.581342364429645,22.95116545767212,Entire home/apt,82,1,23,2024-08-18,1.50,1,351,12,00002094981
905498363552889785,Cozy and classic apartment,517981543,Γεσθημανη,,Thessaloniki,40.59732,22.95506,Entire home/apt,70,1,0,,,1,365,0,00497662850
905698650113857386,#8 Ioanna Apartments 2bedrooms,434347481,Ioanna Apartments,,Pavlou Mela,40.67755,22.9349,Entire home/apt,64,2,24,2024-09-12,1.57,21,345,20,00002112636
905815498347403828,Sea view Flat Skg center,495550951,Ilias,,Thessaloniki,40.64195844704683,22.930866703391075,Entire home/apt,50,5,3,2024-06-10,0.23,4,341,2,00002007495
906404563905117521,The City Block 3,241226463,Margarita,,Thessaloniki,40.62289,22.96434,Entire home/apt,929,230,0,,,5,265,0,00002108245
907169316200256847,Allegro,503094449,Vasileios,,Thessaloniki,40.6183624,22.968079,Entire home/apt,90,1,25,2024-09-18,1.63,1,361,18,00002105659
925802208769360357,Nick’s Place,486379251,Nikos,,Thessaloniki,40.61304,22.95603,Entire home/apt,42,2,4,2024-09-21,0.28,1,56,2,00002224789
925862811671393481,Raise Thessaloniki Urban Stay 41,29885761,Raise Team,,Thessaloniki,40.6443036,22.9342954,Entire home/apt,48,1,2,2024-06-02,0.16,4,351,1,00002176513
925867754688962809,Raise Thessaloniki Urban Stay 42,29885761,Raise Team,,Thessaloniki,40.64367,22.93367,Entire home/apt,35,1,1,2023-08-06,0.07,4,321,0,00002176412
925936325154876737,Modern 5th floor Apartment near city center,45547160,Christos,,Thessaloniki,40.6439209,22.9401701,Entire home/apt,47,3,11,2024-09-11,0.83,2,225,9,00002224258
927162366671944060,Phidias House,233126822,Theognosia,,Thessaloniki,40.6415565,22.9384389,Entire home/apt,100,1,2,2023-08-24,0.14,1,113,0,00002183150
927265697050441177,Grey Home,368983757,Giorgos,,Thessaloniki,40.64383,22.93953,Entire home/apt,36,3,3,2024-09-18,0.22,1,110,1,00001744109
927273447515338246,#Toucan by halu! apartments,251290631,Halu,,Thessaloniki,40.63523,22.94837,Entire home/apt,91,1,42,2024-09-16,3.02,90,337,38,00002185249
927319218077547031,"Ariadne, Nilie Hospitality MGMT",239769711,Nilie Premium Hospitality MGMT,,Thessaloniki,40.63724,22.93593,Entire home/apt,53,1,29,2024-09-14,2.05,316,263,25,2187162
927342138075788409,"Daglia, Nilie Hospitality MGMT",239769711,Nilie Premium Hospitality MGMT,,Thessaloniki,40.628,22.95132,Entire home/apt,,1,35,2024-09-04,2.36,316,0,20,0000000
927410425558127457,"Penthouse Level 7, Nilie Hospitality MGMT",239769711,Nilie Premium Hospitality MGMT,,Thessaloniki,40.64343,22.92844,Entire home/apt,55,1,8,2024-04-07,0.61,316,264,5,2178931
927475018231276052,Άνετο διαμέρισμα κοντά στο κέντρο και την παραλία,73977913,Dimitris,,Thessaloniki,40.6067694,22.9578502,Entire home/apt,68,2,19,2024-08-25,1.34,1,90,12,00002184620
927531427696104810,Harmony studio,523502421,Dimitris,,Thessaloniki,40.63678,22.93862,Entire home/apt,53,4,2,2024-08-10,0.15,1,14,1,00001678651
928097515424821841,LuxLiving Stratou Avenue Comfort,510197006,Alexandros,,Thessaloniki,40.6186448,22.9581157,Entire home/apt,38,1,65,2024-08-12,4.39,9,146,44,00002186810
928138522568467235,LuxLiving Stratou Avenue Cozy,510197006,Alexandros,,Thessaloniki,40.6186448,22.9581157,Entire home/apt,37,1,40,2024-09-06,2.71,9,156,18,00002186771
928158917256556885,Castra houseStay with safeParking,520330923,Konstantinos,,Neapolis – Sykeon,40.6417702,22.961594,Entire home/apt,71,15,23,2023-09-11,1.55,1,363,0,00002182727
928240142220741690,The Cute Apartment,519522013,Αγγελος,,Thessaloniki,40.6293358065,22.9509619,Entire home/apt,44,1,32,2024-09-09,2.28,1,78,23,00002846019
928257965085956963,Skg Cozy Apartment,193271466,Makis,,Thessaloniki,40.60132,22.96678,Entire home/apt,45,2,2,2024-06-30,0.16,1,350,1,00002121866
928281078538477128,Cozy Apartment in Thessaloniki,93631145,Απόστολος,,Thessaloniki,40.64365919999999,22.939419,Entire home/apt,37,1,3,2023-11-19,0.21,6,118,2,00002193169
928847207563232137,Stylish Urban Getaway by thesbnb,379910184,Νικόλαος,,Thessaloniki,40.60121,22.9628,Entire home/apt,51,1,19,2024-08-30,1.29,36,348,15,00002182041
928887796961602684,Star View Suite,173876627,Xenia,,Thessaloniki,40.6343302,22.9463501,Entire home/apt,37,2,55,2024-09-22,4.46,1,0,53,00002256700
929351462884557170,Seaside flat,51892059,Evdoxia,,Thessaloniki,40.62123920000001,22.9533701,Entire home/apt,59,2,3,2024-08-05,0.34,1,365,3,00002217058
929479423486173635,Green Bedrooms in Thessaloniki,74318088,Maria,,Thessaloniki,40.6198095,22.9595891,Entire home/apt,63,1,5,2024-08-17,0.37,2,86,1,00002193068
929483229037011306,Comfortable central apartment,524038667,Chara,,Thessaloniki,40.64348,22.93403,Entire home/apt,40,2,14,2024-04-16,0.95,1,11,8,00002457041
929499538268307823,Studio7,194224482,George,,Thessaloniki,40.63448131092986,22.948363088071346,Entire home/apt,30,2,36,2024-09-15,2.48,7,344,29,00002194484
930097303706163068,Retro Central,518503159,Frideriki,,Thessaloniki,40.62771,22.95261,Entire home/apt,,1,0,,,1,364,0,00002196016
930275286439397937,Delmare 4Spot en Suite,268825110,Grigorios,,Thessaloniki,40.63555,22.94705,Entire home/apt,224,2,0,,,7,89,0,Exempt
930483317769348332,Aristotelous Downtown Suites#404,119416356,Fani,,Thessaloniki,40.63738,22.94291,Entire home/apt,44,1,2,2024-09-07,0.14,30,66,1,00002240491
931639478612956122,Carpe Diem SKG,216443728,Despoina,,Thessaloniki,40.6415247,22.9360659,Entire home/apt,41,1,103,2024-09-15,7.19,1,349,92,00002191957
931959667193659089,Stylish Apartment in City Center,470648435,Forget The Hotel,,Thessaloniki,40.64012,22.94287,Entire home/apt,44,1,14,2024-09-15,1.01,6,330,12,Exempt
931961098509025579,Relaxing Nest with Hydromassage,524702071,Theodoros,,Pilea – Chortiatis,40.6069605,22.9840256,Entire home/apt,56,2,18,2024-09-06,1.30,1,326,13,00002174344
931974765421165232,Ladadika Deluxe Studio,305664744,Welcome Bnb,,Thessaloniki,40.63483773623135,22.938795386953753,Entire home/apt,54,1,30,2024-08-27,2.07,12,347,29,00002198025
932276166691390225,Sanders Old Port - Lovely 1-Bdr Apt,437864658,Sanders,,Thessaloniki,40.64478068617557,22.921854553234095,Entire home/apt,51,1,3,2023-12-23,0.25,8,353,3,01200647815
932276907745808226,Sanders Old Port - Cozy 1-Bdr Apt with Balcony,437864658,Sanders,,Thessaloniki,40.64478068617557,22.921854553234095,Entire home/apt,56,1,5,2024-05-27,0.38,8,345,4,01200647815
932295168699504800,Avia Luxury Apartment with Hydromassage,524787868,Ιωάννης,,Kordelio – Evosmos,40.66884834765161,22.921399115344254,Entire home/apt,89,1,3,2024-06-14,0.21,1,167,1,00002199240
932408716229972204,Minoan's Mythic Hideout,524813830,Elisavet,,Thessaloniki,40.60492,22.95477,Entire home/apt,115,2,8,2023-09-08,0.56,1,262,0,00000653129
932494174059595642,Grand Apartment Next to Center 3bd 110sqm,180137380,Μαριος,,Neapolis – Sykeon,40.6554,22.93487,Entire home/apt,98,2,13,2024-07-15,0.89,1,334,5,00002201590
932496320624067510,Aristotelous Downtown Suites 301,119416356,Fani,,Thessaloniki,40.63586,22.94297,Entire home/apt,37,1,9,2024-07-22,0.64,30,52,2,00002243455
932706089719077956,Minimal Two-Floor Apartment,452249587,Δανάη,,Thessaloniki,40.61946,22.95561,Entire home/apt,71,2,3,2023-08-16,0.21,1,260,0,00002214010
933028027400196733,Luxurious get-away chez Kat,35365262,Thanos,,Thessaloniki,40.640472,22.932539,Entire home/apt,55,3,16,2024-09-08,1.28,2,78,15,00001975169
933035773779428587,Triple private room in uppertown,129257949,Constantino,,Thessaloniki,40.64503,22.94407,Private room,59,1,0,,,6,364,0,0933K133K0466700
950523068268611600,Central functional apartment,526912204,Anna Katerina,,Thessaloniki,40.64128,22.95074,Entire home/apt,65,2,6,2023-10-01,0.44,2,25,1,00000329566
950540217316154971,Alkea Thessaloniki,96699440,Athanasios,,Thessaloniki,40.64054,22.9435,Entire home/apt,64,2,29,2024-09-17,2.21,1,255,28,00002208545
950601254498069819,"Creme, Nilie Hospitality MGMT",239769711,Nilie Premium Hospitality MGMT,,Thessaloniki,40.64232,22.93881,Entire home/apt,51,1,2,2023-08-19,0.15,316,267,0,2257738
950621418167262838,"Creme, Nilie Hospitality MGMT",239769711,Nilie Premium Hospitality MGMT,,Thessaloniki,40.6417,22.93935,Entire home/apt,51,1,3,2024-02-18,0.33,316,270,3,2257684
951133188034058785,Aegean Blue Apartments 1 # The Luxury Suite -3 BDR,44106609,Aegean Blue,,Thessaloniki,40.6127276,22.9543321,Entire home/apt,58,1,121,2024-09-06,8.77,14,78,99,00002226246
951216940701589211,Vista by halu!: Spacious City Centre Home,251290631,Halu,,Thessaloniki,40.63351,22.94736,Entire home/apt,140,1,16,2024-09-14,1.27,90,328,15,00001909463
951226196673370647,"Lusso Bianco, Nilie Hospitality MGMT",239769711,Nilie Premium Hospitality MGMT,,Thessaloniki,40.6296231,22.9507096,Entire home/apt,106,1,3,2024-06-30,0.22,316,250,1,2317490
951232165044837240,"Metropolitan, Nilie Hospitality MGMT",239769711,Nilie Premium Hospitality MGMT,,Thessaloniki,40.62936,22.94683,Entire home/apt,51,1,8,2024-07-26,0.63,316,253,7,1949595
951253606574634513,"Ocra, Nilie Hospitality MGMT",239769711,Nilie Premium Hospitality MGMT,,Thessaloniki,40.63461,22.94416,Entire home/apt,54,1,42,2024-09-13,3.50,316,219,42,2244845
951323503270783852,"Ocra, Nilie Hospitality MGMT",239769711,Nilie Premium Hospitality MGMT,,Thessaloniki,40.63607,22.94452,Entire home/apt,80,1,10,2024-09-11,0.75,316,268,7,2244887
951910477425038304,#Ioanna apartments | RooMore 2,482985601,Ioanna Apartments,,Thessaloniki,40.6407313,22.9385051,Entire home/apt,37,2,47,2024-09-18,3.46,12,361,41,00002245788
951919315206856527,#Ioanna apartments | RooMore 1,482985601,Ioanna Apartments,,Thessaloniki,40.6407313,22.9385051,Entire home/apt,36,2,55,2024-09-16,4.34,12,326,52,00002245793
951926573400163386,Loft Galatea,40847564,Spyridon,,Thessaloniki,40.64074,22.94538,Entire home/apt,79,2,1,2024-01-01,0.11,5,270,1,Exempt
952758272557463563,Amazing apartment in the center,17404160,Grisha,,Thessaloniki,40.63671315999433,22.94801138341427,Entire home/apt,51,3,18,2024-08-25,1.38,2,248,15,00002250150
952826249465081382,Ladadika Family Apartment,305664744,Welcome Bnb,,Thessaloniki,40.63857,22.93536,Entire home/apt,57,1,4,2024-08-29,0.36,12,349,4,00002811226
952878194196524723,Loft 35a,91623474,Nikos,,Pilea – Chortiatis,40.594704062200144,22.98801177420501,Entire home/apt,83,2,12,2024-08-12,0.88,1,176,6,00002265482
953280190406168347,depis rooms 8,156282533,Jordans Rooms Ike,,Thessaloniki,40.6416115,22.9341706,Entire home/apt,44,2,1,2023-09-11,0.08,9,332,0,00002266256
954055020392172566,Στούντιο Άνω Πόλη,373864309,Maria,,Thessaloniki,40.64100699999999,22.9527089,Entire home/apt,40,2,27,2024-09-15,2.45,1,245,27,00002334546
954056996958765209,TerraCity Apartment,106149335,Alexandra-Markos,,Thessaloniki,40.63441,22.95286,Entire home/apt,46,2,66,2024-09-18,5.82,1,326,66,00002238424
954154968650844464,Stylish skg apartments,134406697,Dimitris,,Thessaloniki,40.63181,22.95102,Entire home/apt,114,2,0,,,1,83,0,00001839998
954164752456460820,"Best location, perfect view 3 bedroom apartment",458526631,Nikolaos,,Thessaloniki,40.62231,22.95412,Entire home/apt,124,3,8,2024-08-21,0.62,1,158,6,00002243093
954269100157810549,Ladadika Luxury Apartment #4,305664744,Welcome Bnb,,Thessaloniki,40.63635,22.937,Entire home/apt,60,1,39,2024-08-29,2.86,12,344,38,00002463499
954492008798119810,Koromila Delight,4160730,Nikolas,,Thessaloniki,40.63008,22.94464,Entire home/apt,105,4,3,2024-09-20,0.23,1,89,2,00000342645
954757544417068542,"Spacious apartment, 2 Bedrooms",93631145,Απόστολος,,Thessaloniki,40.64389,22.94066,Entire home/apt,47,2,14,2024-09-07,1.06,6,320,10,00002801492
955134058556736633,Lovely Cental Suite | Ioanna Apartments,434347481,Ioanna Apartments,,Thessaloniki,40.6347721,22.9536805,Entire home/apt,39,2,64,2024-09-05,4.74,21,283,57,00002270567
955563903856740786,C.34 Onyx Stylish Central,32216964,George,,Thessaloniki,40.6307761,22.9512836,Entire home/apt,72,2,9,2024-04-07,0.70,17,301,8,00002488331
955628855457854536,Valias Home,531220520,Νικόλαος,,Thessaloniki,40.641279141065496,22.935783265606705,Entire home/apt,49,1,2,2023-09-05,0.15,1,8,0,00002274703
955831975918669301,Luxury Downtown Apartment Z1,485800812,Kinfeel North,,Thessaloniki,40.63308802068889,22.94464587301638,Entire home/apt,125,2,15,2024-09-15,1.13,11,244,14,00002274730
957186547848788455,Eliza's apartment,530862144,Eliza,,Thessaloniki,40.59761,22.9657,Entire home/apt,65,2,19,2024-08-06,1.43,1,17,15,12342278965
957207943803235143,Filoxenia Efi,148636499,Ευτυχια,,Pilea – Chortiatis,40.61037,23.09776,Entire home/apt,65,1,1,2023-09-18,0.08,2,180,0,00002287590
957669182449064742,"Yellow Door, Nilie Hospitality MGMT",239769711,Nilie Premium Hospitality MGMT,,Thessaloniki,40.63606,22.93743,Entire home/apt,,1,2,2024-02-25,0.22,316,248,2,1823441
957673867555046034,"Yellow Door, Nilie Hospitality MGMT",239769711,Nilie Premium Hospitality MGMT,,Thessaloniki,40.63535,22.93738,Entire home/apt,53,1,13,2024-09-17,1.70,316,249,13,1823457
958403814350061152,C.9 Ivy City_Center,32216964,George,,Thessaloniki,40.6320808,22.9510742,Entire home/apt,90,2,9,2024-01-09,0.69,17,71,5,00002279590
960615271286234887,ΟΛΟΚΛΗΡΟ  ΙΣΟΓΕΙΟ ΔΙΑΜΕΡΙΣΜΑ  50 Τ.Μ,245269264,Savvas,,Thessaloniki,40.6033694,22.954172,Entire home/apt,46,2,7,2024-06-25,0.61,1,250,7,00002332670
960635984365494832,Porto Sea View Apartments #47,372140900,Porto Sea View,,Thessaloniki,40.63511,22.93608,Entire home/apt,104,1,0,,,40,249,0,00002062924
960680050077448954,Renovated family friendly condo,532536453,Dimitrios,,Kalamaria,40.57974,22.95603,Entire home/apt,150,2,1,2023-09-24,0.08,1,184,1,00002283726
960859870312683481,Sevi House,249011968,Σεβη,,Neapolis – Sykeon,40.6534688,22.9534804,Entire home/apt,80,1,0,,,1,363,0,00002056390
961982922384772752,Elegance Apartment 2 Bedroom Suites.,119416356,Fani,,Thessaloniki,40.64019,22.94117,Entire home/apt,135,1,7,2024-08-31,0.55,30,120,5,00002306942
962186199180204661,ΚΑΙΝΟΥΡΓΙΟ ΣΤΟΥΝΤΙΟ ΓΡΑΦΕΙΟ,526882620,Joanna,,Pavlou Mela,40.657499818986516,22.931979820132256,Entire home/apt,69,2,1,2024-06-21,0.32,1,354,1,00002343776
962408491642256078,Ladadikathess,532951662,Αλεξανδρος,,Thessaloniki,40.63437957151525,22.93641320315471,Entire home/apt,88,2,0,,,1,364,0,00002228478
962761092891429274,Bright and modern apartment with big balcony,99863035,Dimitris,,Thessaloniki,40.6392,22.95288,Entire home/apt,45,2,36,2024-08-26,2.79,2,127,33,00002016970
963494109777425809,Porto Sea View Apartments #38,372140900,Porto Sea View,,Thessaloniki,40.6344631,22.9364128,Entire home/apt,121,1,3,2024-08-12,0.23,40,362,2,00002063113
963545448125905545,Ursa Minor,7716076,Akis,,Thessaloniki,40.5965082,22.9539181,Entire home/apt,70,1,30,2024-09-16,2.28,2,175,29,00002519032
963577323616360594,Ursa Major,7716076,Akis,,Thessaloniki,40.5965082,22.9539181,Entire home/apt,70,1,27,2024-09-03,2.24,2,149,27,00002519069
963667984443042891,Lovely Central Studio | Ioanna Apartments,434347481,Ioanna Apartments,,Thessaloniki,40.6347721,22.9536805,Entire home/apt,34,1,51,2024-09-15,3.88,21,333,42,00002326121
963675837487374183,115 SKG Delux One-bedroom apt,50521631,Napoleon,,Thessaloniki,40.62885,22.94681,Entire home/apt,,2,1,2024-01-02,0.11,3,0,1,00002287048
963736606663074175,Kona’s Apartment,459841900,Konstantina,,Thessaloniki,40.64155,22.93768,Entire home/apt,41,1,23,2024-05-02,1.76,1,107,17,00002207570
964347724508290876,CASA Di TRE,128150540,Christy,,Thessaloniki,40.6361374,22.9521171,Entire home/apt,100,1,0,,,1,26,0,00002851805
964969594690073252,Manousogiannaki 9,188458774,Arcus O.E.,,Thessaloniki,40.6284859,22.9517956,Entire home/apt,90,1,4,2024-09-08,0.34,18,28,4,00002297605
965596049294583310,Angelic place,266459457,Kseniia,,Thessaloniki,40.6416115,22.9341706,Entire home/apt,55,2,3,2024-04-26,0.31,1,244,3,00002341645
965616409184278330,Daphne by halu! : Downtown family penthouse,251290631,Halu,,Thessaloniki,40.63242,22.9452,Entire home/apt,130,1,11,2024-09-13,0.86,90,293,10,00002316255
966405951905775994,Heartbeat City-Renovated Studio with parking,533945358,Christos,,Thessaloniki,40.61491,22.95568,Entire home/apt,67,1,24,2024-09-13,1.97,1,263,24,00002259370
966410795477379188,Newly renovated apartment,397063881,Christos,,Thessaloniki,40.642857508740754,22.942760959267616,Entire home/apt,,2,29,2024-07-18,2.33,1,0,27,00002294991
967520168534361554,"Central flat ,Mitropoleos st.",47615492,Savas & Anthi,,Thessaloniki,40.63146,22.94627,Entire home/apt,40,1,25,2024-09-04,2.01,8,355,24,00009634684
967781249390717792,Loftaki SKG,534264637,Εύη,,Thessaloniki,40.61838799650936,22.960345598147594,Entire home/apt,55,2,8,2024-05-20,0.74,1,326,8,00002308133
967984389350641630,Άνετο και όμορφο διαμέρισμα στην Άνω Πόλη,72169762,Lia,,Thessaloniki,40.6432318,22.9434287,Entire home/apt,58,1,30,2024-09-15,2.33,1,259,26,00002293798
968065746945603912,Μαγικό διαμέρισμα στο κέντρο της Θεσσαλονίκης,229556744,Eleni,,Thessaloniki,40.62849,22.94695,Entire home/apt,100,2,5,2023-11-12,0.40,1,224,4,00002308234
968773300083674060,Urban Luxury in the heart of SKG,145820951,Konstantinos,,Thessaloniki,40.6316134,22.9503821,Entire home/apt,66,4,25,2024-09-15,2.45,1,86,25,00002362639
968822544996117467,Ήσυχο διαμέρισμα δίπλα στη θάλασσα,534521049,Γιώργος,,Thessaloniki,40.60857,22.95153,Entire home/apt,132,1,0,,,1,265,0,00002296236
968837474113211937,Magnificent Penthouse Gem in privileged location,350279014,Innovation,,Thessaloniki,40.6382388,22.9371113,Entire home/apt,58,2,28,2024-09-01,2.26,33,152,27,00002333013
969345343935504859,5* GPK Lux | Central Location | with Balcony,462334355,Giorgos,,Thessaloniki,40.64285399392466,22.93901586256562,Entire home/apt,58,2,3,2024-04-14,0.34,1,0,3,00002310355
969382006950590531,"PlatonRod's house - Λεωφ. Καραμανλή, Karamanli Ave",534639647,Ioannis,,Thessaloniki,40.605926,22.9627375,Entire home/apt,53,3,4,2024-07-27,0.43,1,256,4,00002297036
969410406169565932,Comfy apartment,70468759,Nansy,,Thessaloniki,40.61764,22.95775,Entire home/apt,51,2,1,2023-09-17,0.08,1,90,0,00002300915
969686867033543730,Solaris - Ipokratio #Skgbnb,28267881,Tomas&Cristina! Skgbnb,,Thessaloniki,40.612161910146334,22.961092852056026,Entire home/apt,40,2,17,2024-07-31,1.36,29,5,16,00002302802
970000710142957280,Japanese Serenity in the Heart of Thessaloniki,350279014,Innovation,,Thessaloniki,40.6468914,22.9233577,Entire home/apt,,2,20,2024-08-19,2.65,33,0,20,00002408513
970009485079041141,"Bright, lovely, 1st floor flat @Thessaloniki",14851039,Nandia,,Thessaloniki,40.632730780767574,22.948834151029583,Entire home/apt,42,2,21,2024-09-15,1.86,3,333,21,00002312789
970375362054231239,"Stylish 3-Bed Flat in Kalamaria, Thessaloniki",9968758,Chrisa,,Kalamaria,40.58043,22.96324,Entire home/apt,90,2,7,2024-01-01,0.56,1,296,5,Exempt
970713083349850171,rizes suites 1,173069050,Vasileios,,Neapolis – Sykeon,40.6346633,22.9607729,Entire home/apt,60,2,16,2024-07-01,1.26,3,170,13,00002293820
970747485791052931,rizes suites 2,173069050,Vasileios,,Neapolis – Sykeon,40.6346633,22.9607729,Entire home/apt,90,2,8,2024-05-11,0.64,3,170,7,00002293841
970757216114427725,rizes suites 3,173069050,Vasileios,,Neapolis – Sykeon,40.6346633,22.9607729,Entire home/apt,40,2,16,2024-06-02,1.27,3,171,14,00002293857
970828361033588573,Central modern loft apartment,534962592,Σουλτάνα,,Thessaloniki,40.63410376468273,22.949415568122856,Entire home/apt,53,2,29,2024-09-08,2.29,2,262,27,00002237076
971032068850377972,Το σπίτι της Παρασκευής,541349870,Paraskevi,,Thessaloniki,40.613132,22.9785607,Entire home/apt,56,2,31,2024-09-16,2.45,1,176,29,00002300506
971073429353999354,Lovely Green View Apartment at the City Center,161620395,Vicky,,Thessaloniki,40.6431013,22.9452118,Entire home/apt,23,21,3,2024-06-26,0.24,5,82,1,01234382464
971091547000650452,NS88_Apartment,431157415,Nikos,,Thessaloniki,40.6094446,22.9600336,Entire home/apt,66,1,12,2024-09-16,0.94,1,265,10,00002282129
989789935218957244,"Reflection, Nilie Hospitality MGMT",239769711,Nilie Premium Hospitality MGMT,,Thessaloniki,40.60689,22.96327,Entire home/apt,54,1,8,2024-07-10,0.69,316,253,8,1258965
989793338033620709,"Reflection, Nilie Hospitality MGMT",239769711,Nilie Premium Hospitality MGMT,,Thessaloniki,40.60843,22.96179,Entire home/apt,59,1,6,2024-03-25,0.51,316,264,6,1234567
989798011216178979,Aegean Blue Apartments 4 # Luxury Suite 1 BDR 1+1,44106609,Aegean Blue,,Thessaloniki,40.622024,22.9588909233,Entire home/apt,52,1,68,2024-09-08,5.68,14,173,68,00002363566
989805391244641179,Aegean Blue Apartments 5 # Luxury Suite 1 BDR 1+1,44106609,Aegean Blue,,Thessaloniki,40.622024,22.9591055,Entire home/apt,49,1,56,2024-09-08,4.68,14,170,56,00002363550
989848960081240125,Sofouli central,142956536,Georgios,,Thessaloniki,40.59427767075767,22.951100876721213,Entire home/apt,59,3,28,2024-09-17,2.35,1,223,28,00002311501
989893592343028295,Aegean Blue Apartments 6 # Luxury Suite 2BDR 2+2,44106609,Aegean Blue,,Thessaloniki,40.641312251493716,22.939685136079788,Entire home/apt,59,1,28,2024-06-29,2.49,14,176,28,00002316659
990321071241837767,F & B Collection - Luxury Seafront 2 Bedroom Flat,31131449,Dimitris,,Thessaloniki,40.62914,22.94572,Entire home/apt,309,7,17,2024-08-24,1.59,56,352,17,00002324824
933061791311216963,12Nisou Studio with Balcony,525002104,Charalampos,,Thessaloniki,40.63750365695711,22.93632499873638,Entire home/apt,40,2,26,2024-09-02,1.80,1,125,17,01007135404
933249628887290687,Όμορφο Διαμέρισμα,483789277,Giorgos,,Pavlou Mela,40.6605237,22.9240187,Entire home/apt,50,1,11,2024-08-31,0.79,1,328,8,00002204861
933312253111372817,4 Seasons Breeze / Thessaloniki,522105114,Marios,,Thessaloniki,40.63916,22.95459,Entire home/apt,61,2,33,2024-08-11,2.33,1,349,23,00002205167
933843262181729580,Artistic Family Apartment,524661893,Χριστίνα,,Thessaloniki,40.60092,22.97177,Entire home/apt,64,2,14,2024-09-08,3.47,1,111,14,00002272045
934393339898401633,Cozyhome3 Navarinoy,44893060,Sotiris,,Thessaloniki,40.63141299999999,22.9507135,Entire home/apt,98,2,1,2024-03-17,0.16,3,352,1,00002147902
934410530498431223,#C Ioannas Apartments,434347481,Ioanna Apartments,,Kordelio – Evosmos,40.6661954,22.9038924,Entire home/apt,38,2,32,2024-09-12,2.28,21,235,26,00002173401
934508769653818925,Panorama Loft,4919698,Sotiris,,Pilea – Chortiatis,40.591109,23.036908,Entire home/apt,,5,0,,,1,0,0,00002210114
934712286422289890,Goldhair luxury apartments,525457609,Σωτηρης,,Thessaloniki,40.63938988068052,22.948440650926205,Entire home/apt,50,2,25,2024-09-16,1.75,1,172,21,00002087043
935970401963222278,Modi Stay,427169328,Εύη,,Thessaloniki,40.63435,22.94853,Entire home/apt,50,2,13,2024-09-19,1.03,1,315,10,00002241042
936850875166145892,#D Ioanna Apartments,434347481,Ioanna Apartments,,Kordelio – Evosmos,40.6661954,22.9038924,Entire home/apt,37,2,30,2024-09-14,2.10,21,340,26,00002173422
936907355784649048,"Horizon #3, The Luxury Suites",280458084,The Luxury Suites,,Thessaloniki,40.64194,22.93433,Entire home/apt,48,2,30,2024-09-03,2.31,173,173,29,00002834601
936933681125415673,Aristotelous Downtown Suites#303,119416356,Fani,,Thessaloniki,40.63695,22.94297,Entire home/apt,38,1,68,2024-08-30,4.81,30,71,58,00002242676
937007552743239205,Thessaloniki Amazing Apartment,395011507,Νικόλαος,,Thessaloniki,40.60853609999999,22.9693346,Entire home/apt,51,1,60,2024-08-23,4.32,1,0,52,00002284410
937296262802545800,Stylish Modern 4BR Maisonette.,134636028,Georgios,,Pavlou Mela,40.66867,22.92705,Entire home/apt,72,1,20,2024-09-08,1.67,1,363,20,00002245384
937514263894791156,Luxury No4 apartment in Ladadika,172595834,Isidora And Christos,,Thessaloniki,40.63738,22.9369,Entire home/apt,41,1,29,2024-07-27,2.14,8,355,19,00002215968
938005249600932486,Vintage apt in the heart of SKG,650143,Evangelos,,Thessaloniki,40.62811,22.95304,Entire home/apt,39,3,0,,,1,61,0,00002205045
938085703505114585,Nesting Ramblers SKG #3,210667008,Nesting Ramblers SKG,,Thessaloniki,40.6352303,22.9406857,Entire home/apt,88,3,26,2024-09-22,2.10,3,350,25,00002308500
938243646358405660,"#FLH - The Koi Apartment, Thessaloniki",9244884,FeelsLikeHomeGR,,Thessaloniki,40.633267147765395,22.93966595396729,Entire home/apt,120,2,17,2024-09-04,1.22,17,99,11,00002353865
939146772951093853,Elpidas houses 2 with private parking,483437417,Christos,,Thessaloniki,40.625248,22.964623,Entire home/apt,55,3,18,2024-09-05,1.28,1,291,14,00002227147
939617681670239001,Hestia Apartment!,119416356,Fani,,Thessaloniki,40.6376,22.93796,Entire home/apt,39,1,2,2023-08-29,0.14,30,50,0,00002243455
939656351102923721,F & B Collection - 2 Bedroom Flat,31131449,Dimitris,,Thessaloniki,40.6105142,22.9559284,Entire home/apt,55,7,9,2024-05-26,0.65,56,354,4,00002456624
939679798942610710,F & B Collection - Flat for 4,31131449,Dimitris,,Thessaloniki,40.6105142,22.9559284,Entire home/apt,52,7,8,2024-08-28,0.57,56,32,5,00002456619
939842948478769877,At the heart of Thessaloniki,526912204,Anna Katerina,,Thessaloniki,40.6412689,22.9501191,Entire home/apt,,3,10,2024-08-30,0.70,2,2,3,00000329566
939868203061908491,Bakatselou Apartment,32667360,Anastasia,,Thessaloniki,40.63416,22.94485,Entire home/apt,70,3,8,2024-09-08,0.60,1,147,5,00000387981
940369230627846851,City center Diamond suite - 300m from the seafront,40036228,Βασίλης,,Thessaloniki,40.63531559542044,22.940648719668392,Entire home/apt,70,3,7,2024-03-25,0.58,1,32,7,00002293714
940598955183707459,Four Reasons Apts Ampelokipi,405470096,Μαρία,,Ampelokipon – Menemeni,40.65149719851814,22.925849315066543,Entire home/apt,,2,0,,,2,0,0,00002013874
941346931975361741,Modern Studio in City Center,470648435,Forget The Hotel,,Thessaloniki,40.64394,22.93744,Entire home/apt,44,1,8,2023-12-30,0.58,6,0,6,Exempt
941764064567137591,Modern Memories apartment,427556969,Ilias,,Thessaloniki,40.63428,22.95228,Entire home/apt,46,1,59,2024-09-14,4.16,1,339,51,00002229114
941918906790682448,Spacious & Bright 2BRM Apartment,238507757,Angelos,,Thessaloniki,40.60428,22.95833,Entire home/apt,43,130,1,2024-06-01,0.26,1,195,1,00002237283
942461230295056186,Ideally situated apartment.,2824514,George,,Thessaloniki,40.63985524696945,22.948434501886368,Entire home/apt,69,1,1,2024-01-06,0.11,1,18,1,00002239595
942577841371732155,Family Sea & City,315578528,Κατερίνα,,Thessaloniki,40.6103876,22.9533173,Entire home/apt,120,5,8,2024-09-08,0.69,4,163,8,00002223181
942585924290703680,Lido Studios,179230394,Lazaros,,Thessaloniki,40.63717229886179,22.939288296295153,Entire home/apt,70,2,1,2023-08-25,0.08,1,364,0,00002142945
942658736219468008,Sunflower by halu!,251290631,Halu,,Thessaloniki,40.6322,22.94882,Entire home/apt,63,1,5,2024-09-22,0.74,90,358,5,00002355242
942703275236899380,Stelios Seaside apartment,527642367,Στελιος,,Thessaloniki,40.61005,22.9525,Entire home/apt,55,2,38,2024-06-15,3.06,1,64,35,00002308175
943215440802262575,Tsimiski33 - DT stylish apt.,527784411,Eugenia,,Thessaloniki,40.63384569999999,22.941447,Entire home/apt,53,2,4,2024-09-08,0.37,1,121,4,00002217754
943431539583747391,City Center / Quiet apt / 3P,171737806,Έλένη,,Thessaloniki,40.6331724,22.9477464,Entire home/apt,50,2,5,2024-08-24,0.39,1,263,3,00002241982
943848999911995118,#Luxlikehome Urban Escape,231048679,Luxlikehome,,Thessaloniki,40.6282017,22.9510114,Entire home/apt,71,2,3,2024-08-07,0.23,15,362,2,00002858185
943979889331742706,Aristotelous Downtown suites 305,119416356,Fani,,Thessaloniki,40.63705,22.94373,Entire home/apt,36,1,57,2024-09-16,4.15,30,74,49,00002242453
943984292047732339,#ATS - Theodor Cozy Apartment,399994221,Around,,Thessaloniki,40.63283,22.94396,Entire home/apt,48,1,60,2024-09-12,4.33,12,84,52,00002243131
944057772581182878,SKG JUnIOR SUITE,250160089,Alexandros,,Thessaloniki,40.63828610291116,22.939691165606707,Entire home/apt,80,1,2,2023-09-17,0.16,3,64,0,00002224136
944086834802651277,Elegant spacious apartment!,44500463,Mpampis,,Thessaloniki,40.60301,22.96523,Entire home/apt,39,30,6,2024-09-08,0.68,2,323,6,2334510
944175546511708543,Cozy Home in Upper Town,528057676,Ellada,,Thessaloniki,40.6415605,22.9490231,Entire home/apt,45,2,12,2024-08-05,0.93,1,144,10,00002243965
944187957342821900,apartment neapoli thessaloniki,485679364,Rei,,Neapolis – Sykeon,40.651858166940215,22.938741333782673,Entire home/apt,53,1,1,2023-09-13,0.08,1,203,0,01222272209
944712961935719862,Comfy studio near White Tower,528176089,Roman,,Thessaloniki,40.6279237,22.9474671,Entire home/apt,66,2,13,2024-09-01,0.96,1,11,8,00002111130
944861724708377048,K8 Apartment,51923854,Katerina,,Thessaloniki,40.6375325,22.9526997,Entire home/apt,100,50,0,,,1,89,0,00001939241
944869815802966933,Μοντέρνο διαμέρισμα.,406754468,Κωνσταντίνος,,Thessaloniki,40.61383254473966,22.984017814906842,Entire home/apt,44,1,54,2024-08-28,3.92,1,104,39,00002135623
944889382606867554,Sweet Home 5min από Παπαγεωργίου,180616755,Xenia,,Pavlou Mela,40.67429,22.94329,Entire home/apt,59,2,5,2023-09-18,0.36,1,176,0,00002257679
972140554936993577,City Moon: Seafront 3-Bedroom Apt by halu!,251290631,Halu,,Thessaloniki,40.61802,22.95304,Entire home/apt,165,1,18,2024-09-04,1.58,90,330,18,00002344938
972179159074610194,KORE Boutique Νέο διαμέρισμα στο κέντρο της πόλης,535244651,Konstantinos,,Thessaloniki,40.641323646722014,22.939661834046245,Entire home/apt,72,2,1,2023-09-05,0.08,1,183,0,00002296518
972417547266995493,Studio9,194224482,George,,Thessaloniki,40.63720013930521,22.94267244637013,Entire home/apt,34,2,30,2024-08-25,4.52,7,258,30,00002434134
972536976119404062,ITHACA: Σπίτι με αυτόνομη είσοδο,474940787,Ειρήνη,,Pavlou Mela,40.65598,22.95299,Entire home/apt,68,1,2,2024-08-18,0.17,2,363,2,00002301024
973171134962765796,Anastasia1,445328649,Kleanthis,,Thessaloniki,40.6375102,22.9477568,Entire home/apt,55,2,0,,,2,256,0,00002296725
973236888437881660,Jo&Co Loft,62504535,Kostas,,Thessaloniki,40.63785604070918,22.93845199048519,Entire home/apt,83,2,14,2024-04-22,1.18,1,173,14,00002302663
973558611805158112,#Ioannas Νikopolis Apartments,434347481,Ioanna Apartments,,Pavlou Mela,40.68527664279421,22.930078123278825,Entire home/apt,35,1,34,2024-09-14,2.68,21,351,33,00002287750
973636540746724636,Filoxenia Efi,148636499,Ευτυχια,,Pilea – Chortiatis,40.60751,23.09638,Entire home/apt,60,1,4,2024-03-26,0.32,2,270,2,00002287601
973654859310058277,Houseloft Seaside Getaway,29565272,Houseloft,,Thessaloniki,40.6126241,22.9536573,Entire home/apt,209,1,36,2024-09-07,2.93,20,352,35,00002338214
973767464301762289,Charming Urban Retreat,128221426,Iraklis,,Thessaloniki,40.60193377464972,22.953651526983652,Entire home/apt,68,3,0,,,1,234,0,00002303416
973775054712036818,"Modern, centrally located apartment",201738738,Your.Rentals,,Ampelokipon – Menemeni,40.6484776,22.9275536,Entire home/apt,50,1,2,2024-06-23,0.26,27,364,2,00002004522
973901096003806061,maraia home,535658958,Μαρια,,Thessaloniki,40.62916874927737,22.95116520688477,Entire home/apt,52,1,8,2024-09-19,0.66,1,323,8,00002300696
973926937441302310,Panoramic City View Penthouse Nikopol,535666490,Σονια,,Thessaloniki,40.646733,22.9399314,Entire home/apt,120,2,20,2024-09-12,1.61,1,352,19,00002303893
974366758429480330,Luxurious get-away chez Crispi,35365262,Thanos,,Thessaloniki,40.640472,22.932539,Entire home/apt,65,3,17,2024-04-12,1.34,2,77,15,00001975254
974387914342211985,Marilyn: Luxe & Stylish 3BD retreat by halu!,251290631,Halu,,Thessaloniki,40.63457,22.94655,Entire home/apt,178,1,34,2024-09-15,2.98,90,345,34,00002370888
974429096464924869,Rotunda apartment,148501522,Ntinos,,Thessaloniki,40.63184,22.95073,Entire home/apt,102,1,43,2024-09-04,3.45,1,252,40,00002304183
975118341403391582,C.3 Anemone Lux_Apartment,32216964,George,,Thessaloniki,40.6288865,22.9497012,Entire home/apt,140,2,8,2024-06-30,0.67,17,289,8,00002300059
975123194106451683,"Florence, The Luxury Suites",280458084,The Luxury Suites,,Thessaloniki,40.63779,22.93966,Entire home/apt,55,2,37,2024-08-29,2.99,173,157,36,00002305712
975158427886081874,#ATS - Embassy Elegant Suite,399994221,Around,,Thessaloniki,40.63219,22.94082,Entire home/apt,79,1,25,2024-08-25,2.01,12,87,21,00002925628
975227311640393323,Atelier deluxe Apt. (Must),133887934,George,,Thessaloniki,40.63056387633249,22.951550438623038,Entire home/apt,64,3,9,2024-08-24,0.72,15,125,8,00002305653
975324268735127427,No2 Smart tv  seaside  hellexpo central,416999042,Βασίλης,,Thessaloniki,40.61695,22.95388,Private room,24,2,30,2024-09-01,2.51,4,249,30,00002832720
975332426440275436,Νο3 Smart tv seaview suite hellexpo university,416999042,Βασίλης,,Thessaloniki,40.61587,22.95499,Entire home/apt,35,2,31,2024-08-31,2.61,4,162,31,00002832709
975336534732079548,No5 Smart tv Central Seaside-Room Hellexpo,416999042,Βασίλης,,Thessaloniki,40.61541,22.95389,Entire home/apt,24,2,26,2024-09-03,2.17,4,201,26,00002840883
975339620319611850,Νο6 Smart tv Helexpo University,416999042,Βασίλης,,Thessaloniki,40.61532,22.95492,Entire home/apt,25,2,31,2024-09-01,2.55,4,248,31,00002832735
975765753755846685,The “Roman market” lux apartment,536084150,Χρίστος,,Thessaloniki,40.6372912,22.9475359,Entire home/apt,104,3,36,2024-09-04,2.89,2,240,35,00002305467
975808967958359807,Διαμέρισμα στην Άνω Πόλη,536082844,Christos,,Thessaloniki,40.64331697112596,22.951108999550343,Entire home/apt,57,2,4,2024-07-30,0.32,1,364,3,00002307408
976064089050327372,LUXE Boutique With Balcony,536151930,Mohamed,,Thessaloniki,40.61775,22.95906,Entire home/apt,85,2,2,2023-12-16,0.17,2,65,2,00002212840
976178721992448435,White lux heaven Saint Dimitrios,477806628,Χρήστος,,Thessaloniki,40.6427675,22.9387347,Entire home/apt,50,2,1,2023-10-15,0.09,2,365,1,00002306714
976761143262171199,#SKGH Aristotelia suite - CityCenter| NearHELEXPO,146634219,Helias,,Thessaloniki,40.63042470873571,22.951812811639392,Entire home/apt,60,2,14,2024-06-18,1.14,22,63,13,00002299736
976773970366296964,#SKGH Aristi suite -CityCenter| NearHELEXPO,146634219,Helias,,Thessaloniki,40.63054,22.95098,Entire home/apt,52,2,17,2024-09-16,1.39,22,80,16,00002299698
976775431778929470,#SKGH Aphrodite suite - CityCenter| NearHELEXPO,146634219,Helias,,Thessaloniki,40.63096,22.95131,Entire home/apt,55,2,13,2024-09-12,1.09,22,66,13,00002299635
977288614810196364,"""To Spitaki""",536392833,Maria,,Thessaloniki,40.63662799999999,22.9554219,Entire home/apt,71,2,26,2024-09-14,2.46,1,86,26,00002305611
977330233703513461,"Bonsai 4.1, The Luxury Suites",280458084,The Luxury Suites,,Thessaloniki,40.63914,22.93775,Entire home/apt,61,2,15,2024-08-23,1.22,173,128,14,00002364935
977356838894140860,"Bonsai 4.5, The Luxury Suites",280458084,The Luxury Suites,,Thessaloniki,40.63914,22.93736,Entire home/apt,57,2,11,2024-07-28,0.93,173,170,11,00002364956
977374505129391045,"Bonsai 4.3, The Luxury Suites",280458084,The Luxury Suites,,Thessaloniki,40.63724,22.93674,Entire home/apt,56,2,26,2024-08-04,2.11,173,164,25,00002364982
977953664383869561,Dream Central Appartment,74954115,Alexandros,,Thessaloniki,40.63045,22.9461,Entire home/apt,93,3,0,,,1,85,0,00002295415
978054779060982608,μerάκι,536569125,Θεοδωρος,,Thessaloniki,40.63414189486008,22.942833714187145,Entire home/apt,69,1,3,2023-12-21,0.25,1,52,3,00002266298
978071669967324723,"Amarillo #4, Nilie Hospitality MGMT",239769711,Nilie Premium Hospitality MGMT,,Thessaloniki,40.64125,22.94046,Entire home/apt,42,1,6,2024-09-20,0.94,316,268,6,1774120
978094887399729274,"Big Apple, Nilie Hospitality MGMT",239769711,Nilie Premium Hospitality MGMT,,Thessaloniki,40.63909,22.93965,Entire home/apt,50,1,34,2024-09-14,2.76,316,234,33,1362352
978658516545368609,Raphael’s Suites SKG,172186838,Rafail,,Pavlou Mela,40.67892,22.93646,Entire home/apt,99,1,16,2024-09-20,1.62,1,269,16,00002355880
978665655060035179,The Luxury Project,536724950,Κωνσταντίνος,,Thessaloniki,40.62785,22.94811,Entire home/apt,226,3,0,,,1,114,0,00002294481
990328647947031596,"The Skysphere, Nilie Hospitality MGMT",239769711,Nilie Premium Hospitality MGMT,,Thessaloniki,40.63781,22.93982,Entire home/apt,54,1,20,2024-09-09,1.73,316,256,20,1357969
990331926139143227,"The Skysphere, Nilie Hospitality MGMT",239769711,Nilie Premium Hospitality MGMT,,Thessaloniki,40.63655,22.93968,Entire home/apt,54,1,27,2024-09-20,2.33,316,251,27,1357974
990342723941181540,"Yellow Door, Nilie Hospitality MGMT",239769711,Nilie Premium Hospitality MGMT,,Thessaloniki,40.63657,22.93613,Entire home/apt,53,1,15,2024-09-21,1.38,316,249,15,1823382
990357878127765344,Aegean Blue Apartments 7 # Luxury Suite -Studio,44106609,Aegean Blue,,Thessaloniki,40.6364305,22.9536923,Entire home/apt,46,1,61,2024-09-07,5.20,14,172,61,00002364653
990383632081163091,"Phìlus, Nilie Hospitality MGMT",239769711,Nilie Premium Hospitality MGMT,,Thessaloniki,40.63126,22.95073,Entire home/apt,52,1,19,2024-08-20,1.69,316,258,19,00002305940
990395819475167757,"Phìlus, Nilie Hospitality MGMT",239769711,Nilie Premium Hospitality MGMT,,Thessaloniki,40.63181,22.95172,Entire home/apt,52,1,45,2024-09-19,3.92,316,257,45,00002305977
990399408559849871,"Phìlus, Nilie Hospitality MGMT",239769711,Nilie Premium Hospitality MGMT,,Thessaloniki,40.63163,22.95229,Entire home/apt,52,1,42,2024-09-19,3.56,316,245,42,00002306103
990407172906257901,"Phìlus, Nilie Hospitality MGMT",239769711,Nilie Premium Hospitality MGMT,,Thessaloniki,40.63124,22.95159,Entire home/apt,52,1,30,2024-09-20,3.26,316,248,30,00002306192
990412587670138873,"Phìlus, Nilie Hospitality MGMT",239769711,Nilie Premium Hospitality MGMT,,Thessaloniki,40.6304,22.95018,Entire home/apt,66,1,21,2024-08-23,1.78,316,252,21,00002306272
990430447159411690,"Phìlus, Nilie Hospitality MGMT",239769711,Nilie Premium Hospitality MGMT,,Thessaloniki,40.62946,22.95054,Entire home/apt,54,1,28,2024-09-19,2.49,316,260,28,00002305961
990440919792460210,"Phìlus, Nilie Hospitality MGMT",239769711,Nilie Premium Hospitality MGMT,,Thessaloniki,40.63179,22.95145,Entire home/apt,54,1,54,2024-09-20,4.58,316,258,54,00002305876
990443476140011432,"Phìlus, Nilie Hospitality MGMT",239769711,Nilie Premium Hospitality MGMT,,Thessaloniki,40.63106,22.95184,Entire home/apt,54,1,15,2024-09-05,1.28,316,258,15,00002306124
990451662585529306,"Phìlus, Nilie Hospitality MGMT",239769711,Nilie Premium Hospitality MGMT,,Thessaloniki,40.62958,22.95173,Entire home/apt,59,1,40,2024-09-20,3.40,316,250,40,00002306225
990481753832283999,"Phìlus, Nilie Hospitality MGMT",239769711,Nilie Premium Hospitality MGMT,,Thessaloniki,40.63007,22.95196,Entire home/apt,52,1,25,2024-09-11,2.36,316,265,25,00002305956
990493367496799771,"Phìlus, Nilie Hospitality MGMT",239769711,Nilie Premium Hospitality MGMT,,Thessaloniki,40.63148,22.952,Entire home/apt,52,1,30,2024-09-20,2.66,316,257,30,00002306018
990495054825493333,plato’s peaceful city hideout,519401575,Stefanos,,Thessaloniki,40.6358397,22.9475045,Entire home/apt,,2,9,2024-04-21,0.80,2,0,9,00002322453
990502831277459322,Chrisanthis Hause,539382293,Sofia,,Thessaloniki,40.64577,22.93943,Entire home/apt,85,5,1,2024-01-07,0.11,1,268,1,00002329340
990625901364279921,Dialeti Loft Apartment,119416356,Fani,,Thessaloniki,40.62915,22.95143,Entire home/apt,39,1,48,2024-08-29,4.04,30,69,48,00002355317
990637447371960394,DoorMat#10 Dream catcher-Jacuzzi edition,23525724,Mario,,Thessaloniki,40.63297,22.94746,Entire home/apt,70,1,50,2024-08-27,4.44,10,252,50,00002787246
990678686813714076,Cosy luxury apartment in Thessaloniki,250133552,Iraklis,,Thessaloniki,40.63856,22.94991,Entire home/apt,55,2,1,2024-06-23,0.32,1,272,1,00002614636
991019375048381935,"Phìlus, Nilie Hospitality MGMT",239769711,Nilie Premium Hospitality MGMT,,Thessaloniki,40.63154,22.952,Entire home/apt,52,1,18,2024-09-16,1.63,316,265,18,00002306145
991029620391777950,"Phìlus, Nilie Hospitality MGMT",239769711,Nilie Premium Hospitality MGMT,,Thessaloniki,40.63111,22.95153,Entire home/apt,54,1,62,2024-09-19,5.54,316,246,62,00002306044
991036395565616566,"Phìlus, Nilie Hospitality MGMT",239769711,Nilie Premium Hospitality MGMT,,Thessaloniki,40.63011,22.95215,Entire home/apt,54,1,42,2024-09-19,3.57,316,254,42,00002306130
991063853106687084,"Phìlus, Nilie Hospitality MGMT",239769711,Nilie Premium Hospitality MGMT,,Thessaloniki,40.62957,22.95053,Entire home/apt,59,1,64,2024-08-31,5.39,316,260,64,00002306246
991095746279326157,"Phìlus, Nilie Hospitality MGMT",239769711,Nilie Premium Hospitality MGMT,,Thessaloniki,40.63172,22.95158,Entire home/apt,54,1,16,2024-09-19,1.58,316,264,16,00002305935
991101527154224030,"Phìlus, Nilie Hospitality MGMT",239769711,Nilie Premium Hospitality MGMT,,Thessaloniki,40.62971,22.95159,Entire home/apt,54,1,24,2024-09-19,2.13,316,265,24,00002306065
991105857451939959,"Phìlus, Nilie Hospitality MGMT",239769711,Nilie Premium Hospitality MGMT,,Thessaloniki,40.63004,22.95197,Entire home/apt,54,1,22,2024-09-19,1.99,316,265,22,00002306150
991136299319835999,"Phìlus, Nilie Hospitality MGMT",239769711,Nilie Premium Hospitality MGMT,,Thessaloniki,40.63114,22.95092,Entire home/apt,54,1,3,2023-12-26,0.31,316,267,3,00002306002
991168936859251485,"Phìlus, Nilie Hospitality MGMT",239769711,Nilie Premium Hospitality MGMT,,Thessaloniki,40.63132,22.95157,Entire home/apt,54,1,14,2024-08-20,1.22,316,261,14,00002306050
991189664623080225,"Phìlus, Nilie Hospitality MGMT",239769711,Nilie Premium Hospitality MGMT,,Thessaloniki,40.63131,22.95101,Entire home/apt,54,1,7,2024-08-18,0.66,316,266,7,1256895
991197442138584149,"Phìlus, Nilie Hospitality MGMT",239769711,Nilie Premium Hospitality MGMT,,Thessaloniki,40.63111,22.95086,Entire home/apt,59,1,8,2024-09-06,0.71,316,267,8,00002306251
991203457774496947,"Phìlus, Nilie Hospitality MGMT",239769711,Nilie Premium Hospitality MGMT,,Thessaloniki,40.63094,22.95097,Entire home/apt,54,1,6,2024-08-20,0.58,316,262,6,00002305998
991209244965832420,"Phìlus, Nilie Hospitality MGMT",239769711,Nilie Premium Hospitality MGMT,,Thessaloniki,40.63178,22.95238,Entire home/apt,54,1,28,2024-09-19,2.57,316,258,28,00002306086
991211741870537591,"Phìlus, Nilie Hospitality MGMT",239769711,Nilie Premium Hospitality MGMT,,Thessaloniki,40.63181,22.95009,Entire home/apt,54,1,9,2024-08-27,0.78,316,262,9,00002306171
991223129710327299,"Phìlus, Nilie Hospitality MGMT",239769711,Nilie Premium Hospitality MGMT,,Thessaloniki,40.62955,22.95026,Entire home/apt,54,1,26,2024-09-17,2.26,316,265,26,00002306267
991310321156700549,MD modern studio apartment w/garden in pilea,202441097,Μαρία,,Pilea – Chortiatis,40.60119047976972,22.991776317358017,Entire home/apt,60,2,30,2024-09-22,3.38,1,88,30,00002414551
991328176268561947,#Ioannas Apartments ~Nikopolis City View,434347481,Ioanna Apartments,,Pavlou Mela,40.6852441,22.9302927,Entire home/apt,36,1,26,2024-09-16,2.26,21,345,26,00002287791
992788173420446467,Tiny attic with incredible view,539858405,Dimitrios,,Neapolis – Sykeon,40.63922,22.96257,Entire home/apt,33,3,35,2024-09-17,3.01,1,309,35,00002327330
992814082952999731,Aegean Blue Apartments 8 # The Luxury Suite -1BDR,44106609,Aegean Blue,,Thessaloniki,40.63705,22.95448,Entire home/apt,58,1,56,2024-09-01,5.08,14,269,56,00002364632
992827460149029629,Aegean Blue Apartments 9 # The Luxury Suite -2 BDR,44106609,Aegean Blue,,Thessaloniki,40.636518520918564,22.953765392303467,Entire home/apt,82,1,14,2024-06-20,1.29,14,261,14,00002316690
993506238816610797,Modern apartment in city center,172595834,Isidora And Christos,,Thessaloniki,40.62776,22.95269,Entire home/apt,58,1,36,2024-09-09,3.20,8,343,36,00002353174
994152537595888139,SpaceOne by #GimiSpace Luxury Apt.,540175132,Elena,,Thessaloniki,40.6293411,22.9466294,Entire home/apt,85,2,2,2024-08-26,0.39,3,319,2,00001875040
994170507102158284,"SpaceTwo ""DownTown Chill"" by #GimiSpace Lux Apt",540175132,Elena,,Thessaloniki,40.64287830000001,22.9378208,Entire home/apt,43,2,1,2024-02-16,0.14,3,361,1,00002241632
994714790567180323,"Apartments 2 rooms, Thessaloniki",401184568,Sevastiana,,Thessaloniki,40.64646241159698,22.93756256509821,Entire home/apt,41,1,19,2024-09-18,1.65,1,233,19,00002334673
994806402658763505,Aristotelis Cozy and Playful at Roman Forum,309457877,Artemis,,Thessaloniki,40.637768002152924,22.944001542327896,Entire home/apt,62,2,5,2024-08-06,0.46,3,62,5,00000922273
995536168690289781,"Hermes Suites, Agia Sofia, Nilie Hospitality MGMT",239769711,Nilie Premium Hospitality MGMT,,Thessaloniki,40.63258,22.94568,Entire home/apt,57,1,11,2024-08-15,1.02,316,253,11,1996168
995582630718336668,Aegean Blue Apartments10 # The Luxury Suite -2 BDR,44106609,Aegean Blue,,Thessaloniki,40.634308536418104,22.95251179486513,Entire home/apt,63,1,63,2024-09-04,5.48,14,259,63,00002330709
995615721255872469,Bright Two Bedroom City Apartment,540511633,Δεσποινα,,Thessaloniki,40.5975507,22.9653161,Entire home/apt,72,2,15,2024-09-01,1.69,1,167,15,00002330389
996117326126567612,Bauhaus halu! : Standard studio,251290631,Halu,,Thessaloniki,40.63639,22.93866,Private room,40,1,39,2024-09-17,3.46,90,357,39,00002295638
996131766200098258,Bauhaus by halu! : Superior studio,251290631,Halu,,Thessaloniki,40.6358,22.93659,Private room,42,1,14,2024-09-17,1.27,90,362,14,00002295702
996178419540285425,LuxLiving Agiou Dimitriou II,510197006,Alexandros,,Thessaloniki,40.63892,22.94768,Entire home/apt,56,1,36,2024-09-03,3.08,9,217,36,00002331657
996996660650073936,Μοντέρνο κεντρικό διαμέρισμα,198560562,Lena,,Thessaloniki,40.6351005,22.9496891,Entire home/apt,47,2,12,2024-09-02,1.19,1,110,12,00002289163
997110655578215187,AniBo Studios & Apartments - ZP46,513545699,A.B Zero Point,,Thessaloniki,40.64045,22.93808,Entire home/apt,62,2,7,2024-06-02,0.67,4,141,7,00002321345
997177284536935317,"Jumanji Loft Apartment, Vesta Philoxenia",336527202,Vesta Philoxenia,,Thessaloniki,40.64041,22.94561,Entire home/apt,,3,4,2024-05-05,0.38,51,0,4,00002499980
997177501414088560,"Pumpkin Studio Apartment, Vesta Philoxenia",336527202,Vesta Philoxenia,,Thessaloniki,40.6433,22.94195,Entire home/apt,,2,3,2024-04-21,0.27,51,0,3,00002495780
997177757602300653,"Delfon Lighthouse with 2bdrms, Vesta Philoxenia",336527202,Vesta Philoxenia,,Thessaloniki,40.60617,22.95804,Entire home/apt,74,2,12,2024-08-27,1.06,51,123,12,00002500320
997514590420211775,"""Floating"", cosy studio 8' walk from the seaside",20968410,Θεόδωρος,,Thessaloniki,40.6184953,22.9595484,Entire home/apt,49,1,4,2023-10-29,0.35,1,270,4,00002333379
997520115289791507,Stylish City Flat Near Promenade,5808971,Thanos,,Thessaloniki,40.60622955434337,22.952639495106514,Entire home/apt,70,3,4,2024-02-04,0.38,1,248,4,00002305855
997527531039986832,Central Old Town Apartment,248562255,Katerina,,Thessaloniki,40.63575648171834,22.93647486004942,Entire home/apt,59,1,1,2023-10-26,0.09,1,243,1,00002267848
998435768734622763,Άνετο Κεντρικό Διαμέρισμα,97093551,Kate,,Thessaloniki,40.612,22.95704,Entire home/apt,49,2,1,2024-04-21,0.19,1,237,1,00000413812
998660778562218191,DeKo PPG 36,214875317,DeKo,,Thessaloniki,40.63187665827317,22.949317037048356,Entire home/apt,138,2,1,2023-11-26,0.10,3,197,1,00002333948
999758382020555787,Mardi No12 Luxury Apartment,233599991,Χρήστος,,Thessaloniki,40.60493,22.95322,Entire home/apt,69,1,22,2024-09-08,1.94,30,263,22,00002332910
999941492748993218,The 'Old Fashioned' Apartment,75797747,Vasileios,,Kordelio – Evosmos,40.66870207631397,22.894552275538445,Entire home/apt,100,1,0,,,1,365,0,00002275035
1000089832083715913,Next to railway station | T room,212454949,Evans' Apartments,,Thessaloniki,40.644009191335876,22.932964861392975,Entire home/apt,47,2,39,2024-09-02,3.85,6,171,39,2335426
1000563586498565070,"Villa Clio, Luxury Collection Executive Suite",285718389,Κωνσταντινος,,Thessaloniki,40.6054262,22.9564097,Private room,138,1,0,,,4,363,0,1314133
1000573576060333507,"Villa Clio, Luxury Collection Deluxe double room",285718389,Κωνσταντινος,,Thessaloniki,40.6054262,22.9564097,Private room,93,1,1,2023-12-03,0.10,4,353,1,1314133
1000576369483139816,"Villa Clio, Luxury Collection Superior double room",285718389,Κωνσταντινος,,Thessaloniki,40.60594,22.95621,Private room,99,1,0,,,4,359,0,1314133
1000579960220248027,"Villa Clio,  Luxury Collection Comfort triple room",285718389,Κωνσταντινος,,Thessaloniki,40.6054262,22.9564097,Private room,132,1,0,,,4,359,0,1314133
1000809061584659172,Villanova - Ruby Suite,350701586,Polina,,Thessaloniki,40.64229,22.9336,Entire home/apt,42,1,33,2024-08-29,3.64,5,341,33,00002010799
1001161089767909240,"Pantheon, Nilie Hospitality MGMT",239769711,Nilie Premium Hospitality MGMT,,Thessaloniki,40.6349,22.93608,Entire home/apt,66,1,13,2024-05-27,1.17,316,250,13,2066251
1001216659235982112,Invictus Helexpo - #Skgbnb,28267881,Tomas&Cristina! Skgbnb,,Thessaloniki,40.6304401,22.9532713,Entire home/apt,200,2,4,2024-01-02,0.36,29,234,4,00002335612
1001275732615898044,Porto Sea View Apartments #19,372140900,Porto Sea View,,Thessaloniki,40.63334,22.93685,Entire home/apt,98,1,0,,,40,335,0,00002062870
1001534645714788716,Queen Suites,499979015,Maria,,Thessaloniki,40.62183803170775,22.962158359587193,Entire home/apt,81,2,10,2024-08-31,1.57,2,121,10,00002504661
1001916805775484229,"Big Apple, Nilie Hospitality MGMΤ",239769711,Nilie Premium Hospitality MGMT,,Thessaloniki,40.64051,22.93917,Entire home/apt,50,1,13,2024-09-16,1.46,316,234,13,1221200
1001923393742638454,"Big Apple, Nilie Hospitality MGMΤ",239769711,Nilie Premium Hospitality MGMT,,Thessaloniki,40.64023,22.93841,Entire home/apt,50,1,8,2024-09-04,0.82,316,259,8,1507561
1001931992155932680,"Big Apple, Nilie Hospitality MGMΤ",239769711,Nilie Premium Hospitality MGMT,,Thessaloniki,40.63969,22.93908,Entire home/apt,53,1,6,2024-09-16,0.60,316,269,6,1362394
1001956022563360161,Όμορφο διαμέρισμα 5χλμ απο το κέντρο της πόλης!,541783701,Μαρία,,Ampelokipon – Menemeni,40.65535261557512,22.91346271349183,Entire home/apt,79,2,7,2024-04-12,0.68,1,253,7,00002331838
1002074309338683669,"Big Apple, Nilie Hospitality MGMT",239769711,Nilie Premium Hospitality MGMT,,Thessaloniki,40.63849,22.9391,Entire home/apt,53,1,7,2024-05-26,0.66,316,270,7,1250120
1002077978575865887,"Big Apple, Nilie Hospitality MGMT",239769711,Nilie Premium Hospitality MGMT,,Thessaloniki,40.64039,22.93908,Entire home/apt,53,1,1,2024-09-01,1,316,264,1,1250140
1002081810813699381,"Big Apple,Nilie Hospitality MGMT",239769711,Nilie Premium Hospitality MGMT,,Thessaloniki,40.63839,22.93979,Entire home/apt,50,1,9,2024-09-15,0.79,316,256,9,1250034
1002122209576337331,Άνετος και φιλόξενος χώρος!,529684352,Ελενη,,Pavlou Mela,40.66832,22.949,Entire home/apt,42,1,22,2024-09-08,1.95,1,53,22,00002403509
1026104341228505175,Konstamar Studio,89530691,Maria,,Thessaloniki,40.6352303,22.9406857,Entire home/apt,50,2,16,2024-04-22,1.55,1,244,16,00002319292
1026134836187325193,Spotted in Thessaloniki #13!-parking 15€/24h,71930151,Giannis,,Thessaloniki,40.63555,22.93827,Entire home/apt,34,1,40,2024-09-19,3.96,3,235,40,00002353971
1026160119146527087,Angels Apartment ( free private parking),302947153,George,,Thessaloniki,40.638723,22.9556666,Entire home/apt,43,2,31,2024-09-10,3.09,7,256,31,00002357640
1026531818548538404,Alexander luxury,79446546,Dimitrios,,Thessaloniki,40.64269,22.94357,Entire home/apt,77,2,1,2024-02-04,0.13,5,270,1,00002345621
1026805858522769991,VN Urban House Thessaloniki,132581744,Giorgos,,Thessaloniki,40.6311354,22.9467396,Entire home/apt,64,1,2,2023-12-28,0.21,1,196,2,00002362463
1027425650466200764,Cozy apartment in Sykies,547038734,Antonis,,Neapolis – Sykeon,40.64785,22.94932,Entire home/apt,65,2,3,2024-09-16,0.31,1,365,3,00002367770
1027502565477357462,Aristotelous 22 Suites,225531792,Ilias,,Thessaloniki,40.63482605501267,22.943426482379436,Entire home/apt,130,2,0,,,1,232,0,00002361945
1027554531087687443,Ina's House,89133519,Ioanna,,Thessaloniki,40.6404989,22.9393639,Entire home/apt,70,4,6,2024-08-05,0.67,1,55,6,00002358004
1028121034478292433,Pylaia comfortable apartment,89535441,Giorgios-Anneta,,Pilea – Chortiatis,40.60279,22.99737,Entire home/apt,65,3,1,2023-11-29,0.10,2,270,1,00002602888
1028125618044758133,Luxury Downtown Apartment Α1,485800812,Kinfeel North,,Thessaloniki,40.6383302,22.9448607,Entire home/apt,53,1,3,2024-07-21,0.34,11,147,3,00002328353
1028155827237680659,Anastasia2,445328649,Kleanthis,,Ampelokipon – Menemeni,40.65611972087968,22.911498472094536,Entire home/apt,46,1,2,2024-03-29,0.31,2,256,2,00001912710
1028370108201693401,Luxury Downtown Apartment A3,485800812,Kinfeel North,,Thessaloniki,40.637976101826,22.944717614284592,Entire home/apt,84,1,4,2024-04-12,0.42,11,143,4,00002328433
1028370167686928576,Luxury Downtown Apartment A2,485800812,Kinfeel North,,Thessaloniki,40.6380705301939,22.94503865728816,Entire home/apt,70,1,12,2024-07-31,1.27,11,144,12,00002328460
1028835336768189745,Φιλικό και Ζεστό,61297663,Dimitris,,Pavlou Mela,40.6628465,22.9448433,Private room,45,2,1,2024-01-03,0.11,1,269,1,00002365958
1028840410000792860,"Amarillo #2, Nilie Hospitality MGMT",239769711,Nilie Premium Hospitality MGMT,,Thessaloniki,40.6391,22.93893,Entire home/apt,53,1,4,2024-07-30,0.44,316,268,4,1774178
1029485383395169983,Βρίσκεται στον δεύτερο όροφο,279748110,Errikos,,Kordelio – Evosmos,40.67579,22.92157,Entire home/apt,70,2,11,2024-09-01,1.73,1,252,11,00028284113
1030230884175263173,Studio apartment Navarino square Thessaloniki,547657592,Christos,,Thessaloniki,40.6299643,22.949126,Entire home/apt,57,1,2,2024-02-04,0.22,1,130,2,00002365916
1030246535924418912,Cosy guesthouse in Thessaloniki,569356544,Nikos,,Thessaloniki,40.63352900894815,22.951301398147596,Entire home/apt,41,1,33,2024-09-20,3.60,1,62,33,00002373065
1030260661963638802,Homevision - City Chic: Cozy Balcony Bliss,515398068,Homevision,,Thessaloniki,40.63582,22.95304,Entire home/apt,67,2,20,2024-09-09,2.24,11,238,20,00002366025
1030548375821916967,New Helion Santaroza suites #1,421970238,Χρήστος,,Thessaloniki,40.64104,22.92971,Entire home/apt,39,3,19,2024-09-21,2.07,2,250,19,00002367579
1031549984047908572,Studio5,194224482,George,,Thessaloniki,40.63465,22.9488,Entire home/apt,36,2,11,2024-09-14,1.14,7,264,11,00002367723
1031553061909552791,Studio2,194224482,George,,Thessaloniki,40.63523060000001,22.9485472,Entire home/apt,35,2,10,2024-09-22,3.26,7,250,10,00002367638
1031662020400851435,Elisavet Luxury Apartment,13827342,Miltiadis,,Pilea – Chortiatis,40.60547,22.98286,Entire home/apt,60,1,42,2024-09-16,4.36,1,350,42,00002351102
1031770741121348880,White Diamond,293672648,Zoe,,Thessaloniki,40.6417245,22.9440134,Entire home/apt,40,1,36,2024-09-13,3.66,4,269,36,00001808650
1031889968224576609,Modern Apartment near Citycenter,163041685,Μανωλης,,Thessaloniki,40.64662080000002,22.940217542327876,Entire home/apt,70,2,2,2024-08-03,0.79,1,262,2,00002368932
1032538123840484068,"Big Apple #4.3, Nilie Hospitality MGMT",239769711,Nilie Premium Hospitality MGMT,,Thessaloniki,40.63965,22.93958,Entire home/apt,54,1,10,2024-09-13,1.07,316,241,10,1147100
1032544558452812407,"Big Apple #5.8, Nilie Hospitality MGMT",239769711,Nilie Premium Hospitality MGMT,,Thessaloniki,40.64003,22.93974,Entire home/apt,,1,3,2023-12-27,0.31,316,0,3,1250029
978801709963642981,City Center Modern Apt Queen Bed,472135889,Booking,,Thessaloniki,40.629984656108974,22.948997253967303,Entire home/apt,75,1,1,2023-09-17,0.08,1,233,0,00001450820
978811772647008905,Cozy Condo in Thessaloniki,476779892,Ignatios,,Thessaloniki,40.6355022,22.9545114,Entire home/apt,53,1,42,2024-08-24,3.38,1,232,41,00002312571
979056050568283175,Droke,504795424,Polixronis,,Thessaloniki,40.63109801381285,22.942921221256256,Entire home/apt,60,2,4,2024-06-13,0.34,1,238,4,00002312949
979691034418100223,Cozy 2/BD Flat in Thessaloniki*,195106949,Sissy,,Thessaloniki,40.5997376,22.9549634,Entire home/apt,97,1,5,2023-11-20,0.40,2,1,4,00002311033
980137212503976660,"P30, Nilie Hospitality MGMT",239769711,Nilie Premium Hospitality MGMT,,Thessaloniki,40.63925,22.9412,Entire home/apt,50,1,30,2024-09-20,3.33,316,30,30,00001256985
980147821565636344,"P30, Nilie Hospitality MGMT",239769711,Nilie Premium Hospitality MGMT,,Thessaloniki,40.63955,22.93978,Entire home/apt,50,1,21,2024-09-18,2.90,316,24,21,00001256984
980161265017979881,"P30, Nilie Hospitality MGMT",239769711,Nilie Premium Hospitality MGMT,,Thessaloniki,40.63963,22.94054,Entire home/apt,50,1,21,2024-09-18,2.27,316,30,21,00001259865
980223848653305879,"Phìlus, Nilie Hospitality MGMT",239769711,Nilie Premium Hospitality MGMT,,Thessaloniki,40.6301,22.952,Entire home/apt,52,1,31,2024-08-30,2.64,316,267,31,00002306272
980852318965342032,Hippocrates Bound,548386310,BiNoBi,,Thessaloniki,40.60832,22.962,Entire home/apt,72,1,1,2023-10-16,0.09,3,361,1,00002219509
980868972235481913,Elysium Retreat,537214762,Theodoros,,Thessaloniki,40.6300052,22.9511905,Entire home/apt,178,2,5,2023-12-27,0.41,1,235,4,00002305143
981123667190349807,Central Studio Near Sea (800 meters walk),25568707,Eleni,,Thessaloniki,40.59918,22.95918,Entire home/apt,34,2,52,2024-09-15,4.27,1,253,52,00002314495
981597839894854320,Chez Getama’s apartment,537359586,Γεώργιος,,Thessaloniki,40.6107783,22.9543132,Entire home/apt,83,2,4,2024-05-19,0.36,1,357,4,00002293166
981681557949672009,Anopolh Apartment 33,194081871,Χρήστος,,Thessaloniki,40.63877817956147,22.954709642327877,Entire home/apt,53,2,2,2023-10-29,0.18,1,270,2,00002312444
982465774706860425,Anopolh apartment 11,534788593,Nikolaos,,Thessaloniki,40.63878225024633,22.954698913491818,Entire home/apt,48,2,3,2023-12-25,0.25,2,269,3,00002312385
982490991379560067,Anopolh front apartment,534788593,Nikolaos,,Thessaloniki,40.63879446229951,22.95468282023773,Entire home/apt,46,2,3,2024-04-09,0.27,2,269,3,00002312364
982511874228632000,Casa Luna,537542630,Νικολαος,,Thessaloniki,40.609399333554165,22.97692978880463,Entire home/apt,85,3,0,,,1,302,0,00002496118
983345889711099432,Modern Central Apartment in Thessaloniki,95996679,Georgia,,Thessaloniki,40.60124,22.95301,Entire home/apt,80,2,10,2024-09-06,0.95,1,179,10,00002355199
983724776943205508,Central gem with an incredible balcony view,93145510,Vasilis,,Thessaloniki,40.63624,22.93917,Entire home/apt,37,1,38,2024-09-06,3.33,7,218,38,00002321531
983760347676254829,BS House,520462322,Ioanna,,Thessaloniki,40.62988,22.96578,Entire home/apt,65,2,4,2024-04-09,0.37,1,175,4,00002296630
983810182827858406,Damon's Apartment - 2 bedrooms,537844847,Manos,,Thessaloniki,40.6181647,22.9583247,Entire home/apt,94,1,14,2024-08-10,1.25,3,231,14,00002296097
984099820734634007,Homy 2bedroom/5p near center quiet Apt,537923030,Δημητριος,,Thessaloniki,40.6055244,22.9671163,Entire home/apt,51,2,2,2024-02-02,0.22,1,199,2,00002318142
984112606197407015,"Spacious 2 rooms,2 balconies next center, mall, RS",197543386,Aristeidis,,Thessaloniki,40.64594,22.9223,Entire home/apt,30,6,14,2024-08-21,1.18,3,36,14,00002318217
984504761992405526,Downtown Seaside Studio 9,233599991,Χρήστος,,Thessaloniki,40.6335062,22.9388546,Entire home/apt,80,1,0,,,30,260,0,00002317550
984603304722218939,Markou Mpotsari home -Νέα Παραλία,538030477,Χαραλαμπος,,Thessaloniki,40.607142,22.9572041,Entire home/apt,55,2,6,2024-08-27,0.51,1,122,6,00002319835
984621062870561145,Sunny studio,90780487,Olga,,Pavlou Mela,40.66004,22.92959,Entire home/apt,34,2,39,2024-09-18,3.19,3,68,38,00002446923
984639577664693522,Star studios by halu!,251290631,Halu,,Thessaloniki,40.63759,22.93831,Entire home/apt,,1,11,2024-04-26,0.92,90,0,11,00002368459
984701590210046570,Aura F24 by halu! : Superior studio,251290631,Halu,,Thessaloniki,40.63662,22.93721,Entire home/apt,43,1,2,2024-05-02,0.36,90,352,2,00001909421
985368943946687870,Cloud9-skg,538210020,Savvas,,Thessaloniki,40.635324,22.9353492,Entire home/apt,68,2,31,2024-09-18,2.60,1,186,31,00002300548
985473279019310111,Feidias Apartment - 1 bedroom,537844847,Manos,,Thessaloniki,40.61839,22.95947,Entire home/apt,61,1,21,2024-09-01,1.76,3,125,21,00002296034
986035716498117641,Comfort Corner 75m2 100Mbs,38074324,Panagiotis,,Thessaloniki,40.6062419,22.9682971,Entire home/apt,61,1,24,2024-09-13,2.02,1,238,24,00002321796
986102770302736064,Emas Apartment A,247613731,Emanoela,,Thessaloniki,40.6444533,22.9387345,Entire home/apt,49,3,0,,,2,178,0,00002305632
986127031186020390,Emas Apartment B,247613731,Emanoela,,Thessaloniki,40.6444533,22.9387345,Entire home/apt,49,2,0,,,2,178,0,00002305627
987382325896363912,Dreamy Central Corner,309457877,Artemis,,Thessaloniki,40.6347203108322,22.94044067870544,Entire home/apt,42,2,18,2024-09-07,1.53,3,45,18,00001543649
987574254206342066,The five star apartment,509991974,Christina,,Thessaloniki,40.6291826,22.9482711,Entire home/apt,220,1,0,,,1,211,0,00002322018
988054541842256512,Luxury No1 Ladadika Apartment,172595834,Isidora And Christos,,Thessaloniki,40.6363891092342,22.937302938449644,Entire home/apt,43,1,28,2024-08-26,2.33,8,118,28,00002324483
988108754819962196,Skra apt.,537212273,Ντίνος,,Thessaloniki,40.63359,22.94917,Entire home/apt,53,1,1,2023-10-01,0.08,1,361,1,00002219434
988196182732624165,Serene city-center penthouse in prominent location,350279014,Innovation,,Thessaloniki,40.6382388,22.9371113,Entire home/apt,58,2,39,2024-09-03,3.41,33,230,39,00002333034
988226655102148293,Aegean Blue Apartments 2# Luxury Suite Studio 34,44106609,Aegean Blue,,Thessaloniki,40.6413651,22.9394385,Entire home/apt,43,1,26,2024-08-22,2.17,14,176,26,00002363364
988237991666099819,Aegean Blue Apartments 3חי Luxury Suite 1 BDR 1+1,44106609,Aegean Blue,,Thessaloniki,40.6413651,22.9394385,Entire home/apt,51,1,37,2024-08-06,3.09,14,176,37,00002363359
988784779006462374,Stylish central apartment!,181038870,City Apartments,,Thessaloniki,40.64202,22.94273,Entire home/apt,,2,8,2024-05-20,0.69,3,0,8,00002307460
988838841820246906,PleasantStay *City Appartement,538989429,Achillefs,,Thessaloniki,40.637592,22.943715,Entire home/apt,87,2,17,2024-09-08,1.51,1,364,17,00002325316
989111878010847289,ID apartments B,539060781,Ιασονας,,Thessaloniki,40.64358,22.93094,Entire home/apt,70,2,4,2024-01-01,0.33,2,89,4,00002325034
989130658169765478,ID apartments A,539060781,Ιασονας,,Thessaloniki,40.6434,22.93183,Entire home/apt,60,1,11,2024-09-08,0.98,2,265,11,00002325161
989690412658446715,Cozy apartment with balcony,261937610,Dimitriadis,,Thessaloniki,40.6347326,22.9504362,Entire home/apt,,2,14,2024-09-10,2.50,12,0,14,00001889610
989718582405389122,Premium Apartment 90m2,424156639,Michail,,Thessaloniki,40.6052,22.95334,Entire home/apt,110,1,4,2024-08-26,0.35,1,25,4,00002329461
989757966366904059,"Ornament Suites, Nilie Premium MGMT",239769711,Nilie Premium Hospitality MGMT,,Thessaloniki,40.63438,22.93976,Entire home/apt,68,1,5,2024-02-25,0.45,316,139,5,1858930
989763874570935101,"P30, Nilie Hospitality MGMT",239769711,Nilie Premium Hospitality MGMT,,Thessaloniki,40.63931,22.93927,Entire home/apt,51,1,9,2024-09-02,0.76,316,250,9,2206456
1002247012361125766,Evemma Luxury Apartment Skg,533946283,Evemma Apartment Luxury,,Thessaloniki,40.6201173,22.9557509,Entire home/apt,58,2,12,2024-03-26,1.07,1,180,12,00002289955
1002704755843208920,Boutique Charm & Stunning Views,72167863,Eleftheria,,Neapolis – Sykeon,40.639206182956784,22.962608864418034,Entire home/apt,81,2,5,2024-09-17,5,1,346,5,00002858808
1002869317198773455,City Pulse #URBN,529609791,Asset,,Thessaloniki,40.6287712,22.9495867,Entire home/apt,120,2,5,2024-01-28,0.48,3,250,5,00002320470
1003520294619106947,"Pantheon, Nilie Hospitality MGMT",239769711,Nilie Premium Hospitality MGMT,,Thessaloniki,40.63549,22.93741,Entire home/apt,66,1,1,2024-08-17,0.79,316,244,1,2066251
1003670026296556191,Το σπίτι των χρωμάτων!,398571478,Gerasimos,,Thessaloniki,40.60109,22.96253,Private room,32,1,12,2024-09-15,1.06,1,218,12,00002338559
1003675706379960380,Studio THEA Thessaloniki,542139540,Ανεστης,,Thessaloniki,40.64499653295705,22.92615934704747,Entire home/apt,90,3,2,2023-11-12,0.19,1,11,2,00002337870
1004067332205235950,Coco by halu! : Neoclassical apt with balcony,251290631,Halu,,Thessaloniki,40.63015,22.94822,Entire home/apt,,1,0,,,90,0,0,00002340128
1004111981350569669,Houseloft Rotunda Escape,29565272,Houseloft,,Thessaloniki,40.6330815,22.952036,Entire home/apt,112,1,18,2024-09-01,1.63,20,359,18,00002336635
1004776088196777405,DELUXE ΔΙΑΜΕΡΙΣΜΑ,542365842,Νικόλαος,,Thessaloniki,40.63936229999999,22.9451409,Entire home/apt,76,1,0,,,15,178,0,00002335001
1004818544380759364,View- Ano Poli #Skgbnb,1977386,Cristina&Tomas! Skgbnb,,Thessaloniki,40.64199,22.9547,Entire home/apt,51,2,4,2024-02-04,0.36,30,250,4,00002328858
1005123915961803815,AniBo Studios & Apartments - ZP52,513545699,A.B Zero Point,,Thessaloniki,40.6399451,22.9373208,Entire home/apt,44,1,5,2024-07-27,0.54,4,182,5,00002348037
1005583770798397942,DELUXE ΔΙΑΜΕΡΙΣΜΑ,542365842,Νικόλαος,,Thessaloniki,40.63936229999999,22.9451409,Entire home/apt,67,1,7,2024-04-14,0.62,15,259,7,00002335022
1005847472182310845,AniBo Studios & Apartments - ZP35,513545699,A.B Zero Point,,Thessaloniki,40.64238,22.93676,Entire home/apt,63,1,2,2024-03-04,0.23,4,155,2,00002321350
1005940712756855398,"Elements Luxury Suite, Vesta Philoxenia",336527202,Vesta Philoxenia,,Thessaloniki,40.59796,22.97273,Entire home/apt,,3,4,2024-07-02,0.37,51,0,4,00002494949
1005940763537942567,"Blooming Yard Studio Apartment, Vesta Philoxenia",336527202,Vesta Philoxenia,,Thessaloniki,40.6412,22.95791,Entire home/apt,,3,2,2024-07-13,0.19,51,0,2,00002501417
1005940811549637213,"Fiorentino 2-bdrm Apartment, Vesta Philoxenia",336527202,Vesta Philoxenia,,Thessaloniki,40.62832,22.94769,Entire home/apt,96,3,14,2024-08-24,1.30,51,112,14,00002448220
1006185082708287886,SUPERIOR ΔΙΑΜΕΡΙΣΜΑ,542365842,Νικόλαος,,Thessaloniki,40.63936229999999,22.9451409,Entire home/apt,159,1,0,,,15,268,0,00002335017
1006185434068578875,STANDARD ΔΙΑΜΕΡΙΣΜΑ,542365842,Νικόλαος,,Thessaloniki,40.63936229999999,22.9451409,Entire home/apt,67,1,7,2024-08-27,0.62,15,267,7,00002335059
1006207587172588777,STANDARD ΔΙΑΜΕΡΙΣΜΑ,542365842,Νικόλαος,,Thessaloniki,40.63936229999999,22.9451409,Entire home/apt,67,1,3,2024-03-24,0.28,15,267,3,00002335070
1006215280318774827,STANDARD ΔΙΑΜΕΡΙΣΜΑ,542365842,Νικόλαος,,Thessaloniki,40.63936229999999,22.9451409,Entire home/apt,67,1,2,2023-11-12,0.18,15,265,2,00002335139
1006366774517765920,Aegean Blue Apartments11 #The Luxury Suite -2 BDR,44106609,Aegean Blue,,Thessaloniki,40.62313,22.95887,Entire home/apt,76,1,12,2024-07-01,1.11,14,259,12,00002363545
1006923754771331054,DELUXE ΔΙΑΜΕΡΙΣΜΑ,542365842,Νικόλαος,,Thessaloniki,40.63936229999999,22.9451409,Entire home/apt,82,1,3,2024-05-19,0.27,15,268,3,00002334976
1006938096639475673,DELUXE ΔΙΑΜΕΡΙΣΜΑ,542365842,Νικόλαος,,Thessaloniki,40.63833,22.94587,Entire home/apt,88,1,2,2024-09-22,0.22,15,267,2,00002335038
1006938192548286096,DELUXE ΔΙΑΜΕΡΙΣΜΑ,542365842,Νικόλαος,,Thessaloniki,40.63936229999999,22.9451409,Entire home/apt,82,1,1,2024-05-19,0.23,15,268,1,00002335043
1006950373746626195,DELUXE ΔΙΑΜΕΡΙΣΜΑ,542365842,Νικόλαος,,Thessaloniki,40.63936229999999,22.9451409,Entire home/apt,82,1,3,2024-06-30,0.27,15,268,3,00002335085
1006973353752927553,Ένα μοντέρνο διαμέρισμα.,542789644,Manolis,,Thessaloniki,40.62148,22.96018,Entire home/apt,72,2,0,,,1,21,0,00002340112
1007329870323362106,the ONE,517573637,Athanasios,,Pilea – Chortiatis,40.61311,22.99014,Entire home/apt,140,2,14,2024-09-07,1.27,1,263,14,00002342626
1007806772090154762,Κεντρικό διαμέρισμα Α.Τούμπα,517493889,Δομνα,,Thessaloniki,40.61463,22.98142,Entire home/apt,59,8,3,2024-08-06,0.28,1,51,3,00002343856
1007974166887744963,Central Spot,467998185,Harris,,Thessaloniki,40.6340132,22.9419285,Entire home/apt,83,1,0,,,2,217,0,00002336943
1008403855756106235,DELUXE ΔΙΑΜΕΡΙΣΜΑ,542365842,Νικόλαος,,Thessaloniki,40.63936229999999,22.9451409,Entire home/apt,82,1,0,,,15,267,0,00002335090
1008471751505366175,Souvenir #Skgbnb,28267881,Tomas&Cristina! Skgbnb,,Thessaloniki,40.6315154,22.9425336,Entire home/apt,51,2,19,2024-09-01,1.72,29,118,19,00002330018
1008647092778114952,FLOW - White Tower Two Bedroom Suite,263237779,Stelios,,Thessaloniki,40.62887,22.95193,Entire home/apt,100,1,2,2024-07-01,0.18,4,358,2,00002345865
1009210384980400679,Room Garden: Double room,543232670,Room,,Thessaloniki,40.61738,22.96212,Private room,52,1,22,2024-09-17,2.24,1,365,22,12345678901
1009501942347934587,Vivian house,543309317,Giorilnta,,Thessaloniki,40.60857,22.95294,Entire home/apt,75,1,3,2024-08-11,0.65,2,365,3,3965085
1009941940824663355,ATS-Hermione Elegant Loft,399994221,Around,,Thessaloniki,40.633974,22.945191,Entire home/apt,49,1,17,2024-08-19,1.71,12,83,17,00002346867
1010107827888678976,Palmera FreeParking Studio,445400489,Theodora,,Thessaloniki,40.635022818329524,22.95061895396727,Entire home/apt,50,4,9,2024-05-09,0.84,2,171,9,00002313286
1010627013340159160,Comfortable apartment in Thessaloniki,391835910,Ευστρατια,,Thessaloniki,40.5973687,22.963213,Entire home/apt,82,2,5,2024-07-20,0.56,1,239,5,00002353557
1010805887246393293,Rotonda Reliving apartment,190054851,Χρήστος,,Thessaloniki,40.63363331600712,22.95207683439333,Entire home/apt,55,2,37,2024-09-10,3.47,1,234,37,00002298920
1012890877107578325,Στούντιο με θέα στον κήπο.,265211609,Μαρια,,Pilea – Chortiatis,40.5782172,23.0259111,Entire home/apt,60,1,1,2024-05-26,0.25,1,269,1,00002724642
1013558152832706424,The Nest,505483771,Unlock,,Thessaloniki,40.602233,22.9535317,Entire home/apt,45,2,2,2024-06-01,0.19,4,362,2,00002607154
1013824863502112228,Tropical Nest,544115668,Nest,,Thessaloniki,40.6300052,22.9511905,Entire home/apt,52,1,16,2024-08-28,1.47,13,161,16,00002322900
1013855897530710875,Faces Nest,544115668,Nest,,Thessaloniki,40.6300052,22.9511905,Entire home/apt,51,1,7,2024-05-25,0.64,13,164,7,00002322836
1032551015491199234,"Big Apple #6.6, Nilie Hospitality MGMT",239769711,Nilie Premium Hospitality MGMT,,Thessaloniki,40.63986,22.93756,Entire home/apt,54,1,8,2024-09-16,0.85,316,270,8,1387200
1033968287918559444,Soso apartment Thessaloniki,548367347,Soso,,Thessaloniki,40.6383075,22.9490104,Entire home/apt,55,2,13,2024-08-27,1.35,1,176,13,00002324670
1034178647957473387,3bdroom apt close to City center 200Mbps internet,495550951,Ilias,,Thessaloniki,40.64780418994698,22.93679941445589,Entire home/apt,61,3,1,2024-01-02,0.11,4,58,1,00002359542
1034523605794637848,7 Pocket House Tiny Double Room,32028101,Sevenpocket,,Thessaloniki,40.6433391,22.9479037,Private room,33,1,18,2024-05-10,1.88,2,248,18,00002093182
1034592432911877739,Aristotle Unit,548386310,BiNoBi,,Thessaloniki,40.63384,22.94608,Entire home/apt,56,1,0,,,3,365,0,00002349002
1034821423637331531,"MiniMe Loft-Apartment, Vesta Philoxenia",336527202,Vesta Philoxenia,,Thessaloniki,40.63774,22.94811,Entire home/apt,43,3,5,2024-04-15,0.51,51,127,5,00002500048
1034946527939988371,Convenience Spot @ Dragoumi,203804111,Viveta,,Thessaloniki,40.64075,22.94357,Entire home/apt,36,1,11,2024-06-23,1.67,1,318,11,00002471398
1035296111642091276,DELUXE ΔΙΑΜΕΡΙΣΜΑ,542365842,Νικόλαος,,Thessaloniki,40.63936229999999,22.9451409,Entire home/apt,80,1,0,,,15,267,0,00002335144
1035382362405058557,Πολυτελές Διαμέρισμα στο κέντρο της Θεσσαλονίκης!,214234617,George,,Thessaloniki,40.63866,22.94517,Entire home/apt,62,2,12,2024-08-26,1.32,1,147,12,00002378271
1035452461140237010,Horizon View Kalamaria,465858522,Matoula,,Kalamaria,40.5786917,22.945353,Entire home/apt,84,1,31,2024-09-22,3.21,2,0,31,00002134308
1035499754909225141,Silviya apartment,548701042,Silviya,,Thessaloniki,40.6464509,22.93763,Entire home/apt,,3,4,2024-06-27,0.45,1,1,4,00002371402
1036055360339219948,Castra View Apartment,548809977,Maria,,Thessaloniki,40.64545,22.94229,Entire home/apt,79,2,0,,,1,365,0,00002647920
1036128204030214483,Family Apartment With Private Yard,305664744,Welcome Bnb,,Thessaloniki,40.63952,22.94545,Entire home/apt,52,2,1,2024-02-25,0.14,12,316,1,00002372324
1036159579797859089,"Venus, Nilie Hospitality MGMT",239769711,Nilie Premium Hospitality MGMT,,Thessaloniki,40.641474,22.9347,Entire home/apt,54,1,11,2024-08-18,1.22,316,270,11,2306272
1036169367526600768,Porto Sea View Apartments-Ermou,372140900,Porto Sea View,,Thessaloniki,40.6335,22.94314,Entire home/apt,146,1,3,2024-08-29,0.51,40,346,3,00002369546
1036173665804429226,"Serene, Nilie Hospitality MGMT",239769711,Nilie Premium Hospitality MGMT,,Thessaloniki,40.63454,22.94782,Entire home/apt,61,1,30,2024-09-22,4.07,316,93,30,00001258965
1037016643576288257,Melpomeni Luxury Studio,136930966,Konstantinos,,Thessaloniki,40.63905,22.94901,Entire home/apt,45,1,3,2024-08-17,1.73,2,269,3,00002449339
1037019349510487952,Michaela Luxury Studio,136930966,Konstantinos,,Thessaloniki,40.64022,22.94948,Entire home/apt,45,1,0,,,2,266,0,00002449445
1037504198522201229,F & B Collection - City Center Hidden Gem,31131449,Dimitris,,Thessaloniki,40.6311173,22.9469552,Entire home/apt,81,7,15,2024-08-18,1.69,56,361,15,00002471260
1037630737104107627,F & B Collection - City Center Hidden Gem,31131449,Dimitris,,Thessaloniki,40.6381792,22.9369404,Entire home/apt,56,7,8,2024-07-06,0.85,56,365,8,00002363100
1037650621733561513,Moroccan vibes,76974220,GeorGina,,Thessaloniki,40.64285,22.93858,Entire home/apt,78,2,15,2024-08-21,1.65,1,232,15,00002368645
1037657752118121746,"Venus, Nilie Hospitality MGMT",239769711,Nilie Premium Hospitality MGMT,,Thessaloniki,40.64211,22.93524,Entire home/apt,54,1,25,2024-09-10,3.36,316,0,25,00001256897
1037663394648184084,"Venus, Nilie Hospitality MGMT",239769711,Nilie Premium Hospitality MGMT,,Thessaloniki,40.64193,22.9355,Entire home/apt,54,1,12,2024-08-17,1.24,316,270,12,00001256896
1037684917525934057,F & B Collection- 360° View Mini Penthouse,31131449,Dimitris,,Thessaloniki,40.6313143,22.9654324,Entire home/apt,44,7,8,2024-07-25,0.84,56,346,8,00002878220
1038206623138143565,Macchiato Abstract Nest,544115668,Nest,,Thessaloniki,40.6396608,22.9425585,Entire home/apt,57,1,8,2024-09-06,1.24,13,173,8,00002373798
1038325982484470581,Mint Green Nest,544115668,Nest,,Thessaloniki,40.6396608,22.9425585,Entire home/apt,57,1,15,2024-08-23,1.53,13,176,15,00002373815
1038883035548001071,Cozy Corner,107235145,Panayota,,Thessaloniki,40.6134497,22.9571292,Entire home/apt,35,2,20,2024-09-08,2.13,2,346,20,00002377593
1038945325466564716,'D'Esperey Urban Stay',333223315,Monica,,Thessaloniki,40.6284735,22.9525432,Entire home/apt,90,1,4,2024-08-25,0.53,1,167,4,00002376013
1038981237956567194,Zenou 24 Downtown Apartment,233599991,Χρήστος,,Thessaloniki,40.63720319999999,22.9378858,Entire home/apt,60,1,8,2024-06-06,0.83,30,186,8,00002324340
1038982370320702401,Nikol apartment,148585454,Nikoleta,,Thessaloniki,40.6273015,22.9491197,Entire home/apt,,1,0,,,1,269,0,00841768188
1038990400370185364,F & B Collection - City Center Hidden Gem,31131449,Dimitris,,Thessaloniki,40.6297074,22.9511933,Entire home/apt,73,7,21,2024-08-26,2.32,56,361,21,00002360380
1039693853728947138,"Bonsai #2.5, Nilie Hospitality MGMT",239769711,Nilie Premium Hospitality MGMT,,Thessaloniki,40.64353,22.93516,Entire home/apt,49,1,11,2024-06-16,1.30,316,250,11,1794824
1039697936561221436,"Bonsai #3.5, Nilie Hospitality MGMT",239769711,Nilie Premium Hospitality MGMT,,Thessaloniki,40.64418,22.93362,Entire home/apt,49,1,10,2024-09-15,1.13,316,247,10,1795793
1039751637467848644,"Arama, Nilie Hospitality MGMT",239769711,Nilie Premium Hospitality MGMT,,Thessaloniki,40.62918,22.94783,Entire home/apt,48,1,12,2024-09-06,1.24,316,21,12,1234567
1039779458247281994,"Bourn #2, Nilie Hospitality MGMT",239769711,Nilie Premium Hospitality MGMT,,Thessaloniki,40.64445,22.9328,Entire home/apt,49,1,8,2024-09-13,2.79,316,8,8,1794866
1039783136977154928,"Bourn #4, Nilie Hospitality MGMT",239769711,Nilie Premium Hospitality MGMT,,Thessaloniki,40.64256,22.93252,Entire home/apt,49,1,16,2024-09-18,1.78,316,7,16,1819407
1039789857440586080,Your House,549590102,Στέλλα,,Thessaloniki,40.6058013,22.9562317,Entire home/apt,53,1,9,2024-09-21,9,1,360,9,00002791031
1039796471411265407,"Civilian Apartment #2, Nilie Hospitality MGMT",239769711,Nilie Premium Hospitality MGMT,,Thessaloniki,40.63831,22.93555,Entire home/apt,50,1,5,2024-07-24,0.92,316,244,5,2097340
1039804186712679400,"Civilian Apartment #8, Nilie Hospitality MGMT",239769711,Nilie Premium Hospitality MGMT,,Thessaloniki,40.63816,22.93541,Entire home/apt,46,1,3,2024-01-07,0.32,316,152,3,1918571
1039850489591372433,Warm Brownie#hosted by DoorMat,23525724,Mario,,Thessaloniki,40.6097301,22.9628959,Entire home/apt,39,2,28,2024-09-11,3.09,10,349,28,00002376358
1039863724342176325,Honeybee Apartment,532004548,Alekso,,Kordelio – Evosmos,40.66969447019888,22.88945575373786,Entire home/apt,56,2,6,2024-08-06,0.62,1,355,6,00002375006
1040015921552134347,φωτεινό κοντά στο κέντρο πόλης,538399640,Anna,,Kordelio – Evosmos,40.66201893765152,22.899492915344236,Private room,47,5,0,,,1,359,0,00000869499
1040255829031980532,Petit 2,228392479,Λάζαρος,,Thessaloniki,40.6314846,22.9522145,Entire home/apt,50,1,1,2023-12-28,0.11,1,90,1,00002376384
1040307390881102060,"Origami Urban Residence, Vesta Philoxenia",336527202,Vesta Philoxenia,,Thessaloniki,40.62991,22.95276,Entire home/apt,66,2,16,2024-08-12,1.69,51,118,16,00002501570
1040323013869127831,George house 2,492569244,Αριστείδης,,Pilea – Chortiatis,40.6074717,22.9906862,Private room,65,1,1,2024-02-04,0.13,1,50,1,00002371035
1040683666968090177,"Ciel City Apartment, Vesta Philoxenia",336527202,Vesta Philoxenia,,Thessaloniki,40.59989,22.95144,Entire home/apt,68,1,7,2024-09-02,0.74,51,123,7,00002501316
1040706165284727730,Vanilla Ladadika,95387361,Viktor,,Thessaloniki,40.63744,22.93681,Entire home/apt,49,1,14,2024-09-17,1.53,1,287,14,00002385605
1041143788863892051,"Consul Apartment, Nilie Hospitality MGMT",239769711,Nilie Premium Hospitality MGMT,,Thessaloniki,40.62916,22.94566,Entire home/apt,,1,21,2024-09-16,2.27,316,221,21,1146490
1041156465837295876,"Daglia #3, Nilie Hospitality MGMT",239769711,Nilie Premium Hospitality MGMT,,Thessaloniki,40.62973,22.9531,Entire home/apt,,1,5,2024-03-10,0.53,316,0,5,0000000
1041168595890460857,"Denizen #103, Nilie Hospitality MGMT",239769711,Nilie Premium Hospitality MGMT,,Thessaloniki,40.63956,22.93618,Entire home/apt,52,1,2,2024-02-04,0.21,316,208,2,1553148
1041198431486641158,"Denizen #403, Nilie Hospitality MGMT",239769711,Nilie Premium Hospitality MGMT,,Thessaloniki,40.63864,22.93575,Entire home/apt,52,1,6,2024-09-21,0.80,316,0,6,1553329
1041202187012913522,"Denizen #501, Nilie Hospitality MGMT",239769711,Nilie Premium Hospitality MGMT,,Thessaloniki,40.64026,22.936,Entire home/apt,51,1,10,2024-09-22,1.15,316,267,10,1553334
1041238095026522900,"Elegant, Nilie Hospitality MGMT",239769711,Nilie Premium Hospitality MGMT,,Thessaloniki,40.63755,22.94823,Entire home/apt,,1,2,2024-04-07,0.31,316,0,2,0000000
1041251629792283451,"Ipanema #2, Nilie Hospitality MGMT",239769711,Nilie Premium Hospitality MGMT,,Thessaloniki,40.63734,22.94097,Entire home/apt,50,1,17,2024-09-22,1.80,316,263,17,1138873
1041253735503939999,"Ipanema #3, Nilie Hospitality MGMT",239769711,Nilie Premium Hospitality MGMT,,Thessaloniki,40.63752,22.94017,Entire home/apt,50,1,10,2024-09-17,1.11,316,266,10,1149092
1041292370707260552,Pyrgos House,261937610,Dimitriadis,,Thessaloniki,40.60694,22.95334,Entire home/apt,52,2,0,,,12,257,0,00002345679
1041309082614647003,"Lavender 2bdrm Apartment , Vesta Philoxenia",336527202,Vesta Philoxenia,,Thessaloniki,40.60989,22.95927,Entire home/apt,72,3,2,2024-09-08,0.26,51,130,2,00002501518
1041899675007148493,Superior Suite | Segundo Molo,550053603,Agis,,Thessaloniki,40.6338905,22.9395477,Entire home/apt,80,1,2,2024-05-04,0.27,2,263,2,00001118680
1041969508625885879,Serenity apartment,264983292,Ilias,,Thessaloniki,40.6138708,22.9843698,Entire home/apt,130,1,1,2024-09-08,1,1,90,1,00002338140
1041989657504200929,Benz Apartment,342213434,Philippos,,Thessaloniki,40.60142,22.95411,Entire home/apt,64,5,0,,,1,263,0,00002392384
1042822670073695145,Acvilla LUX Apartments in City Center,190582835,Elena,,Thessaloniki,40.61919773588626,22.95739844441414,Entire home/apt,100,2,0,,,1,134,0,00002384911
1062829468136046228,"Venus, Nilie Hospitality MGMT",239769711,Nilie Premium Hospitality MGMT,,Thessaloniki,40.64211,22.93516,Entire home/apt,54,1,3,2024-09-17,0.39,316,270,3,2356493
1062835760943926020,"Venus, Nilie Hospitality MGMT",239769711,Nilie Premium Hospitality MGMT,,Thessaloniki,40.64038,22.9344,Entire home/apt,54,1,13,2024-08-16,1.49,316,270,13,2356350
1062845751390771938,"Venus, Nilie Hospitality MGMT",239769711,Nilie Premium Hospitality MGMT,,Thessaloniki,40.64199,22.93534,Entire home/apt,54,1,18,2024-09-10,2.37,316,268,18,2356505
1062937202099606697,Raise Avocado Suite 1,29885761,Raise Team,,Thessaloniki,40.6395013,22.9362037,Entire home/apt,44,1,14,2024-07-02,2.08,4,323,14,00002401760
1062940972210142334,"Venus, Nilie Hospitality MGMT",239769711,Nilie Premium Hospitality MGMT,,Thessaloniki,40.64219,22.93388,Entire home/apt,54,1,12,2024-09-21,1.61,316,269,12,2356531
1062943646018403154,Raise Avocado Suite 2,29885761,Raise Team,,Thessaloniki,40.6395013,22.9362037,Entire home/apt,45,1,3,2024-05-09,0.47,4,331,3,00002401669
1063190771426660282,Ellis Oasis Apartment,126569414,Έλλη,,Thessaloniki,40.60427,22.95944,Entire home/apt,50,1,30,2024-09-17,3.83,1,345,30,00002403556
1063510701711661046,"no9, Chic & Modern 2Bdr Apartment in Thessaloniki",554985713,Ξένια,,Thessaloniki,40.6390714,22.9356623,Entire home/apt,110,1,5,2024-06-02,1.03,1,353,5,00002403662
1063668262809620462,Modern Home,308655717,Tamara,,Thessaloniki,40.62937,22.94684,Entire home/apt,150,1,5,2024-08-10,0.64,1,48,5,00002412240
1063697550584544055,Private Mini Suite-Netflix,554986397,Nikos,,Thessaloniki,40.63711076182815,22.936830382803336,Entire home/apt,41,2,19,2024-09-21,2.51,2,50,19,00002403763
1064273917574611674,Margarita by halu! : 3-BD tropical house,251290631,Halu,,Thessaloniki,40.63848,22.9475,Entire home/apt,148,1,2,2024-07-24,0.41,90,343,2,12345678901
1064444667471446059,The Twin apartment SKG,42406043,Nikos,,Thessaloniki,40.6109124,22.9591576,Entire home/apt,56,2,1,2024-08-11,0.68,1,89,1,00002693957
1064504501516212559,Innovative Cosy Intimate studio in Ladadika,350279014,Innovation,,Thessaloniki,40.63598,22.93638,Entire home/apt,34,1,30,2024-09-03,3.66,33,244,30,00002381389
1065043334097068692,Αρχοντικό Θεοφίλου Δ,555439013,Despina,,Thessaloniki,40.64097230000001,22.9505178,Entire home/apt,70,2,0,,,1,177,0,00002404542
1065172499123383242,Gaia Studio,107373389,Anastasia,,Thessaloniki,40.6336496,22.9385675,Entire home/apt,,2,1,2024-03-27,0.17,5,0,1,00002508547
1065795408807894102,"V1 Boutique Rooms, Nilie Hospitality MGMT",239769711,Nilie Premium Hospitality MGMT,,Thessaloniki,40.64298,22.93509,Entire home/apt,49,1,15,2024-09-14,2.05,316,251,15,1855000
1065870218214116872,Αrchontiko Theofilou with Private Parking #1,555677413,Δημητρα,,Thessaloniki,40.63983,22.95027,Entire home/apt,70,2,2,2024-07-26,0.56,1,258,2,00002404643
1065878540848706022,"Twins #1, Nilie Hospitality MGMT",239769711,Nilie Premium Hospitality MGMT,,Thessaloniki,40.63937,22.94145,Entire home/apt,50,1,10,2024-09-09,1.33,316,259,10,1903744
1065884578443535826,Crystal Apartment ( free private parking),302947153,George,,Thessaloniki,40.63863329333954,22.95680869370699,Entire home/apt,56,1,1,2024-07-27,0.51,7,266,1,00002408640
1065893242896860624,Rainbow Floor,136815587,Tasos,,Pilea – Chortiatis,40.59747249999999,22.9934131,Private room,65,1,2,2024-04-07,0.30,1,265,2,00002403822
1065930532332899963,Aristotelous Apartment (Studio 1),554483078,Dimitris,,Thessaloniki,40.637592,22.943715,Entire home/apt,53,2,19,2024-09-22,2.45,2,245,19,00001515455
1065984746594008359,Παραλιακό διαμέρισμα,554175601,Theodoros,,Thessaloniki,40.59455,22.95182,Entire home/apt,88,3,0,,,1,269,0,00002400009
1066808539119065999,Rental room Thessaloniki,555952209,Rental,,Ampelokipon – Menemeni,40.65278,22.91245,Private room,,1,5,2024-08-21,0.63,4,256,5,00000997057
1066894448773835097,Rental Room Thessaloniki,555952209,Rental,,Ampelokipon – Menemeni,40.65266,22.91254,Private room,41,1,3,2024-07-31,0.51,4,243,3,00000997057
1067204168698210395,"Terrakotta #1, Nilie Hospitality MGMT",239769711,Nilie Premium Hospitality MGMT,,Thessaloniki,40.63214,22.95213,Entire home/apt,,1,9,2024-07-23,1.23,316,0,9,2270243
1067209668658375569,"Terrakotta #2, Nilie Hospitality MGMT",239769711,Nilie Premium Hospitality MGMT,,Thessaloniki,40.63228,22.95253,Entire home/apt,,1,15,2024-07-27,2.06,316,0,15,2269984
1067226692810515250,"Big Apple #7.2, Nilie Hospitality MGMT",239769711,Nilie Premium Hospitality MGMT,,Thessaloniki,40.64011,22.93811,Entire home/apt,50,1,12,2024-06-30,1.62,316,264,12,1399871
1067291137766116990,"Nexia #1.6, Nilie Hospitality MGMT",239769711,Nilie Premium Hospitality MGMT,,Thessaloniki,40.64013,22.93832,Entire home/apt,50,1,13,2024-09-20,1.78,316,247,13,2344614
1067325387302728879,"Pantheon #6.1, Nilie Hospitality MGMT",239769711,Nilie Premium Hospitality MGMT,,Thessaloniki,40.63457,22.9359,Entire home/apt,55,1,5,2024-08-18,0.68,316,255,5,2066230
1067331992397614959,"Pantheon #6.5, Nilie Hospitality MGMT",239769711,Nilie Premium Hospitality MGMT,,Thessaloniki,40.63627,22.93595,Entire home/apt,59,1,7,2024-08-23,0.87,316,245,7,2066267
1067340696116306673,"Pantheon, Nilie Hospitality MGMT",239769711,Nilie Premium Hospitality MGMT,,Thessaloniki,40.63429,22.93611,Entire home/apt,55,1,25,2024-09-13,2.99,316,253,25,2355752
1014196909414144834,Roua Mat,505483771,Unlock,,Thessaloniki,40.6371,22.95435,Entire home/apt,55,2,0,,,4,364,0,00002607095
1014222000599624558,Urban Space Thessaloniki,217019850,Maria,,Thessaloniki,40.64453,22.94041,Entire home/apt,70,3,5,2024-08-24,1.02,1,66,5,00002355726
1014466793669089318,TravellerSpot_II cozy 2br apt,50521631,Napoleon,,Thessaloniki,40.59812,22.95189,Entire home/apt,125,2,1,2024-05-09,0.22,3,248,1,00002143181
1014953133908711448,The traveler's house,505483771,Unlock,,Kordelio – Evosmos,40.67654,22.90601,Entire home/apt,60,2,2,2024-06-03,0.44,4,358,2,00002674850
1015688281614528759,DoorMat#11 Bossa Nova,23525724,Mario,,Thessaloniki,40.6420365,22.9395628,Entire home/apt,80,2,61,2024-09-06,5.85,10,232,61,00002489413
1015784136392750929,MORE_LiFE #Unique_Appartment,160048668,Tasos,,Thessaloniki,40.6331042,22.9480722,Entire home/apt,140,2,3,2024-07-12,0.37,1,26,3,00006525918
1016264116181594368,Stavroula's House City Center,61532598,Kostas,,Thessaloniki,40.6370203,22.9471113,Entire home/apt,168,2,0,,,2,250,0,00002439871
1016459348131567979,"Bonsai 4.4, The Luxury Suites",280458084,The Luxury Suites,,Thessaloniki,40.63928,22.93682,Entire home/apt,54,2,5,2024-07-28,0.55,173,169,5,00002364998
1016482411419852059,DELUXE ΔΙΑΜΕΡΙΣΜΑ,542365842,Νικόλαος,,Thessaloniki,40.64052,22.94558,Entire home/apt,82,1,0,,,15,267,0,00002335118
1016487917711700538,DELUXE ΔΙΑΜΕΡΙΣΜΑ,542365842,Νικόλαος,,Thessaloniki,40.63936229999999,22.9451409,Entire home/apt,80,1,1,2024-02-03,0.13,15,267,1,00002334997
1016630609492917304,305 central luxury mini suite,108033866,Apostolos,,Thessaloniki,40.63691499999999,22.9390924,Entire home/apt,55,1,21,2024-08-28,2.00,8,259,21,00002351999
1016687087551729689,306 central luxury mini suite,108033866,Apostolos,,Thessaloniki,40.63691499999999,22.9390924,Entire home/apt,56,1,20,2024-08-26,1.89,8,252,20,00002352030
1017158314366627928,ThessCasa,544839838,Αντωνια,,Thessaloniki,40.61252206615097,22.958784140646458,Entire home/apt,64,2,21,2024-09-21,2.29,1,306,21,00002375309
1017211579663871385,ThessalonikiHome!,544273844,Maria,,Thessaloniki,40.60959,22.9682,Entire home/apt,45,1,2,2024-01-01,0.19,2,269,2,3377225
1017467806424901768,Penthouse apartment - Old Town,544915451,Charalampos,,Thessaloniki,40.643408,22.9468596,Entire home/apt,160,1,7,2024-04-11,0.67,2,206,7,00002357474
1018596525204606591,"Bonsai 4.2, The Luxury Suites",280458084,The Luxury Suites,,Thessaloniki,40.6394,22.93775,Entire home/apt,55,2,21,2024-09-06,3.37,173,166,21,00002364940
1018607005706253080,F & B Collection - Flat for 4,31131449,Dimitris,,Thessaloniki,40.6342386,22.950601,Entire home/apt,52,7,9,2024-09-08,0.96,56,352,9,00002344715
1018622707863417630,DELUXE ΔΙΑΜΕΡΙΣΜΑ,542365842,Νικόλαος,,Thessaloniki,40.63979,22.94585,Entire home/apt,80,1,1,2023-12-31,0.11,15,267,1,00002335123
1018895700233527327,New Helion Santaroza suites #2,421970238,Χρήστος,,Thessaloniki,40.64226,22.92958,Entire home/apt,35,3,25,2024-09-22,2.53,2,205,25,00002772828
1018975532758002622,Villanova - Sapphire Suite,350701586,Polina,,Thessaloniki,40.64292,22.93345,Entire home/apt,32,1,23,2024-09-13,2.46,5,357,23,00002353701
1018983535472049859,Villanova - Onyx Suite,350701586,Polina,,Thessaloniki,40.64259,22.9354,Entire home/apt,,1,5,2024-03-03,0.56,5,0,5,00002353722
1019000418812522122,Lavish Residences - Agias Sofias,63911390,Lavish Elegance And Luxury Lifestyle,,Thessaloniki,40.6319974,22.9449073,Entire home/apt,73,1,47,2024-09-21,5.13,1,348,47,00002386245
1019368312046247899,"Divine 7th Floor Apartment , Panoramic City view",545354111,Thanasis,,Thessaloniki,40.6067371,22.9548285,Entire home/apt,92,2,44,2024-09-09,4.80,1,158,44,00002385795
1019590849267361893,Niovi Stylish Apartment,528381530,Panagiotis,,Thessaloniki,40.6185259,22.9554583,Entire home/apt,56,2,4,2024-05-20,0.46,1,156,4,00002101726
1019628799641832603,"V19, Nilie Hospitality MGMT",239769711,Nilie Premium Hospitality MGMT,,Ampelokipon – Menemeni,40.64785,22.92363,Entire home/apt,46,1,9,2024-06-22,0.99,316,59,9,2645129
1020126479013571262,CityCenter-Apt-Private Hot-Tub,217068162,Marabou Unique Stay,,Thessaloniki,40.63760784817507,22.93526800409046,Entire home/apt,81,1,19,2024-06-30,1.83,7,346,19,00001480110
1021524289415549607,DΕSΤΙΝΥ Ν.1,221591255,Dimitris,,Thessaloniki,40.64184524792562,22.93414369225502,Entire home/apt,48,1,9,2024-09-08,0.87,2,178,9,00002314145
1021703578560143862,DΕSΤΙΝΥ Ν.2,221591255,Dimitris,,Thessaloniki,40.64232,22.93486,Entire home/apt,48,1,10,2024-09-08,0.99,2,269,10,00002314124
1022161653063943638,"Entire rental unit in Aretsou, Kalamaria, Greece",351343390,Κωνσταντίνος,,Kalamaria,40.57493799830327,22.952516908598326,Entire home/apt,244,3,7,2024-05-22,1.09,1,89,7,00002349166
1022258772023851076,55 Egnatia,507883562,Νικόλαος,,Thessaloniki,40.63682302556413,22.94268761349184,Entire home/apt,93,2,3,2024-04-12,0.53,1,364,3,00002334689
1022424529912754488,Modern and Cosy flat,114031059,Efi,,Thessaloniki,40.60762,22.95361,Entire home/apt,52,2,34,2024-09-01,3.54,1,80,34,00002358274
1022475822958460605,Norra Apartments #2,421833328,Alexandros,,Thessaloniki,40.61256,22.97455,Entire home/apt,39,2,27,2024-09-17,2.67,1,56,27,00002519972
1022523032009397108,Spotted in Thessaloniki #10!-parking 15€/24h,71930151,Giannis,,Thessaloniki,40.63741643804732,22.935684835563602,Entire home/apt,30,1,35,2024-09-16,3.39,3,350,35,00002354049
1023099109946417447,Lagon Suite by Alchemia,97109465,George,,Thessaloniki,40.6417388,22.9397347,Entire home/apt,73,1,8,2024-03-23,0.86,3,45,8,00002337296
1023304614565752127,Clean and quiet apartment near the city center,546197654,Romylos,,Thessaloniki,40.6108494,22.9702262,Entire home/apt,40,4,4,2024-05-25,0.44,1,7,4,00002361541
1023769521132596703,"Avenue, Nilie Hospitality MGMT",239769711,Nilie Premium Hospitality MGMT,,Thessaloniki,40.63599,22.94016,Entire home/apt,55,1,25,2024-08-30,2.44,316,268,25,1435295
1023789138599192905,"Black&White, Nilie Hospitality MGMT",239769711,Nilie Premium Hospitality MGMT,,Thessaloniki,40.63795,22.93664,Entire home/apt,56,1,2,2024-09-15,0.50,316,220,2,2027179
1023802828146345013,Jacuzzi Suite Next to Ataturk Museum,305664744,Welcome Bnb,,Thessaloniki,40.63497,22.95513,Entire home/apt,68,1,8,2024-04-12,0.78,12,234,8,00002468850
1024046898715204669,Oasis Diamond Suite,50212813,Nikolaos,,Thessaloniki,40.6417388,22.9397347,Entire home/apt,58,1,1,2024-01-01,0.11,2,142,1,00002351310
1024601088761715349,SpaceThree by #GimiSpace Luxury Apt.,540175132,Elena,,Thessaloniki,40.6387259,22.9369442,Entire home/apt,43,2,3,2024-08-14,0.46,3,363,3,00002301172
1024637827762780403,Λαβαδοδί,546490980,Δομινικη,,Ampelokipon – Menemeni,40.64817151958631,22.92988132685423,Entire home/apt,67,1,0,,,1,265,0,
1025093972198040349,Luxury apartments in Thessaloniki,323768806,Ευαγγελία,,Thessaloniki,40.6415,22.94825,Entire home/apt,74,2,24,2024-06-29,2.49,2,26,24,00002359638
1025150835602082247,"WeStay Apartment #37, The Luxury Suites",280458084,The Luxury Suites,,Thessaloniki,40.64039,22.93891,Entire home/apt,48,2,4,2024-07-31,0.49,173,169,4,00002381427
1025411575137491790,Fotini studio,546661133,Φωτεινη,,Thessaloniki,40.6143217,22.9793483,Entire home/apt,,2,3,2024-07-23,0.31,1,0,3,00002361557
1025941105675294206,Otilia Suite,454062804,Sea And The City,,Thessaloniki,40.6338905,22.9395477,Private room,97,1,3,2024-08-07,0.33,16,109,3,00002419832
1025942901000478536,"Filoxenia Living, Nilie Hospitality MGMT",239769711,Nilie Premium Hospitality MGMT,,Thessaloniki,40.63028,22.95204,Entire home/apt,68,1,49,2024-09-04,4.85,316,239,49,2357368
1043232795819424465,Studio στο κέντρο της Καλαμαριάς,347871308,Αφροδίτη,,Kalamaria,40.5836601,22.9514465,Entire home/apt,40,2,19,2024-09-07,2.02,1,341,19,00001762064
1043248746829173121,Sweetsuite,79332006,Γεωργιος,,Thessaloniki,40.63743958005477,22.9389014576721,Entire home/apt,35,2,2,2024-04-23,0.36,2,123,2,00002379799
1043476774482468444,Elegant sea view apartment,523681673,Polyxeni,,Thessaloniki,40.601929712140006,22.950825691223145,Entire home/apt,120,3,4,2024-02-05,0.45,1,154,4,00002383356
1044065092607758458,Deluxe Suite | Segundo Molo,550053603,Agis,,Thessaloniki,40.6338905,22.9395477,Entire home/apt,76,1,1,2024-01-14,0.12,2,246,1,00000861343
1044085703355371782,Deluxe studio in the center - White Tower - TIF,67966696,Πολυχρόνης Νάκης,,Thessaloniki,40.628021677745956,22.951374873518944,Entire home/apt,39,2,24,2024-09-07,2.71,1,155,24,00002381798
1044419766371536983,Fay's home,550573764,Ανθούλα,,Thessaloniki,40.62335,22.96933,Entire home/apt,100,2,4,2024-09-08,0.44,1,206,4,00002375579
1044730555760210294,99sqm 2bedrooms free parking 10min airport,550630889,Nebojsa,,Kalamaria,40.56923,22.97253,Entire home/apt,73,1,2,2024-01-21,0.21,1,39,2,00009232912
1044784565532158454,Modern No2 apartment,172595834,Isidora And Christos,,Thessaloniki,40.60652,22.96269,Entire home/apt,48,1,30,2024-09-11,3.30,8,260,30,00002381800
1044831312286552286,Saint Dimitrios Apartment,539186998,Redoc,,Thessaloniki,40.6393601,22.9468212,Entire home/apt,94,1,1,2024-04-07,0.18,1,171,1,00002333097
1045445644607989605,"New Yorker #2, Nilie Hospitality MGMT",239769711,Nilie Premium Hospitality MGMT,,Thessaloniki,40.6394,22.94219,Entire home/apt,44,1,9,2024-09-22,0.98,316,270,9,1152274
1045463556828726226,"V10 Boutique Apartment, Nilie Hospitality MGMT",239769711,Nilie Premium Hospitality MGMT,,Thessaloniki,40.64285,22.9338,Entire home/apt,71,1,1,2024-08-08,0.64,316,241,1,2334929
1045483874498325634,"V18 Boutique Rooms, Nilie Hospitality MGMT",239769711,Nilie Premium Hospitality MGMT,,Thessaloniki,40.64316,22.9341,Entire home/apt,48,1,11,2024-09-08,1.51,316,251,11,2312667
1045553175757082628,"Ultima #4, Nilie Hospitality MGMT",239769711,Nilie Premium Hospitality MGMT,,Thessaloniki,40.63723,22.94059,Entire home/apt,49,1,6,2024-08-27,0.98,316,257,6,2173490
1045557105073466521,"The Skysphere #1, Nilie Hospitality MGMT",239769711,Nilie Premium Hospitality MGMT,,Thessaloniki,40.63608,22.93909,Entire home/apt,51,1,11,2024-09-22,1.23,316,257,11,1357927
1045584699240018016,"The Skysphere #3, Nilie Hospitality MGMT",239769711,Nilie Premium Hospitality MGMT,,Thessaloniki,40.63807,22.93974,Entire home/apt,49,1,3,2024-08-28,0.48,316,251,3,1357953
1045589711120525358,"SuCasa Apartment, Nilie Hospitality MGMT",239769711,Nilie Premium Hospitality MGMT,,Thessaloniki,40.62869,22.94973,Entire home/apt,62,1,30,2024-08-15,3.42,316,184,30,1674920
1045593124377061551,"Stylish Apartment, Nilie Hospitality MGMT",239769711,Nilie Premium Hospitality MGMT,,Thessaloniki,40.63625,22.94678,Entire home/apt,51,1,3,2024-06-28,0.42,316,264,3,1857360
1045607767137078290,"Salome #1, Nilie Hospitality MGMT",239769711,Nilie Premium Hospitality MGMT,,Thessaloniki,40.64211,22.9336,Entire home/apt,49,1,7,2024-09-03,0.92,316,239,7,1928634
1045613630225888115,"Salome #8, Nilie Hospitality MGMT",239769711,Nilie Premium Hospitality MGMT,,Thessaloniki,40.64117,22.93387,Entire home/apt,49,1,4,2024-09-21,0.56,316,237,4,1926519
1045619171396852718,"Penthouse Level 8 #2, Nilie Hospitality MGMT",239769711,Nilie Premium Hospitality MGMT,,Thessaloniki,40.6349,22.94876,Entire home/apt,49,1,3,2024-08-17,0.52,316,213,3,2377689
1046231619823755377,Central Home,351150377,Ανθή,,Thessaloniki,40.63946,22.94258,Entire home/apt,59,1,1,2024-04-21,0.19,1,118,1,00002564599
1046750108223578339,fiveF appartement downtown,551056115,Αικατερίνη,,Thessaloniki,40.639303007528504,22.94194882306377,Entire home/apt,61,2,4,2024-02-04,0.44,1,6,4,00002367180
1046895184019074235,Etiquette #Skgbnb,1977386,Cristina&Tomas! Skgbnb,,Thessaloniki,40.61365,22.9543,Entire home/apt,65,2,8,2024-08-17,1.09,30,344,8,00002382918
1047022091690010990,* CK Modern Loft Near Seaside *,401409581,Κωνσταντίνος,,Thessaloniki,40.6053467,22.9536925,Entire home/apt,65,1,48,2024-09-22,5.31,1,77,48,00002368630
1047186389339543889,SKG Ladadika luxury studio Nº1,550808966,Λεμόνα,,Thessaloniki,40.636313504416165,22.937283932818602,Entire home/apt,38,1,15,2024-09-14,1.64,2,164,15,00002371954
1047194250331734481,Venizelou Vintage Appartment,551140183,Lacrima,,Thessaloniki,40.63839,22.9419,Entire home/apt,71,3,38,2024-09-22,4.22,1,162,38,00000951737
1047203080961261403,SKG Ladadika luxury studio Nº2,550808966,Λεμόνα,,Thessaloniki,40.63632554308993,22.937276495271863,Entire home/apt,45,1,11,2024-09-09,1.19,2,187,11,00002371975
1047584350717090270,Breakfast at tiffany's,82685944,Stella,,Thessaloniki,40.61016,22.95389,Entire home/apt,41,2,6,2024-09-13,0.69,2,88,6,00000467937
1047751568354017503,AniBo Studios & Apartments ZP411,513545699,A.B Zero Point,,Thessaloniki,40.64055692288272,22.937579602003094,Entire home/apt,33,1,1,2024-06-10,0.28,4,177,1,00002350036
1048337500507888573,"THANOS HOUSE.Άνεση και ευκολία, σπίτι Συκιές.",551334797,Αθανασιος,,Neapolis – Sykeon,40.6530918,22.9494971,Entire home/apt,98,2,3,2024-03-25,0.38,1,268,3,00002383297
1048439195779782560,"Urban Secret Apartment no1, Vesta Philoxenia",336527202,Vesta Philoxenia,,Thessaloniki,40.63748,22.9383,Entire home/apt,48,2,1,2024-09-07,1,51,233,1,00001602495
1049183222767182196,Aristotle Spot,548386310,BiNoBi,,Thessaloniki,40.63501540000001,22.945385,Entire home/apt,56,1,0,,,3,237,0,00002349023
1049694305359677077,Luxury Apt B at Mitropoleos-Aristotelous Square,260748138,Maria,,Thessaloniki,40.6324687,22.9421147,Entire home/apt,66,3,2,2024-04-12,0.36,3,353,2,00002386983
1049722862337496333,Luxury Apt A at Mitropoleos-Aristotelous square,260748138,Maria,,Thessaloniki,40.6324687,22.9421147,Entire home/apt,80,2,1,2024-01-02,0.11,3,258,1,00002387071
1049746113892945115,"Luxury apt for Friends & Family, at Mitropoleos",260748138,Maria,,Thessaloniki,40.6316,22.94136,Entire home/apt,200,3,2,2024-09-09,0.43,3,259,2,00002387045
1049787065102173263,City center 2 bedroom apartment,9531550,Katerina,,Thessaloniki,40.631301,22.946257,Entire home/apt,80,1,11,2024-07-27,1.41,14,12,11,00002390067
1049824022262104168,Milou 40 Downtown Apartment,233599991,Χρήστος,,Thessaloniki,40.6306143,22.9507456,Entire home/apt,58,1,6,2024-07-22,0.69,30,125,6,00002378426
1049837035856504433,"Bitola, Nilie Hospitality MGMT",239769711,Nilie Premium Hospitality MGMT,,Thessaloniki,40.64119,22.93303,Entire home/apt,49,1,19,2024-09-03,2.13,316,215,19,2381958
1049837062442764758,"Bitola, Nilie Hospitality MGMT",239769711,Nilie Premium Hospitality MGMT,,Thessaloniki,40.64052,22.9337,Entire home/apt,49,1,21,2024-09-08,2.34,316,214,21,2383972
1049844332314162607,"Bitola, Nilie Hospitality MGMT",239769711,Nilie Premium Hospitality MGMT,,Thessaloniki,40.64126,22.93287,Entire home/apt,49,1,8,2024-09-18,0.90,316,220,8,2381963
1067344473119531995,"Pantheon, Nilie Hospitality MGMT",239769711,Nilie Premium Hospitality MGMT,,Thessaloniki,40.63416,22.93518,Entire home/apt,58,1,35,2024-09-19,4.41,316,244,35,2355928
1067434715034789858,KOI Apartment Toumba SKG,556107291,Ελευθερία,,Thessaloniki,40.60803480431798,22.97497685952454,Entire home/apt,64,1,33,2024-09-03,4.36,1,237,33,00002417308
1067887904445790468,π.38 Γ- στην καρδιά της πόλης,151486012,Π.38,,Thessaloniki,40.63021100554733,22.94667597666165,Entire home/apt,48,4,0,,,3,170,0,00001105882
1068128049921678695,White tower  office-apartment,553671463,Theodoros,,Thessaloniki,40.6286575,22.950395,Entire home/apt,60,3,0,,,1,270,0,00002241058
1068159539268836905,"INDIVIDUALliving 1 Exzellente Lage
Tzimiski",198897741,Petros,,Thessaloniki,40.62795141770624,22.951009087264538,Entire home/apt,70,1,13,2024-09-05,1.67,2,239,13,01243115510
1068319734082691692,Rental room,555952209,Rental,,Ampelokipon – Menemeni,40.65102,22.91265,Private room,33,1,7,2024-09-04,0.85,4,238,7,00000997068
1068739300308428289,Arch of Galerius Apartment,169701797,Kostas,,Thessaloniki,40.63505,22.9507,Entire home/apt,,10,0,,,1,8,0,00002658255
1068813502068865121,New Luxury Apartment in Downtown,164363516,Byron,,Thessaloniki,40.6408705974755,22.936676032841206,Entire home/apt,84,1,10,2024-09-17,1.24,2,319,10,00002422062
1068822178167758846,"INDIVIDUALliving 3
Ausgezeichnete Lage!",198897741,Petros,,Thessaloniki,40.629107437777606,22.952209040522575,Entire home/apt,86,1,7,2024-08-28,1.19,2,79,7,01243115501
1068888839109640271,New Glamorous Apartment in Downtown,164363516,Byron,,Thessaloniki,40.6408705974755,22.936676032841206,Entire home/apt,85,1,9,2024-09-08,1.24,2,309,9,00002422041
1069501640286345488,"Phìlus, Nilie Hospitality MGMT",239769711,Nilie Premium Hospitality MGMT,,Thessaloniki,40.63039,22.9516,Entire home/apt,54,1,41,2024-09-07,5.02,316,252,41,2305897
1069527737868055253,"Pantheon, Nilie Hospitality MGMT",239769711,Nilie Premium Hospitality MGMT,,Thessaloniki,40.63414,22.93714,Entire home/apt,53,1,42,2024-09-14,5.29,316,231,42,2355933
1069533559978006776,Aristotelous Apartment (Studio 2),554483078,Dimitris,,Thessaloniki,40.637592,22.943715,Entire home/apt,30,1,7,2024-09-15,0.96,2,239,7,00001515520
1069534677100629844,"Pantheon, Nilie Hospitality MGMT",239769711,Nilie Premium Hospitality MGMT,,Thessaloniki,40.63559,22.93663,Entire home/apt,69,1,42,2024-09-07,5.06,316,266,42,2355949
1069540373459499302,"Pantheon, Nilie Hospitality MGMT",239769711,Nilie Premium Hospitality MGMT,,Thessaloniki,40.63583,22.93706,Entire home/apt,55,1,13,2024-08-21,1.73,316,254,13,2356860
1069547769577501794,"Pantheon, Nilie Hospitality MGMT",239769711,Nilie Premium Hospitality MGMT,,Thessaloniki,40.63501,22.93704,Entire home/apt,58,1,10,2024-07-15,1.25,316,254,10,2356876
1069551660417359214,"Pantheon, Nilie Hospitality MGMT",239769711,Nilie Premium Hospitality MGMT,,Thessaloniki,40.63573,22.93734,Entire home/apt,58,1,5,2024-04-28,0.69,316,251,5,2356881
1069554844067111026,"Pantheon, Nilie Hospitality MGMT",239769711,Nilie Premium Hospitality MGMT,,Thessaloniki,40.63584,22.93549,Entire home/apt,55,1,31,2024-09-11,3.91,316,256,31,2356909
1069560357276167097,"Pantheon, Nilie Hospitality MGMT",239769711,Nilie Premium Hospitality MGMT,,Thessaloniki,40.63595,22.93686,Entire home/apt,55,1,12,2024-06-03,1.64,316,256,12,2356914
1069577246646962564,"Pantheon, Nilie Hospitality MGMT",239769711,Nilie Premium Hospitality MGMT,,Thessaloniki,40.63468,22.93732,Entire home/apt,55,1,8,2024-09-20,1.07,316,260,8,1259865
1069580467064676198,"Pantheon, Nilie Hospitality MGMT",239769711,Nilie Premium Hospitality MGMT,,Thessaloniki,40.63556,22.93734,Entire home/apt,55,1,9,2024-09-13,1.13,316,267,9,1256896
1070024513203241338,WhiteKaravan Suite,291010439,Nikos,,Thessaloniki,40.63792850461776,22.941376737211094,Entire home/apt,80,2,2,2024-03-25,0.32,2,201,2,00002458983
1070047241902553090,ΟΡΟΦΟΔΙΑΜΕΡΙΣΜΑ 6ου ΟΡΟΦΟΥ,556603563,Παναγιωτης,,Thessaloniki,40.617691,22.9573014,Entire home/apt,80,2,2,2024-03-25,0.32,1,58,2,Exempt
1070158114886068285,"P30 #2, Nilie Hospitality MGMT",239769711,Nilie Premium Hospitality MGMT,,Thessaloniki,40.63827,22.9396,Entire home/apt,51,1,33,2024-09-17,4.52,316,259,33,2206435
1070315473196971972,Thalia's Hidden Gem,556886805,Thaleia,,Thessaloniki,40.63382,22.96241,Entire home/apt,62,1,13,2024-07-12,1.72,1,267,13,00002417578
1070507052377187869,Rental room thessaloniki,555952209,Rental,,Ampelokipon – Menemeni,40.65281,22.91256,Private room,35,1,7,2024-09-18,0.96,4,260,7,00000997068
1070801730276393286,City Centre Elegant Apartment,387424900,Ioannis,,Thessaloniki,40.6356242,22.9469972,Entire home/apt,44,3,30,2024-09-20,3.88,1,147,30,00002397315
1070953459660751226,Myrsini's residents apartment,26773233,Μυρσίνα,,Pilea – Chortiatis,40.60640050000001,22.9818178,Entire home/apt,55,1,4,2024-09-22,1.12,1,37,4,00002421671
1071169756435750715,Sansevieria Central,557123933,Natalia,,Thessaloniki,40.6349538,22.9525724,Entire home/apt,67,1,3,2024-04-11,0.36,1,253,3,00002403970
1071439689748920502,Sofias cozy and lovely place,557186311,Sofia,,Thessaloniki,40.636634,22.9508149,Entire home/apt,32,2,11,2024-09-16,1.44,1,337,11,00002440460
1072360207096914184,C.6 Ploumeria #City_Center,32216964,George,,Thessaloniki,40.63295,22.94803,Entire home/apt,75,1,2,2024-06-02,0.28,17,210,2,00002413805
1072618337638060120,Eden Luxury Suite #2,557485641,Christos,,Thessaloniki,40.636401134398135,22.935449988360585,Entire home/apt,82,2,1,2024-05-26,0.25,2,262,1,01249140257
1073590961354284668,καμάρα ρετιρέ 8ος 442,73801336,George,,Thessaloniki,40.63289,22.95132,Entire home/apt,42,3,27,2024-09-14,3.63,3,196,27,00002441701
1073659623789465784,"Thesshome Apartment in Kamara, Thessaloniki center",470411744,Eleni,,Thessaloniki,40.636394858339834,22.94987135581972,Entire home/apt,63,2,11,2024-07-25,1.62,2,107,11,00002436897
1073745038424303864,Aegean Blue Apartments12 #The Luxury Suite -2 BDR,44106609,Aegean Blue,,Thessaloniki,40.61578378342177,22.95859169214964,Entire home/apt,54,1,56,2024-09-08,7.18,14,17,56,00002330634
1073860704419380905,"WeStay Apartment #10, The Luxury Suites",280458084,The Luxury Suites,,Thessaloniki,40.6401323,22.9381353,Entire home/apt,52,2,2,2024-09-01,1.58,173,161,2,00002670907
1073875597376139193,Thessaloniki flat with a view,557783067,Vasiliki,,Kordelio – Evosmos,40.67309,22.9061,Entire home/apt,100,5,0,,,1,358,0,00002436430
1073925333267177167,Anna Maria,557796273,Anna Maria,,Thessaloniki,40.61053628836629,22.955516204237938,Entire home/apt,43,1,9,2024-09-08,1.65,1,361,9,00002505919
1073941995437649915,"Delúva Living Cozy apt, Pylaia, Vesta Philoxenia",336527202,Vesta Philoxenia,,Pilea – Chortiatis,40.59763,22.98603,Entire home/apt,74,3,11,2024-08-27,1.42,51,130,11,00002498670
1074396416672107962,Office Home by Vilfredo,543392425,Dimitris,,Thessaloniki,40.635166576334306,22.95275708161468,Entire home/apt,47,2,3,2024-04-12,0.41,1,118,3,00002356733
1074419546050678083,Ermou street studio,29643928,Desen Hospitality,,Thessaloniki,40.63504,22.9404,Entire home/apt,51,1,10,2024-09-01,1.35,8,263,10,00002810064
1074430377552061982,Valaoritou studio 1,29643928,Desen Hospitality,,Thessaloniki,40.6370746,22.9394385,Entire home/apt,52,1,25,2024-09-03,3.81,8,264,25,00002104600
1074432126634657008,Urban Elephant Suites: Budget double room,489707491,Urban,,Thessaloniki,40.64184,22.92664,Private room,52,1,4,2024-04-10,0.51,3,325,4,1215203
1074441401893750428,Philidor Superior Apartment,233599991,Χρήστος,,Thessaloniki,40.6394181,22.9418154,Entire home/apt,149,1,11,2024-08-13,1.36,30,147,11,00002420420
1074623427723964659,Limani's Sea view Suite,418129285,Nikolaos,,Thessaloniki,40.6360762,22.9351522,Private room,81,1,1,2024-05-16,0.23,2,5,1,00002476770
1074624740558331502,Practical apartment close to the city centre,395437115,Nicola,,Thessaloniki,40.64808927815685,22.934444484655767,Entire home/apt,32,1,30,2024-08-29,3.96,1,75,30,00002091396
1074706395225366605,"WeStay Apartment #11, The Luxury Suites",280458084,The Luxury Suites,,Thessaloniki,40.64063,22.93743,Entire home/apt,48,2,9,2024-08-16,1.20,173,173,9,00002670630
1074749526900032496,Central Studio/Fully Equipped,103972835,Christina,,Thessaloniki,40.6415004,22.9401035,Entire home/apt,31,2,15,2024-08-26,1.97,4,263,15,00002434458
1074751922421403872,"WeStay Apartment #12, The Luxury Suites",280458084,The Luxury Suites,,Thessaloniki,40.63993,22.93709,Entire home/apt,48,2,0,,,173,157,0,00002670773
1074765677613378012,"WeStay Apartment #13, The Luxury Suites",280458084,The Luxury Suites,,Thessaloniki,40.6401323,22.9381353,Entire home/apt,48,2,3,2024-08-15,1.61,173,168,3,00002670794
1074768776241913031,"WeStay Apartment #14, The Luxury Suites",280458084,The Luxury Suites,,Thessaloniki,40.6401323,22.9381353,Entire home/apt,48,2,1,2024-07-30,0.54,173,167,1,00002670832
1075133375546649404,Kartell Luxury Apartment Thessaloniki Center,558131727,Asot,,Thessaloniki,40.6338944,22.9519655,Entire home/apt,89,2,12,2024-08-05,1.48,1,190,12,00002424879
1075341474829408388,"WeStay Apartment #16, The Luxury Suites",280458084,The Luxury Suites,,Thessaloniki,40.64101,22.9378,Entire home/apt,50,2,4,2024-08-20,0.61,173,164,4,00002670912
1075345642752471159,"WeStay Apartment #17, The Luxury Suites",280458084,The Luxury Suites,,Thessaloniki,40.64128,22.93839,Entire home/apt,49,2,1,2024-02-16,0.14,173,174,1,00002670853
1075350696088948379,"WeStay Apartment #18, The Luxury Suites",280458084,The Luxury Suites,,Thessaloniki,40.63946,22.93724,Entire home/apt,49,2,16,2024-08-27,2.32,173,166,16,00002670975
1075353882082851295,"WeStay Apartment #19, The Luxury Suites",280458084,The Luxury Suites,,Thessaloniki,40.64046,22.93845,Entire home/apt,50,2,1,2024-07-18,0.44,173,173,1,00002671037
1076203415974029292,θέα θάλασσα Βίλα Πανόραμα,558420635,Dimitrios,,Pilea – Chortiatis,40.58437741142301,23.027026914060116,Entire home/apt,83,1,5,2024-08-25,0.70,1,82,5,00002385833
1076693884387661511,Houseloft Cityscape Bliss,29565272,Houseloft,,Thessaloniki,40.6293796,22.9515065,Entire home/apt,143,1,12,2024-08-17,1.54,20,344,12,00002423022
1076708712497411012,σπίτι με 2 δωμάτια δίπλα στη ΔΕΘ,227230581,Viky,,Thessaloniki,40.62248289777556,22.959237433969975,Entire home/apt,113,2,0,,,1,269,0,Exempt
1076732401899245061,ΜΑΡΙΑ,557638264,Μαρια,,Kalamaria,40.58182,22.95557,Entire home/apt,100,1,1,2024-07-14,0.42,1,169,1,00002419009
1076986897965700790,Thessaloniki Central Apartment,404862511,Anna,,Thessaloniki,40.63904,22.93568,Entire home/apt,48,2,26,2024-09-09,3.44,1,12,26,00002353818
1077312705037752777,New modern 2nd floor apartment,179199715,Lamprinos,,Thessaloniki,40.60422,22.95483,Entire home/apt,55,1,6,2024-08-24,0.84,1,250,6,00002415310
1077941701390571908,Home sweet home  Ampelokipon,39604975,Ioanna,,Ampelokipon – Menemeni,40.65619347147698,22.92400225996971,Entire home/apt,39,1,28,2024-09-18,3.59,2,5,28,00002430078
1079111172407604940,Thess. Urban Apartment,463060959,Βασιλική,,Thessaloniki,40.6430582,22.9452749,Entire home/apt,65,2,6,2024-08-04,0.90,1,76,6,00002421619
1079609439102323405,Harry's Studio - Center,559230739,Θεοχάρης,,Thessaloniki,40.6415,22.93818,Entire home/apt,47,1,17,2024-09-04,2.26,1,158,17,00002432454
1079615026374137320,Φωτεινό διαμέρισμα με θέα στη θάλασσα,559232953,Γρηγορία,,Thessaloniki,40.64217497538209,22.95865893743438,Entire home/apt,52,2,5,2024-08-26,0.64,1,364,5,00002424050
1079628774796127710,Suite Blanche by Aristotelous Square,184277695,Evripidis,,Thessaloniki,40.63241195584536,22.941993176937103,Entire home/apt,121,2,16,2024-09-09,2.26,1,101,16,00002443975
1079806882423223843,Home sweet home ampelokipon (2),39604975,Ioanna,,Ampelokipon – Menemeni,40.65661,22.92454,Entire home/apt,39,1,19,2024-09-15,2.44,2,155,19,00002430083
1080072897579383199,Anna’s House,559370980,Vera,,Thessaloniki,40.6037405,22.9620181,Entire home/apt,75,1,3,2024-08-17,0.39,1,263,3,00002395395
1080208705256680826,Studio στην καρδιά του κέντρου!,559393155,Pavlos,,Thessaloniki,40.6307517,22.9477333,Entire home/apt,61,1,41,2024-08-23,5.44,1,257,41,00002432943
1080222210553667202,Στούντιο στο Κέντρο της Πόλης,559395398,Athina,,Thessaloniki,40.63981,22.94324,Entire home/apt,,2,5,2024-06-20,0.93,1,0,5,00000141970
1080232181318678791,Harmonia Minimal Apartment 8,444906990,Smart Plan,,Neapolis – Sykeon,40.65211,22.93784,Entire home/apt,35,1,14,2024-08-28,1.89,15,245,14,00002433642
1080239109372664014,Harmonia Minimal Apartment 1,444906990,Smart Plan,,Neapolis – Sykeon,40.65095,22.93754,Entire home/apt,33,1,6,2024-07-28,0.95,15,265,6,00002433637
1080329640988763989,arc studio 2,85343189,Stelios,,Thessaloniki,40.6341557,22.945745,Entire home/apt,36,3,12,2024-07-01,1.63,2,142,12,00002432289
1080562306883029705,Calliope appartment,19404940,Sakis,,Thessaloniki,40.6412539404708,22.94529707730711,Entire home/apt,54,1,0,,,1,364,0,00002641020
1080871232666858652,Chic Urban Escape by thesbnb,379910184,Νικόλαος,,Thessaloniki,40.6185259,22.9554583,Entire home/apt,70,1,7,2024-08-18,1.03,36,358,7,00002234507
1081013212278357300,Cozy flat in Ano Poli,54696772,Magda,,Thessaloniki,40.64354,22.94454,Entire home/apt,35,2,19,2024-09-06,2.60,1,215,19,01240176448
1081021691174764848,Harmonia Minimal Apartment 2,444906990,Smart Plan,,Neapolis – Sykeon,40.65185,22.93942,Entire home/apt,33,1,19,2024-09-13,2.77,15,262,19,00002433616
1081080008800878435,Urban Folks | Deluxe apartment,553323265,Nikos,,Thessaloniki,40.63316,22.94751,Entire home/apt,109,1,5,2024-09-08,0.66,7,57,5,00002388280
1081098327030720235,Christos Luxury Apartment,559617794,Christos,,Thessaloniki,40.61165,22.9644,Entire home/apt,44,1,28,2024-09-13,3.85,1,50,28,00002437495
1081639861107218505,Harmonia Minimal Apartment 3,444906990,Smart Plan,,Neapolis – Sykeon,40.65016,22.93874,Entire home/apt,35,1,21,2024-09-13,3.30,15,262,21,00002433583
1081652967385695414,Raw W- #Skgbnb,1977386,Cristina&Tomas! Skgbnb,,Thessaloniki,40.64036,22.9315,Entire home/apt,,1,1,2024-03-18,0.16,30,0,1,00002437044
1081657776733295330,Raw A - #Skgbnb,1977386,Cristina&Tomas! Skgbnb,,Thessaloniki,40.6402,22.9322,Entire home/apt,,1,3,2024-04-14,0.48,30,0,3,00002437050
1081661224336376496,Harmonia Minimal Apartment 4,444906990,Smart Plan,,Neapolis – Sykeon,40.65147,22.93898,Entire home/apt,34,1,20,2024-09-09,2.73,15,239,20,00002433600
1081677298326827101,Harmonia Minimal Apartment 5,444906990,Smart Plan,,Neapolis – Sykeon,40.65214,22.93789,Entire home/apt,33,1,26,2024-09-01,3.82,15,259,26,00002433578
1081681648432619420,Harmonia Minimal Apartment 6,444906990,Smart Plan,,Neapolis – Sykeon,40.65086,22.9391,Entire home/apt,33,1,23,2024-09-21,3.45,15,259,23,00002433621
1081757624431925771,Harmonia Minimal Apartment 7,444906990,Smart Plan,,Neapolis – Sykeon,40.65225,22.93926,Entire home/apt,33,1,6,2024-09-06,0.81,15,256,6,00002433599
1081897377072216663,couple-inn Quality hot tab suite,426292229,ענבר,,Thessaloniki,40.63333,22.94303,Entire home/apt,92,1,1,2024-08-21,0.88,2,40,1,2317911
1082303964594286293,Natural modern studio in the heart of Thessaloniki,350279014,Innovation,,Thessaloniki,40.6476,22.92297,Entire home/apt,34,2,22,2024-09-07,3.01,33,241,22,00002408581
1082368583744304405,Studio8,194015710,Athanasios,,Thessaloniki,40.63547,22.95003,Entire home/apt,33,2,8,2024-09-05,1.26,2,243,8,01210896209
1082726430715351036,DoorMat#14 Bona Fide,555435959,Fotios,,Thessaloniki,40.6123847,22.9542327,Entire home/apt,52,1,13,2024-09-08,1.73,6,49,13,00001998209
1082729231013701603,DoorMat#12 Beloved Paloma,555435959,Fotios,,Thessaloniki,40.6287266,22.9475892,Entire home/apt,76,1,34,2024-09-09,4.64,6,243,34,00002440778
1084039753775180154,Hestia Apartment #2,119416356,Fani,,Thessaloniki,40.63609,22.93815,Entire home/apt,39,1,2,2024-09-04,0.27,30,79,2,00001112976
1084817138332372847,Apartment in thessaloniki 3ROOMS,522503190,Sixhost,,Thessaloniki,40.61399,22.96012,Entire home/apt,,1,0,,,2,180,0,00000000000
1084839825446418319,Διαμέρισμα κέντρο Θεσσαλονίκης,560524723,Stepan,,Thessaloniki,40.6318074,22.9504924,Entire home/apt,,1,0,,,1,364,0,00002519356
1084910295066536011,Studio Billy,149051528,Aikaterini,,Pavlou Mela,40.66967,22.94199,Entire home/apt,56,2,0,,,1,268,0,00002443651
1085170331554132335,"Central, chic",477823066,Miltos,,Thessaloniki,40.6332,22.95037,Entire home/apt,48,3,12,2024-06-30,1.70,2,111,12,00001244203
1085181592349261333,Μικρό Διαμέρισμα στο Κέντρο A/C,560614405,Μαρία,,Thessaloniki,40.63576,22.95341,Entire home/apt,35,2,5,2024-09-08,1.50,1,357,5,00002676116
1085435602672896355,Luxury Apartment next to Agias Sofias,305664744,Welcome Bnb,,Thessaloniki,40.62977,22.95188,Entire home/apt,54,1,20,2024-09-02,2.93,12,231,20,00002445469
1085493321078663188,"WeStay Apartment #54, The Luxury Suites",280458084,The Luxury Suites,,Thessaloniki,40.6394,22.93847,Entire home/apt,48,2,1,2024-02-11,0.13,173,174,1,00002676940
1049879547608681750,Modern Urban Host with Private Courtyard,12176366,Alex,,Thessaloniki,40.60044,22.95895,Entire home/apt,36,2,16,2024-09-04,2.73,1,202,16,00002527340
1049928406229053863,Thess_Cozy_Home,551679589,Θοδωρης,,Thessaloniki,40.63875650359957,22.952720030688475,Entire home/apt,86,1,8,2024-07-21,0.94,1,270,8,00002394877
1049981746666792787,Panorama cozy maisonette,8003738,Elena,,Pilea – Chortiatis,40.5933678,23.0480684,Entire home/apt,,3,4,2024-05-27,0.44,1,0,4,00002388785
1050205730885797113,Toumba 's Apartments,55383627,Στέλιος,,Thessaloniki,40.61949030954497,22.97704871163941,Entire home/apt,75,1,15,2024-09-17,1.71,1,263,15,1237062
1050411023506869219,Val City Center Apartment,233599991,Χρήστος,,Thessaloniki,40.638761996535365,22.937246142327865,Entire home/apt,50,1,8,2024-05-27,0.94,30,153,8,00002389399
1051118732555082177,Chris & Mary rooms Thessaloniki Center,498575104,Asteris,,Thessaloniki,40.60803,22.96846,Entire home/apt,95,3,0,,,1,252,0,00002391006
1051461124377211687,SKG City Center Apartment,483551219,Katerina,,Thessaloniki,40.63312,22.94943,Entire home/apt,104,1,29,2024-09-06,3.19,1,356,29,00002392788
1051523870308235457,Semeli's sunny Apartment @Roman Forum,552019444,Semeli-Sofia,,Thessaloniki,40.6374495,22.9469495,Entire home/apt,70,2,25,2024-08-31,2.78,1,66,25,00002392459
1051607625585949613,Work from home Project,436387571,Kyriakos,,Thessaloniki,40.63792,22.9346,Entire home/apt,38,1,3,2024-04-15,0.34,5,166,3,00002392422
1051865026368776563,Anemone Deluxe Apartment,62055269,Θοδωρής,,Thessaloniki,40.6495328,22.9173255,Entire home/apt,51,2,1,2024-02-22,0.14,5,324,1,00002376040
1052691891298655349,Euphoria #Skgbnb,28267881,Tomas&Cristina! Skgbnb,,Thessaloniki,40.5989578,22.9553293,Entire home/apt,60,2,5,2024-07-22,0.57,29,348,5,00002408205
1054257463641919976,Στούντιο στο κέντρο της πόλης!,26469579,Dimitrios,,Thessaloniki,40.6383844,22.9411838,Entire home/apt,45,1,2,2024-09-05,0.35,1,321,2,00002393997
1055670210006464019,F & B Collection - Seaview 2 Bedroom Flat,31131449,Dimitris,,Kalamaria,40.5777365,22.9569618,Entire home/apt,129,7,9,2024-08-12,1.02,56,354,9,00002391643
1055685021904000294,Greco SKG,421452929,Athanasia,,Thessaloniki,40.64551,22.92395,Entire home/apt,63,4,20,2024-07-05,2.30,1,111,20,00002254264
1055705985644292151,Artemis Luxury Apt in Iktinou Pedestrian w/Balcony,154674284,Artemis,,Thessaloniki,40.63156177294693,22.946016479098528,Entire home/apt,115,3,6,2024-04-23,0.68,2,326,6,00002576655
1055760693722239713,Shiny and relaxing 5th floor apartment,124933329,Georgia,,Thessaloniki,40.60305,22.96331,Entire home/apt,58,3,16,2024-08-16,1.88,1,87,16,00002395092
1055798929154612914,Kassi Hanni Guesthouse,552930557,Apostolos,,Thessaloniki,40.64208,22.94908,Entire home/apt,130,2,5,2024-09-04,0.91,1,90,5,00002380648
1055936973297182864,Luxurious Comfort,510491482,Anna,,Thessaloniki,40.6359297,22.9476998,Entire home/apt,60,2,15,2024-09-15,1.69,1,90,15,00002375297
1056250430670142564,#Luxlikehome Elite Suite,231048679,Luxlikehome,,Thessaloniki,40.627018313870146,22.950288315344228,Entire home/apt,96,2,2,2024-08-14,0.32,15,113,2,00002803943
1056616089057596665,"Mavili #1, The Luxury Suites",280458084,The Luxury Suites,,Thessaloniki,40.64192,22.9366,Entire home/apt,46,2,16,2024-09-05,1.85,173,170,16,00002247165
1056625308216830035,"Mavili #2, The Luxury Suites",280458084,The Luxury Suites,,Thessaloniki,40.6409,22.9358,Entire home/apt,46,1,18,2024-08-26,2.10,173,170,18,00002334179
1057031591588397411,Tinker Bell by halu! : Colorful family apt,251290631,Halu,,Thessaloniki,40.63261,22.94914,Entire home/apt,83,1,11,2024-07-29,1.38,90,353,11,00002423150
1057151423378249705,"Bliss #4, The Luxury Suites",280458084,The Luxury Suites,,Thessaloniki,40.6419734,22.9356693,Entire home/apt,46,2,20,2024-08-28,2.31,173,174,20,00001828360
1057170176061562741,"Upper Floor #1,The Luxury Suites",280458084,The Luxury Suites,,Thessaloniki,40.6383854,22.937092,Entire home/apt,49,2,7,2024-08-24,0.98,173,171,7,00001421151
1057241598132000723,Urban Folks | Superior apartment,553323265,Nikos,,Thessaloniki,40.632442,22.9479093,Entire home/apt,111,1,25,2024-09-18,3.22,7,69,25,00002388275
1057332792806618463,Serene Apartment with Breathtaking Sea View,127526470,Ren,,Thessaloniki,40.61449,22.95394,Entire home/apt,66,2,4,2024-08-30,0.45,1,59,4,00002397300
1057956232333767219,Amalias - city oasis,7926196,Elena,,Thessaloniki,40.6197244,22.9568626,Entire home/apt,44,1,15,2024-09-15,1.93,4,344,15,01236752377
1059463423223142583,Family Apartment with Sea View_PO117,6836073,Georgios,,Thessaloniki,40.6142856,22.9538264,Entire home/apt,,1,0,,,25,364,0,Exempt
1059832628607341760,Limani's Sea View Deluxe,418129285,Nikolaos,,Thessaloniki,40.6360762,22.9351522,Private room,73,1,3,2024-08-13,0.37,2,1,3,00002349453
1060108581313413743,Classy  Seaside Suite with Amazing View,309457877,Artemis,,Thessaloniki,40.6206254,22.9527192,Entire home/apt,171,2,4,2024-08-31,0.66,3,67,4,00001893580
1060211645924648079,Evosmos Thessaloniki,250646680,Aikaterini,,Kordelio – Evosmos,40.67208,22.91135,Entire home/apt,59,5,2,2024-05-18,0.33,1,44,2,Exempt
1060231079402680312,"Fairytale 2 City Loft Apartment , Vesta Philoxenia",336527202,Vesta Philoxenia,,Thessaloniki,40.61537,22.96646,Entire home/apt,,3,6,2024-07-13,0.90,51,0,6,00002499948
1060896888929369647,A warm bed for every traveller,554243183,Σοφία,,Thessaloniki,40.6412543,22.9332745,Entire home/apt,39,1,24,2024-09-07,3.00,1,71,24,00002422184
1060908982206127764,Railway Area Apt / Thessaloniki Center / 4p,517585116,Dimitrios,,Thessaloniki,40.64246396075085,22.9295564442873,Entire home/apt,44,1,9,2024-09-12,1.17,1,233,9,00002400439
1061389780233396378,Raw R - #Skgbnb,1977386,Cristina&Tomas! Skgbnb,,Thessaloniki,40.6408923,22.9319237,Entire home/apt,,1,3,2024-04-13,0.39,30,0,3,00002437018
1061427871476321972,"ABOVE -rooftop with unique view, jacuzzi & bathtub",542935090,Sofia,,Thessaloniki,40.635212036786214,22.935385555028915,Entire home/apt,252,2,9,2024-08-12,1.78,1,106,9,00002649025
1061476600725584538,Greecerent ladadika,443390248,Νικος,,Thessaloniki,40.6355455,22.9373634,Entire home/apt,60,1,2,2024-03-24,0.29,1,215,2,00002396891
1061563525888687940,Γαία,79446546,Dimitrios,,Thessaloniki,40.63836,22.93565,Entire home/apt,58,3,1,2024-02-05,0.13,5,270,1,00002401143
1061646068183694047,Happiness studio with terrace.,68375063,Nikolaos,,Thessaloniki,40.631070787969676,22.94445913285017,Entire home/apt,39,3,13,2024-05-18,1.78,2,307,13,00002415734
1061718552541769471,Familyapartment,554502008,R.D.Group,,Thessaloniki,40.63899881238847,22.94999213613739,Entire home/apt,60,3,15,2024-08-18,1.93,1,354,15,Exempt
1062077662088552972,King George 32 Luxury Apartment,233599991,Χρήστος,,Thessaloniki,40.6193444,22.9541704,Entire home/apt,128,1,3,2024-07-05,0.36,30,193,3,00002400141
1062082388238160446,Wohnung in Thessaloniki Polichni,554595395,Stylianos,,Pavlou Mela,40.66516740000001,22.9487703,Entire home/apt,43,1,9,2024-08-19,1.51,1,323,9,00002405135
1062104926468996774,Kostas Cozy Charming Appartment,528038563,Konstantinos,,Thessaloniki,40.61933555010623,22.968290780950944,Entire home/apt,50,1,0,,,1,87,0,00002401063
1062191547927444210,"#FLH -The Singing Leaf, Thessaloniki",9244884,FeelsLikeHomeGR,,Thessaloniki,40.6307638,22.9521371,Entire home/apt,90,1,1,2024-02-25,0.14,17,113,1,00002380392
1062423478513330568,Elegance Luxury Suite,10167208,Maria,,Thessaloniki,40.60251,22.95254,Entire home/apt,207,2,0,,,1,265,0,00002417684
1062484741961140392,Modern loft 10mins from Thessaloniki Centre,526319467,Prodromos,,Thessaloniki,40.60315689999999,22.9629265,Entire home/apt,45,2,2,2024-07-31,0.33,2,225,2,00002499241
1062560303910259513,"Stylish apt w Jacuzzi, 5 min to White Tower",526319467,Prodromos,,Thessaloniki,40.6309486,22.9520878,Entire home/apt,76,2,3,2024-09-05,0.49,2,209,3,00002425233
1062823744097696879,"Venus, Nilie Hospitality MGMT",239769711,Nilie Premium Hospitality MGMT,,Thessaloniki,40.64219,22.93369,Entire home/apt,54,1,5,2024-09-22,0.59,316,270,5,2356472
1094577971357568321,Amazing Studio Next To Center 10 minutes walk n1,201738738,Your.Rentals,,Thessaloniki,40.6425433,22.9471195,Entire home/apt,42,5,0,,,27,341,0,Exempt
1094749670594951946,ThessHouse: In the heart of city,335074323,Κωνσταντίνος,,Thessaloniki,40.63618,22.94535,Entire home/apt,106,2,16,2024-08-31,2.26,1,335,16,00002464671
1094759379727900337,Downtown Delight thesbnb,379910184,Νικόλαος,,Thessaloniki,40.63519,22.95001,Entire home/apt,47,1,1,2024-04-29,0.20,36,360,1,00002449323
1094945366476687285,TalkAbout,562886870,Jessie,,Thessaloniki,40.61117701710392,22.960225277909863,Entire home/apt,57,2,17,2024-08-07,2.66,1,138,17,00002470131
1094983432112880068,Contemporary Urban Living,54091337,Jenny,,Thessaloniki,40.63958,22.94166,Entire home/apt,,2,0,,,1,0,0,00002444090
1095462544225080935,A&J fully equiped renovated 2 room apt with views,137047452,Ioanna,,Thessaloniki,40.64153696536087,22.96001001230316,Entire home/apt,50,2,25,2024-09-15,4.05,1,153,25,00002468684
1095572087536191202,SKG Cityscape Metropolis,128968239,Konstantinos,,Thessaloniki,40.63674,22.93778,Entire home/apt,,1,1,2024-03-10,0.15,19,109,1,00002428510
1096153106626591363,Futuristic chic oasis in the heart of the city,350279014,Innovation,,Thessaloniki,40.6468914,22.9233577,Entire home/apt,,2,13,2024-08-11,1.92,33,0,13,00002408576
1096158430593037068,Contemporary Gem in the Heart of Thessaloniki,350279014,Innovation,,Thessaloniki,40.6468914,22.9233577,Entire home/apt,38,2,20,2024-09-03,2.99,33,7,20,00002408449
1096211741596391157,#Luxlikehome Horizon Apartment,231048679,Luxlikehome,,Thessaloniki,40.60326,22.95303,Entire home/apt,135,2,13,2024-08-30,2.20,15,90,13,00002473510
1096327034324114856,"Hi speed wifi, city centre flat",484098385,Marinela,,Thessaloniki,40.63884729999999,22.9495863,Entire home/apt,39,2,26,2024-09-15,3.84,1,129,26,00002486284
1096849290346062673,F & B Collection - Flat for 3,31131449,Dimitris,,Thessaloniki,40.6453795,22.9492055,Entire home/apt,46,7,2,2024-09-04,0.36,56,365,2,00002423920
1096971306562975934,The Lux Apartment Vol.2,536084150,Χρίστος,,Thessaloniki,40.6108509,22.9575735,Entire home/apt,49,3,17,2024-09-16,2.62,2,239,17,00002480974
1097043253883084512,Skg Cityscape Metropolis 104,128968239,Konstantinos,,Thessaloniki,40.63741,22.93951,Entire home/apt,,1,1,2024-04-01,0.17,19,190,1,00002428531
1097056629512383148,Cityscape Haven in Thessaloniki,562461455,Georgios,,Thessaloniki,40.63017,22.94901,Entire home/apt,100,2,11,2024-08-25,1.68,1,119,11,00002411944
1097139448246572520,Family Apartment with Sea View_PO227,6836073,Georgios,,Thessaloniki,40.61593,22.95441,Entire home/apt,40,2,0,,,25,365,0,Exempt
1097187353270677125,"WeStay Studio #15, The Luxury Suites",280458084,The Luxury Suites,,Thessaloniki,40.64062,22.93871,Entire home/apt,49,2,6,2024-07-09,0.95,173,160,6,00002672507
1097195686851845300,"WeStay Studio #55, The Luxury Suites",280458084,The Luxury Suites,,Thessaloniki,40.64122,22.93903,Entire home/apt,46,2,11,2024-07-26,1.71,173,163,11,00002834590
1097649470619209359,PerissaHouse SKG I,104350398,Peizhang,,Pilea – Chortiatis,40.60757,22.99323,Entire home/apt,95,2,4,2024-03-31,0.61,1,130,4,00002448969
1097686392724786664,MOOD No 22,563550374,Ioannis,,Thessaloniki,40.6372833,22.937761,Entire home/apt,41,1,15,2024-09-17,2.20,1,263,15,00002418570
1097719098409678464,1-Bedroom Apartment Center and city attractions,562365287,Travelnest,,Thessaloniki,40.63838,22.95078,Entire home/apt,69,1,0,,,1,364,0,4782691
1097954503331571600,Premium Loft In City Center,470648435,Forget The Hotel,,Thessaloniki,40.64178,22.941,Entire home/apt,45,2,9,2024-06-25,1.41,6,141,9,Exempt
1098514213329233846,Καμάρα ρετιρέ 47,73801336,George,,Thessaloniki,40.63267,22.95116,Entire home/apt,34,3,28,2024-09-19,4.12,3,243,28,00002471690
1098541334113397461,In the heart of the city 2,514565655,Central,,Thessaloniki,40.633316,22.9397947,Entire home/apt,71,1,1,2024-03-17,0.16,3,263,1,00002422652
1099044596402227989,Miami House / Sea View / 4p,563853994,Κωνσταντινος,,Kalamaria,40.5669423,22.957362,Entire home/apt,62,2,7,2024-08-26,1.22,1,140,7,00002458410
1099109217450268292,2downtown-Dandelion,66849279,Marinou,,Thessaloniki,40.64377,22.933,Entire home/apt,51,3,5,2024-09-15,1.56,1,338,5,00002444940
1099143483756683661,Traditional house in Upper Town,30115133,Dimitris,,Thessaloniki,40.64397,22.95222,Entire home/apt,42,3,13,2024-09-07,1.89,1,222,13,00002478284
1099144667872029447,"Click memory & loft inn
 Next to Center",563875692,Ελένη,,Thessaloniki,40.64149,22.94447,Entire home/apt,54,1,8,2024-06-30,1.20,1,55,8,00002478385
1099306787702576715,Λαμπερό Διαμέρισμα 2,561345715,Shkelqim,,Neapolis – Sykeon,40.65278254297717,22.93665423989296,Entire home/apt,58,2,5,2024-05-12,0.76,2,220,5,01230385350
1099808084817985144,Stavroula's House 2bed & 2bath,61532598,Kostas,,Thessaloniki,40.635842,22.9505309,Entire home/apt,118,2,0,,,2,233,0,00002446535
1100572660724518052,Camelia: Comfy city apartment,251290631,Halu,,Thessaloniki,40.63389,22.94894,Entire home/apt,67,1,2,2024-04-05,0.34,90,358,2,12345678901
1100769382735484038,Bez Loft House #Skgbnb,564304396,Paulos,,Thessaloniki,40.6370621,22.940897,Entire home/apt,98,2,10,2024-08-18,1.52,1,199,10,00002486014
1100866026988539317,Studio 305,564324154,Zoe,,Thessaloniki,40.64035,22.93503,Entire home/apt,42,2,24,2024-09-16,3.64,1,120,24,00002440030
1101250778574028316,"Bitola, Nilie Hospitality MGMT",239769711,Nilie Premium Hospitality MGMT,,Thessaloniki,40.64145,22.93394,Entire home/apt,49,1,5,2024-09-01,0.82,316,220,5,2383930
1101264208486143452,"Bitola, Nilie Hospitality MGMT",239769711,Nilie Premium Hospitality MGMT,,Thessaloniki,40.64086,22.93384,Entire home/apt,49,1,31,2024-09-22,4.79,316,0,31,2383951
1101274383955629532,Eva's house,564421674,Ευα,,Thessaloniki,40.61817262339933,22.959791645407677,Entire home/apt,64,2,1,2024-08-15,0.75,1,90,1,00002665269
1101279031815091036,"Bitola, Nilie Hospitality MGMT",239769711,Nilie Premium Hospitality MGMT,,Thessaloniki,40.64272,22.93292,Entire home/apt,49,1,4,2024-08-17,0.93,316,220,4,2383967
1101284124190610320,"Bitola, Nilie Hospitality MGMT",239769711,Nilie Premium Hospitality MGMT,,Thessaloniki,40.64225,22.93262,Entire home/apt,49,1,4,2024-08-19,0.60,316,219,4,2383946
1101289710488666642,"Bitola, Nilie Hospitality MGMT",239769711,Nilie Premium Hospitality MGMT,,Thessaloniki,40.64103,22.93256,Entire home/apt,49,1,20,2024-09-20,3.23,316,215,20,2409520
1101294288306213779,"Bitola, Nilie Hospitality MGMT",239769711,Nilie Premium Hospitality MGMT,,Thessaloniki,40.64104,22.93252,Entire home/apt,49,1,1,2024-04-05,0.17,316,216,1,2409541
1085514336151603139,"WeStay Apartment #56, The Luxury Suites",280458084,The Luxury Suites,,Thessaloniki,40.63966,22.93732,Entire home/apt,50,2,1,2024-07-25,0.49,173,170,1,00002443604
1085530318158482526,"WeStay Apartment #57, The Luxury Suites",280458084,The Luxury Suites,,Thessaloniki,40.63901,22.93787,Entire home/apt,49,2,1,2024-02-19,0.14,173,260,1,00002675932
1085532898755388725,"WeStay Apartment #58, The Luxury Suites",280458084,The Luxury Suites,,Thessaloniki,40.64035,22.93763,Entire home/apt,49,2,0,,,173,258,0,00002675980
1085553095711780508,Harmony studio with terrace.,68375063,Nikolaos,,Thessaloniki,40.63117,22.94424,Entire home/apt,39,3,9,2024-07-04,1.23,2,217,9,00002415734
1085631832409329744,Διαμέρισμα Θεσσαλονίκη,539651153,Βασίλης,,Thessaloniki,40.58962,22.96543,Entire home/apt,45,1,24,2024-09-19,3.67,1,260,24,00002457849
1085634073576377671,Cozy top floor apartment with large terrace,47452546,Thomais,,Thessaloniki,40.61903059999999,22.9554259,Entire home/apt,50,3,18,2024-09-13,2.47,1,142,18,00002431999
1085911746139513935,"2-Bdrm Apt Thessaloniki Center, with Parking (opt)",199768766,Ilias,,Thessaloniki,40.6414519,22.9386592,Entire home/apt,56,1,17,2024-09-21,5.05,1,73,17,00002669287
1086018968402847220,SKG Luxury Apartment,476224738,Stavros,,Thessaloniki,40.6409124,22.9368938,Entire home/apt,63,2,0,,,1,49,0,00002097005
1086086265189741394,Heaven on the 7th (Aparment A),218753761,Panos,,Thessaloniki,40.62077,22.95288,Entire home/apt,77,1,13,2024-06-30,1.76,2,254,13,00002443162
1086753693763422053,Heaven on the 7th (Aparment B),218753761,Panos,,Thessaloniki,40.62187,22.95307,Entire home/apt,85,1,27,2024-09-18,3.63,2,253,27,00002443136
1086899837976959635,"WeStay Apartment #50, The Luxury Suites",280458084,The Luxury Suites,,Thessaloniki,40.64045,22.93729,Entire home/apt,52,2,2,2024-07-17,0.86,173,171,2,00002676896
1086901857626401091,"WeStay Apartment #51, The Luxury Suites",280458084,The Luxury Suites,,Thessaloniki,40.63953,22.9389,Entire home/apt,49,2,7,2024-09-07,0.93,173,173,7,00002675868
1086903454713157712,"WeStay Apartment #52, The Luxury Suites",280458084,The Luxury Suites,,Thessaloniki,40.63937,22.93767,Entire home/apt,48,2,3,2024-07-22,1.08,173,174,3,00002684099
1086905771160436600,"WeStay Apartment #59, The Luxury Suites",280458084,The Luxury Suites,,Thessaloniki,40.6397,22.93836,Entire home/apt,51,2,1,2024-07-02,0.36,173,172,1,00002675995
1086918446387530543,"One bedroom flat,sleeps 4!",47615492,Savas & Anthi,,Thessaloniki,40.622084,22.9731886,Entire home/apt,30,1,17,2024-09-08,2.36,8,340,17,00007834865
1086952533964517536,Natural boho studio in the heart of Thessaloniki,350279014,Innovation,,Ampelokipon – Menemeni,40.6477,22.92441,Entire home/apt,37,2,17,2024-08-25,2.35,33,234,17,00002408529
1087020407603702249,"Terpsichore ""delight in dancing""",331309714,Nikos Chrisa,,Thessaloniki,40.6389,22.94779,Entire home/apt,30,2,11,2024-08-26,1.51,3,305,11,00002450108
1087074496112390512,Mavili#19 Διαμέρισμα για 4- Κέντρο Θεσσαλονίκης,29140175,Anastasia,,Thessaloniki,40.64222,22.93765,Entire home/apt,82,2,21,2024-09-15,3.32,1,348,21,00002499570
1087160214914574878,"Cityscape Residence Ano Poli, Vesta Philoxenia",336527202,Vesta Philoxenia,,Thessaloniki,40.64361,22.95041,Entire home/apt,54,3,1,2024-06-30,0.35,51,126,1,00002437023
1087252741918318964,Apartment in Thessaloniki 2ROOMS,522503190,Sixhost,,Thessaloniki,40.59651,22.97481,Entire home/apt,114,1,1,2024-09-08,1,2,180,1,00000000000
1087555804672325999,Queens  suite,63209462,Kwnstantinos,,Thessaloniki,40.63902,22.94974,Entire home/apt,54,3,6,2024-08-24,1.17,1,95,6,00002547597
1087626880088235770,Natalie's Cozy Home,561183616,Ναταλία,,Thessaloniki,40.6014713,22.9738413,Entire home/apt,70,1,6,2024-07-21,1.16,2,358,6,00002488878
1088119810263494631,Central Nest,544115668,Nest,,Thessaloniki,40.62993,22.94449,Entire home/apt,45,1,7,2024-07-03,0.99,13,156,7,00002444935
1088371479670327176,Λαμπερό Διαμέρισμα 1,561345715,Shkelqim,,Neapolis – Sykeon,40.6522058,22.936772,Entire home/apt,58,2,6,2024-09-06,0.91,2,256,6,01230385369
1089379323163022703,Japanese Elegance in the Heart of Thessaloniki,350279014,Innovation,,Ampelokipon – Menemeni,40.64751,22.92446,Entire home/apt,,2,16,2024-08-11,2.20,33,0,16,00002408555
1089653911243755172,BlueKaravan Suite,291010439,Nikos,,Thessaloniki,40.6380054,22.9415562,Entire home/apt,95,3,5,2024-05-07,0.73,2,268,5,00002459003
1089654636573222768,GreenKaravan Suite,561643827,Δημήτριος,,Thessaloniki,40.638127368717804,22.94146243482828,Entire home/apt,67,2,3,2024-03-25,0.44,2,261,3,00002458978
1089657241602161558,Lovely Apartment in P.Patron,187780289,Evi,,Thessaloniki,40.63158051550649,22.94857815396728,Entire home/apt,62,1,1,2024-06-23,0.32,1,224,1,00002301210
1089745465024527858,Kallipso mini Jacuzzi  Suite,454062804,Sea And The City,,Thessaloniki,40.6346216,22.936194,Entire home/apt,115,1,2,2024-08-01,0.83,16,121,2,00002447382
1089808360699821177,"WeStay Apartment #53, The Luxury Suites",280458084,The Luxury Suites,,Thessaloniki,40.64113,22.93884,Entire home/apt,48,2,3,2024-08-07,1.06,173,164,3,00002675906
1090061800299763856,RedKaravan Suite,561643827,Δημήτριος,,Thessaloniki,40.63802395648666,22.94131306931376,Entire home/apt,67,2,0,,,2,267,0,00002459024
1090330575591972371,Aristotelous Sqr View Comfy Apt,561812376,Minas,,Thessaloniki,40.63478,22.94425,Entire home/apt,54,2,4,2024-06-17,0.56,2,286,4,00002425174
1090413474942441708,Suzana's Urban Apartment,561827388,Dimitris,,Kalamaria,40.584693078057526,22.947554710450742,Entire home/apt,59,2,21,2024-09-21,2.94,1,120,21,00002399840
1091097071420861282,Deluxe Silver Suite,188458774,Arcus O.E.,,Thessaloniki,40.63943380000001,22.9377862,Entire home/apt,,2,0,,,18,0,0,00002447309
1091163535506072783,Aristotelous Plaza View Studio,444906990,Smart Plan,,Thessaloniki,40.63516,22.94071,Entire home/apt,41,1,12,2024-09-05,1.71,15,242,12,00002455281
1091835447687131873,Fractals Apartment,37143902,Georgios,,Ampelokipon – Menemeni,40.6478712,22.9297599,Entire home/apt,44,3,19,2024-09-22,2.81,2,159,19,00002458070
1091952556527818587,MySpace Apart Thessaloniki,107221434,Ирина,,Thessaloniki,40.61552,22.95714,Entire home/apt,50,1,3,2024-09-08,0.45,1,269,3,00002460138
1092163549149248902,Athina,208702499,Σοφία,,Thessaloniki,40.6443989,22.9444869,Entire home/apt,35,1,30,2024-09-02,5.17,2,235,30,00000992183
1092836783206222194,Central Luxury Stay Thessaloniki,5122108,Eleni,,Thessaloniki,40.6296573,22.9503069,Entire home/apt,90,2,2,2024-05-29,0.28,3,144,2,00002472746
1093949330493897271,Nagia apartment Thessaloniki,562626034,Γεωργία,,Thessaloniki,40.6001967,22.9586926,Entire home/apt,65,2,3,2024-09-08,0.55,1,148,3,00002464401
1094068996886845886,Four Seasons The Crown Apartment,562650238,Athina,,Thessaloniki,40.6035,22.95887,Entire home/apt,110,1,6,2024-07-01,1.41,1,246,6,00002467938
1094237849659699201,Άνετο και ευχάριστο διαμέρισμα,562706050,Παρασκευη,,Thessaloniki,40.6393593,22.9485402,Entire home/apt,180,30,0,,,1,254,0,00001395216
1094307597269369281,Mary's House Kalamaria,43699462,Maria,,Kalamaria,40.5804985,22.9488672,Entire home/apt,80,2,19,2024-08-20,3.10,1,218,19,00002490729
1113039863443956335,Ζεστός και άνετος χώρος,567216325,Κατερινα,,Pavlou Mela,40.668699486746625,22.94827870422975,Entire home/apt,40,1,10,2024-08-26,1.63,1,256,10,00002513722
1113589788976872581,53 Central Luxury Apartment Kalamaria Thessaloniki,55568974,Achilleas,,Kalamaria,40.58088,22.94898,Entire home/apt,99,2,20,2024-09-15,3.24,1,330,20,00002595980
1113855535129590956,Queen suites,499979015,Maria,,Thessaloniki,40.62225,22.96245,Entire home/apt,120,1,4,2024-04-23,0.65,2,83,4,01078142898
1114359575392550039,Helios  CozyHome Thessaloniki,567496270,Avraam,,Pilea – Chortiatis,40.596477,22.9856084,Entire home/apt,100,1,6,2024-09-01,1.89,1,91,6,00002707092
1114465784076204230,The Muse: next to Museums & Fair,567527660,Αικατερινη,,Thessaloniki,40.62122746720568,22.957329964418026,Entire home/apt,122,2,0,,,1,168,0,00002579710
1114684266982284121,MG Sapphire Junior Premium Suite,539961393,The Fox'S Lair,,Thessaloniki,40.63575827801135,22.938634728836043,Entire home/apt,89,1,0,,,2,175,0,00002655451
1114979296097024597,Puce Pink Nest,544115668,Nest,,Thessaloniki,40.6396608,22.9425585,Entire home/apt,57,1,1,2024-09-07,1,13,126,1,00002373820
1115179775794966726,Selanik Home- 3BR city-center neoclassical,14127877,Yagmur,,Thessaloniki,40.64082,22.93905,Entire home/apt,343,2,2,2024-09-11,0.38,1,177,2,2529572
1115224163782979509,"Thessaloniki Luxe Suite, Achilles' Private Getaway",464489378,Vasileios,,Ampelokipon – Menemeni,40.660490683774825,22.899198591614436,Entire home/apt,57,2,3,2024-07-12,0.49,2,266,3,00002508813
1115686043937186208,Deep Blue Nest,544115668,Nest,,Thessaloniki,40.63966,22.94256,Entire home/apt,52,1,4,2024-08-25,0.65,13,167,4,00002373782
1115767781231883326,ECA Suite,128968239,Konstantinos,,Thessaloniki,40.6348861,22.9455821,Entire home/apt,70,1,4,2024-09-08,0.71,19,231,4,00002505089
1115860610838983776,Vardan's apartment,32216964,George,,Thessaloniki,40.6468427,22.9235904,Entire home/apt,65,2,2,2024-06-26,0.38,17,318,2,00002480619
1116012438848779205,Mamo 3 Thessaloniki,567923577,Panagiotis,,Thessaloniki,40.6468427,22.9235904,Entire home/apt,51,2,4,2024-08-04,0.66,1,186,4,00002449694
1116439865652859223,Μοντέρνο στούντιο,64728783,Φώτης,,Thessaloniki,40.60586609285961,22.954979427158836,Entire home/apt,40,2,0,,,1,267,0,00002444531
1116468501633904991,Feel Greek Hospitality #Θ003,568023192,Feel Greek,,Thessaloniki,40.63665,22.94522,Entire home/apt,69,1,14,2024-08-28,2.56,8,208,14,00002533192
1116618187484550220,Pelagus City - Luxury Suite I,567554214,Pelagus City,,Thessaloniki,40.635017163743,22.938678333729538,Entire home/apt,70,2,4,2024-08-25,0.71,5,248,4,00002492249
1116642586230972466,Studio Heart Of city near Aristotelous square,201738738,Your.Rentals,,Thessaloniki,40.637845,22.9511164,Entire home/apt,35,4,1,2024-04-14,0.18,27,343,1,00004782691
1116643395007252114,Pelagus City - Deluxe apartment I,567554214,Pelagus City,,Thessaloniki,40.635009021913824,22.938672969311508,Entire home/apt,85,2,9,2024-07-30,1.59,5,259,9,00002492260
1116711608582567616,Pelagus City - Luxury Suite II,567554214,Pelagus City,,Thessaloniki,40.63500495099888,22.938672969311508,Entire home/apt,70,2,1,2024-04-08,0.18,5,259,1,00002492355
1116727928088051255,Pelagus City - Deluxe apartment II,567554214,Pelagus City,,Thessaloniki,40.635009021913824,22.938699791401657,Entire home/apt,91,2,1,2024-08-26,1,5,240,1,00002492360
1116749866656137925,Downtown Living 3,568096366,Eleni,,Thessaloniki,40.63817,22.93961,Entire home/apt,47,2,16,2024-08-30,2.91,3,116,16,00002509634
1116749892676137286,Pelagus City - Grand View Suite,567554214,Pelagus City,,Thessaloniki,40.634980525503906,22.938753435581955,Entire home/apt,125,2,1,2024-06-30,0.35,5,259,1,00002492440
1116753014551655921,Downtown Living 2,568096366,Eleni,,Thessaloniki,40.63806,22.9399,Entire home/apt,42,2,9,2024-08-09,1.53,3,18,9,00002509629
1117134831906869406,Modern 3 bedroom Luxury Apartment,188458774,Arcus O.E.,,Thessaloniki,40.6177901,22.9549504,Entire home/apt,130,2,1,2024-09-03,1,18,211,1,00002514825
1117230319922165930,Phaedrus Living: City Flat Megakleous,488213362,Phaedrus Living,,Thessaloniki,40.61711,22.97598,Entire home/apt,70,1,2,2024-05-31,0.34,2,365,2,00002521111
1117246754552671738,F & B Collection - Flat for 4,31131449,Dimitris,,Kalamaria,40.5873634,22.9552397,Entire home/apt,81,7,12,2024-08-29,2.17,56,334,12,00002523322
1117262706325170525,Kallaris Deluxe House,504568339,Despina,,Thessaloniki,40.6283313,22.946551,Entire home/apt,128,2,1,2024-04-07,0.18,1,170,1,00002418585
1117296125001178588,"Aelia 5.2, The Luxury Suites",280458084,The Luxury Suites,,Thessaloniki,40.63871,22.93649,Entire home/apt,50,3,9,2024-08-18,1.49,173,153,9,00002211243
1117296401416703790,Comfortable Apartment With Parking,237767294,Wayhome,,Kalamaria,40.58626,22.96399,Entire home/apt,58,1,2,2024-05-30,0.41,1,362,2,00002583920
1117325319231530324,Antigonidon Square 5,107517588,Timos,,Thessaloniki,40.6403635,22.9413363,Entire home/apt,102,2,5,2024-09-01,1.63,9,263,5,00002337482
1117445324883127225,Antigonidon Square 2,107517588,Timos,,Thessaloniki,40.6403635,22.9413363,Entire home/apt,102,1,3,2024-07-07,0.88,9,264,3,00001886783
1117461709480753083,Rotonda City Center,107517588,Timos,,Thessaloniki,40.6348308,22.9531666,Entire home/apt,72,5,0,,,9,270,0,00002195486
1117598135470751639,ifestos-You Urban Stay,212951050,Socrates Junior Houses,,Thessaloniki,40.64286742008548,22.939842559524546,Entire home/apt,43,1,14,2024-09-20,2.33,13,266,14,00002699735
1117913214963429999,Cura #Skgbnb,28267881,Tomas&Cristina! Skgbnb,,Thessaloniki,40.6383719,22.952545,Entire home/apt,50,2,6,2024-08-21,1.50,29,317,6,00002636599
1118834627713731353,Armonia #Skgbnb,28267881,Tomas&Cristina! Skgbnb,,Thessaloniki,40.63212,22.94972,Entire home/apt,80,2,3,2024-08-18,1.03,29,32,3,00002530888
1118842279255608029,Armonia-City Center #Skgbnb,28267881,Tomas&Cristina! Skgbnb,,Thessaloniki,40.632122,22.9497221,Entire home/apt,65,2,1,2024-09-05,1,29,224,1,00002544013
1119639896036116143,Luxury 100sq  Ladadika  Ionos dragoumi Thessalonik,5122108,Eleni,,Thessaloniki,40.63174,22.94433,Entire home/apt,70,2,6,2024-09-08,1.51,3,42,6,00002472751
1120802877057425887,White Lotus by halu! : 2BD apartment,569020662,Halu,,Thessaloniki,40.63457,22.94906,Entire home/apt,127,1,19,2024-09-05,1.12,12,352,15,00001999812
1120851135362031642,White Lotus by halu! : 1BD apartment,569020662,Halu,,Thessaloniki,40.63525,22.9492,Entire home/apt,92,1,6,2024-08-15,0.36,12,322,2,00001999780
1101312064766284385,"Bitola, Nilie Hospitality MGMT",239769711,Nilie Premium Hospitality MGMT,,Thessaloniki,40.64248,22.93416,Entire home/apt,49,1,7,2024-09-11,1.07,316,220,7,2409180
1101479982362274492,Ευρύχωρο διαμέρισμα στην καρδιά της Θεσσαλονίκης,564479603,Αφεντούλα,,Thessaloniki,40.61522,22.95991,Entire home/apt,52,1,7,2024-05-26,1.03,1,19,7,00002485400
1101494493746191673,Apartment two bedrooms in Thessaloniki,112860811,Nadi,,Pavlou Mela,40.66888,22.94206,Entire home/apt,59,2,0,,,1,269,0,00555085423
1101931983297739802,"Big Apple #4.2, Nilie Hospitality MGMT",239769711,Nilie Premium Hospitality MGMT,,Thessaloniki,40.6387,22.93845,Entire home/apt,54,1,0,,,316,258,0,1147190
1101940808361484729,"Big Apple #5.12, Nilie Hospitality MGMT",239769711,Nilie Premium Hospitality MGMT,,Thessaloniki,40.63835,22.93795,Entire home/apt,50,1,1,2024-08-18,0.81,316,267,1,1504364
1101945654086771944,"Big Apple ,Nilie Hospitality MGMT",239769711,Nilie Premium Hospitality MGMT,,Thessaloniki,40.64038,22.93979,Entire home/apt,48,1,0,,,316,231,0,2484930
1101951989142163424,"Big Apple, Nilie Hospitality MGMT",239769711,Nilie Premium Hospitality MGMT,,Thessaloniki,40.63893,22.93917,Entire home/apt,54,1,2,2024-09-01,1.03,316,267,2,2485033
1101955426322169781,"Big Apple, Nilie Hospitality MGMT",239769711,Nilie Premium Hospitality MGMT,,Thessaloniki,40.63991,22.9392,Entire home/apt,54,1,0,,,316,241,0,2485060
1101967810656704699,"Big Apple, Nilie Hospitality MGMT",239769711,Nilie Premium Hospitality MGMT,,Thessaloniki,40.6397,22.93811,Entire home/apt,50,1,0,,,316,251,0,1913419
1101977921370471439,"Big Apple, Nilie Hospitality MGMT",239769711,Nilie Premium Hospitality MGMT,,Thessaloniki,40.6391,22.93774,Entire home/apt,50,1,23,2024-09-15,5.00,316,231,23,1408811
1102112554993167640,"Bonsai #2.1, Nilie Hospitality MGMT",239769711,Nilie Premium Hospitality MGMT,,Thessaloniki,40.64234,22.93508,Entire home/apt,49,1,3,2024-08-31,0.46,316,249,3,1794791
1102130513967708613,Noelia Sea view suite,454062804,Sea And The City,,Thessaloniki,40.6346216,22.936194,Entire home/apt,96,1,1,2024-05-06,0.21,16,124,1,00002473323
1102181037368927442,Β & Β apartment,564646477,Βασιλης,,Thessaloniki,40.64478,22.94467,Entire home/apt,50,1,3,2024-04-14,0.47,1,351,3,00002487611
1102693401921041775,"Aelia 3.2, The Luxury Suites",280458084,The Luxury Suites,,Thessaloniki,40.6377,22.93811,Entire home/apt,50,2,15,2024-08-28,2.46,173,260,15,00002487956
1102785704096404311,"360° View (200m to Kalamaria, 500m to the sea)",564779735,Ginia,,Kalamaria,40.5806564,22.9473275,Entire home/apt,69,2,17,2024-09-15,3.00,1,254,17,00002515402
1102790108653188556,Egnatia Central Spacious 4 Bd Apt in Thessaloniki,504569494,Aggelos,,Thessaloniki,40.63440019999999,22.9474558,Entire home/apt,177,2,1,2024-04-08,0.18,4,338,1,00002713228
1103287689064952939,FsN Central Lofts 301 / 3P,564902991,Φωτιος,,Thessaloniki,40.6352303,22.9406857,Entire home/apt,52,1,5,2024-08-24,0.79,3,255,5,00002498069
1103325318869258758,FsN Central Lofts 302 / 3P,564902991,Φωτιος,,Thessaloniki,40.6352303,22.9406857,Entire home/apt,52,1,4,2024-08-25,0.81,3,256,4,00002497991
1103685443016094106,Studio Heart Of city 2,201738738,Your.Rentals,,Thessaloniki,40.6289974,22.952214,Entire home/apt,39,4,0,,,27,294,0,00046789263
1103720242443184400,Elegant Suite - Thessaloniki,60982106,Ioannis,,Thessaloniki,40.6323837,22.9452039,Entire home/apt,71,1,11,2024-09-15,1.67,1,259,11,00002489790
1103747592669314134,Ρετιρε διαμέρισμα δίπλα στην παραλία,224036867,Ioannis,,Thessaloniki,40.59781745214924,22.95262612402439,Entire home/apt,90,2,8,2024-09-06,1.73,1,109,8,00002535478
1104125085795043868,Orion White Tower Apartment,116807177,Ioannis,,Thessaloniki,40.6292724,22.9460259,Entire home/apt,95,1,3,2024-06-08,0.47,3,323,3,00002471892
1104149599569320129,FsN Central Lofts 303 /2bed / 5P,564902991,Φωτιος,,Thessaloniki,40.6352303,22.9406857,Entire home/apt,70,1,27,2024-09-06,4.43,3,342,27,00002498080
1104786238528370024,Cozy private room in Vaso's cat house,121211704,Vasiliki,,Thessaloniki,40.60946,22.98514,Private room,25,1,11,2024-09-21,4.71,1,336,11,00002768846
1105541568665229403,Melpomeny ‘ the melodic’,334261979,Chrisa And Nick,,Thessaloniki,40.63804,22.94906,Entire home/apt,36,2,28,2024-09-08,4.29,3,230,28,00002500988
1105607712566993277,Aurora Sea view Suite,454062804,Sea And The City,,Thessaloniki,40.6346216,22.936194,Entire home/apt,96,1,1,2024-09-02,1,16,121,1,00002473270
1105662732833678099,DoorMat#15 Gris Dorande,555435959,Fotios,,Thessaloniki,40.6294928,22.9509619,Entire home/apt,44,1,22,2024-09-09,3.69,6,317,22,00002496050
1105673412821929486,Occazia sea view suite,454062804,Sea And The City,,Thessaloniki,40.6346216,22.936194,Entire home/apt,96,1,2,2024-07-11,0.41,16,127,2,00002473318
1105686447346689554,Riviera Jacuzzi&Sea view suite,454062804,Sea And The City,,Thessaloniki,40.6346216,22.936194,Entire home/apt,173,1,5,2024-08-04,0.85,16,119,5,00002472262
1105701106655414870,Luminis Apartment with Sea view,454062804,Sea And The City,,Thessaloniki,40.6346216,22.936194,Entire home/apt,146,1,3,2024-08-19,0.62,16,116,3,00002473344
1106191581983114900,JORDAN's ROOM 11,156282533,Jordans Rooms Ike,,Thessaloniki,40.64199,22.94569,Entire home/apt,43,2,2,2024-04-14,0.35,9,347,2,00002443284
1106217415458828101,JORDAN's ROOM 12,156282533,Jordans Rooms Ike,,Thessaloniki,40.64,22.94689,Entire home/apt,50,2,0,,,9,359,0,00002443279
1106258702023582480,Spacious apartment in the heart of the city,44841779,Christina,,Thessaloniki,40.6310815,22.9480256,Entire home/apt,,4,1,2024-04-30,0.20,1,0,1,00002497598
1107167932015377993,Jasmine Haven by thesbnb,379910184,Νικόλαος,,Thessaloniki,40.64411,22.93773,Entire home/apt,57,1,4,2024-06-23,0.77,36,360,4,00002411253
1107393022009822998,2 Bedroom Family Apartment II,126197040,George,,Pilea – Chortiatis,40.59795,22.983,Entire home/apt,,2,8,2024-08-30,2.33,2,0,8,00002682951
1108013738199438702,Στούντιο,566056645,Αντώνης,,Thessaloniki,40.64355559838182,22.92699258774519,Entire home/apt,55,2,0,,,1,270,0,00002447281
1109979145911387573,Walk city,419862281,Γιωργος,,Thessaloniki,40.6320295,22.9512418,Entire home/apt,86,1,4,2024-06-02,0.90,1,109,4,00002539762
1109991448821451674,Single private cherry room-shared bath-kitch-BACK,452851365,Icib Ae,,Neapolis – Sykeon,40.6493,22.94433,Private room,13,25,0,,,3,268,0,00002538760
1110015516082009984,Single private wegge room-shared bath-kitch-FRONT1,452851365,Icib Ae,,Neapolis – Sykeon,40.64820770000001,22.9438782,Private room,13,20,1,2024-08-31,1,3,233,1,00002538776
1110023145906238060,Single private white room-shared bath-kitch-FRONT2,452851365,Icib Ae,,Neapolis – Sykeon,40.64833065116651,22.94389608144799,Private room,14,14,1,2024-06-26,0.33,3,268,1,00002538781
1110184809784327442,Asterios Home,527573571,Αστεριος,,Thessaloniki,40.61756,22.96589,Entire home/apt,59,2,11,2024-08-06,1.79,1,160,11,00002516707
1110221055124525031,Fully equipped & Family-friendly | 200Mbps.,55146166,Dimitrios,,Thessaloniki,40.64359399872776,22.946000673633314,Entire home/apt,71,2,43,2024-09-17,6.68,2,334,43,00002503814
1110676856224222985,Sage serenity central appartment,566669030,Λουκία,,Thessaloniki,40.6378254,22.9477231,Entire home/apt,61,2,3,2024-05-05,0.50,1,329,3,00002427667
1110912906195227705,Dimi-g luxury apartment,566733129,Γιωργος,,Thessaloniki,40.63731898225726,22.95446057301638,Entire home/apt,33,2,14,2024-09-20,2.84,1,340,14,00002508674
1111474632330672552,"Terroso, Nilie Hospitality MGMT",239769711,Nilie Premium Hospitality MGMT,,Thessaloniki,40.6428424,22.9493754,Entire home/apt,86,1,3,2024-07-06,0.88,316,266,3,1234567
1111541102918729677,Aegean Blue Apartments13 #The Luxury Suite -2 BDR,44106609,Aegean Blue,,Thessaloniki,40.62006909878134,22.955549396574497,Entire home/apt,56,1,45,2024-09-07,7.22,14,261,45,00002513180
1111643115777122635,Enjoy your hospitality,561754027,Μαρία,,Thessaloniki,40.64684,22.92603,Entire home/apt,46,1,14,2024-09-16,2.30,1,179,14,00002511431
1111736602035280670,DoorMat#13 Black Mirror,555435959,Fotios,,Thessaloniki,40.62736,22.95119,Entire home/apt,69,1,40,2024-09-07,6.78,6,253,40,00002425498
1112044278693499738,LuxeNest apartment,6307048,Ελένη,,Thessaloniki,40.60184,22.95359,Entire home/apt,70,1,2,2024-03-31,0.33,1,254,2,00002494359
1112089602581452128,F & B Collection - Flat for 3,31131449,Dimitris,,Thessaloniki,40.60675,22.96033,Entire home/apt,52,7,8,2024-08-27,1.27,56,363,8,00002465264
1112170841660040417,Ομορφο σπίτι με αυλή,567018912,Aikaterini,,Pavlou Mela,40.6712923,22.9402181,Entire home/apt,80,2,3,2024-07-21,0.51,1,256,3,00001917129
1112314002262159917,Vantage Apartment,37143902,Georgios,,Thessaloniki,40.6405427,22.9361822,Entire home/apt,66,4,13,2024-09-13,2.25,2,204,13,00002514214
1112394126613094408,Thessaloniki premium apartment,26716966,Vasileios,,Thessaloniki,40.6073773,22.9738577,Entire home/apt,60,14,7,2024-06-23,1.24,1,359,7,00002513891
1112872235745127160,UrbanZen studio,567174950,Nikolaos,,Thessaloniki,40.63582568645988,22.93646413121336,Entire home/apt,,1,0,,,4,0,0,00002533305
1112896898835118080,Sofia Sunshine Serenity,128968239,Konstantinos,,Thessaloniki,40.6321655,22.9483897,Entire home/apt,95,1,4,2024-05-20,0.72,19,236,4,00002509044
1127377348202402762,City Vibe-Sigrou 44,107517588,Timos,,Thessaloniki,40.63985,22.94206,Entire home/apt,70,2,1,2024-06-16,0.30,9,270,1,00002524707
1127382475820124466,"Railway Loft, Nilie Hospitality MGMT",239769711,Nilie Premium Hospitality MGMT,,Thessaloniki,40.64639,22.93021,Entire home/apt,,1,3,2024-06-30,0.53,316,0,3,2489657
1127451796948434872,Στούντιο θέαση,570552926,Χαρης,,Thessaloniki,40.64014,22.93324,Entire home/apt,46,2,1,2024-04-10,0.18,1,89,1,00000186967
1127583145233750087,"Vellow Door, Nilie Hospitality MGMT",239769711,Nilie Premium Hospitality MGMT,,Thessaloniki,40.63702,22.93933,Entire home/apt,51,1,5,2024-09-05,1.25,316,237,5,1234568
1127588372868805701,"Vellow Door, Nilie Hospitality MGMT",239769711,Nilie Premium Hospitality MGMT,,Thessaloniki,40.63865,22.93959,Entire home/apt,51,1,2,2024-08-15,0.49,316,238,2,1234567
1127597655341379952,"Vellow Door, Nilie Hospitality MGMT",239769711,Nilie Premium Hospitality MGMT,,Thessaloniki,40.63874,22.93891,Entire home/apt,51,1,8,2024-09-13,1.68,316,244,8,1234567
1127988798577882418,City Vibe-Family studio,107517588,Timos,,Thessaloniki,40.63975,22.94213,Entire home/apt,48,3,0,,,9,247,0,00002525411
1127997887586482793,#Retro pop culture apt by halu!,251290631,Halu,,Thessaloniki,40.62962,22.94894,Entire home/apt,,1,1,2024-04-21,0.19,90,0,1,00001902641
1128032888979702327,City Vibe-Urban studio,107517588,Timos,,Thessaloniki,40.639747,22.9421249,Entire home/apt,50,2,1,2024-06-30,0.35,9,270,1,00002525192
1128037855415253007,"Estrella, Nilie Hospitality MGMT",239769711,Nilie Premium Hospitality MGMT,,Thessaloniki,40.62197,22.96778,Entire home/apt,70,2,2,2024-05-02,0.37,316,269,2,2510652
1128121423407612818,Modern & Comfy Apartment,93631145,Απόστολος,,Neapolis – Sykeon,40.6547,22.93455,Entire home/apt,35,2,7,2024-09-01,1.27,6,326,7,00002547964
1128145551741718547,Paloma by halu!: Inner court view,251290631,Halu,,Thessaloniki,40.62818,22.94954,Entire home/apt,64,1,0,,,90,361,0,00002533709
1128163281619374362,Coloris Aureus room,348677868,Ilias,,Thessaloniki,40.61461,22.97804,Entire home/apt,77,2,6,2024-07-21,1.21,2,259,6,00002566061
1128166607662174801,"Paloma by halu!: 1-BD apartment, street view",251290631,Halu,,Thessaloniki,40.62861,22.94755,Entire home/apt,60,1,2,2024-09-15,2,90,362,2,00002533709
1128174254484287293,Pumpkin by halu! Lux 2BD-apartment,251290631,Halu,,Thessaloniki,40.62889,22.95364,Entire home/apt,99,1,1,2024-09-17,1,90,352,1,00002533394
1129071278539324052,Ένα διαμάντι στη Θεσσαλονίκη,570929183,Vasiliki,,Thessaloniki,40.62989,22.95369,Entire home/apt,89,2,1,2024-09-09,1,1,51,1,00002648800
1129437735405580807,Allure 2BDR Apt DownΤown Thessaloniki,140913983,Kleanthis,,Thessaloniki,40.63630099944574,22.937768027186394,Entire home/apt,69,2,5,2024-09-11,1.81,1,359,5,00002673514
1129801286139779458,Appartement cosy 2 chambres,73955620,Dyana,,Thessaloniki,40.61054,22.96133,Entire home/apt,40,7,8,2024-08-22,1.54,1,223,8,00002554447
1129836632262238159,Zeta's Homes,399214685,Zeta,,Ampelokipon – Menemeni,40.64857,22.93319,Entire home/apt,50,1,11,2024-09-09,2.44,1,358,11,00002611811
1130250260978485606,F & B Collection - MiniLux Suite for 2,31131449,Dimitris,,Thessaloniki,40.61111,22.9559,Entire home/apt,46,7,3,2024-08-28,0.63,56,365,3,00002508404
1130266825051988815,F & B Collection - Lux Suite for 4,31131449,Dimitris,,Thessaloniki,40.6114842,22.9564446,Entire home/apt,65,7,3,2024-09-04,2.25,56,361,3,00002508366
1130294057578815114,L aparts Thessaloniki,67542666,Anna,,Thessaloniki,40.61506,22.974,Entire home/apt,60,1,28,2024-09-16,5.83,1,335,28,00002593683
1130771370461443235,Jordans room 13,156282533,Jordans Rooms Ike,,Thessaloniki,40.64281,22.93463,Entire home/apt,58,2,0,,,9,232,0,00002542636
1130771738006535340,Jordans Apartment 10,156282533,Jordans Rooms Ike,,Pavlou Mela,40.65802,22.92626,Entire home/apt,58,2,0,,,9,250,0,00002557787
1130862464483339259,Cental -Helexpo -40sqm-65'smarttv - Officedesk,571359399,Savvina,,Thessaloniki,40.62969,22.95353,Entire home/apt,61,1,1,2024-08-06,0.61,2,361,1,23108300502
1130907846729231613,karakasi studio 4,487699774,Anastasia,,Thessaloniki,40.599308,22.958646,Entire home/apt,31,2,15,2024-09-12,2.90,2,202,15,00002570325
1130975253621526020,Lavender by halu!: Modern and elegant apartment,251290631,Halu,,Thessaloniki,40.63712,22.93727,Entire home/apt,,1,0,,,90,0,0,00002533480
1131005291154883423,F & B Collection - Mini Studio for 2,31131449,Dimitris,,Thessaloniki,40.6043847,22.9549913,Entire home/apt,43,7,2,2024-04-22,0.37,56,365,2,00002496709
1131112785111785471,Elephant Suites: 1-BD apartment,458874419,Elephant,,Thessaloniki,40.64342,22.92049,Private room,58,1,8,2024-06-30,1.62,3,79,8,1215203
1131136303665755514,ΟΜΟΡΦΟ ΑΝΑΚΑΙΝΙΣΜΕΝΟ ΔΙΑΜΕΡΙΣΜΑ,250112109,Stefanos,,Thessaloniki,40.60417,22.95662,Entire home/apt,80,1,4,2024-09-08,0.89,2,269,4,00002560321
1131204941488216946,Glass Grey Nest,544115668,Nest,,Thessaloniki,40.6356233,22.9495188,Entire home/apt,55,1,9,2024-08-22,1.84,13,175,9,00002568608
1131257452912588675,PePe Le MoKo,54358604,Aris,,Thessaloniki,40.631675273295876,22.941919052778612,Entire home/apt,51,1,15,2024-09-16,2.92,1,355,15,00002562900
1131278163851624590,Center Mirror Suite 40sqm privatesecured entrance,571359399,Savvina,,Thessaloniki,40.62127,22.95518,Entire home/apt,59,1,1,2024-08-03,0.58,2,365,1,23108300502
1120911003475464065,White Lotus by halu! : Deluxe apartment,569020662,Halu,,Thessaloniki,40.63531,22.94748,Entire home/apt,80,1,3,2024-04-06,0.27,12,343,3,00001999807
1120948790124042600,Mandarin by halu!: Street view,569020662,Halu,,Thessaloniki,40.62872,22.94672,Entire home/apt,110,1,38,2024-09-16,3.13,12,325,38,00002146963
1120970814114553656,Sigma Suites: Penthouse apartment,569060513,Σοφία,,Neapolis – Sykeon,40.64708,22.9486,Entire home/apt,313,1,2,2024-08-17,1.36,6,353,2,1307676
1120974228064296375,CityPulse residence,567174950,Nikolaos,,Thessaloniki,40.63581754472929,22.93656235501765,Entire home/apt,,1,0,,,4,0,0,00002533230
1121065844465700322,Sigma suites: Maisonette,569060513,Σοφία,,Neapolis – Sykeon,40.64794,22.94932,Entire home/apt,165,1,0,,,6,365,0,1307676
1121081021085349404,Sigma Suites: Deluxe Apartment,569060513,Σοφία,,Neapolis – Sykeon,40.64724,22.94872,Entire home/apt,168,1,0,,,6,361,0,1307676
1121085878628729762,Sigma Suites: Deluxe suite with sea view,569060513,Σοφία,,Neapolis – Sykeon,40.64818,22.94896,Entire home/apt,238,1,0,,,6,360,0,1307676
1121100157186415115,Superior Double Room,569060513,Σοφία,,Neapolis – Sykeon,40.64685,22.94797,Entire home/apt,117,1,0,,,6,352,0,1307676
1121103718062194624,Sigma Suites: Superior suite with Hydromassage,569060513,Σοφία,,Neapolis – Sykeon,40.64727,22.94786,Entire home/apt,258,1,0,,,6,361,0,1307676
1121561866687405944,Mandarin by halu!: Inner court view,569020662,Halu,,Thessaloniki,40.62922,22.9453,Entire home/apt,88,1,10,2024-09-18,1.13,12,327,10,00002147025
1121736315716103617,Skyview Bliss #4,128968239,Konstantinos,,Thessaloniki,40.60563,22.95457,Entire home/apt,56,1,5,2024-09-08,0.85,19,243,5,00002493378
1121827989545753473,Polis Urban #1,569271524,Polis Urban,,Thessaloniki,40.6415598,22.9385238,Entire home/apt,220,1,1,2024-04-07,0.18,2,180,1,00002533039
1121832679321435126,Penthouse Ano poli,544915451,Charalampos,,Thessaloniki,40.64387,22.94629,Entire home/apt,65,1,6,2024-05-11,1.05,2,206,6,00002357474
1122216319994130060,Greek Evil Eye Apartment #1,569353830,Eleni,,Thessaloniki,40.621425,22.9572637,Entire home/apt,65,1,3,2024-09-13,0.59,2,269,3,00002488640
1122301089741954509,St.Dimitrios Apartment,254120346,Μαρία,,Thessaloniki,40.64298828485218,22.93886672705412,Entire home/apt,40,2,9,2024-09-13,1.58,1,234,9,00002526540
1122309610509339360,Greek Evil Eye Apartment #2,569353830,Eleni,,Thessaloniki,40.621425,22.9572637,Entire home/apt,65,1,19,2024-09-21,3.37,2,264,19,00002488660
1122397795181226940,Feel Greek Hospitality #Θ002,568023192,Feel Greek,,Thessaloniki,40.6294,22.95133,Entire home/apt,45,2,3,2024-09-04,0.53,8,186,3,00002533331
1122477671207556902,μεγάλο και άνετο διαμέρισμα,569412639,Λια,,Ampelokipon – Menemeni,40.6557647,22.9202969,Entire home/apt,,1,0,,,2,0,0,00001942519
1122483466593442566,διαμέρισμα μεγάλο και άνετο,569412639,Λια,,Ampelokipon – Menemeni,40.6557647,22.9202969,Entire home/apt,,1,0,,,2,0,0,00001942519
1122866660474766119,Odyssey Apt 1,569503845,Christos,,Thessaloniki,40.6429,22.93528,Entire home/apt,56,2,4,2024-08-03,0.74,3,236,4,00002530810
1122875921178276327,Odyssey Apt 2,569503845,Christos,,Thessaloniki,40.64125,22.93491,Entire home/apt,36,2,4,2024-06-02,0.71,3,6,4,00002531020
1122878110837735626,Odyssey Apt 3,569503845,Christos,,Thessaloniki,40.64296,22.9354,Entire home/apt,38,2,1,2024-04-07,0.18,3,238,1,00002531035
1122973830357684642,Homevision Okto Penthouse View - Super Central,515398068,Homevision,,Thessaloniki,40.63603,22.93864,Entire home/apt,104,2,3,2024-07-25,0.55,11,350,3,00002531183
1123041242048918532,Houseloft Cosmopolitan Comfort,29565272,Houseloft,,Thessaloniki,40.6314905,22.9460708,Entire home/apt,236,1,24,2024-08-30,6.05,20,317,24,00001765665
1123114002613990666,Primavera by halu!: Seafront apartment,569020662,Halu,,Thessaloniki,40.6274,22.94691,Entire home/apt,282,1,28,2024-08-19,1.90,12,334,24,00002102079
1123116812182111074,Infinity: Serene seafront apartment w/ sea view,569020662,Halu,,Thessaloniki,40.63119,22.94231,Entire home/apt,262,1,1,2024-09-22,1,12,237,1,00002084297
1123298916693055371,Stylish central 1-BR apt 5 min to Central Station,564069541,Hristo And Sisi,,Thessaloniki,40.6418291,22.9291998,Entire home/apt,48,1,59,2024-09-15,10.41,2,353,59,00002514421
1123369631828670482,Luna You Urban Stay,212951050,Socrates Junior Houses,,Thessaloniki,40.641011,22.941232,Entire home/apt,54,1,8,2024-09-06,1.40,13,261,8,00002546915
1123371328307166370,Luna-You Urban Stay,212951050,Socrates Junior Houses,,Thessaloniki,40.641011,22.941232,Entire home/apt,59,1,5,2024-05-24,0.91,13,256,5,00002546920
1123672073955936244,Modern central 1-BR apt 5 min to Central Station,564069541,Hristo And Sisi,,Thessaloniki,40.6418291,22.9291998,Entire home/apt,43,1,32,2024-09-15,5.45,2,358,32,00002514400
1123977387451642767,Smart flat downton,11835062,Vaso,,Thessaloniki,40.63452255416271,22.94094181534424,Entire home/apt,61,2,11,2024-09-10,2.21,1,250,11,00002544725
1124060950457815562,Papoulias Suite,569562810,Chrysa,,Thessaloniki,40.6156025,22.9757642,Entire home/apt,60,3,0,,,1,260,0,00002505260
1124420941165817035,Loft Zeus,40847564,Spyridon,,Thessaloniki,40.6403447,22.9477457,Entire home/apt,199,1,0,,,5,269,0,00001755614
1124485964844588220,Eden Luxury Suite #3,557485641,Christos,,Thessaloniki,40.6367268,22.9353427,Entire home/apt,83,2,3,2024-06-18,0.79,2,175,3,01249140230
1124654106499794273,Jasmine #hosted by DoorMat,569871229,Ioannis,,Thessaloniki,40.64190019999999,22.9310242,Entire home/apt,38,1,19,2024-09-12,3.39,1,265,19,00002547576
1125035857363883913,Iris Studio Center Thessaloniki,62055269,Θοδωρής,,Thessaloniki,40.6432487,22.9396267,Entire home/apt,34,1,2,2024-06-05,0.44,5,247,2,00002536751
1125127297193408116,Διαμέρισμα στη Θεσσαλονίκη,569977519,Kiki,,Thessaloniki,40.6054,22.96162,Entire home/apt,,1,0,,,1,269,0,00002492010
1125192511150272202,Skyline suite,569990602,Ολυμπία,,Thessaloniki,40.6281535,22.9530034,Entire home/apt,120,10,0,,,1,83,0,00002540669
1125691786263117204,Ladadika Fine Living,195434423,Ioannis,,Thessaloniki,40.63554,22.93814,Entire home/apt,50,2,8,2024-09-08,1.45,3,293,8,00002604430
1126055659280269987,Suite 300 Steps Ladadika,570216645,Eleni,,Thessaloniki,40.637487106500004,22.93523,Entire home/apt,49,1,21,2024-09-06,3.68,1,148,21,00002541900
1126668444126802813,Kastadin,567174950,Nikolaos,,Thessaloniki,40.6354,22.93731,Entire home/apt,,1,1,2024-05-27,0.25,4,0,1,00002685346
1126670912714660861,Kastadinn,567174950,Nikolaos,,Thessaloniki,40.63664,22.9367,Entire home/apt,,1,0,,,4,0,0,00002556456
1126676824162268046,"Feel Greek Hospitality
#Θ001",568023192,Feel Greek,,Thessaloniki,40.61923,22.96,Entire home/apt,44,1,4,2024-09-20,0.71,8,204,4,00002547188
1126913373252004368,Boutique Apartment Stadtmitte Thessaloniki,226618966,Kristina,,Thessaloniki,40.63085,22.94906,Entire home/apt,85,2,5,2024-09-10,1.76,1,329,5,2739278
1126935968627123249,"Sweet Vanilla 2-bdrm Residence, Vesta Philoxenia",336527202,Vesta Philoxenia,,Thessaloniki,40.61251,22.95405,Entire home/apt,68,2,8,2024-09-05,1.47,51,121,8,00002488963
1127223155590891401,Altus- old town #Skgbnb,1977386,Cristina&Tomas! Skgbnb,,Thessaloniki,40.64218,22.95623,Entire home/apt,40,2,9,2024-08-01,1.66,30,365,9,00002551400
1127314535656544745,Loft in the center,293672648,Zoe,,Thessaloniki,40.63735,22.9485,Entire home/apt,45,1,32,2024-09-16,5.85,4,267,32,01239316298
1127367008006333278,"Railway Loft, Nilie Hospitality MGMT",239769711,Nilie Premium Hospitality MGMT,,Thessaloniki,40.6455,22.93092,Entire home/apt,,1,3,2024-06-30,0.71,316,0,3,2489641
1140428985409156048,Coloris Viridis room,119136694,Despoina,,Thessaloniki,40.61418099999999,22.978656,Entire home/apt,89,1,4,2024-08-28,0.84,2,268,4,00002590157
1140574876633702829,Nero by halu!: Lux seafront apartments (1BD),251290631,Halu,,Thessaloniki,40.63565,22.93594,Entire home/apt,98,1,11,2024-09-11,3.03,90,2,11,0933E70000225701
1140601144175534512,Nero by halu!: Lux seafront apartments (Suite),251290631,Halu,,Thessaloniki,40.6359,22.93445,Entire home/apt,58,1,0,,,90,4,0,0933E70000225701
1140697890111218800,CenterCity3-Apartment Thessaloniki,100776361,Μανωλης,,Thessaloniki,40.6416115,22.9341706,Entire home/apt,56,1,18,2024-09-09,3.97,8,269,18,00002599690
1141013689847629541,Oditee Thessaloniki Spartis,52529760,Konstantinos,,Thessaloniki,40.6189455,22.9554724,Entire home/apt,63,2,1,2024-07-22,0.47,6,118,1,00002550396
1141030263749622008,Garden Boutique 11,379910184,Νικόλαος,,Thessaloniki,40.64148,22.93677,Entire home/apt,42,1,3,2024-09-08,0.67,36,341,3,00002496900
1141046717901123741,Garden Boutique 12,379910184,Νικόλαος,,Thessaloniki,40.64152,22.93548,Entire home/apt,38,1,3,2024-09-08,0.68,36,348,3,00002496883
1141063259883799033,Garden Boutique 13,379910184,Νικόλαος,,Thessaloniki,40.64315,22.93654,Entire home/apt,53,1,5,2024-08-04,1.01,36,175,5,00002496862
1141076713868169262,Garden Boutique 14,379910184,Νικόλαος,,Thessaloniki,40.64139,22.93574,Entire home/apt,38,1,0,,,36,347,0,00002496613
1141101076306126415,Garden Boutique 15,379910184,Νικόλαος,,Thessaloniki,40.64173,22.93536,Entire home/apt,38,1,3,2024-07-14,0.90,36,354,3,00002496841
1141102191143305936,Yapi Living,573798205,Smaro,,Thessaloniki,40.64353058955632,22.93445963439331,Entire home/apt,67,3,1,2024-08-07,0.63,1,247,1,2592272
1141107903826430186,Garden Boutique 16,379910184,Νικόλαος,,Thessaloniki,40.6419,22.93514,Entire home/apt,45,1,1,2024-06-16,0.30,36,114,1,00002496820
1141116642319169412,Garden Boutique 21,379910184,Νικόλαος,,Thessaloniki,40.64213,22.93654,Entire home/apt,39,1,3,2024-06-17,0.60,36,342,3,00002496899
1141121366093672613,Garden Boutique 22,379910184,Νικόλαος,,Thessaloniki,40.64351,22.9351,Entire home/apt,39,1,1,2024-08-10,0.67,36,318,1,00002696921
1141123720018599618,DeKolomvou,214875317,DeKo,,Thessaloniki,40.63859131428915,22.938866926093425,Entire home/apt,44,1,0,,,3,228,0,00002593514
1141129998405852307,Garden Boutique 23,379910184,Νικόλαος,,Thessaloniki,40.643,22.93714,Entire home/apt,45,1,4,2024-08-11,0.89,36,52,4,00002496857
1141130757908050290,"Penthouse Apartment #9, The Luxury Suites",280458084,The Luxury Suites,,Thessaloniki,40.63948,22.9367,Entire home/apt,54,2,0,,,173,170,0,00001422663
1141135983532439541,Garden Boutique 26,379910184,Νικόλαος,,Thessaloniki,40.64281,22.93509,Entire home/apt,45,1,2,2024-05-05,0.42,36,353,2,00002496916
1141143514539842860,Garden Boutique 31,379910184,Νικόλαος,,Thessaloniki,40.64161,22.93543,Entire home/apt,45,1,4,2024-09-02,0.85,36,32,4,00002497025
1141147186080479520,"Stylish #3, The Luxury Suites",280458084,The Luxury Suites,,Thessaloniki,40.63781,22.94199,Entire home/apt,49,2,4,2024-07-05,0.98,173,173,4,00002692424
1141151136406341167,"Adelle Apartment #22, The Luxury Suites",280458084,The Luxury Suites,,Thessaloniki,40.63791,22.93873,Entire home/apt,58,2,10,2024-09-04,2.14,173,4,10,00001363248
1141158786328189336,"Cielo #3, The Luxury Suites",280458084,The Luxury Suites,,Thessaloniki,40.63674,22.93582,Entire home/apt,50,2,9,2024-09-08,2.03,173,169,9,00002111039
1141159790484229378,Garden Boutique 32,379910184,Νικόλαος,,Thessaloniki,40.6435,22.93494,Entire home/apt,42,1,1,2024-05-07,0.21,36,255,1,00002497004
1141198044862453060,Garden Boutique 33,379910184,Νικόλαος,,Thessaloniki,40.64214,22.93661,Entire home/apt,45,1,1,2024-06-11,0.29,36,52,1,00002496878
1141201779159639335,Garden Boutique 34,379910184,Νικόλαος,,Thessaloniki,40.6435,22.93694,Entire home/apt,45,1,2,2024-08-05,0.49,36,53,2,00002496963
1141205952134127275,Garden Boutique 35,379910184,Νικόλαος,,Thessaloniki,40.64335,22.93696,Entire home/apt,38,1,3,2024-06-16,0.67,36,318,3,00002496937
1141208784907753517,Estia on White Tower | Midas Home Project,158095749,Νίκος,,Thessaloniki,40.62888,22.95017,Entire home/apt,146,1,17,2024-09-17,3.45,6,194,17,00002595591
1141211571490615186,Garden Boutique 36,379910184,Νικόλαος,,Thessaloniki,40.64207,22.93505,Entire home/apt,38,1,2,2024-05-26,0.48,36,84,2,00002496942
1141238515605006235,Garden Boutique 41,379910184,Νικόλαος,,Thessaloniki,40.64285,22.93533,Entire home/apt,45,1,2,2024-05-01,0.40,36,53,2,00002497046
1141249606245850234,Garden Boutique 42,379910184,Νικόλαος,,Thessaloniki,40.64335,22.93559,Entire home/apt,45,1,3,2024-05-19,0.60,36,84,3,00002496979
1141347623540824354,Alora house near to Thessaloniki center,573869907,Clio,,Thessaloniki,40.62069387106518,22.958462946116924,Entire home/apt,66,2,4,2024-07-02,0.97,1,97,4,00002594281
1141378954721332520,Urban bliss apartment | SKG,573880586,Maria,,Thessaloniki,40.63507,22.95073,Entire home/apt,55,3,8,2024-08-30,2.47,1,156,8,00002676121
1141736208509414352,Garden Boutique 43,379910184,Νικόλαος,,Thessaloniki,40.64182,22.93531,Entire home/apt,45,1,0,,,36,341,0,00002496979
1141742075981083257,Garden Boutique 44,379910184,Νικόλαος,,Thessaloniki,40.64367,22.93487,Entire home/apt,48,1,1,2024-05-26,0.25,36,0,1,00002531853
1141762838170376536,Garden Boutique 45,379910184,Νικόλαος,,Thessaloniki,40.64321,22.93542,Entire home/apt,45,1,2,2024-08-08,0.42,36,114,2,00002592192
1141829749618865427,White Orhid Studio,62055269,Θοδωρής,,Thessaloniki,40.6468942,22.9224306,Entire home/apt,39,1,1,2024-05-18,0.23,5,237,1,00002570123
1141899589179722793,Διαμέρισμα με θέα στο λιμάνι,23731332,Georgios,,Thessaloniki,40.644566065963105,22.927607148885727,Entire home/apt,88,2,2,2024-06-10,0.52,1,121,2,00002618957
1141963334077867293,F & B Collection - Flat for 3,31131449,Dimitris,,Thessaloniki,40.6281687,22.9520852,Entire home/apt,49,7,0,,,56,360,0,00002593843
1141999359316032535,Alpha Omega,107473102,Dimitris,,Thessaloniki,40.619,22.95424,Entire home/apt,88,2,0,,,2,90,0,00000009750
1142039581689237267,"Urania ""the heavenly""",334261979,Chrisa And Nick,,Thessaloniki,40.6377685,22.948571,Entire home/apt,34,2,21,2024-09-08,4.23,3,160,21,00002565766
1142416663807382923,Center4City-Apartment Thessaloniki,100776361,Μανωλης,,Thessaloniki,40.6416115,22.9341706,Entire home/apt,56,1,2,2024-06-25,0.62,8,270,2,00002599743
1142432329200457068,Cozy Apt! Friends & Family + Private Paid Parking,439956375,Dimitris,,Thessaloniki,40.64361,22.928,Entire home/apt,74,1,34,2024-09-17,6.75,1,361,34,00002310026
1142455186651429184,Urban Folks | Modern apartment,553323265,Nikos,,Thessaloniki,40.6355888,22.9483415,Entire home/apt,68,1,2,2024-09-15,2,7,64,2,00002593460
1142547901107050602,Urban Nest,107235145,Panayota,,Thessaloniki,40.6374886,22.9500547,Entire home/apt,43,2,6,2024-09-15,1.28,2,264,6,00002578095
1142557355201694005,Urban Folks | Cozy apartment,553323265,Nikos,,Thessaloniki,40.6355888,22.9483415,Entire home/apt,74,1,1,2024-06-10,0.28,7,82,1,00002593481
1142773194693055169,Hyperion Premium Suite,265363053,Hyperion Premium,,Ampelokipon – Menemeni,40.64841,22.92903,Entire home/apt,68,1,0,,,1,262,0,00002568130
1142864782490023033,Namastay PP6# hosted by DoorMat,370588541,Mariana,,Thessaloniki,40.63206599999999,22.9492803,Entire home/apt,40,2,13,2024-09-07,2.75,5,246,13,00002572891
1142868383314669870,Mazi Rooms Charilaou 2.1,59687021,Pau,,Thessaloniki,40.60227744577844,22.970181182026863,Entire home/apt,46,1,14,2024-08-27,2.92,14,262,14,00002603120
1142879185108615771,Namastay PP5# hosted by DoorMat,370588541,Mariana,,Thessaloniki,40.63206599999999,22.9492803,Entire home/apt,38,2,22,2024-09-08,4.46,5,239,22,00002572903
1143150756141605827,Oditee Rotonda baby,52529760,Konstantinos,,Thessaloniki,40.63334,22.95469,Entire home/apt,61,2,0,,,6,36,0,00002548047
1143196127406257392,Aesthetic central studio,574226147,Φωτεινή,,Thessaloniki,40.64095289999999,22.9454041,Entire home/apt,50,2,1,2024-09-07,1,1,6,1,00002537041
1143428036015347394,SKG Center Apartment,177639997,Christos,,Thessaloniki,40.63068,22.94966,Entire home/apt,70,1,7,2024-09-21,1.65,1,99,7,00002583749
1143539290719594674,Central elegant loft apartment,534962592,Σουλτάνα,,Thessaloniki,40.63992231296774,22.94810115439272,Entire home/apt,53,2,5,2024-09-16,1.16,2,140,5,00002586670
1143576617954619461,DoorMat#16 Sunkissed,23525724,Mario,,Thessaloniki,40.6417037,22.936566,Entire home/apt,42,1,24,2024-09-09,5.07,10,228,24,00002602108
1143591171052798035,Eleven Elysium #URBN,529609791,Asset,,Thessaloniki,40.6292514149385,22.947807088360594,Entire home/apt,109,2,11,2024-08-27,2.29,3,251,11,00002602140
1143869205586965765,New apartment in the center,192083254,Chen,,Thessaloniki,40.64052022929226,22.93679288465575,Entire home/apt,55,2,0,,,1,266,0,00002602235
1144047625470005610,"""Rebecca's Philoxenia"" Apartment",290484337,Rebecca,,Thessaloniki,40.6367075,22.9537056,Entire home/apt,51,2,13,2024-08-08,3.42,1,218,13,00002587746
1144398018274635264,Mazi Rooms Charilaou 2.3,59687021,Pau,,Thessaloniki,40.6022384990302,22.970055118203163,Entire home/apt,50,1,3,2024-05-18,0.66,14,201,3,00002603141
1131575565477431518,Luxury in the city heart,201738738,Your.Rentals,,Thessaloniki,40.6301461,22.9469234,Entire home/apt,106,1,0,,,27,312,0,00000522752
1131689501031306684,Apartment in Thessaloniki,571554628,Panagiotis,,Thessaloniki,40.6054958,22.9524898,Entire home/apt,50,2,8,2024-08-31,1.47,1,249,8,00002554628
1131721492286740882,SKG Urban Boutique,128968239,Konstantinos,,Thessaloniki,40.63685,22.9396,Entire home/apt,69,1,2,2024-05-19,0.39,19,94,2,00002058305
1131740007755806379,Tranquil Thessaloniki Apartment,128968239,Konstantinos,,Thessaloniki,40.6386,22.93915,Entire home/apt,43,1,2,2024-07-01,0.48,19,157,2,00002249616
1131851849457409389,Coloris Rubrum room,348677868,Ilias,,Thessaloniki,40.61418099999999,22.978656,Entire home/apt,74,2,3,2024-08-21,0.60,2,270,3,00002560040
1131854542943037798,"Κεντρικό, άνετο, διαμέρισμα 3λεπτά από την παραλία",82169332,Vasiliki,,Thessaloniki,40.60497,22.95394,Entire home/apt,39,4,8,2024-09-17,1.49,1,192,8,00002562820
1132326436150146500,King George 40 Seaside Apartment,233599991,Χρήστος,,Thessaloniki,40.6184004,22.9543055,Entire home/apt,69,1,0,,,30,90,0,00002554941
1132357130834264559,"Center of the city, washer(100m from S. Dimitrios)",571717700,Iraklis,,Thessaloniki,40.63951,22.94819,Entire home/apt,36,2,19,2024-09-16,3.77,1,261,19,00002587969
1132390276546664665,Thessalonian Suite I - 2 Steps from White Tower,571625243,Paraschos,,Thessaloniki,40.6277587,22.9487264,Entire home/apt,72,2,2,2024-07-21,0.39,1,310,2,00002555635
1132603077941129841,Hypatia's Cosy Apartment,152956485,Ioannis,,Thessaloniki,40.61625,22.97287,Entire home/apt,37,1,25,2024-09-09,5.10,4,357,25,00002565357
1133251911042422744,"Nexia Penthouse, Nilie Hospitality MGMT",239769711,Nilie Premium Hospitality MGMT,,Thessaloniki,40.6409,22.93931,Entire home/apt,76,1,13,2024-09-12,6.19,316,260,13,00002345420
1133461063679591668,Ισόγειο διαμέρισμα 60 τ.μ. στα Πεύκα,172559007,Panagiotis,,Neapolis – Sykeon,40.65266,22.99824,Entire home/apt,60,1,26,2024-09-02,5.00,1,150,26,00002557665
1133842215839326452,Naos Studio ( free private parking),302947153,George,,Thessaloniki,40.6392187,22.9559384,Entire home/apt,64,2,2,2024-05-05,0.38,7,261,2,00002434490
1133862139031001735,Vintage Family Apartment,572056549,Μαρία,,Thessaloniki,40.612313131180095,22.970917667683324,Entire home/apt,61,1,32,2024-09-20,6.62,1,349,32,00002593716
1133876022359581657,Μεζονέτα στην Άνω πόλη,228364171,Pelagia,,Thessaloniki,40.640302,22.9579979,Entire home/apt,87,3,14,2024-09-19,3.00,1,326,14,00002542147
1133943452326702503,#Luxlikehome Tsimiski Blue,231048679,Luxlikehome,,Thessaloniki,40.63237,22.94539,Entire home/apt,86,2,1,2024-08-14,0.73,15,266,1,00002628329
1134121976109553214,AMJ  Thessaloniki Apartment,572121833,Νικόλαος,,Thessaloniki,40.6066068,22.9562234,Entire home/apt,67,2,11,2024-09-13,2.23,1,359,11,00002568629
1134661669052413186,City Oasis,185616424,Vaggelis,,Thessaloniki,40.63766,22.95123,Entire home/apt,100,2,1,2024-07-02,0.36,4,267,1,00002566263
1134819588478543956,Amalia's Luxury Apartment,572290585,Αμαλία,,Pilea – Chortiatis,40.601738740584366,22.985132338721282,Entire home/apt,52,2,16,2024-09-15,3.72,1,150,16,00002591909
1134902094400360851,M2 Urban Escape | 2-bedroom flat in Thessaloniki,223035454,Maria,,Thessaloniki,40.6009,22.96447,Entire home/apt,83,2,1,2024-08-18,0.81,1,270,1,00002569939
1134921626946967521,"""Thessaloniki Getaway Guesthouse """,572324836,Ευθυμιος,,Thessaloniki,40.6086922,22.9756715,Entire home/apt,42,3,1,2024-08-20,0.86,1,332,1,00002277187
1134957256219942635,MG Sapphire Jacuzzi Premium Suite,539961393,The Fox'S Lair,,Thessaloniki,40.635790844956624,22.938607906745894,Entire home/apt,109,1,11,2024-09-20,2.80,2,78,11,00002655488
1135261098764255798,Best Views in Old Town!,326119046,Kyriaki,,Thessaloniki,40.6382998,22.956782,Entire home/apt,94,1,16,2024-09-22,3.75,1,0,16,00002810367
1135396607066567316,Luxury Sea View Retreat,549616215,Παυλος,,Thessaloniki,40.6283313,22.946551,Entire home/apt,183,1,19,2024-09-19,3.85,1,245,19,00002582880
1135404864596663332,Olive Apartment,119416356,Fani,,Thessaloniki,40.63434,22.94516,Entire home/apt,43,1,7,2024-08-24,1.35,30,8,7,00002621512
1136006888493251195,Modern Condo in Thessaloniki,102898167,Vasiliki,,Thessaloniki,40.61851718424045,22.956851788360595,Entire home/apt,55,1,4,2024-09-17,1.20,1,66,4,00002620185
1136105834697145322,white & grey Diamond,293672648,Zoe,,Thessaloniki,40.6417245,22.9440134,Entire home/apt,39,1,13,2024-08-25,2.53,4,266,13,00002358779
1136124255755011171,M Boutigue Apartments,572608934,Stelios,,Ampelokipon – Menemeni,40.65164311843864,22.91328232698366,Entire home/apt,95,1,2,2024-09-22,2,1,150,2,00002569067
1136144812990244852,ECA Suite #2,128968239,Konstantinos,,Thessaloniki,40.6348861,22.9455821,Entire home/apt,68,1,1,2024-04-27,0.20,19,264,1,00002566279
1136148602005194402,HouseThessaloniki!,544273844,Maria,,Thessaloniki,40.60114,22.96782,Entire home/apt,45,1,3,2024-09-21,0.71,2,269,3,3377255
1136208718796288522,The RED apartment- 5’ από κέντρο,56602377,Pasxalis,,Thessaloniki,40.6192062,22.9579359,Entire home/apt,65,2,0,,,2,218,0,00002573054
1136231295088979068,"Maison Studio 5.3, The Luxury Suites",280458084,The Luxury Suites,,Thessaloniki,40.63813,22.93618,Entire home/apt,53,2,9,2024-08-02,1.91,173,171,9,00002576130
1136283327585160629,"Maison Studio 5.1, The Luxury Suites",280458084,The Luxury Suites,,Thessaloniki,40.63869,22.93749,Entire home/apt,53,2,2,2024-08-22,1.18,173,169,2,00002576124
1136313776951317962,The GRΕΕN apartment,56602377,Pasxalis,,Thessaloniki,40.61921,22.95794,Entire home/apt,65,2,1,2024-04-22,0.19,2,250,1,00002573049
1136749234184377217,"Rocco, Nilie Hospitality MGMT",239769711,Nilie Premium Hospitality MGMT,,Thessaloniki,40.6310632,22.952544,Entire home/apt,54,1,14,2024-09-18,2.80,316,237,14,00001589654
1136803804177344471,Affogato by halu!: Bright and modern apartment,251290631,Halu,,Thessaloniki,40.62886,22.95277,Entire home/apt,73,1,1,2024-05-16,0.23,90,341,1,00002532392
1136931025460726948,LuxuryApartments inThessaloniki2,323768806,Ευαγγελία,,Thessaloniki,40.6421312,22.947249,Entire home/apt,55,1,9,2024-09-22,1.81,2,66,9,00002598050
1136977178484989608,Bright boutique apartment in vibrant neighbourhood,411829579,Χρήστος,,Thessaloniki,40.60886,22.96149,Entire home/apt,46,1,7,2024-09-02,1.35,1,264,7,00002547104
1137430637076513118,Dolly by halu!: Luxe apartment in Thessaloniki,251290631,Halu,,Thessaloniki,40.63456,22.95077,Entire home/apt,120,1,8,2024-08-17,2.07,90,331,8,00002655627
1137451977506170152,C.16 The nest #Colony City heart,32216964,George,,Thessaloniki,40.64331749999999,22.9376162,Entire home/apt,52,2,0,,,17,327,0,00002544040
1137642504543134763,Calm & Cosy Studio + Parking,572986880,Christoforos,,Kalamaria,40.5813,22.94803,Entire home/apt,51,2,6,2024-07-23,1.38,1,233,6,00002582423
1138153217557559570,CityScape Haven - Amazing Old Town Area,165143941,Athanasios,,Thessaloniki,40.63817880000001,22.9550945,Entire home/apt,,2,2,2024-07-08,0.70,1,0,2,00002583775
1138161897053113005,Basquiat by halu!: Gallery apartment in the center,251290631,Halu,,Thessaloniki,40.63175,22.94715,Entire home/apt,135,1,9,2024-09-20,1.86,90,360,9,00002287175
1138184952912252558,Urban Jungle,188458774,Arcus O.E.,,Thessaloniki,40.631390022759426,22.949291684655773,Entire home/apt,90,1,1,2024-07-10,0.39,18,214,1,00002575319
1138218070960041845,"Adelle Studio #72, The Luxury Suites",280458084,The Luxury Suites,,Thessaloniki,40.63988,22.93939,Entire home/apt,48,2,13,2024-08-09,2.65,173,168,13,00002584735
1138274300995063837,"Adelle Studio #71, The Luxury Suites",280458084,The Luxury Suites,,Thessaloniki,40.63932,22.93908,Entire home/apt,49,2,8,2024-09-02,3.33,173,167,8,00002584676
1138280253644072203,"Adelle Studio #73, The Luxury Suites",280458084,The Luxury Suites,,Thessaloniki,40.63862,22.94053,Entire home/apt,48,2,19,2024-08-25,3.75,173,161,19,00002584841
1138282092686889657,"Adelle Studio #74, The Luxury Suites",280458084,The Luxury Suites,,Thessaloniki,40.63813,22.93888,Entire home/apt,48,2,1,2024-07-30,0.54,173,172,1,00002584862
1139083604377325064,Prince of Persia - Luxurious Apartment,213603241,Νίκος,,Pilea – Chortiatis,40.60786,22.99073,Entire home/apt,95,2,3,2024-07-25,0.84,2,172,3,00002584937
1139139419725513429,Be my Guest-Your Urban Stay,212951050,Socrates Junior Houses,,Thessaloniki,40.6419269,22.9353863,Entire home/apt,52,1,0,,,13,261,0,00002672050
1139170062897495555,Greko Home,262535219,Georgios,,Thessaloniki,40.6415078,22.9405555,Entire home/apt,63,2,4,2024-07-02,1.05,1,253,4,00002573108
1139183210476521000,Be my guest-You Urban Stay,212951050,Socrates Junior Houses,,Thessaloniki,40.64192691224135,22.93538622558117,Entire home/apt,58,1,0,,,13,268,0,00002672267
1139313755733055890,Amazing Studio Next To Center only 10 minutes walk,201738738,Your.Rentals,,Thessaloniki,40.6417727,22.9472899,Entire home/apt,41,4,0,,,27,309,0,00046582908
1140365744917870316,Value for Money Penthouse Apt,145800043,Dimitris,,Thessaloniki,40.64060747726022,22.94030676931152,Entire home/apt,51,1,4,2024-08-03,1.30,4,332,4,00000034365
1140415293112444966,G.Douglas Diamond,188458774,Arcus O.E.,,Thessaloniki,40.629194,22.9522711,Entire home/apt,70,2,0,,,18,80,0,00002036900
1149791121978563072,"Room 8, Nilie Hospitality MGMT",239769711,Nilie Premium Hospitality MGMT,,Thessaloniki,40.63583,22.95191,Entire home/apt,61,1,3,2024-07-24,0.94,316,251,3,1794824
1149799283934574724,"Room 8, Nilie Hospitality MGMT",239769711,Nilie Premium Hospitality MGMT,,Thessaloniki,40.63743,22.95139,Entire home/apt,61,1,6,2024-09-14,1.42,316,258,6,1234567
1150995011535827070,Amazing Studio - Olympiados 45,201738738,Your.Rentals,,Thessaloniki,40.6417727,22.9472899,Entire home/apt,43,4,0,,,27,347,0,00046789263
1151152352347622654,"Room 8, Nilie Hospitality MGMT",239769711,Nilie Premium Hospitality MGMT,,Thessaloniki,40.63583,22.95294,Entire home/apt,61,1,12,2024-09-13,3.00,316,261,12,1234567
1151251944929623876,"Room 8, Nilie Hospitality MGMT",239769711,Nilie Premium Hospitality MGMT,,Thessaloniki,40.63609,22.95327,Entire home/apt,61,1,9,2024-08-27,2.13,316,262,9,1234567
1151257258606097161,"Room 8, Nilie Hospitality MGMT",239769711,Nilie Premium Hospitality MGMT,,Thessaloniki,40.63625,22.95154,Entire home/apt,61,1,12,2024-09-14,3.87,316,263,12,1234567
1151323081847566879,Apartment near train station,545741235,Gino,,Ampelokipon – Menemeni,40.6484145,22.9280159,Entire home/apt,55,1,5,2024-09-04,2.88,1,265,5,00001864878
1151387638969997171,Ανακαινισμένο ευρύχωρο διαμέρισμα με θέα,18470025,Patroklos,,Kalamaria,40.57469,22.96693,Entire home/apt,82,2,6,2024-09-16,2.12,2,330,6,00002616710
1151483641433059893,Olympia Minimal Luxurious,448166001,Φιλιππος Στεφανος,,Thessaloniki,40.6186323,22.9649356,Entire home/apt,56,2,11,2024-09-15,4.34,1,112,11,00002746436
1151916989119220602,Celestial Garden- 2 bd  penthouse mtn & city view,76732936,Dimitra,,Thessaloniki,40.59975559999999,22.9774839,Entire home/apt,61,2,1,2024-05-20,0.24,1,194,1,00002608438
1152126293462623445,Central Gem / Nice Patio /4p,576483994,Olga,,Thessaloniki,40.63328639598133,22.946950449731244,Entire home/apt,,1,2,2024-07-21,0.56,1,0,2,00002362602
1152158955237680351,MainAvenue Living Local,451501319,Nikolaos Taxiarchis,,Thessaloniki,40.6281687,22.9520852,Entire home/apt,149,1,3,2024-07-11,0.96,1,270,3,00002539428
1152193432222737884,LuxLiving Sarantaporou Studio 1,510197006,Alexandros,,Thessaloniki,40.6200278,22.9560678,Entire home/apt,30,1,14,2024-09-06,3.11,9,215,14,00002619125
1152229635504851455,LuxLiving Sarantaporou Studio 2,510197006,Alexandros,,Thessaloniki,40.6200278,22.9560678,Entire home/apt,31,1,9,2024-09-04,2.78,9,222,9,00002619146
1152577430088164917,BH774 - C - Suite Thessaloniki,461193921,The Best Homes,,Thessaloniki,40.62689,22.94844,Entire home/apt,244,3,0,,,14,329,0,1146800
1152633553984770294,Skyview Bliss #2,128968239,Konstantinos,,Thessaloniki,40.60506,22.95514,Entire home/apt,38,1,10,2024-09-18,2.73,19,239,10,00002629846
1152645339072638364,Dream Suite,86924681,Dimitrios,,Thessaloniki,40.59563709034853,22.961567164749226,Entire home/apt,135,1,3,2024-08-18,0.78,2,263,3,00002603343
1152723239402733620,Bel Air: Elegant apartment in the center,251290631,Halu,,Thessaloniki,40.63476,22.94752,Entire home/apt,132,1,10,2024-09-15,2.48,90,349,10,00002634405
1153031494359154394,Amazing Studio Next To Center 10 minutes walking,201738738,Your.Rentals,,Thessaloniki,40.6416527,22.9476976,Entire home/apt,30,3,0,,,27,332,0,00046582901
1153031539316060036,Aristotelous View Cozy Apartment,116801102,Dimitra,,Thessaloniki,40.63524970742208,22.94335504232788,Entire home/apt,105,2,2,2024-08-23,1.62,1,164,2,00002627677
1153410764658415915,Amber studios by halu!: One bedroom apartment,251290631,Halu,,Neapolis – Sykeon,40.64917,22.93723,Entire home/apt,51,1,3,2024-08-29,0.70,90,4,3,12345678901
1153485049570529710,Amber studios by halu!: Loft apartment,251290631,Halu,,Neapolis – Sykeon,40.64983,22.93648,Private room,47,1,0,,,90,6,0,12345678901
1153678401667596518,Mirror#Skgbnb,28267881,Tomas&Cristina! Skgbnb,,Thessaloniki,40.6227621,22.9608841,Entire home/apt,54,1,2,2024-08-18,0.53,29,362,2,00002631149
1153732283875663217,Latomeiou 3 Luxury Apartment,195434423,Ioannis,,Thessaloniki,40.64753169999999,22.9390903,Entire home/apt,58,2,10,2024-09-13,4.05,3,229,10,00002574625
1154142327398372594,SKG Apartment Kotsidis,518900602,Stylianos,,Thessaloniki,40.62197,22.95947,Entire home/apt,53,3,4,2024-09-09,0.94,1,251,4,00002628153
1154343810384289550,Θεσσαλονίκη κέντρο,577002591,Γεωργιος,,Thessaloniki,40.64270920553026,22.938803024590015,Entire home/apt,,1,1,2024-05-20,0.24,1,0,1,00002442804
1154349468632494124,Elysian Bliss by InFox Suites,436387571,Kyriakos,,Thessaloniki,40.63892952258145,22.945785186508168,Entire home/apt,100,1,1,2024-07-08,0.38,5,136,1,01126726645
1154855994522324410,GetHome City Charm,577102361,Nikolaos,,Thessaloniki,40.6290562577836,22.951721449737548,Entire home/apt,53,2,2,2024-07-21,0.63,1,237,2,00002622307
1154926789014253811,Διαμέρισμα Θεσσαλονίκη,577116695,Dimitrios,,Kalamaria,40.584797019877854,22.951633371412754,Entire home/apt,63,1,3,2024-09-10,2.00,1,250,3,00002701660
1155555288974741703,Joene Vintage Apartment,233599991,Χρήστος,,Thessaloniki,40.64894839999999,22.934768,Entire home/apt,82,1,2,2024-06-24,0.55,30,154,2,00002138171
1155655874009031381,Thessalonian Suite II - 2 Steps from Whiter Tower,577299080,Athanasios,,Thessaloniki,40.627761210267124,22.948700492686033,Entire home/apt,65,2,5,2024-09-11,1.18,1,328,5,00002631196
1155739743430179239,Μοντέρνο στούντιο-10' από την νέα παραλία θεσ/νίκη,577320957,Παναγιωτης,,Thessaloniki,40.61453,22.95671,Entire home/apt,34,2,12,2024-08-18,2.98,1,7,12,00002636340
1144795306653490763,Mazi Rooms Charilaou 2.2,59687021,Pau,,Thessaloniki,40.602257845188404,22.97012384980917,Entire home/apt,44,1,5,2024-08-11,1.25,14,249,5,00002603035
1144819256210148070,Studio Proxenou Koromila,448931271,Rodoula,,Thessaloniki,40.63204,22.94157,Entire home/apt,52,1,0,,,1,268,0,Exempt
1144824050902126375,D&A Apartments,545350233,Δημητρης,,Thessaloniki,40.604813293879886,22.95888639986515,Entire home/apt,99,3,6,2024-09-07,1.82,1,347,6,00002603077
1144878656394921329,Dora Guest House,522581135,Maria,,Neapolis – Sykeon,40.64864,22.94806,Entire home/apt,58,1,7,2024-09-08,1.64,1,81,7,00002602670
1144957933737940385,Thea,52529760,Konstantinos,,Thessaloniki,40.64022,22.94903,Entire home/apt,122,3,7,2024-08-11,1.81,6,212,7,00002560283
1144964693853621634,Stella's House,574700729,Κυριακος,,Thessaloniki,40.64391790012319,22.93932854047546,Entire home/apt,70,1,26,2024-09-11,6.09,1,166,26,00002579746
1145391105932483956,Feel Greek Hospitality #Θ004,568023192,Feel Greek,,Thessaloniki,40.63433,22.94791,Entire home/apt,61,1,0,,,8,129,0,00002559286
1145486313331350932,Coloris Caeruleus room,119136694,Despoina,,Thessaloniki,40.61418099999999,22.978656,Entire home/apt,73,1,3,2024-08-14,0.70,2,270,3,00002590141
1145507134319057315,Orietta Suite,454062804,Sea And The City,,Thessaloniki,40.6338905,22.9395477,Entire home/apt,97,1,1,2024-07-29,0.53,16,118,1,00002419853
1145529771433804381,Feel Greek Hospitality #Θ005,568023192,Feel Greek,,Thessaloniki,40.64186,22.93502,Entire home/apt,68,2,2,2024-09-16,2,8,203,2,00002578750
1145745454176247165,Bella2015,543309317,Giorilnta,,Thessaloniki,40.6104,22.95336,Entire home/apt,78,1,2,2024-07-30,0.47,2,269,2,3865085
1146333345754886137,Boho & Art Suite,36630816,Stefanos,,Thessaloniki,40.63943380000001,22.9378104,Entire home/apt,150,3,0,,,1,365,0,00002673662
1146366645725024171,The Den skg,5161200,Anastasia,,Thessaloniki,40.63866,22.95216,Entire home/apt,49,1,6,2024-08-31,1.89,1,205,6,00002590120
1146409239544803245,A. art suite downtown luxury living,92991406,Georgios,,Thessaloniki,40.62818351334848,22.95083474367857,Entire home/apt,60,2,13,2024-09-22,3.00,1,83,13,00002611907
1146499846434474801,Casa de Pavel,18403360,Elena,,Thessaloniki,40.6298021,22.9497305,Entire home/apt,109,1,1,2024-05-19,0.23,1,227,1,00002591190
1146732720433141268,Leon's Thessaloniki Escape,310344859,Leon,,Thessaloniki,40.64012695906935,22.94024237605743,Entire home/apt,32,4,0,,,1,325,0,00002603566
1147159648646504357,forest-view-panorama,575259190,Φωτεινη,,Pilea – Chortiatis,40.5893,23.03355,Entire home/apt,100,1,0,,,1,364,0,00002596419
1147725523973195312,F & B Collection - Apartment for 4,31131449,Dimitris,,Kalamaria,40.5873634,22.9552397,Entire home/apt,74,7,4,2024-08-29,1.35,56,364,4,00002614067
1147940803989505216,Oditee Rotonda,52529760,Konstantinos,,Thessaloniki,40.63304369999999,22.9539365,Entire home/apt,81,1,0,,,6,38,0,00002548068
1147943346796548734,"Yellow Kitchen Apartment, City Central location",574796496,Stavros,,Thessaloniki,40.61326,22.95632,Entire home/apt,50,2,2,2024-09-01,0.71,1,81,2,00002568554
1148286633757757309,AZ premium suite- 106,574327789,Shiuan,,Thessaloniki,40.63586,22.93576,Entire home/apt,90,1,5,2024-09-16,2.11,2,300,5,00002639977
1148292454503055263,"Yasmine, Nilie Hospitality MGMT",239769711,Nilie Premium Hospitality MGMT,,Pilea – Chortiatis,40.59555,22.99166,Entire home/apt,146,2,2,2024-07-03,0.65,316,10,2,1234567
1148367337779043515,"Alpha, Nilie Hospitality MGMT",239769711,Nilie Premium Hospitality MGMT,,Thessaloniki,40.63358,22.95017,Entire home/apt,61,1,2,2024-09-14,1.46,316,217,2,2383930
1148634907097412006,Polis Urban #3,569271524,Polis Urban,,Thessaloniki,40.6369425,22.9522104,Entire home/apt,1130,1,1,2024-05-19,0.23,2,270,1,00002615196
1149178340836457462,Out of stone suite - Thessaloniki,250239088,Theodora,,Thessaloniki,40.6410971,22.9308167,Entire home/apt,109,1,35,2024-09-20,7.50,2,22,35,00002615420
1149359511343620315,Kamara City Heart Apt 5p,44660292,Panagiotis,,Thessaloniki,40.6306,22.95106,Entire home/apt,,2,0,,,1,0,0,00002615702
1149727461102319277,"Aelia 6.1 with Jacuzzi, The Luxury Suites",280458084,The Luxury Suites,,Thessaloniki,40.63877,22.93636,Entire home/apt,94,2,6,2024-09-02,2.61,173,164,6,00002789791
1149762077610459677,"Room 8, Nilie Hospitality MGMT",239769711,Nilie Premium Hospitality MGMT,,Thessaloniki,40.63558,22.95169,Entire home/apt,61,1,7,2024-09-21,1.56,316,252,7,1256896
1149776863670768489,"Room 8, Nilie Hospitality MGMT",239769711,Nilie Premium Hospitality MGMT,,Thessaloniki,40.63588,22.95186,Entire home/apt,61,1,4,2024-09-21,0.93,316,260,4,1915884
1149782758576488040,"Room 8, Nilie Hospitality MGMT",239769711,Nilie Premium Hospitality MGMT,,Thessaloniki,40.63611,22.95128,Entire home/apt,61,1,5,2024-06-26,1.22,316,248,5,1915884
1163538221925683347,Downtown Stylish Apartment 2,444906990,Smart Plan,,Thessaloniki,40.63459,22.9526,Entire home/apt,53,1,5,2024-09-12,1.34,15,259,5,00002654710
1163560034220831399,Downtown Stylish Apartment 4,444906990,Smart Plan,,Thessaloniki,40.63435,22.95191,Entire home/apt,55,1,6,2024-07-17,1.65,15,242,6,00002653910
1163709739455913665,Θεσσαλονίκη Εύοσμος,558511085,Veronika,,Kordelio – Evosmos,40.67545,22.90569,Entire home/apt,241,1,1,2024-07-13,0.41,1,269,1,00000004532
1163771498162327165,Nice & Quiet Toumba Area / 4P,579415261,Ουρανια,,Thessaloniki,40.615939,22.9698725,Entire home/apt,51,2,2,2024-08-23,1.13,1,358,2,00002665986
1165035093173034700,Helena's Apartment,269803467,Elena,,Thessaloniki,40.6126241,22.9536573,Entire home/apt,64,2,9,2024-08-27,2.97,1,313,9,00002695329
1165115569877571405,Modern Penthouse city center,579725563,Pavlos,,Thessaloniki,40.63189664273164,22.948912286508193,Entire home/apt,82,1,36,2024-09-19,9.73,1,63,36,00002666601
1165624922087116933,BH636 - C - Room Thessaloniki,461193921,The Best Homes,,Thessaloniki,40.63867,22.93892,Entire home/apt,,3,0,,,14,93,0,1302202
1165657255959095421,BH637 - C - Room Thessaloniki,461193921,The Best Homes,,Thessaloniki,40.63917,22.93876,Entire home/apt,170,3,0,,,14,95,0,1302202
1165683313629972715,Shinny downtown living,52202112,Mike,,Thessaloniki,40.6361654,22.9504853,Entire home/apt,50,1,0,,,3,170,0,00002621103
1165688836054767128,BH654 - C - Room Thessaloniki,461193921,The Best Homes,,Thessaloniki,40.63757,22.94045,Entire home/apt,,3,0,,,14,95,0,1302202
1165690046782390157,Cozy central studio,103972835,Christina,,Thessaloniki,40.63884,22.95242,Entire home/apt,33,2,9,2024-09-04,2.57,4,265,9,00002442220
1165715213426993747,BH061 - C - Room Thessaloniki,461193921,The Best Homes,,Thessaloniki,40.63718,22.94069,Entire home/apt,196,3,0,,,14,95,0,1302202
1165796103879779549,BH701 - C - Room Thessaloniki,461193921,The Best Homes,,Thessaloniki,40.63796,22.93948,Entire home/apt,,3,0,,,14,95,0,1302202
1165818751690905378,BH708 - C - Room Thessaloniki,461193921,The Best Homes,,Thessaloniki,40.63727,22.94061,Entire home/apt,366,3,0,,,14,92,0,1302202
1165972394128083633,"Gorria, Nilie Hospitality MGMT",239769711,Nilie Premium Hospitality MGMT,,Thessaloniki,40.61533,22.97466,Entire home/apt,64,1,4,2024-09-09,1.82,316,270,4,00001234569
1165999996492850982,Cozy City Apartment,579977084,Αθηνά,,Thessaloniki,40.6304138,22.9522462,Entire home/apt,55,2,15,2024-09-10,4.95,1,121,15,00002672883
1166386351009630175,Huge 'n' Happy Apartment,539360291,Ioannis,,Thessaloniki,40.63118757877338,22.95266508717194,Entire home/apt,150,2,3,2024-09-22,3,1,332,3,00002245316
1166407554544737641,Homevision - Boutique Pop Up Condo - City Center,515398068,Homevision,,Thessaloniki,40.63301,22.9477,Entire home/apt,64,2,6,2024-09-14,1.96,11,265,6,00002665870
1166482259117490856,Arch View Apartment,261937610,Dimitriadis,,Thessaloniki,40.63062,22.95248,Entire home/apt,98,2,6,2024-09-09,1.57,12,357,6,00002660195
1166491687358779235,Green Oasis w/ Free Parking 5 min. from the centre,571841701,Evangelos,,Thessaloniki,40.61777,22.96461,Entire home/apt,56,3,1,2024-06-30,0.35,1,266,1,00002600407
1166559524898149153,"Cielo #2, The Luxury Suites",280458084,The Luxury Suites,,Thessaloniki,40.63672,22.93564,Entire home/apt,53,2,14,2024-09-06,4.24,173,163,14,00002672549
1167504385501689019,Luxury Downtown Apartment D1,485800812,Kinfeel North,,Thessaloniki,40.63047,22.951,Entire home/apt,119,1,10,2024-09-12,3.00,11,221,10,00002669760
1167900522594117106,"Nexia, Nilie Hospitality MGMT",239769711,Nilie Premium Hospitality MGMT,,Thessaloniki,40.64186,22.9397,Entire home/apt,48,1,9,2024-09-15,2.73,316,76,9,2635581
1167917445924232456,"Nexia, Nilie Hospitality MGMT",239769711,Nilie Premium Hospitality MGMT,,Thessaloniki,40.64184,22.93869,Entire home/apt,48,1,17,2024-09-19,4.77,316,162,17,2581910
1167924248187560498,"Nexia , Nilie Hospitality MGMT",239769711,Nilie Premium Hospitality MGMT,,Thessaloniki,40.64185,22.93835,Entire home/apt,53,1,1,2024-09-22,1,316,185,1,2562660
1167948533615209739,Cosmopolitan Oasis by thesbnb 2,379910184,Νικόλαος,,Thessaloniki,40.63683,22.93933,Entire home/apt,50,1,3,2024-07-01,0.89,36,358,3,00002092845
1167972914724522183,Valeria: Comfortable apartment with city view,251290631,Halu,,Thessaloniki,40.63211,22.9455,Entire home/apt,123,1,4,2024-09-16,3.64,90,335,4,00001902944
1167978745523684944,"Iasonas Downtown 
 Tsimiski Ladadika",580506995,Ελισαβετ,,Thessaloniki,40.635479,22.9382905,Entire home/apt,74,2,2,2024-07-14,0.54,1,269,2,00002592145
1168028105131950275,West Gate Lux Ap - Free Parking,580521378,Θεολογοσ,,Thessaloniki,40.64569,22.91825,Entire home/apt,79,3,0,,,1,265,0,00002585349
1168041470204031350,"Torre Bianca #3, The Luxury Suites",280458084,The Luxury Suites,,Thessaloniki,40.62694,22.94985,Entire home/apt,162,2,6,2024-08-29,1.96,173,174,6,00002678609
1168110804343597173,Great Sea View / 2bed / 6P,280251551,Christos,,Thessaloniki,40.64649,22.94646,Entire home/apt,52,2,5,2024-08-13,1.67,1,228,5,00002678990
1168139265911152765,Agia Sofia Apartment,580558369,Δαφνη,,Thessaloniki,40.63544,22.94864,Entire home/apt,,1,0,,,1,0,0,00002626165
1168139864871744443,Hermes Garden,580548580,MyRoom,,Thessaloniki,40.63428,22.95949,Entire home/apt,89,2,0,,,1,123,0,00002450926
1168177571268799243,Διαμέρισμα στην πόλη Θεσσαλονίκη - THESS HOME,356589497,Eleni,,Thessaloniki,40.64214,22.94384,Entire home/apt,71,2,21,2024-09-21,10.68,1,73,21,00002679260
1168214172590501301,Cypress Suite - Family Apartment by Train Station!,580586126,Konstantinos,,Thessaloniki,40.6423848,22.9322009,Entire home/apt,68,1,2,2024-06-30,0.54,1,269,2,00002684860
1168245167057794014,Eva’s home,509850288,Ευαγγελινή,,Thessaloniki,40.6455419,22.9219954,Entire home/apt,45,1,8,2024-09-16,2.12,1,255,8,00002616299
1168627113750902735,Appartment at Byzantium,50532081,Δέσποινα,,Kalamaria,40.5892974,22.9562885,Entire home/apt,,1,0,,,1,0,0,00000400858
1168646091136374159,"Speranza, Nilie Hospitality MGMT",239769711,Nilie Premium Hospitality MGMT,,Neapolis – Sykeon,40.6346,22.96074,Entire home/apt,68,1,7,2024-08-28,1.98,316,259,7,1234567
1168650598579522516,Leonardo: Mondern apartment in the center,251290631,Halu,,Thessaloniki,40.63375,22.94418,Entire home/apt,101,1,3,2024-09-03,1.23,90,310,3,12345678901
1168699396018580115,"Florence, Nilie Hospitality MGMT",239769711,Nilie Premium Hospitality MGMT,,Thessaloniki,40.62718,22.94875,Entire home/apt,64,1,7,2024-09-22,3.56,316,235,7,2410166
1168930183373927760,Apartment in Thessaloniki.,579723925,Lazaros,,Thessaloniki,40.6234812,22.9742917,Entire home/apt,40,2,1,2024-09-19,1,1,178,1,00002738590
1169204580367328444,katalagia Modern suite,293672648,Zoe,,Thessaloniki,40.6415887,22.9379179,Entire home/apt,38,1,4,2024-09-08,1.60,4,269,4,00002671138
1169639529296972299,Loft Living,44815306,Eva,,Kalamaria,40.57699,22.94591,Entire home/apt,80,1,0,,,2,22,0,00002870700
1169721187138441140,"Giraffe 1-bdrm apartment, close to city center",579919520,Ζωη,,Thessaloniki,40.60903,22.95467,Entire home/apt,,3,2,2024-08-23,0.71,1,0,2,00002641860
1169929339258295058,Β&Μ suites,502772007,Anna,,Thessaloniki,40.63290303700692,22.939975820481777,Entire home/apt,51,1,6,2024-09-09,1.68,1,125,6,00002679759
1170204846486389731,Thea Apartments New,1619493,Georgios,,Thessaloniki,40.64443,22.92324,Entire home/apt,60,14,0,,,9,227,0,12147687981
1170507080681374674,Κεντρικό & Άνετο Διαμέρισμα!,52271945,Thalia,,Thessaloniki,40.63297,22.95006,Entire home/apt,40,28,0,,,3,365,0,00002667624
1170724733188363891,Downtown Fragkon Strt Apt 31,581219436,Theofanis,,Thessaloniki,40.63688,22.93755,Entire home/apt,33,2,17,2024-09-02,4.77,2,228,17,00002655998
1170745529818605463,Downtown Fragkon Strt Apt 51,581219436,Theofanis,,Thessaloniki,40.63694,22.93845,Entire home/apt,30,2,15,2024-09-10,4.21,2,215,15,00002656002
1170752383609001594,"Armonia, Nilie Hospitality MGMT",239769711,Nilie Premium Hospitality MGMT,,Thessaloniki,40.63426,22.95223,Entire home/apt,59,1,4,2024-08-30,3.00,316,237,4,00001234564
1170780388468042881,"Bonsai #2.3, Nilie Hospitality MGMT",239769711,Nilie Premium Hospitality MGMT,,Thessaloniki,40.64343,22.9351,Entire home/apt,49,1,8,2024-09-13,2.42,316,250,8,1794819
1170810612289702698,"Bonsai #1.1, Nilie Hospitality MGMT",239769711,Nilie Premium Hospitality MGMT,,Thessaloniki,40.64294,22.93487,Entire home/apt,49,1,3,2024-09-07,1.76,316,269,3,2372410
1170813833827244780,"Bonsai #1.3, Nilie Hospitality MGMT",239769711,Nilie Premium Hospitality MGMT,,Thessaloniki,40.64349,22.93534,Entire home/apt,49,1,7,2024-09-22,2.47,316,269,7,2524021
1170844771188661291,"Salome, Nilie Hospitality MGMT",239769711,Nilie Premium Hospitality MGMT,,Thessaloniki,40.64106,22.93371,Entire home/apt,49,1,3,2024-09-22,0.92,316,236,3,2416922
1170874774763021609,Της Σοφίας.,579921656,Χατζηπαναγιωτου,,Thessaloniki,40.64195,22.94927,Entire home/apt,,3,2,2024-08-26,1.33,1,0,2,00002651395
1170957188565369736,D1 Suite στα Λαδάδικα Θεσσαλονίκη,168317299,Δέσποινα,,Thessaloniki,40.6377898,22.936739,Entire home/apt,49,2,0,,,2,8,0,00002707332
1171127818499855934,"Luxury Downtown Apartment D2 ""Guya""",485800812,Kinfeel North,,Thessaloniki,40.6405205,22.9391217,Entire home/apt,120,2,23,2024-09-17,6.76,11,307,23,00002594739
1171537442793704072,"Fox Guesthouse
Στο κέντρο της Θεσσαλονίκης",546261577,Teo,,Thessaloniki,40.63486,22.95276,Entire home/apt,52,1,3,2024-09-22,3,1,0,3,00002861760
1171590575229217890,7pockethouse classic triple room,32028101,Sevenpocket,,Thessaloniki,40.64305,22.94671,Private room,,1,6,2024-08-21,1.75,2,258,6,00002612760
1171592834275543213,Mary's  cozy apartment,56841223,Maria,,Thessaloniki,40.64052,22.9492,Entire home/apt,50,2,1,2024-07-25,0.49,1,72,1,00002691438
1171647434887342326,"Arama, Nilie Hospitality MGMT",239769711,Nilie Premium Hospitality MGMT,,Thessaloniki,40.62966,22.94716,Entire home/apt,48,1,10,2024-09-16,3.45,316,243,10,2406807
1171657554360267464,"Arama, Nilie Hospitality MGMT",239769711,Nilie Premium Hospitality MGMT,,Thessaloniki,40.63133,22.94775,Entire home/apt,48,1,9,2024-09-20,3.60,316,248,9,2406854
1171664722305524713,Lovely apartment (loft bed) #4,44750245,Guy,,Thessaloniki,40.60487,22.95568,Entire home/apt,53,2,0,,,3,21,0,00002713339
1171815957656393488,Sanny's cozy apartment,130724217,Θεοδοσια,,Thessaloniki,40.64001,22.93696,Entire home/apt,,2,3,2024-09-16,1.06,1,1,3,00002702843
1171883944384251752,Cozy apartment,505228383,Ines,,Thessaloniki,40.61132,22.95895,Entire home/apt,50,4,7,2024-09-04,2.28,3,245,7,13171187009
1172099148108887611,Castle View 2BR Spacious Lux Apartment,581619270,Μαρία,,Thessaloniki,40.64574,22.94231,Entire home/apt,64,2,1,2024-07-15,0.42,1,266,1,00002427221
1172142306394207178,"Port View, Veranda, 80 sqm, Spacious place for 6",83216418,Viktoria,,Neapolis – Sykeon,40.6470066,22.9417412,Entire home/apt,64,1,6,2024-09-09,2.07,1,362,6,00002722649
1172168274818785324,"Panama #1, Nilie Hospitality MGMT",239769711,Nilie Premium Hospitality MGMT,,Thessaloniki,40.64058,22.94017,Entire home/apt,46,1,1,2024-09-13,1,316,266,1,2510158
1155748394650167701,Cozy modern stylish apartment,44500463,Mpampis,,Thessaloniki,40.60307,22.96609,Entire home/apt,30,3,1,2024-08-28,1,2,154,1,00002636047
1156390598101140264,Purple Tulip Studio City Center,62055269,Θοδωρής,,Thessaloniki,40.6394181,22.9418154,Entire home/apt,40,1,6,2024-08-07,1.48,5,243,6,00002629602
1156435204549530532,Bauhaus by halu!: Deluxe studio,540613164,Halu,,Thessaloniki,40.63664,22.93822,Private room,43,1,16,2024-09-22,3.75,2,359,16,0933E70000225701
1156442738099466823,Bauhaus by halu!: Junior suite,540613164,Halu,,Thessaloniki,40.63544,22.93867,Entire home/apt,49,1,4,2024-09-03,0.99,2,345,4,0933E70000225701
1156487707905608787,Mirror-City Center #Skgbnb,28267881,Tomas&Cristina! Skgbnb,,Thessaloniki,40.6227621,22.9608841,Entire home/apt,45,2,2,2024-07-29,0.48,29,235,2,00002631074
1156939661438399533,BH762 - C - Room Thessaloniki,461193921,The Best Homes,,Thessaloniki,40.62883,22.94844,Entire home/apt,140,3,0,,,14,342,0,1146800
1156962185057775876,BH763 - C - Room Thessaloniki,461193921,The Best Homes,,Thessaloniki,40.62896,22.94959,Entire home/apt,140,3,0,,,14,333,0,1146800
1156995241650426595,BH765 - C - Room Thessaloniki,461193921,The Best Homes,,Thessaloniki,40.62813,22.94806,Entire home/apt,165,3,0,,,14,337,0,1146800
1156997321931032528,BH704 - C - Suite Thessaloniki,461193921,The Best Homes,,Thessaloniki,40.63774,22.93963,Entire home/apt,,3,0,,,14,92,0,1302202
1157009781365358742,BH766 - C - Room Thessaloniki,461193921,The Best Homes,,Thessaloniki,40.62691,22.9499,Entire home/apt,177,3,0,,,14,326,0,1146800
1157017794537043679,BH767 - C - Room Thessaloniki,461193921,The Best Homes,,Thessaloniki,40.62832,22.94887,Entire home/apt,195,3,0,,,14,339,0,1146800
1157029804869332444,BH770 - C - Room Thessaloniki,461193921,The Best Homes,,Thessaloniki,40.62832,22.95006,Entire home/apt,207,3,0,,,14,349,0,1146800
1157121442606898350,Homfortable Corner,577685125,Δήμητρα,,Thessaloniki,40.61475,22.96703,Entire home/apt,60,2,1,2024-08-29,1,1,358,1,00002639552
1157237372761557917,Claires home στην Νέα Παραλία Θεσσαλονίκης,577723806,Λάζαρος,,Thessaloniki,40.60674448024988,22.953015749737563,Entire home/apt,98,1,0,,,1,364,0,00002635395
1157389712708401390,Oditee Konitsis,52529760,Konstantinos,,Kalamaria,40.57961,22.94954,Entire home/apt,65,2,0,,,6,11,0,00002548026
1157797986944491501,Cozy and Central Apartment,379910184,Νικόλαος,,Thessaloniki,40.63243,22.95475,Entire home/apt,62,1,6,2024-08-23,1.46,36,260,6,00002481302
1157824232661503532,Ancient Greece Apartment,34593310,Kiriakos,,Thessaloniki,40.64176594565758,22.948673754280463,Entire home/apt,55,1,2,2024-08-25,0.75,1,246,2,00002669660
1158416671398315210,Jq lux ap,513283537,Ilias,,Thessaloniki,40.645917146283075,22.94062377790985,Entire home/apt,52,5,0,,,1,129,0,00002633450
1158517851437839518,Ladadika sea view - 102,574327789,Shiuan,,Thessaloniki,40.6343,22.93488,Entire home/apt,60,1,1,2024-08-18,0.81,2,344,1,00002639961
1158522951964385383,The Grapiti - Spectacular view spacious apartment,6860117,Nikolaos,,Thessaloniki,40.63315,22.96148,Entire home/apt,,2,1,2024-09-08,1,1,0,1,00002931182
1158781870958976137,Amazing Studio Next To the Center 10 min walk 123,201738738,Your.Rentals,,Thessaloniki,40.6424002,22.9470046,Entire home/apt,38,5,0,,,27,352,0,00046789268
1158796827655474433,Loena Luxury Suites | Thessaloniki,145736762,Christos,,Thessaloniki,40.6367705,22.937251,Entire home/apt,73,1,9,2024-09-19,5.51,1,160,9,00002825758
1158823127658735840,Cosy penthouse in the city.,534544868,Antonis,,Thessaloniki,40.614203135413334,22.963826023042202,Entire home/apt,80,1,1,2024-08-30,1,1,8,1,00002642064
1159114590094333442,Cozy corner,62612905,Alexander,,Neapolis – Sykeon,40.6483959,22.9470528,Entire home/apt,39,1,2,2024-09-15,2,1,343,2,00002874920
1159332649161469227,Cozy Apartment with Work-Space in Thessaloniki,130916259,Avraam,,Thessaloniki,40.60875,22.97197,Entire home/apt,36,30,0,,,1,264,0,00002852116
1159381564200734878,Meli's house,573669184,Σημέλα,,Thessaloniki,40.6444775,22.9418538,Entire home/apt,45,1,0,,,1,364,0,00002663185
1159414903653242031,Secret Medow# hosted by DoorMat,374735588,Sofia,,Thessaloniki,40.6075104,22.9599499,Entire home/apt,36,1,16,2024-09-04,3.93,1,262,16,00002655324
1159538491187069246,StartDreamingMiniSuite,575747886,Δημοσθενης,,Thessaloniki,40.64353040775184,22.93934516608715,Entire home/apt,55,3,2,2024-06-23,0.64,1,278,2,00002656681
1159947846596349758,"Next Door, Nilie Hospitality MGMT",239769711,Nilie Premium Hospitality MGMT,,Thessaloniki,40.63864,22.9394,Entire home/apt,53,1,4,2024-09-13,0.94,316,204,4,2416842
1159958195542510478,"Next Door, Nilie Hospitality MGMT",239769711,Nilie Premium Hospitality MGMT,,Thessaloniki,40.63864,22.94048,Entire home/apt,46,1,2,2024-09-21,2,316,208,2,2424620
1159963609470259010,"Next Door, Nilie Hospitality MGMT",239769711,Nilie Premium Hospitality MGMT,,Thessaloniki,40.63873,22.93884,Entire home/apt,53,1,1,2024-09-22,1,316,205,1,2367739
1159966526035596359,"Next Door, Nilie Hospitality MGMT",239769711,Nilie Premium Hospitality MGMT,,Thessaloniki,40.63702,22.9393,Entire home/apt,53,1,5,2024-09-12,1.28,316,199,5,2367803
1159976856697100857,"Next Door, Nilie Hospitality MGMT",239769711,Nilie Premium Hospitality MGMT,,Thessaloniki,40.63718,22.93962,Entire home/apt,53,1,4,2024-08-26,1.05,316,199,4,2367824
1160086575737800640,ELEON Apartment,487633007,Παναγιωτά,,Kalamaria,40.58672019682718,22.95462628888549,Entire home/apt,105,4,4,2024-08-25,1.40,1,0,4,00002647977
1160102153186101813,Sonia's Sweet & Spacious Home,578425120,Androniki,,Thessaloniki,40.6082,22.9586,Entire home/apt,61,1,3,2024-08-18,1.06,1,256,3,00002642191
1160198139970436391,Namaste Boho Loft Near Seaside,358149592,NamasteHomes,,Thessaloniki,40.61608,22.957415,Entire home/apt,89,1,8,2024-08-26,1.98,5,70,8,00002502605
1160237005847881568,Namaste Loft Near Seaside,358149592,NamasteHomes,,Thessaloniki,40.61608,22.957415,Entire home/apt,80,1,6,2024-08-16,1.50,5,64,6,00002502466
1160550682784307965,"Stylish #2, The Luxury Suites",280458084,The Luxury Suites,,Thessaloniki,40.63872,22.94121,Entire home/apt,49,2,5,2024-07-28,1.92,173,162,5,00002692350
1160826431745250536,Kosta's Apartment Thess,539502941,Konstantinos,,Thessaloniki,40.6067015,22.966118,Entire home/apt,48,2,11,2024-09-08,2.89,1,79,11,00002647185
1161398599856118106,F & B Collection - Central Gems,31131449,Dimitris,,Thessaloniki,40.6388374,22.9411742,Entire home/apt,53,7,3,2024-07-15,1.07,56,364,3,00002620594
1161419826408707460,F & B Collection - Central Gems,31131449,Dimitris,,Thessaloniki,40.6388374,22.9411742,Entire home/apt,46,7,0,,,56,359,0,00002620728
1161429183416683284,F & B Collection - Central Gems,31131449,Dimitris,,Thessaloniki,40.6388374,22.9411742,Entire home/apt,53,7,1,2024-08-21,0.88,56,363,1,00002620712
1161433420895412756,F & B Collection - Central Gems,31131449,Dimitris,,Thessaloniki,40.6388374,22.9411742,Entire home/apt,53,7,1,2024-07-11,0.40,56,365,1,00002620760
1161440902571155762,F & B Collection - Central Gems,31131449,Dimitris,,Thessaloniki,40.6388374,22.9411742,Entire home/apt,46,7,0,,,56,365,0,00002620754
1161445790297682441,F & B Collection - Central Gems,31131449,Dimitris,,Thessaloniki,40.6388374,22.9411742,Entire home/apt,53,7,0,,,56,363,0,00002620775
1162051205639531131,Nice Central Quiet Flat /4p,230378450,Katerina,,Thessaloniki,40.6384226,22.9426129,Entire home/apt,51,2,1,2024-06-30,0.35,1,270,1,00002657455
1162085152423252625,Elysium Mediterranean Estate,10654206,Alexandra,,Pilea – Chortiatis,40.58888,23.01085,Entire home/apt,1000,5,1,2024-08-27,1,28,358,1,00002657864
1162086751532631726,Rotunda Apartment,578973229,Apostolos,,Thessaloniki,40.633308544910534,22.95435943928679,Entire home/apt,53,2,17,2024-09-07,4.32,1,93,17,00002658180
1162091128325449786,Nice Central Studio / 2P,293281060,Leonidas,,Thessaloniki,40.63842,22.94261,Entire home/apt,40,2,1,2024-07-24,0.48,1,270,1,00002657535
1162198918369102863,Manolis House,578999635,Emmanouil,,Kalamaria,40.58405,22.95671,Entire home/apt,113,3,1,2024-07-29,0.53,1,269,1,00002680507
1162768663044031392,"Amarillo #1, Nilie Hospitality MGMT",239769711,Nilie Premium Hospitality MGMT,,Thessaloniki,40.63888,22.9406,Entire home/apt,54,1,4,2024-07-29,1.04,316,268,4,1774141
1162905538150174038,F & B Collection - 2 Bedroom Flat,31131449,Dimitris,,Kalamaria,40.5719766,22.957392,Entire home/apt,104,7,4,2024-08-21,1.54,56,356,4,00002598110
1162909585500549892,Central Modern Comfort,131007098,Artan,,Thessaloniki,40.61875,22.95688,Entire home/apt,75,3,0,,,1,269,0,00002660127
1162914890498393985,Super apartment in Thessaloniki!,339814713,Maria,,Thessaloniki,40.63845,22.94931,Entire home/apt,,1,0,,,1,0,0,00002715715
1163026014693258305,Residents at Elysium Estate,10654206,Alexandra,,Pilea – Chortiatis,40.58954,23.01175,Entire home/apt,329,2,4,2024-09-05,1.88,28,358,4,00002657864
1163526336085045041,"Froso 's House, Old City",31881352,Emmanouil,,Neapolis – Sykeon,40.64798,22.95151,Entire home/apt,44,2,4,2024-08-25,1.05,1,250,4,00002664533
1174579803999599008,"Big Apple #2.2 , Nilie Hospitality MGMT",239769711,Nilie Premium Hospitality MGMT,,Thessaloniki,40.64047,22.93902,Entire home/apt,50,1,3,2024-09-21,1.14,316,260,3,2662009
1174589222031849518,"Big Apple #3.1,  Nilie Hospitality MGMT",239769711,Nilie Premium Hospitality MGMT,,Thessaloniki,40.63887,22.93942,Entire home/apt,53,1,2,2024-09-01,0.60,316,270,2,2662020
1175068198647092722,Castle view in the heart of Thessaloniki- Concon,582377950,Georgios,,Thessaloniki,40.63401288485092,22.954723611474037,Entire home/apt,48,1,14,2024-08-18,4.16,1,181,14,00002704109
1175378125776385306,Markos' Modern Place | 2 Bathrooms | City Center,561352946,Markos,,Thessaloniki,40.638371496328446,22.949074879288673,Entire home/apt,50,2,8,2024-08-26,2.89,1,27,8,00002725867
1175397237046444709,Blackdot2,510965923,Blackdotrooms,,Thessaloniki,40.6409905,22.9373742,Entire home/apt,51,3,0,,,2,331,0,00002007958
1175800453571345927,"Oligreen Residence with 2 bedrooms, Pylaia",336527202,Vesta Philoxenia,,Pilea – Chortiatis,40.59738,22.99462,Entire home/apt,87,3,1,2024-08-20,0.86,51,185,1,00002688952
1175832565040045987,Apartment Tsimiski Excellent,68041973,Giannis,,Thessaloniki,40.6290611,22.9491337,Entire home/apt,159,3,0,,,1,269,0,00002665838
1175932292737360799,Houseloft Urban Retreat,29565272,Houseloft,,Thessaloniki,40.60714,22.95826,Entire home/apt,83,1,7,2024-08-24,2.47,20,13,7,00002686757
1175963094358871740,"Big Apple 5.19, Nilie Hospitality MGMT",239769711,Nilie Premium Hospitality MGMT,,Thessaloniki,40.6401,22.93941,Entire home/apt,66,1,23,2024-09-22,7.58,316,259,23,2694901
1175982417575924274,"Agia Sofia #3, Nilie Hospitality MGMT",239769711,Nilie Premium Hospitality MGMT,,Thessaloniki,40.63267,22.94564,Entire home/apt,68,1,8,2024-09-21,3.69,316,246,8,2581792
1176222277428066886,DoorMat#17 Phoenix,555435959,Fotios,,Thessaloniki,40.6184231,22.9562986,Entire home/apt,50,1,11,2024-09-06,3.44,6,310,11,00002706713
1176485080548276425,Comfort Place Thessaloniki,582794868,Σοφία,,Thessaloniki,40.6185175,22.9587586,Entire home/apt,90,1,1,2024-07-14,0.42,1,363,1,00002704565
1176516159366160275,"Salome, Nilie Hospitality MGMT",239769711,Nilie Premium Hospitality MGMT,,Thessaloniki,40.64078,22.93534,Entire home/apt,49,1,6,2024-09-18,2.05,316,147,6,2417047
1176577399736133304,"Bonsai, Nilie Hospitality MGMT",239769711,Nilie Premium Hospitality MGMT,,Thessaloniki,40.64266,22.93389,Entire home/apt,49,1,10,2024-09-02,3.61,316,265,10,2372410
1176650521777191900,f apartment,453731169,Αποστολος,,Thessaloniki,40.632706342165214,22.96294156461954,Entire home/apt,72,1,16,2024-09-17,5.11,1,263,16,00002709522
1176654003446695296,"Nexia #1.2, Nilie Hospitality MGMT",239769711,Nilie Premium Hospitality MGMT,,Thessaloniki,40.64194,22.93886,Entire home/apt,50,1,1,2024-09-09,1,316,230,1,2329254
1176661752513730901,Thessaloniki Tsinari 2 BR  With patio,409238876,Gil,,Thessaloniki,40.6424503,22.9464377,Entire home/apt,,2,0,,,3,0,0,00001553823
1176663927735517088,"Nexia #1.5 , Nilie Hospitality MGMT",239769711,Nilie Premium Hospitality MGMT,,Thessaloniki,40.64182,22.9387,Entire home/apt,50,1,7,2024-09-22,2.63,316,239,7,2329260
1176686864230508024,Nexia #4.8 Nilie Hospitality MGMT,239769711,Nilie Premium Hospitality MGMT,,Thessaloniki,40.64032,22.93992,Entire home/apt,50,1,7,2024-09-19,2.41,316,232,7,2345381
1176693683860466960,"Nexia #4.9 , Nilie Hospitality MGMT",239769711,Nilie Premium Hospitality MGMT,,Thessaloniki,40.64142,22.94049,Entire home/apt,,1,19,2024-09-16,6.06,316,244,19,2345409
1176703739087621927,"Nexia #4.10 , Nilie Hospitality MGMT",239769711,Nilie Premium Hospitality MGMT,,Thessaloniki,40.64205,22.9397,Entire home/apt,50,1,10,2024-09-14,4.05,316,218,10,2345420
1176712125595988946,"Nexia #3.3 , Nilie Hospitality MGMT",239769711,Nilie Premium Hospitality MGMT,,Thessaloniki,40.64066,22.93986,Entire home/apt,48,1,12,2024-09-22,4.19,316,163,12,2562649
1176715865713515093,"Nexia #3.4 , Nilie Hospitality MGMT",239769711,Nilie Premium Hospitality MGMT,,Thessaloniki,40.64036,22.94051,Entire home/apt,48,1,15,2024-09-19,6.00,316,184,15,2562654
1176719550638493904,Nexia #3.6 Nilie Hospitality MGMT,239769711,Nilie Premium Hospitality MGMT,,Thessaloniki,40.64172,22.94043,Entire home/apt,48,1,7,2024-09-22,2.33,316,175,7,2562633
1177369330958007340,Penthouse No7 - #TIF Helexpo,204550542,Vivian,,Thessaloniki,40.62698,22.95275,Entire home/apt,144,1,0,,,1,353,0,00002268164
1177425572933484913,"Vellow Door, Nilie Hospitality MGMT",239769711,Nilie Premium Hospitality MGMT,,Thessaloniki,40.63704,22.93909,Entire home/apt,51,1,15,2024-09-14,4.46,316,227,15,2484870
1177434706028704403,Studio close to Campus & hospitals-Thessaloniki,182786997,Natasha,,Neapolis – Sykeon,40.63507,22.95973,Entire home/apt,52,2,0,,,5,231,0,00002675831
1177581878741514505,Bi&Ly 34 old town with view,583103824,Αθανασιος,,Thessaloniki,40.63946,22.95557,Entire home/apt,44,2,2,2024-07-16,0.71,1,80,2,00002709851
1177590375278097933,Luxe Haven Suites,561746986,Иванка,,Thessaloniki,40.63754895346077,22.95021414756775,Entire home/apt,49,1,0,,,1,360,0,00002786079
1177957005365465520,City Dream Studio near Coast,444906990,Smart Plan,,Thessaloniki,40.63803,22.93539,Entire home/apt,46,1,7,2024-08-29,2.66,15,253,7,00002713976
1178173817450331244,"Aelia 6.3, The Luxury Suites",280458084,The Luxury Suites,,Thessaloniki,40.63714,22.93584,Entire home/apt,61,2,0,,,173,167,0,00002789830
1178332112875078209,Luxury Downtown Apartment Α5,485800812,Kinfeel North,,Thessaloniki,40.6359,22.93864,Entire home/apt,92,7,2,2024-08-28,0.98,11,249,2,00002704831
1172174173802937969,"Panama #2, Nilie Hospitality MGMT",239769711,Nilie Premium Hospitality MGMT,,Thessaloniki,40.64011,22.93847,Entire home/apt,46,1,2,2024-09-09,1.30,316,266,2,2510179
1172180417388117591,"Panama #3, Nilie Hospitality MGMT",239769711,Nilie Premium Hospitality MGMT,,Thessaloniki,40.64153,22.93983,Entire home/apt,50,1,1,2024-07-07,0.38,316,260,1,2510243
1172184647313661537,"Panama #4, Nilie Hospitality MGMT",239769711,Nilie Premium Hospitality MGMT,,Thessaloniki,40.64,22.9398,Entire home/apt,46,1,1,2024-08-18,0.81,316,232,1,1385174
1172198061052979877,"Panama #5, Nilie Hospitality MGMT",239769711,Nilie Premium Hospitality MGMT,,Thessaloniki,40.64168,22.93844,Entire home/apt,50,1,0,,,316,259,0,2510285
1172306720931275805,"Noema #2, Nilie Hospitality MGMT",239769711,Nilie Premium Hospitality MGMT,,Thessaloniki,40.64151,22.93866,Entire home/apt,50,1,2,2024-08-19,0.76,316,270,2,2510057
1172313239288880956,"Noema #5, Nilie Hospitality MGMT",239769711,Nilie Premium Hospitality MGMT,,Thessaloniki,40.64159,22.93878,Entire home/apt,50,1,4,2024-08-11,2.03,316,262,4,2510078
1172335317288352410,"DiLegno, Nilie Hospitality MGMT",239769711,Nilie Premium Hospitality MGMT,,Thessaloniki,40.61548,22.97439,Entire home/apt,48,1,6,2024-09-03,2.50,316,139,6,2631739
1172372510681384160,Aristotelian Virtues - Tharros,581678990,Nikolaos,,Thessaloniki,40.633823918760996,22.942052010450762,Entire home/apt,84,1,3,2024-07-31,1.02,5,302,3,00002698286
1172399321059117136,"Aelia 6.2, The Luxury Suites",280458084,The Luxury Suites,,Thessaloniki,40.63747,22.93667,Entire home/apt,52,2,0,,,173,172,0,00002789824
1172454611808952344,"Aelia 6.4, The Luxury Suites",280458084,The Luxury Suites,,Thessaloniki,40.63783,22.93744,Entire home/apt,49,2,3,2024-07-08,0.98,173,168,3,00002789850
1172457228270767139,"Aelia 6.5, The Luxury Suites",280458084,The Luxury Suites,,Thessaloniki,40.63935,22.9375,Entire home/apt,93,2,1,2024-07-02,0.36,173,173,1,00002789866
1173090363542180523,Aristotelous Central Lodge,131276887,Χριστίνα,,Thessaloniki,40.6377624058498,22.948448918759823,Entire home/apt,49,1,10,2024-09-18,3.03,1,7,10,00002701368
1173232368038414306,"Homevision -  Minimal, quiet and central",515398068,Homevision,,Thessaloniki,40.64103,22.9455,Entire home/apt,53,1,5,2024-09-08,1.50,11,362,5,00002692290
1173668642008746483,F & B Collection - Kassandrou #1,31131449,Dimitris,,Thessaloniki,40.6378461,22.9511335,Entire home/apt,39,7,5,2024-09-06,2.31,56,258,5,00002680251
1173680870256813604,F & B Collection - Kassandrou 2,31131449,Dimitris,,Thessaloniki,40.6378461,22.9511335,Entire home/apt,33,7,1,2024-08-21,0.88,56,265,1,00002680293
1173768724993231290,Aristotelian Virtues - Enkrateia,581678990,Nikolaos,,Thessaloniki,40.63385241566456,22.941993001852435,Entire home/apt,97,1,12,2024-09-03,3.67,5,285,12,00002698319
1173775216374640671,Aristotelian Virtues - Sophia,581678990,Nikolaos,,Thessaloniki,40.633848344679095,22.941939357672137,Entire home/apt,153,1,1,2024-08-05,0.60,5,290,1,00002698244
1174252367931368000,"Adelle Studio #64, The Luxury Suites",280458084,The Luxury Suites,,Thessaloniki,40.63944,22.94035,Entire home/apt,48,2,4,2024-08-21,1.79,173,166,4,00002693473
1174530636665590928,Luxury central apartment 1,29643928,Desen Hospitality,,Thessaloniki,40.64204101695604,22.936081630688467,Entire home/apt,50,1,0,,,8,170,0,00002702168
1174543821036439625,Luxury central apartment 2,29643928,Desen Hospitality,,Thessaloniki,40.64194332521959,22.93599579999999,Entire home/apt,,1,0,,,8,0,0,00002702173
1188196405685344429,Άνετος και φωτεινός χώρος,424809214,Αλέξιος,,Thessaloniki,40.60769,22.95543,Entire home/apt,47,1,3,2024-08-05,1.50,1,204,3,00002736634
1188271559301936840,Honey Oak Nest,544115668,Nest,,Thessaloniki,40.62811,22.95177,Entire home/apt,45,1,7,2024-09-01,2.50,13,163,7,00002753025
1188399757070912114,Aegean Blue Apartments14# The Luxury Suite -1 BDR,44106609,Aegean Blue,,Thessaloniki,40.6407,22.94185,Entire home/apt,136,1,6,2024-09-08,3.05,14,266,6,00002703904
1188512207614447678,"Theofilos Urban Apartment, close to city center",581872803,Christina,,Thessaloniki,40.61795,22.95557,Entire home/apt,58,3,1,2024-08-19,0.83,1,267,1,00002712523
1188912161127712653,2-BR Luxury Apartment with Enchanting Sea View,590895,Ioannis,,Thessaloniki,40.6047,22.95141,Entire home/apt,95,3,12,2024-09-07,5.00,1,216,12,00002755401
1188930572895547416,Anopolh Apartment 1,586223972,Μαρια,,Thessaloniki,40.63873,22.95492,Entire home/apt,36,2,0,,,2,186,0,00002711866
1188975371524924760,Anopolh Apartment 2,586223972,Μαρια,,Thessaloniki,40.63871990197759,22.954937741139236,Entire home/apt,34,2,2,2024-08-27,1.76,2,233,2,00002711845
1189016141111700652,"Dazzling, minimalist apt w/ view",214857203,Powerbnb,,Thessaloniki,40.6472692,22.9348378,Entire home/apt,42,1,11,2024-09-05,4.18,14,334,11,00002021465
1189054969291421197,* Black Pearl SKG - Spacious Urban Loft *,586255924,Nikolaos,,Thessaloniki,40.6054986,22.9547232,Entire home/apt,79,1,2,2024-08-23,1.00,1,262,2,00002691906
1189743240342729493,Homevision: Modern Central Condo,515398068,Homevision,,Thessaloniki,40.6382834,22.9500752,Entire home/apt,54,1,3,2024-09-04,1.17,11,24,3,2658400
1189750796737687542,Athonos Secret Diamond,586424553,Ioanna,,Thessaloniki,40.6347651,22.9451921,Entire home/apt,93,1,7,2024-09-20,2.66,1,148,7,00002757426
1189830509715041033,"Διαμέρισμα στη Θεσσαλονίκη
Emerald Suite",586448849,George,,Thessaloniki,40.64169,22.9295,Entire home/apt,80,4,2,2024-08-23,0.86,1,164,2,00002758231
1190024366045647305,New studio Amazing neighborhood Center,201738738,Your.Rentals,,Thessaloniki,40.6433143,22.9475456,Entire home/apt,33,5,0,,,27,259,0,00036799268
1190202611543037279,Luxurious Penthouse with Jacuzzi - Town Centre,358984136,Παναγιώτης,,Ampelokipon – Menemeni,40.64776,22.92875,Entire home/apt,229,2,20,2024-09-18,7.32,1,98,20,00002759870
1190221462441562542,Orchidea Bianca Apt,32216964,George,,Thessaloniki,40.6399942,22.9408485,Entire home/apt,81,2,0,,,17,6,0,00000459846
1190478965344207814,Loft4U,413117489,Efthalia,,Thessaloniki,40.6202,22.95375,Entire home/apt,84,2,17,2024-09-14,6.54,1,27,17,00002762213
1190627250238823118,Hh | Family Suite w/ Balcony,586657219,Harmony Hospitality,,Thessaloniki,40.6403628,22.9411154,Entire home/apt,71,1,2,2024-08-03,0.91,2,255,2,00002771906
1191058507268202042,Blow- Free Parking #Skgbnb,1977386,Cristina&Tomas! Skgbnb,,Thessaloniki,40.63857,22.93969,Entire home/apt,60,1,5,2024-08-21,1.95,30,358,5,00002753051
1191122620035183383,Spectacular City & Sea View Penthouse,20797761,Rod & Slavica,,Thessaloniki,40.64193,22.93835,Private room,,1,11,2024-09-21,4.18,2,0,11,00002119261
1191124497428463138,Urban luxury suites- 201,586786136,Urban Luxury Suites,,Thessaloniki,40.6377409,22.9344181,Entire home/apt,70,1,2,2024-07-28,0.94,8,347,2,00002763826
1191176774746724651,Central Station Modern Apartment,96484317,Pavlos,,Thessaloniki,40.6463701,22.9242352,Entire home/apt,72,3,1,2024-09-21,1,1,88,1,00002764780
1191193772456362986,San Marco di Petro Thessaloniki,405376667,Πετρος,,Thessaloniki,40.6436374,22.9441424,Entire home/apt,41,2,6,2024-09-08,2.28,1,268,6,Exempt
1191194688549466029,"Villa 8, Nilie Hospitality MGMT",239769711,Nilie Premium Hospitality MGMT,,Thessaloniki,40.59555,22.95689,Entire home/apt,63,1,8,2024-09-17,4.36,316,256,8,2818095
1191320443453265069,Thess Living Suites #01,490955236,Ιωαννα,,Thessaloniki,40.64225080000001,22.9339398,Entire home/apt,38,1,2,2024-09-08,2,7,365,2,00002719749
1191388682652469001,Chromatic Comfort House | #SKG,389468695,Ελενη,,Thessaloniki,40.63259,22.95039,Entire home/apt,39,1,29,2024-09-21,10.61,1,242,29,00002566284
1191732451115463756,σοπράνο,585870249,Αναστάσιος,,Thessaloniki,40.5981496,22.9572025,Entire home/apt,52,3,1,2024-08-27,1,1,175,1,00002725543
1191744496865008834,Downtown Living 1,568096366,Eleni,,Thessaloniki,40.63761,22.9397,Entire home/apt,40,2,4,2024-09-05,2.31,3,20,4,00002726450
1191918580411454407,Studio antigonidon square,261937610,Dimitriadis,,Thessaloniki,40.64394,22.939,Entire home/apt,51,1,0,,,12,340,0,00002799471
1192672565720194024,PanFanone,587228979,Ιωαννης,,Neapolis – Sykeon,40.647,22.94014,Entire home/apt,50,1,2,2024-09-20,2,1,310,2,00002751547
1193353349871221897,Theodoros Dream,32216964,George,,Thessaloniki,40.6428317,22.9288489,Entire home/apt,52,2,0,,,17,358,0,00002760347
1193382193596190174,V. Olgas Sea View Apartment,261937610,Dimitriadis,,Thessaloniki,40.6044132,22.9523993,Entire home/apt,79,2,0,,,12,348,0,00002798767
1193993527092457273,O-mikron Luxury Apartment,317603243,Evgenia,,Ampelokipon – Menemeni,40.6505964,22.9140244,Entire home/apt,57,1,3,2024-09-08,1.48,1,350,3,00002774050
1194030590368579739,Fabulous Sea View by halu!:Apartment in the center,251290631,Halu,,Thessaloniki,40.63326,22.94314,Entire home/apt,165,1,0,,,90,365,0,00002878120
1194335084700622322,Μοντέρνο κατάλυμα κεντρικά!,587762902,George,,Thessaloniki,40.6358602,22.9533534,Entire home/apt,48,2,14,2024-09-14,5.53,1,19,14,00002776129
1194381930949105375,Cozy apartment II in Kalamaria,286712098,Κυριάκος,,Kalamaria,40.5886657,22.9626706,Entire home/apt,48,2,4,2024-09-09,2.03,2,266,4,00002750693
1195062574472273021,Cozy Gold Apartment+Free Parking,303076969,Δαφνη,,Thessaloniki,40.64064,22.94924,Entire home/apt,57,2,3,2024-08-10,1.17,4,240,3,00002777040
1195511664060905949,"Magenta Ruby
#Free Parking#",303076969,Δαφνη,,Thessaloniki,40.63894,22.94866,Entire home/apt,57,2,4,2024-09-01,1.71,4,223,4,00002759420
1195538745477951878,Spacious 4-BD by St. Dimitrios,424401261,Gleb,,Thessaloniki,40.6393601,22.9468212,Entire home/apt,,1,19,2024-09-14,7.81,2,0,19,00002753010
1195606541658470898,Διαμέρισμα στις 40 εκκλησίες.,588104307,Μαριάνθη,,Thessaloniki,40.6328402,22.966956,Entire home/apt,40,1,3,2024-09-15,3,1,26,3,00587133590
1195653015840893169,Ρετιρέ στο κέντρο της πόλης,588120352,The Nest,,Thessaloniki,40.6282886,22.9515086,Entire home/apt,60,3,2,2024-09-09,0.90,1,339,2,00002676222
1195660406841039847,Lucky House,72473015,Nathanail,,Thessaloniki,40.61377,22.9621,Entire home/apt,48,1,30,2024-09-19,12.16,1,346,30,00002777604
1196063173034467191,"Oikia
City centre rental",128134334,Maria,,Thessaloniki,40.63850499999999,22.9359582,Entire home/apt,36,1,3,2024-09-15,2.05,1,85,3,00002691198
1196182096875829634,Aurora by halu!: Cozy apartment in the center,251290631,Halu,,Thessaloniki,40.63414,22.9403,Entire home/apt,61,1,1,2024-08-10,0.67,90,357,1,00002842335
1196195556669191910,White Tower Elegance #1,128968239,Konstantinos,,Thessaloniki,40.62647,22.94871,Entire home/apt,73,1,1,2024-09-18,1,19,327,1,00002776830
1196202362967459451,Thess Living Suites #02,490955236,Ιωαννα,,Thessaloniki,40.64225080000001,22.9339398,Entire home/apt,39,1,0,,,7,365,0,00002719749
1196301808740806929,Thess Living Suites #03,490955236,Ιωαννα,,Thessaloniki,40.64225080000001,22.9339398,Entire home/apt,37,2,0,,,7,365,0,00002719712
1196422233216343216,Luxe Loft Near Seaside,536151930,Mohamed,,Thessaloniki,40.61542,22.95702,Entire home/apt,68,1,1,2024-08-03,0.58,2,57,1,00002678024
1196775988214103952,Thess Living Suites #04,490955236,Ιωαννα,,Thessaloniki,40.64225080000001,22.9339398,Entire home/apt,41,1,0,,,7,365,0,00002719712
1196917542907619662,Elizabeth's Loft,588528163,Ελισσάβετ,,Thessaloniki,40.632761060609404,22.952641926983652,Entire home/apt,80,1,0,,,1,247,0,00002756036
1197036664796530444,Vavel #Skgbnb,28267881,Tomas&Cristina! Skgbnb,,Thessaloniki,40.6185081,22.9554625,Entire home/apt,70,2,6,2024-09-15,3.46,29,348,6,00002770516
1197110066613639943,#Luxlikehome Downtown Suite,231048679,Luxlikehome,,Thessaloniki,40.63256,22.94856,Entire home/apt,75,2,0,,,15,365,0,00002872994
1197588054863671176,"Villa 8, Nilie Hospitality MGMT",239769711,Nilie Premium Hospitality MGMT,,Thessaloniki,40.59528,22.95522,Entire home/apt,62,1,8,2024-09-19,5.11,316,0,8,2818074
1197591501843371371,"V1 Penthouse, Nilie Hospitality MGMT",239769711,Nilie Premium Hospitality MGMT,,Thessaloniki,40.64183,22.9355,Entire home/apt,,1,8,2024-09-20,3.33,316,261,8,2097541
1197601541712972355,Urban Luxury Suites - 202,586786136,Urban Luxury Suites,,Thessaloniki,40.6377409,22.9344181,Entire home/apt,47,2,0,,,8,343,0,00002763793
1197607947922697831,"V1 Penthouse, Nilie Hospitality MGMT",239769711,Nilie Premium Hospitality MGMT,,Thessaloniki,40.6433,22.93566,Entire home/apt,48,1,3,2024-09-16,3,316,265,3,2562574
1197616285345247257,Urban Luxury Suites - 203,586786136,Urban Luxury Suites,,Thessaloniki,40.6377409,22.9344181,Entire home/apt,50,1,0,,,8,358,0,00002763847
1197654381467053795,Promitheus 2 bedroom apartment,537844847,Manos,,Thessaloniki,40.63285,22.94926,Entire home/apt,108,2,3,2024-08-24,1.55,3,360,3,00002541958
1197665828038525085,TheGrayHouse,588794993,Thomas,,Thessaloniki,40.61102,22.95422,Entire home/apt,43,2,10,2024-09-13,4.62,1,271,10,00002737025
1197764946415106921,"Villa 8, Nilie Hospitality MGMT",239769711,Nilie Premium Hospitality MGMT,,Thessaloniki,40.5958,22.95528,Entire home/apt,63,1,5,2024-09-19,2.54,316,247,5,2818149
1197807416798016556,Tiny room with magic balcony view,78078357,Chrysoula,,Neapolis – Sykeon,40.6385896,22.9629578,Entire home/apt,33,3,7,2024-09-20,4.29,2,340,7,00002786982
1197847224161371940,Aidona's appartment,454640367,Αϊδόνα,,Thessaloniki,40.63531,22.95267,Entire home/apt,,90,0,,,1,89,0,00002770133
1198384520881849465,Cyriacus’ Flat in the heart  of Thessaloniki,589043973,Κυριακος,,Thessaloniki,40.641042336079124,22.941262274980545,Entire home/apt,38,1,0,,,1,247,0,00002789128
1198415954549588844,White Tower Elegance #2,128968239,Konstantinos,,Thessaloniki,40.62819,22.94885,Entire home/apt,56,1,4,2024-08-06,1.97,19,343,4,00002776810
1198551685019658273,Olympiados New Renovated Studio,201738738,Your.Rentals,,Thessaloniki,40.6374969,22.9538198,Entire home/apt,44,10,0,,,27,347,0,00046789463
1199029328954540425,Urban Luxury Suites - 204,586786136,Urban Luxury Suites,,Thessaloniki,40.63774,22.93442,Entire home/apt,54,1,3,2024-08-19,1.41,8,357,3,00002763868
1199036862245079763,"Villa 8, Nilie Hospitality MGMT",239769711,Nilie Premium Hospitality MGMT,,Thessaloniki,40.59497,22.9567,Entire home/apt,71,1,7,2024-09-14,3.62,316,266,7,2818128
1199065993255639554,Green View Haven,128968239,Konstantinos,,Kalamaria,40.57139,22.95961,Entire home/apt,68,1,4,2024-09-10,2.50,19,313,4,00002790066
1199081232005932975,Beautiful sunny apartment,108033866,Apostolos,,Thessaloniki,40.6410971,22.9308167,Entire home/apt,48,2,6,2024-09-18,3.46,8,1,6,00002793519
1199087273248705881,Urban Luxury Suites - 205,586786136,Urban Luxury Suites,,Thessaloniki,40.63774,22.93442,Entire home/apt,59,1,1,2024-07-16,0.43,8,357,1,00002763873
1199151904104974617,Balcony Studio in Thessaloniki,586288229,Raviv,,Thessaloniki,40.64237784133513,22.93857090674591,Entire home/apt,,2,4,2024-09-03,2.07,2,1,4,01238640942
1199179482003758952,Studio in Thessaloniki,586288229,Raviv,,Thessaloniki,40.6423642,22.938587,Entire home/apt,33,2,3,2024-08-26,1.67,2,8,3,01240511496
1199179607411719704,Natsina Studio,261937610,Dimitriadis,,Thessaloniki,40.60268,22.96696,Entire home/apt,70,2,2,2024-09-04,1.58,12,87,2,00002802915
1199429538006873957,Urban Luxury Suites - 206,586786136,Urban Luxury Suites,,Thessaloniki,40.6377409,22.9344181,Entire home/apt,44,1,0,,,8,357,0,00002763980
1199449882629286609,Urban Luxury Suites - 207,586786136,Urban Luxury Suites,,Thessaloniki,40.6377409,22.9344181,Entire home/apt,50,1,0,,,8,353,0,00002764000
1199464001400433745,Urban Luxury Suites - 208,586786136,Urban Luxury Suites,,Thessaloniki,40.6377409,22.9344181,Entire home/apt,50,2,2,2024-09-08,0.91,8,355,2,00002764041
1199962214882531038,Metaxenia's apartment 301,589611816,Κωνσταντίνος,,Kalamaria,40.5728152,22.9697952,Entire home/apt,110,1,2,2024-09-11,1.62,2,279,2,00002789340
1200143036489033724,Brand New Olympiados 119,201738738,Your.Rentals,,Thessaloniki,40.6374969,22.9538198,Entire home/apt,33,10,0,,,27,347,0,00066789468
1200469259143522618,Lasstudio 1,589725893,Lasstudio,,Ampelokipon – Menemeni,40.64838,22.93113,Entire home/apt,38,1,19,2024-09-19,8.91,2,357,19,00002793773
1200600199745014855,View and Peace Thessaloniki θέα στην θαλασσα,589756584,Δημητρα,,Thessaloniki,40.63315,22.96526,Entire home/apt,64,2,0,,,1,177,0,00002801769
1200657875088399088,Lasstudio 2,589725893,Lasstudio,,Ampelokipon – Menemeni,40.64873,22.9309,Entire home/apt,36,1,23,2024-09-22,11.31,2,355,23,00002794021
1201359416649358738,Feel Greek Hospitality #Θ007,568023192,Feel Greek,,Neapolis – Sykeon,40.64739,22.94064,Entire home/apt,74,1,4,2024-09-05,1.94,8,203,4,00002779171
1201381464286517828,"Bohemian, The Luxury Suites",280458084,The Luxury Suites,,Thessaloniki,40.63376,22.93984,Entire home/apt,68,2,7,2024-09-06,3.50,173,123,7,00002797314
1201421282419177689,Aristotelian Virtues - Agapi,581678990,Nikolaos,,Thessaloniki,40.6339949,22.9419179,Entire home/apt,170,1,2,2024-09-17,2,5,341,2,00002698262
1201433466233404092,Aristotelian Virtues - Elpida,581678990,Nikolaos,,Thessaloniki,40.63367736306478,22.942025188360613,Entire home/apt,126,1,6,2024-08-21,3.10,5,329,6,00002698239
1201630776494038107,"Tsinari Comfort & Luxury Suite, private parking",509224244,Αναστασιος,,Thessaloniki,40.64316,22.94788,Entire home/apt,60,3,0,,,1,251,0,00002748318
1178476735965768261,La dolce vita-You Urban Stay,212951050,Socrates Junior Houses,,Thessaloniki,40.638439426263794,22.936846688389778,Entire home/apt,58,1,0,,,13,240,0,00002672050
1178478043848230979,La dolce vita-You Urban Stay,212951050,Socrates Junior Houses,,Thessaloniki,40.63829,22.93681,Entire home/apt,72,1,0,,,13,247,0,00001908174
1178743455884845688,Momentum #Skgbnb,28267881,Tomas&Cristina! Skgbnb,,Thessaloniki,40.6333527,22.9392026,Entire home/apt,50,2,9,2024-09-08,2.90,29,268,9,00002675650
1178800068674230385,Lovely Apartment by thesbnb,379910184,Νικόλαος,,Thessaloniki,40.61322,22.9652,Entire home/apt,47,1,8,2024-08-30,2.47,36,362,8,00002671270
1178821389713121915,Downtown top floor apartment.,525991824,Ourania,,Thessaloniki,40.6356389,22.9475609,Entire home/apt,50,2,5,2024-09-22,1.61,1,348,5,00002697869
1178839125599868845,Sunny Retro Apartment near centre,444906990,Smart Plan,,Thessaloniki,40.64205,22.93883,Entire home/apt,52,1,2,2024-07-14,0.63,15,240,2,00002721572
1178854381888859472,Red Velvet Apt near City centre,444906990,Smart Plan,,Thessaloniki,40.639,22.93867,Entire home/apt,44,1,3,2024-07-02,0.95,15,246,3,00002721812
1178869102910326803,"Venus Residence 109, Fiber Internet 100Mbps",583434505,Αφροδιτη,,Thessaloniki,40.6381835,22.9508541,Entire home/apt,62,2,1,2024-07-07,0.38,1,76,1,00002718768
1179003310127686681,Fori's Nest / City Center / SKG,583479687,Agni,,Thessaloniki,40.6372833,22.937761,Entire home/apt,31,2,6,2024-09-12,2.09,1,219,6,00002719387
1179081646316354603,Teta’s place: Modern and minimal apartment,399942045,Paraskevi,,Thessaloniki,40.6036045,22.953767,Entire home/apt,80,2,2,2024-08-14,1.28,1,253,2,00002765553
1179511424940888714,D2Suite στα Λαδάδικα Θεσσαλονίκη,168317299,Δέσποινα,,Thessaloniki,40.6377898,22.936739,Entire home/apt,58,2,1,2024-09-07,1,2,62,1,00002707348
1180231423323833992,FunkyFlatGR,583768623,Anagnostis,,Thessaloniki,40.64321,22.94813,Entire home/apt,55,1,1,2024-08-09,0.65,1,203,1,00002367563
1180250581411178763,Thess Central 2BR & balconies,409238876,Gil,,Thessaloniki,40.6433557,22.939997,Entire home/apt,,2,2,2024-09-03,1.71,3,0,2,00001553824
1180333997731133074,Aigaiou House 2,44262685,Christos,,Kordelio – Evosmos,40.6681793,22.918779,Entire home/apt,80,3,1,2024-07-28,0.52,2,180,1,00002720948
1180843960022101393,Kritis Loft in Thessaloniki,405014831,Sofia,,Thessaloniki,40.60179,22.95679,Entire home/apt,50,3,4,2024-09-16,2.67,1,257,4,00002824171
1181113341794268831,Luxury Downtown Apartment Α6,485800812,Kinfeel North,,Thessaloniki,40.6359013,22.9386404,Entire home/apt,57,1,0,,,11,250,0,00002704847
1181764611130611443,Kleko Project A by halu!: Apartment in the center,251290631,Halu,,Thessaloniki,40.63767,22.94193,Entire home/apt,78,1,0,,,90,359,0,12345678901
1181776779072525769,Beautiful room in a pleasant neighbourhood.,61624996,Nikolaos,,Thessaloniki,40.60128,22.97646,Private room,70,3,0,,,1,102,0,00002794164
1181784783407856484,Kleko project B by halu!: Apartment in the center,251290631,Halu,,Thessaloniki,40.63844,22.93995,Entire home/apt,78,1,0,,,90,350,0,12345678901
1181792502954676427,Tinker's Urban Penthouse,53912139,Leonidas,,Thessaloniki,40.633501,22.951207,Entire home/apt,98,2,0,,,1,267,0,00002910667
1181797466939554634,Kleko project C by halu!: Apartment in the center,251290631,Halu,,Thessaloniki,40.63856,22.93992,Entire home/apt,79,1,0,,,90,355,0,12345678901
1181820756308646826,1Bd - apartment for family,584223498,Μαρινος,,Neapolis – Sykeon,40.6599749,22.9744282,Entire home/apt,75,1,0,,,1,298,0,00002727909
1181892512492874814,Ano Poli Modern Apartment,202371400,Dimitra,,Thessaloniki,40.6428585208745,22.958601750433445,Entire home/apt,72,2,0,,,1,296,0,00002728608
1182279791567676296,Jordan's room  14,156282533,Jordans Rooms Ike,,Thessaloniki,40.6416115,22.9341706,Entire home/apt,56,2,0,,,9,329,0,00002745030
1182355364842037681,Loui's Garden House,584383660,Κωνσταντινος,,Pilea – Chortiatis,40.6876664,23.0025089,Entire home/apt,60,2,3,2024-09-10,1.34,1,171,3,00002324866
1182432050986141857,Spacious 2 bedroom Center in Thessaloniki!,201738738,Your.Rentals,,Thessaloniki,40.6104651,22.9623759,Entire home/apt,52,4,0,,,27,325,0,00001420877
1182493219962046638,Elpida apartments,584417794,Svetlana,,Thessaloniki,40.61612899578498,22.95762676745653,Entire home/apt,68,1,0,,,1,256,0,00002708802
1182506766271908201,~City Center Loft~ #Casa Nativa,57377730,Natasa,,Thessaloniki,40.64114715089724,22.9462293908,Entire home/apt,35,1,15,2024-09-17,5.23,2,252,15,01247639353
1182510661600156272,Balancepointskg,584423195,Αντωνιος,,Ampelokipon – Menemeni,40.6559234,22.9046505,Entire home/apt,70,1,2,2024-07-31,0.86,1,86,2,00002708578
1182561995294507448,Cntr,411627657,Andreana,,Thessaloniki,40.6319579,22.9438368,Entire home/apt,88,2,3,2024-09-08,1.05,1,361,3,00002717300
1182932356976734133,Amazing Studio 10 minutes To Center no1,201738738,Your.Rentals,,Thessaloniki,40.6414817,22.9473382,Entire home/apt,34,3,1,2024-07-03,0.36,27,338,1,00002094795
1182977807772205593,Luxurious 2 bedroom in Center of Thessaloniki,201738738,Your.Rentals,,Thessaloniki,40.6104651,22.9623759,Entire home/apt,48,3,1,2024-07-07,0.38,27,339,1,00003363051
1182978046689605583,Studio Heart Of city number 1,201738738,Your.Rentals,,Thessaloniki,40.6378461,22.9511335,Entire home/apt,39,3,0,,,27,338,0,00003992697
1182978550224409884,Center Apartment - 10 mins walk in Thessaloniki -,201738738,Your.Rentals,,Thessaloniki,40.6417727,22.9472899,Entire home/apt,42,6,0,,,27,338,0,00004420671
1182978771611176476,Amazing Studio Next To the Center 10 mins walk 123,201738738,Your.Rentals,,Thessaloniki,40.6423831,22.9473224,Entire home/apt,38,5,0,,,27,348,0,00036799268
1182979047023135550,Studio in the Heart Of City,201738738,Your.Rentals,,Thessaloniki,40.6377318,22.9512042,Entire home/apt,30,4,1,2024-09-07,1,27,296,1,00002628617
1183113215178015580,Simone by halu!: Apartment in the center,251290631,Halu,,Thessaloniki,40.63283,22.94848,Entire home/apt,54,1,0,,,90,357,0,12345678901
1183127356868863508,Simone by halu!: Studio in the center,251290631,Halu,,Thessaloniki,40.633,22.94724,Entire home/apt,57,1,2,2024-09-12,0.86,90,359,2,12345678901
1183876139080733282,F & B Collection - Flat for 4,31131449,Dimitris,,Thessaloniki,40.6247173,22.9735538,Entire home/apt,59,7,1,2024-08-03,0.58,56,270,1,00001936448
1184545007680194563,Allatini Sea View,584979537,Anna,,Thessaloniki,40.59745340000001,22.9527887,Entire home/apt,112,2,0,,,1,262,0,00002867580
1184577723788322070,Konstantinos' Studio,101759902,Σπυριδων,,Thessaloniki,40.6377852,22.9545819,Entire home/apt,43,1,7,2024-08-27,2.44,1,266,7,00002733176
1184657237225854540,"TheVacationers 2,New Studio Skg Downtown",429975024,Mary,,Thessaloniki,40.63865,22.94868,Entire home/apt,52,1,27,2024-09-22,9.42,1,352,27,00002723247
1184804357840413984,KRINI Apartment,585052223,Panagiotis,,Kalamaria,40.5671954,22.9576595,Entire home/apt,80,3,2,2024-09-09,2,1,364,2,00002766146
1184937932199499725,Άνετο  διαμέρισμα στο κέντρο,585094425,Αλέξης,,Thessaloniki,40.637061,22.950351,Entire home/apt,75,2,6,2024-08-04,2.77,1,363,6,00002792926
1185413979838869742,Prism Studios (Free Private Parking),445787114,Efstathios,,Thessaloniki,40.6384609050756,22.95603829325408,Entire home/apt,49,1,4,2024-09-20,1.90,3,267,4,00002762053
1185471977467024333,Unique Sunny Post-modern Apartment,195991693,Lucia And Konstantinos,,Thessaloniki,40.63294451074706,22.948822751641273,Entire home/apt,58,2,4,2024-09-06,2.40,3,163,4,00002718530
1185997529265386327,"Sperantza #1 , Nilie Hospitality MGMT",239769711,Nilie Premium Hospitality MGMT,,Neapolis – Sykeon,40.63629,22.96047,Entire home/apt,68,1,0,,,316,171,0,1254789
1186007317668604491,"Sperantza #6, Nilie Hospitality MGMT",239769711,Nilie Premium Hospitality MGMT,,Neapolis – Sykeon,40.63625,22.96079,Entire home/apt,68,1,2,2024-08-05,0.80,316,171,2,1234567
1186599076630579477,AYA Luxury Home - free public parking,103306415,Angel,,Thessaloniki,40.64217,22.94197,Entire home/apt,79,2,3,2024-09-02,1.88,3,356,3,00002744676
1186773629532081810,Moby by halu!: Elegant apartment in the center,251290631,Halu,,Thessaloniki,40.63519,22.95017,Entire home/apt,62,1,2,2024-07-20,0.85,90,364,2,12345678901
1186856772499684951,Navarinou Hideaway,128968239,Konstantinos,,Thessaloniki,40.6306052,22.950104,Entire home/apt,68,1,1,2024-08-10,0.67,19,263,1,00002765915
1187363155980318850,Διαμέρισμα με Ιδιωτική αυλή,305664744,Welcome Bnb,,Thessaloniki,40.64003,22.9447,Entire home/apt,54,2,1,2024-07-13,0.41,12,315,1,00002372324
1187382755507092071,"Vesper Apartment #4, The Luxury Suites",280458084,The Luxury Suites,,Thessaloniki,40.63915,22.93805,Entire home/apt,46,2,10,2024-08-31,3.41,173,174,10,00002680204
1187737066537412437,Art Deco Apartment,392489003,Georgios,,Thessaloniki,40.63338,22.94932,Entire home/apt,73,3,1,2024-07-23,0.48,6,199,1,00002475816
1188190940544541904,Family apartment in Neapoli,341592803,Sophia,,Neapolis – Sykeon,40.65299,22.94382,Entire home/apt,35,1,0,,,2,114,0,00002752655
1202111195347424200,LIV 9 Residence 7a,128968239,Konstantinos,,Thessaloniki,40.6332039,22.9449694,Entire home/apt,77,1,0,,,19,341,0,00002793789
1202123917867125866,LIV 9 Residence 7b,128968239,Konstantinos,,Thessaloniki,40.6332039,22.9449694,Entire home/apt,78,1,4,2024-09-19,2.31,19,299,4,00002793806
1202201006643976822,Stylish&Bright Apt near Rotonda,424401261,Gleb,,Thessaloniki,40.6348497,22.9496813,Entire home/apt,,1,12,2024-09-13,5.45,2,0,12,00002800974
1202322545598528475,House Near Beach,182472010,Μαριος,,Thessaloniki,40.61889692516662,22.956122383475304,Entire home/apt,33,1,5,2024-09-14,3.06,1,300,5,2804865
1202654627101505141,Ocean - City Center,28267881,Tomas&Cristina! Skgbnb,,Thessaloniki,40.6324915,22.9514883,Entire home/apt,64,1,0,,,29,362,0,00002856129
1202764564466942724,Aura Suites V6: Deluxe suite,251290631,Halu,,Thessaloniki,40.63949,22.93741,Entire home/apt,38,1,6,2024-09-16,3.53,90,357,6,12345678901
1202766544810862784,Cream Patio Nest,544115668,Nest,,Thessaloniki,40.62706,22.95107,Entire home/apt,47,1,2,2024-08-19,1.62,13,163,2,00002849625
1202916829230594790,Stylish Oasis / Thessaloniki [500 Mbps Internet],590401239,Kyriakos,,Thessaloniki,40.61394537182353,22.958654926983648,Entire home/apt,71,2,5,2024-09-16,5,2,350,5,00002837915
1203050058970872258,Cozy Nest Apartment in the City Center,23277852,Ioannis,,Thessaloniki,40.63892,22.94548,Entire home/apt,47,1,19,2024-09-21,11.18,1,232,19,00002817902
1203338465518099949,LUX RIAD in Thessaloniki,454642420,Ευαγγελία,,Thessaloniki,40.61581049999999,22.9550873,Entire home/apt,64,1,0,,,2,365,0,00002782327
1203394805145592175,"Villa 8, Nilie Hospitality MGMT",239769711,Nilie Premium Hospitality MGMT,,Thessaloniki,40.59368,22.95633,Entire home/apt,76,1,3,2024-08-28,2.81,316,8,3,2817939
1203575337383223792,"Roofline Downtown Residence, Vesta Philoxenia",588855748,Athina,,Thessaloniki,40.63889,22.93968,Entire home/apt,76,3,0,,,1,180,0,00002781388
1203588010932396334,LIV 9 Residence 7d,128968239,Konstantinos,,Thessaloniki,40.6332039,22.9449694,Entire home/apt,68,1,0,,,19,346,0,00002793752
1203592810236159793,LIV 9 Residence 7c,128968239,Konstantinos,,Thessaloniki,40.6332039,22.9449694,Entire home/apt,68,1,0,,,19,345,0,00002793811
1203635293907383587,Κεντρικό διαμέρισμα δίπλα την ρωμαϊκή αγορά,140305625,Αναστασία,,Thessaloniki,40.6396901,22.9445071,Entire home/apt,55,2,5,2024-09-09,2.63,1,166,5,00002807573
1204194145973927458,DoorMat 19# Blueberry,590770058,Daria,,Thessaloniki,40.6373681,22.9502911,Entire home/apt,45,1,0,,,1,348,0,00002818685
1204201199065995359,Feel Greek Hospitality #Θ006,568023192,Feel Greek,,Thessaloniki,40.64739,22.93209,Entire home/apt,68,1,1,2024-09-05,1,8,225,1,00002797739
1204418485493797488,Urban Loft 3,590848728,Τερψιθέα,,Thessaloniki,40.636535433433835,22.955019696295178,Entire home/apt,49,2,1,2024-08-10,0.67,1,360,1,00002812679
1204512200186102764,Stylish Loft in City Center 1,470648435,Forget The Hotel,,Thessaloniki,40.6186037,22.9596904,Entire home/apt,43,1,2,2024-09-05,2,6,276,2,Exempt
1204514509147407316,Stylish Loft In City Center 2,470648435,Forget The Hotel,,Thessaloniki,40.6186037,22.9596904,Entire home/apt,43,1,1,2024-09-07,1,6,288,1,Exempt
1205627468650478797,SmartCenterApartmentThessaloniki,100776361,Μανωλης,,Thessaloniki,40.638521,22.9538303,Entire home/apt,52,1,9,2024-09-19,7.94,8,365,9,00002813220
1205650151524000448,6FloorCenterThessaloniki,100776361,Μανωλης,,Thessaloniki,40.6412299,22.9375894,Entire home/apt,1000,1,0,,,8,365,0,00002813197
1206352434993350562,"Dream Apartment ""self check in""",591378773,Αλεξάνδρα,,Neapolis – Sykeon,40.6542701,22.9363706,Entire home/apt,37,3,0,,,1,182,0,00001652707
1206404883939918068,Étoile by halu!: Chic apartment in the center,569020662,Halu,,Thessaloniki,40.62897,22.94873,Entire home/apt,183,1,0,,,12,342,0,00002686858
1206423022963814630,Aria by halu!: Seafront apt with White Tower view,569020662,Halu,,Thessaloniki,40.62781,22.94934,Entire home/apt,261,1,0,,,12,19,0,00002331497
1206637618534315026,Aura Skg Apartment,591490117,Αθανάσιος Τσαμπίκος,,Thessaloniki,40.6412,22.93786,Entire home/apt,40,2,4,2024-09-08,2.45,1,175,4,00002776602
1206689213241744876,"Minimalistic City Apartment, Vesta Philoxenia",336527202,Vesta Philoxenia,,Thessaloniki,40.60989,22.95295,Entire home/apt,59,2,3,2024-09-03,1.61,51,249,3,00002801849
1207041385277918261,Kamara Urban Retreat,442073493,Daniel,,Thessaloniki,40.633501,22.951207,Entire home/apt,64,1,0,,,2,358,0,00002817600
1207087922003002643,Feel Greek Hospitality #Θ008,568023192,Feel Greek,,Thessaloniki,40.64385,22.94356,Entire home/apt,51,1,5,2024-09-18,3.19,8,181,5,00002802708
1207092125873153401,Amazonia by halu!: Stylish artistic apartment,569020662,Halu,,Thessaloniki,40.63083,22.94873,Entire home/apt,130,1,0,,,12,344,0,00002251636
1207104065493030952,Blossom by halu!: Cozy 2-BD apartment,569020662,Halu,,Thessaloniki,40.63175,22.9442,Entire home/apt,93,1,0,,,12,353,0,00002396308
1207116845414147011,Zoe by halu!: Lovely penthouse,569020662,Halu,,Thessaloniki,40.63236,22.94323,Entire home/apt,121,1,0,,,12,346,0,00002368422
1207172667292699434,F & B Collection - Loft for 2,31131449,Dimitris,,Thessaloniki,40.6436374,22.9441424,Entire home/apt,48,7,0,,,56,365,0,00002715205
1207235927487946180,Industrial Vibes#hosted by DoorMat,461106291,Konstantinos,,Thessaloniki,40.6465926,22.9238874,Entire home/apt,38,2,4,2024-09-05,2.40,1,346,4,00002557155
1201867535371206068,Central Open Space Apt,588845297,Vassilios,,Thessaloniki,40.63853,22.94061,Entire home/apt,37,2,5,2024-09-07,3.41,1,87,5,00002800459
1202028969464055301,Hh | Cozy Studio in the City Center,586657219,Harmony Hospitality,,Thessaloniki,40.6403628,22.9411154,Entire home/apt,55,1,2,2024-07-28,0.95,2,236,2,00002800013
1218735475309425140,"Noema #6, Nilie Hospitality MGMT",239769711,Nilie Premium Hospitality MGMT,,Thessaloniki,40.64057,22.93944,Entire home/apt,50,1,4,2024-09-21,3.08,316,365,4,2510083
1218738149928091459,"Noema #7, Nilie Hospitality MGMT",239769711,Nilie Premium Hospitality MGMT,,Thessaloniki,40.64167,22.93984,Entire home/apt,50,1,4,2024-09-15,3.08,316,350,4,2510099
1218740863026049888,"Noema #8, Nilie Hospitality MGMT",239769711,Nilie Premium Hospitality MGMT,,Thessaloniki,40.64006,22.93883,Entire home/apt,56,1,5,2024-09-15,3.66,316,364,5,2795735
1218750465225117668,"Noema #9, Nilie Hospitality MGMT",239769711,Nilie Premium Hospitality MGMT,,Thessaloniki,40.64071,22.93969,Entire home/apt,50,1,1,2024-09-11,1,316,365,1,2510116
1218767091691132926,"Noema #1, Nilie Hospitality MGMT",239769711,Nilie Premium Hospitality MGMT,,Thessaloniki,40.64072,22.93824,Entire home/apt,50,1,8,2024-09-19,6.86,316,360,8,2510450
1219339256468053387,Amber Studios by halu!: Studio with balcony,251290631,Halu,,Neapolis – Sykeon,40.6502576,22.9374844,Entire home/apt,40,1,1,2024-09-18,1,90,6,1,12345678901
1219688625095698336,Alkazar Suites #301,119416356,Fani,,Thessaloniki,40.63729,22.94035,Entire home/apt,40,1,1,2024-09-12,1,30,75,1,00002866223
1220109722856682359,Sea View Apartment,514565655,Central,,Thessaloniki,40.63714653755631,22.93526821177828,Entire home/apt,56,3,0,,,3,359,0,00002823573
1220180782394154117,CityChic Penthouse,595314940,Asterios,,Thessaloniki,40.62851965176655,22.946301475167274,Entire home/apt,260,1,0,,,1,362,0,00002817481
1220186487289920280,Phaedrus Living: Thessaloniki Cultural City Flat,488213362,Phaedrus Living,,Thessaloniki,40.61615,22.95405,Entire home/apt,43,1,0,,,2,365,0,00002842006
1220197518925359394,Hypnos Skg Room 101,595327396,Ιωαννα,,Thessaloniki,40.64268261636447,22.93878760188818,Private room,36,1,2,2024-09-15,2,4,365,2,00002851619
1220259031583663012,Hypnos Skg Room 103,595327396,Ιωαννα,,Thessaloniki,40.64344,22.93903,Private room,36,1,0,,,4,363,0,00002851539
1220259222780597933,Hypnos Skg Room 102,595327396,Ιωαννα,,Thessaloniki,40.64298,22.93931,Private room,36,1,1,2024-09-03,1,4,357,1,00002851704
1220276358282843904,Hypnos Skg Room 104,595327396,Ιωαννα,,Thessaloniki,40.64161,22.93989,Private room,36,1,3,2024-09-12,3,4,360,3,00002851725
1220373662237583359,Luxury Aura in the city,505228383,Ines,,Thessaloniki,40.6430651,22.9389331,Entire home/apt,80,3,6,2024-09-15,5.62,3,365,6,00002852551
1220401093145893019,Harmonious Heaven   (Α.M.A:00002885095),520692330,Kristina,,Thessaloniki,40.62937,22.94725,Entire home/apt,113,2,0,,,1,147,0,00002885095
1220755368129169539,Διαμέρισμα στον Εύοσμο,595464596,Κυριακη,,Kordelio – Evosmos,40.66317,22.90361,Entire home/apt,64,3,1,2024-08-25,1,1,360,1,00002857651
1221467711929852325,Domus #Skgbnb,1977386,Cristina&Tomas! Skgbnb,,Thessaloniki,40.61776,22.95587,Entire home/apt,50,1,1,2024-08-22,0.91,30,341,1,00002820228
1222135655396686536,Τhessalonikia center 2bd 110sqm,524283438,Ματίνα,,Thessaloniki,40.618698920704986,22.957939580082893,Entire home/apt,71,3,0,,,1,227,0,00002851081
1222214716246947001,Seafront Apartment With Sea View,201738738,Your.Rentals,,Thessaloniki,40.6148594,22.9539681,Entire home/apt,65,3,0,,,27,356,0,00001095753
1222228526987662503,ArtLoftSkg,595885276,Art Loft,,Thessaloniki,40.60517,22.95639,Entire home/apt,68,2,0,,,1,353,0,
1222244131733855289,Studio 74 premium lux apartment,108033866,Apostolos,,Thessaloniki,40.6103827,22.9632069,Entire home/apt,44,3,0,,,8,358,0,00002854252
1222617805909779197,Neon City Pulse - Casa Nativa,57377730,Natasa,,Thessaloniki,40.63828,22.94122,Entire home/apt,36,2,2,2024-09-11,2,2,339,2,00002853713
1222929382643692017,Karma - sea view #Skgbnb,28267881,Tomas&Cristina! Skgbnb,,Thessaloniki,40.6288896,22.9467012,Entire home/apt,96,2,0,,,29,341,0,00002869601
1222963783876593752,Canela #Skgbnb,28267881,Tomas&Cristina! Skgbnb,,Thessaloniki,40.61850949999999,22.9560812,Entire home/apt,49,2,0,,,29,352,0,00002809455
1223145224532375376,Budget Studio Heart Of City 2,201738738,Your.Rentals,,Thessaloniki,40.6289974,22.952214,Entire home/apt,39,5,0,,,27,348,0,00046789263
1223693685084848003,Orange Downtown Apartment,233599991,Χρήστος,,Thessaloniki,40.6287397,22.9476015,Entire home/apt,62,2,1,2024-08-23,0.94,30,346,1,00002779857
1224061028452520131,Δωμάτιο με θέα,450582160,Δανάη,,Thessaloniki,40.64369,22.94178,Entire home/apt,35,2,6,2024-09-18,6,1,337,6,00002869590
1224397791638517429,Ocean - city center #Skgbnb,28267881,Tomas&Cristina! Skgbnb,,Thessaloniki,40.6324915,22.9514883,Entire home/apt,52,2,0,,,29,346,0,00002856134
1225307121832178107,Thessaloniki Downtown Gem,596715582,Eli,,Thessaloniki,40.59994,22.95528,Entire home/apt,59,2,3,2024-09-15,2.73,1,354,3,00002826521
1226060166288656930,Sir Paco's place,163123431,Ntemi And Nick,,Thessaloniki,40.63783568699989,22.942580580711365,Entire home/apt,48,2,2,2024-08-31,2,15,355,2,00002823084
1226096789442152565,Alkazar Suites 302,119416356,Fani,,Thessaloniki,40.63857,22.94096,Entire home/apt,36,1,2,2024-09-08,2,30,83,2,11209403345
1226499160948285529,Roman Forum 3-bedroom Family apt,147338122,Maria,,Thessaloniki,40.63788,22.94429,Entire home/apt,200,1,0,,,1,265,0,00002865439
1226725351373904229,Alkazar Suites with Kitchen #303,119416356,Fani,,Thessaloniki,40.63843,22.94071,Entire home/apt,36,1,2,2024-09-03,2,30,86,2,00002866239
1226780236670437087,Stratos' place,46399772,Ευστράτιος,,Ampelokipon – Menemeni,40.65308,22.91084,Entire home/apt,43,1,1,2024-09-10,1,1,362,1,00002855992
1226788389256832640,Sir Dip's place,163123431,Ntemi And Nick,,Thessaloniki,40.6383096,22.942471,Entire home/apt,45,2,0,,,15,365,0,00002823042
1226939070913155846,Big Time Apartment Thessaloniki,145800043,Dimitris,,Thessaloniki,40.642869963491854,22.93393486441804,Entire home/apt,87,1,1,2024-09-06,1,4,26,1,00002854682
1227526573438694546,Tiny Oasis / Thessaloniki [500 Mbps Internet],590401239,Kyriakos,,Thessaloniki,40.61389243321711,22.958697842327886,Entire home/apt,53,1,6,2024-09-20,6,2,357,6,00002837962
1227570238352523053,Alkazar Suites #305,119416356,Fani,,Thessaloniki,40.63896,22.94104,Entire home/apt,34,1,4,2024-09-08,4,30,86,4,00002866250
1228838963847021015,Aesthetic Loft in the Heart of the City,444906990,Smart Plan,,Thessaloniki,40.63723,22.93642,Entire home/apt,46,1,1,2024-09-14,1,15,343,1,
1229064838843574827,Lyon Suite by Alchemia,97109465,George,,Thessaloniki,40.63887,22.934,Entire home/apt,80,1,0,,,3,70,0,00002676727
1229225920522010364,Amazing Studio 10 minutes' walk Center,201738738,Your.Rentals,,Thessaloniki,40.6418411,22.9470693,Entire home/apt,35,5,0,,,27,328,0,00046582978
1229794127202566011,Lupen Suite by Alchemia,97109465,George,,Thessaloniki,40.6401403,22.9330167,Entire home/apt,80,1,0,,,3,70,0,00002676732
1230162601250799497,"Ωραίο, άνετο και αγαπησιάρικο!",597961854,Ανθουλα,,Thessaloniki,40.6182,22.96284,Entire home/apt,68,1,1,2024-09-08,1,1,365,1,00002869180
1230186186387858079,Anastasia Apartment Thessaloniki,338198774,Brankica,,Thessaloniki,40.64331130000001,22.9345529,Entire home/apt,40,7,0,,,1,357,0,00002463213
1230274102553678930,#Luxlikehome City Glow Apartment,231048679,Luxlikehome,,Thessaloniki,40.63407,22.94698,Entire home/apt,101,2,0,,,15,351,0,00002873009
1230348901147297722,Central Deluxe Spacious Studio,1428384,Stavros,,Thessaloniki,40.601064,22.9542847,Entire home/apt,50,2,0,,,1,172,0,00002891427
1230364247762468541,Estia city-center elegant place,40801888,Φένια,,Thessaloniki,40.6335006,22.9469497,Entire home/apt,150,2,0,,,1,364,0,00494898112
1230378745059613857,"""Aristi"" Apartment by the Music Hall",570447509,Γεωργιος,,Thessaloniki,40.5991747,22.9510213,Entire home/apt,70,1,1,2024-09-08,1,1,185,1,00002868025
1230558492334567729,Elite house 3,172176636,Γιάννης,,Thessaloniki,40.6443117,22.9392047,Entire home/apt,32,2,2,2024-09-22,2,3,360,2,00002586260
1230565915820448019,Αριστοτέλους μίνι στούντιο,15074402,Maria,,Thessaloniki,40.6351479131325,22.94380635023117,Entire home/apt,39,2,1,2024-09-08,1,1,169,1,00002868189
1231673454453084607,AiR YMCA Square 100τμ 3Υπνοδωμάτια Διαμέρισμα,988264,Architecture In Residence,,Thessaloniki,40.62857,22.95203,Entire home/apt,128,1,0,,,3,85,0,00002868923
1231744925087764628,Joud's Apartment,91511772,Crisa,,Thessaloniki,40.64095289999999,22.9454041,Entire home/apt,68,2,1,2024-09-13,1,4,348,1,00002784947
1231826815777013909,DISTRiCT01 - Penthouse,42519930,George,,Kalamaria,40.5789078,22.945841,Entire home/apt,81,1,1,2024-09-20,1,4,363,1,00002014633
1231878021876591207,Cozy Apartm. with View & Parking,581055333,Konstantina,,Thessaloniki,40.6423482,22.9524161,Entire home/apt,115,1,0,,,1,56,0,00002683730
1231976261819973283,An Odyssey Resthouse,598413325,Dimitrios,,Thessaloniki,40.60518,22.9704,Entire home/apt,45,1,1,2024-09-22,1,1,226,1,00002881587
1232411780354696510,LuckyHouse,43558813,Αναστάσιος,,Thessaloniki,40.6419439574286,22.940857261419296,Entire home/apt,79,2,0,,,1,365,0,00002871329
1232536976305631072,Studio Heart Of city 3,201738738,Your.Rentals,,Thessaloniki,40.6291386,22.9523044,Entire home/apt,39,4,0,,,27,334,0,00046789113
1232596586849385286,Luxury Skg Living,561812376,Minas,,Thessaloniki,40.63609,22.93972,Entire home/apt,60,2,1,2024-09-15,1,2,316,1,00002868440
1233127149603489936,Central Suites Thessaloniki,598697714,Hidri,,Thessaloniki,40.61563,22.9586,Entire home/apt,87,2,0,,,1,338,0,00002862534
1233150739684383795,Homevision - Roman Market Studio,515398068,Homevision,,Thessaloniki,40.6383399,22.9448594,Entire home/apt,53,1,0,,,11,347,0,00002820280
1233230388028871317,Sotiria's appartment Kalamaria,598723155,Σωτηρία,,Kalamaria,40.5855558,22.9512751,Entire home/apt,72,2,1,2024-09-08,1,1,357,1,00783014723
1233246867953893319,Beautiful House Loft,261937610,Dimitriadis,,Thessaloniki,40.614832,22.9582652,Entire home/apt,63,1,0,,,12,234,0,00002072519
1233248534324987423,Διαμέρισμα Βραζιλία #2,598728609,Despoina,,Kordelio – Evosmos,40.6686883,22.9151239,Entire home/apt,65,3,3,2024-09-12,3,1,15,3,00002871850
1233281403603130088,Urban Folks | Cityscape apartment,553323265,Nikos,,Thessaloniki,40.63286,22.94936,Entire home/apt,83,1,3,2024-09-05,3,7,78,3,00002842361
1233284217664176518,Urban Folks | Downtown apartment,553323265,Nikos,,Thessaloniki,40.63348,22.94956,Entire home/apt,84,1,4,2024-09-06,4,7,74,4,00002842420
1233285755037703942,Urban Folks | Central apartment,553323265,Nikos,,Thessaloniki,40.63287,22.94816,Entire home/apt,80,1,3,2024-09-21,3,7,61,3,00002842356
1234166559947756828,DoorMat 21 # Mandarin,555435959,Fotios,,Thessaloniki,40.6421416,22.9431865,Entire home/apt,44,1,1,2024-09-09,1,6,344,1,00002873390
1234168420898399131,Angie’s LedSigns apartment,598793615,Angeliki,,Thessaloniki,40.6202143,22.95739,Entire home/apt,125,1,1,2024-09-07,1,1,365,1,00002873530
1234596631416377465,Waterfront apartment with Sea view,439074505,Travelnest,,Thessaloniki,40.61522,22.95251,Entire home/apt,192,1,0,,,1,363,0,00000821176
1234605977220264072,Central Modern Loft /  AC / WiFi / Self Check-In!,599061839,Georgios,,Thessaloniki,40.6188257,22.9577433,Entire home/apt,60,2,0,,,1,180,0,00002874425
1234717412837254115,Funky 112 #URBN,529609791,Asset,,Thessaloniki,40.62906860434075,22.94844276137694,Entire home/apt,91,2,1,2024-09-08,1,3,253,1,00002875293
1234761201855465584,THEA Deluxe 2Bd Apartment,571592277,Propertly Management,,Thessaloniki,40.61880952692409,22.960190280950933,Entire home/apt,62,3,0,,,1,352,0,00002895769
1235438992253536906,Spotted in Thessaloniki #12!,71930151,Giannis,,Thessaloniki,40.6374398,22.9356759,Entire home/apt,35,1,1,2024-09-16,1,3,344,1,00002833784
1236022652244192212,Tito's Apartment,598517136,Jihad,,Thessaloniki,40.6342075,22.9495276,Entire home/apt,44,1,0,,,1,81,0,00002785912
1236200262379307269,Iasonidou Resort,392489003,Georgios,,Thessaloniki,40.63675,22.94872,Entire home/apt,90,3,0,,,6,326,0,00002880134
1236367027655053400,Hello#Home Classic 5th floor 1bd flat,191164222,Liza,,Thessaloniki,40.6206564,22.9541101,Entire home/apt,49,3,1,2024-09-14,1,2,363,1,00002865710
1236895934776018487,Modern Design Studio Close to Thessaloniki Center,504569494,Aggelos,,Thessaloniki,40.6291671,22.9506087,Entire home/apt,44,2,0,,,4,365,0,00002416773
1236922032721495074,TheUrbanLoft,21710781,Γεωργιος,,Ampelokipon – Menemeni,40.65025894320852,22.92817443609238,Entire home/apt,50,1,5,2024-09-22,5,1,353,5,00002877154
1236941439309897696,Elegant Central Studio with Balcony & 1 Gbps Fiber,116832438,Leonidas,,Thessaloniki,40.6421169,22.9377339,Entire home/apt,37,1,0,,,1,87,0,00002887525
1237412934897925422,ReLux House,599749911,Polyxeni,,Kalamaria,40.57155,22.95939,Entire home/apt,93,2,3,2024-09-15,3,1,360,3,00002814827
1237439695843149203,Elcada renovated apartments -downtown,579778424,Ανδρέας,,Thessaloniki,40.63295008688001,22.939928671665484,Entire home/apt,88,2,0,,,1,59,0,00002794568
1237457760615632643,Martiou Apartment next to the Subway,409132198,Ioannis,,Thessaloniki,40.6016548,22.9623308,Entire home/apt,68,1,3,2024-09-22,3,1,179,3,00002877765
1237458785481262177,Harmony Nest #1,544115668,Nest,,Thessaloniki,40.63352039999999,22.9482293,Entire home/apt,47,1,0,,,13,174,0,00002866425
1237473224976663239,Harmony Nest #2,544115668,Nest,,Thessaloniki,40.63235,22.94882,Entire home/apt,48,1,0,,,13,164,0,00002877457
1237558691426141841,Maisonette in Panorama,595323354,Dimitra,,Pilea – Chortiatis,40.58845,23.03617,Entire home/apt,125,3,0,,,1,180,0,00002878300
1237719140229781488,Luxury Downtown Apartment E1,561903238,Alketa,,Thessaloniki,40.630584668118296,22.95175086190185,Entire home/apt,142,1,3,2024-09-21,3,1,351,3,00002878603
1207706119331450752,City loft Thessaloniki,363438255,Elena,,Thessaloniki,40.608238636810896,22.962509728968143,Entire home/apt,120,1,0,,,1,365,0,00002762685
1207919609614750996,Elite House 2,172176636,Γιάννης,,Thessaloniki,40.6342613,22.951927,Entire home/apt,33,1,3,2024-09-09,2.73,3,359,3,2798570
1207927756307401269,Aristotelous Central apartment,75569337,Magda,,Thessaloniki,40.6333328,22.9435177,Entire home/apt,41,2,3,2024-09-07,3,1,344,3,00001907682
1207933761638163057,Namastay PP2# hosted by DoorMat,370588541,Mariana,,Thessaloniki,40.63206599999999,22.9492803,Entire home/apt,41,2,2,2024-08-26,1.40,5,3,2,00002572930
1207950400507883428,Elite House 1,172176636,Γιάννης,,Thessaloniki,40.6342613,22.951927,Entire home/apt,35,2,3,2024-09-05,3,3,304,3,2798603
1208121713966912626,Alexandrias23House,591952252,Μιχαήλ,,Thessaloniki,40.60379,22.95362,Entire home/apt,43,1,1,2024-07-28,0.52,1,357,1,00002802962
1208475750298894949,Butterfly by halu!: Colourful house in the center,251290631,Halu,,Thessaloniki,40.62801,22.94781,Entire home/apt,77,1,1,2024-08-28,1,90,351,1,12345678901
1208486968116696717,Lithos- Ano poli #Skgbnb,1977386,Cristina&Tomas! Skgbnb,,Neapolis – Sykeon,40.64203,22.9628,Entire home/apt,76,1,3,2024-09-08,2.73,30,352,3,00002845165
1208535591782687219,Soleggiato Minimal apartment,172595834,Isidora And Christos,,Thessaloniki,40.6315906,22.9527077,Entire home/apt,61,1,5,2024-09-14,3.06,8,353,5,00002821282
1208540266079969321,Brand New Studio Olympiados 45,201738738,Your.Rentals,,Thessaloniki,40.6421312,22.947249,Entire home/apt,34,8,0,,,27,328,0,00006992694
1208588153509921004,Luxurious Penthouse City Centre,252020271,Alexander,,Thessaloniki,40.63064,22.94706,Entire home/apt,168,2,3,2024-09-20,2.31,1,68,3,00002825600
1208771201135503156,Κarakasi studio 2,487699774,Anastasia,,Thessaloniki,40.59929651054257,22.95868255198002,Entire home/apt,32,2,3,2024-09-07,2.81,2,322,3,00002570330
1208779563288826730,Four Reasons Apts Ntepo,405470096,Μαρία,,Thessaloniki,40.5974009,22.9575583,Entire home/apt,74,2,0,,,2,155,0,00002522220
1208797875916947115,ΜΑΤΙΝÈ,577692955,Anthi,,Thessaloniki,40.6378249,22.9530318,Entire home/apt,43,1,1,2024-08-17,0.79,1,37,1,00002822768
1208803353750186241,Vip Studio Kalamarias,344304363,Ирина,,Kalamaria,40.57897,22.94811,Entire home/apt,63,1,3,2024-09-08,2.81,1,25,3,00000872118
1208847862342743302,Ottima Living Thessaloniki - Ermou 1,410213894,Γεωργια,,Thessaloniki,40.63702084068018,22.93888855211488,Entire home/apt,50,2,2,2024-09-07,2,2,171,2,00002704725
1209165629005670070,Portoseaview Apartments - A.Svolou 53,372140900,Porto Sea View,,Thessaloniki,40.62981,22.95261,Entire home/apt,156,1,2,2024-09-08,2,40,362,2,00002823531
1209369906927350461,Luxury central apartment,592299462,Dimitris,,Thessaloniki,40.6359013,22.9386404,Entire home/apt,62,1,0,,,1,349,0,00002817843
1209581990018729438,Άνετο και φωτεινό διαμέρισμα,568187035,Ουρανία,,Thessaloniki,40.643334,22.9291501,Entire home/apt,52,1,2,2024-09-08,2,1,87,2,00002824044
1209636931151395302,New Studio Center Thessaloniki,201738738,Your.Rentals,,Thessaloniki,40.6417727,22.9472899,Entire home/apt,33,5,0,,,27,272,0,00016781267
1209975162916438692,Downtown stories,92886429,Ioannis,,Thessaloniki,40.6389747,22.9359029,Entire home/apt,89,1,2,2024-09-22,2,1,0,2,00002824560
1209981933228076630,"Fab, minimalist apt w/ view",214857203,Powerbnb,,Thessaloniki,40.6472692,22.9348378,Entire home/apt,35,1,7,2024-08-30,4.38,14,139,7,00002021444
1210088349854690261,Chic Center SKG,88883632,Foteini,,Thessaloniki,40.632359397540796,22.949343042327886,Entire home/apt,,25,0,,,1,0,0,00002833072
1210179147092123778,Amazing Neighborhood next center,201738738,Your.Rentals,,Thessaloniki,40.6433143,22.9475456,Entire home/apt,28,6,0,,,27,259,0,00046582902
1210949684177610315,"Printemps 2-bdrm Apartment, Vesta Philoxenia",336527202,Vesta Philoxenia,,Thessaloniki,40.61327,22.96815,Entire home/apt,67,3,0,,,51,93,0,00002840352
1211415646219656780,Celine by halu!: Budget apartment in the center,251290631,Halu,,Thessaloniki,40.64443,22.91351,Entire home/apt,,1,1,2024-08-12,0.70,90,0,1,12345678901
1211426200458230025,Celine by halu!: Standard apartment in the center,251290631,Halu,,Thessaloniki,40.64451,22.91362,Entire home/apt,,1,2,2024-08-18,1.33,90,0,2,12345678901
1211750124163338506,Agias Sofias 28,177205094,Despina,,Thessaloniki,40.63343,22.94491,Entire home/apt,61,2,0,,,1,255,0,00002827948
1212013311731906940,'Υρια house's,593040868,Μαρία,,Thessaloniki,40.6386,22.95109,Entire home/apt,53,2,0,,,1,160,0,00002828142
1212213974358007106,Rotonda Apartment Thessaloniki,172595834,Isidora And Christos,,Thessaloniki,40.633460255646774,22.953844517469406,Entire home/apt,50,1,5,2024-09-10,2.88,8,361,5,00002829729
1212236473514999339,Antigonidon Loft,593095620,Γιαννης,,Thessaloniki,40.64253,22.94004,Entire home/apt,69,2,0,,,1,131,0,00002770850
1212496147083688564,"Stunning sea views, spacious terrace, modern 1BR",593103315,Maria,,Kalamaria,40.59075,22.94661,Entire home/apt,68,2,6,2024-09-16,5.00,1,343,6,00002830322
1212746466445437758,Dream Home SKG,52111232,Daniil,,Thessaloniki,40.637823,22.9506404,Entire home/apt,30,2,6,2024-09-12,3.75,1,341,6,00002831920
1212816982917994791,Vivienne by halu!: Deluxe apartment in the center,251290631,Halu,,Thessaloniki,40.64192,22.94014,Entire home/apt,55,1,2,2024-08-26,1.43,90,363,2,00002835650
1213160650246050384,The Fine Home 2,195434423,Ioannis,,Thessaloniki,40.64116,22.93893,Entire home/apt,38,2,4,2024-09-13,2.79,3,95,4,00002669186
1214195351172782486,Andrews Cozy house,257616479,Χρυσουλα,,Thessaloniki,40.6467429,22.9274473,Entire home/apt,68,1,0,,,1,327,0,00613656301
1214411585162838031,Villanova - Pearl Suite,350701586,Polina,,Thessaloniki,40.64455,22.93379,Entire home/apt,32,1,0,,,5,52,0,00002353717
1215114545115022916,The Blue House,392489003,Georgios,,Thessaloniki,40.63952042384293,22.95395955767213,Entire home/apt,53,3,3,2024-09-19,2.73,6,239,3,00002483842
1215212986328633130,Vagia · Urban Apartments,593941025,Θεοδόσης,,Thessaloniki,40.6384423,22.9422936,Entire home/apt,46,2,5,2024-09-10,3.75,1,61,5,00002834739
1215276140905079311,Metaxenia's apartment 302,589611816,Κωνσταντίνος,,Kalamaria,40.57272963114873,22.969838115344242,Entire home/apt,120,1,0,,,2,365,0,00002789309
1215951945511028787,Le Alex,594142072,Ilona,,Neapolis – Sykeon,40.6502426,22.9407658,Entire home/apt,59,1,3,2024-09-12,2.65,3,272,3,00002326083
1216010741924094160,Modern Apartment in a quiet neighborhood,143981851,Stavroula,,Thessaloniki,40.6232106,22.9739128,Entire home/apt,45,5,0,,,1,356,0,00002838837
1216097156342792505,Ηλιόλουστο δωμάτιο στούντιο,123750052,Aimilia,,Thessaloniki,40.61179315539835,22.972343128568376,Private room,26,2,0,,,2,355,0,Exempt
1216797605759130969,Casa-Blanca,573778294,María,,Neapolis – Sykeon,40.64819,22.94698,Entire home/apt,,2,2,2024-08-13,1.36,1,1,2,00002839717
1217149556335633811,Le Plaza,594142072,Ilona,,Kalamaria,40.57631835101794,22.94999386256563,Entire home/apt,99,1,0,,,3,268,0,00002326100
1217155789522476362,Le Floor,594142072,Ilona,,Neapolis – Sykeon,40.6502426,22.9407658,Entire home/apt,46,1,1,2024-08-22,0.91,3,268,1,00002326099
1217354725921545750,Hippocampus Home,565828961,Ελπιδα,,Thessaloniki,40.6371195,22.9497388,Entire home/apt,96,2,1,2024-09-08,1,1,350,1,00002810287
1217439368910843626,Urban SKG apartment free Netflix,594584252,Damianos,,Thessaloniki,40.6033694,22.954172,Entire home/apt,47,2,4,2024-09-10,2.79,1,360,4,00002841641
1217506494519860289,Urban Studio 14,594610913,Ζωή,,Kalamaria,40.5835359,22.9658779,Entire home/apt,65,2,0,,,1,329,0,00002861266
1218585020788644476,Cozy flat - heart of the city,594907087,Viacheslav,,Thessaloniki,40.6385309,22.949174,Entire home/apt,45,2,4,2024-09-08,2.93,2,33,4,00002845729
1218689838725880250,Flat next to the monastery,594907087,Viacheslav,,Thessaloniki,40.6385309,22.949174,Entire home/apt,41,2,5,2024-09-10,3.41,2,24,5,00002845696
1218714113103115874,"Leon, Nilie Hospitality MGMT",239769711,Nilie Premium Hospitality MGMT,,Thessaloniki,40.63776,22.93618,Entire home/apt,78,1,4,2024-09-07,2.79,316,182,4,2845203
1218725138055753772,"Noema #3, Nilie Hospitality MGMT",239769711,Nilie Premium Hospitality MGMT,,Thessaloniki,40.63996,22.93873,Entire home/apt,56,1,9,2024-09-03,6.14,316,364,9,1364032
1218730782165224371,"Noema #4, Nilie Hospitality MGMT",239769711,Nilie Premium Hospitality MGMT,,Thessaloniki,40.64051,22.93807,Entire home/apt,50,1,5,2024-09-13,5,316,363,5,2510323
1238287700289148100,The Skeptic Home,650161363,Sofronios,,Kordelio – Evosmos,40.6652867,22.9175746,Entire home/apt,70,1,1,2024-09-21,1,1,161,1,00002742693
1238486255873304894,Natalie's Urban Condo,561183616,Ναταλία,,Thessaloniki,40.62171,22.96098,Entire home/apt,106,1,0,,,2,365,0,00002109700
1238893049993374920,διαμέρισμα ισογείου,206852734,Ταξιάρχης,,Thessaloniki,40.64408652824534,22.939053811132908,Entire home/apt,65,1,0,,,1,41,0,00002882982
1239007707858562034,' 'Mirroring' ' by InFox Suites,436387571,Kyriakos,,Thessaloniki,40.60909,22.95484,Entire home/apt,89,1,2,2024-09-21,2,5,178,2,00002884662
1239200573477248305,Studio Luxe by Casa D'Oro,650416274,Casa D'Oro,,Thessaloniki,40.6366731,22.9505611,Entire home/apt,40,1,1,2024-09-15,1,4,358,1,00002718491
1239238795936616110,Urban Elegance Nest,544115668,Nest,,Thessaloniki,40.6330573,22.9517392,Entire home/apt,64,1,0,,,13,165,0,00002878980
1239239074368775972,Home away from home,183934022,Emmanuel,,Thessaloniki,40.63754981524784,22.94933120740968,Entire home/apt,79,1,0,,,1,365,0,
1239615818625127776,City Center Heart apartment,151860432,Nikolaos,,Thessaloniki,40.62862,22.95381,Entire home/apt,80,1,0,,,1,365,0,00002887551
1239696207335748640,Studio Apartment B5,599770135,Ioannis,,Thessaloniki,40.643454,22.9349497,Entire home/apt,32,1,0,,,19,299,0,00002143108
1239705139963435360,Urban Chic by Casa D'Oro,650416274,Casa D'Oro,,Thessaloniki,40.6366731,22.9505611,Entire home/apt,45,1,0,,,4,358,0,00002718503
1239711140559438228,Superior Apartment B8,599770135,Ioannis,,Thessaloniki,40.64239786138978,22.934023474206302,Entire home/apt,38,1,0,,,19,260,0,00002143060
1239721317821866254,Superior Apartment C3,599770135,Ioannis,,Thessaloniki,40.64253901594173,22.936132917747873,Entire home/apt,38,1,0,,,19,260,0,00002311458
1239725147036798024,Digital Nomads Haven | Fast Wi-Fi & Workspace,279440926,Παναγιωτης,,Thessaloniki,40.60692,22.96147,Entire home/apt,20,3,2,2024-09-19,2,1,77,2,00002889327
1239731038377008263,Studio Apartment C6,599770135,Ioannis,,Thessaloniki,40.64411966841447,22.935153067671745,Entire home/apt,38,1,0,,,19,260,0,00002311463
1239741431251178285,Studio Apartment 42,599770135,Ioannis,,Thessaloniki,40.64325207939835,22.935576145806746,Entire home/apt,45,1,0,,,19,253,0,00002531832
1239842566228636212,Rias house,373129026,Δημητριος,,Thessaloniki,40.6475252,22.9317649,Entire home/apt,45,1,3,2024-09-16,3,1,362,3,00002910178
1240000282902526379,"Deluva Living Studio, close to Ippokratio Hospital",336527202,Vesta Philoxenia,,Thessaloniki,40.61037,22.95927,Entire home/apt,66,3,0,,,51,270,0,00002875899
1240321472078595300,Urban Luxury by InFox Suites,436387571,Kyriakos,,Thessaloniki,40.639,22.95023,Entire home/apt,87,1,1,2024-09-08,1,5,169,1,00002889045
1240329164396686762,Dimar4 Thessaloniki,60934399,Antonis,,Thessaloniki,40.6383118,22.940676,Entire home/apt,55,1,0,,,1,130,0,00002894034
1240447386749092021,"Niraya, The Luxury Suites",280458084,The Luxury Suites,,Thessaloniki,40.63768,22.93792,Entire home/apt,101,2,0,,,173,174,0,00002876540
1240573270588379373,TheNSluxuryapartment,166142282,Natasha,,Thessaloniki,40.642624996658775,22.945522964000702,Entire home/apt,65,1,0,,,1,299,0,01241345346
1240706850315469335,"Deluva Living 1-bdrm Suite, close to Ippokratio",336527202,Vesta Philoxenia,,Thessaloniki,40.61155,22.96086,Entire home/apt,77,3,0,,,51,261,0,00002875921
1241053643617008892,SmallCozy flat: 15’ from center,335694476,Tatiana,,Thessaloniki,40.64685,22.93773,Entire home/apt,50,10,0,,,1,158,0,00002902020
1241141885647332413,Villa IO,599568435,Χριστιαννα,,Ampelokipon – Menemeni,40.6476452,22.9289434,Entire home/apt,34,1,1,2024-09-16,1,1,324,1,00002901926
1241381887113625038,Bright Elegance Appartment!,303076969,Δαφνη,,Thessaloniki,40.64102,22.9492,Entire home/apt,55,2,0,,,4,202,0,00002886459
1241447784145552100,Moet Apartment,445787114,Efstathios,,Thessaloniki,40.63854297363428,22.956201508641243,Entire home/apt,72,50,0,,,3,296,0,00002884636
1241717578357790610,Superior Apartment 13,599770135,Ioannis,,Thessaloniki,40.64358144787759,22.936989762705778,Entire home/apt,48,1,0,,,19,260,0,00002496862
1241724758094736635,Studio Apartment 16,599770135,Ioannis,,Thessaloniki,40.64376681680021,22.936746951449113,Entire home/apt,45,1,0,,,19,255,0,00002496820
1241729976591748745,Superior Apartment 23,599770135,Ioannis,,Thessaloniki,40.64338920320435,22.93699089893655,Entire home/apt,46,1,0,,,19,242,0,00002496857
1241734657807079635,Studio Apartment 31,599770135,Ioannis,,Thessaloniki,40.64152842227296,22.935532527807542,Entire home/apt,45,1,0,,,19,260,0,00002497025
1241746584751562347,Studio Apartment 36,599770135,Ioannis,,Thessaloniki,40.64163228867554,22.936581291319175,Entire home/apt,45,1,0,,,19,260,0,00002496942
1241750404738536010,Studio Apartment 41,599770135,Ioannis,,Thessaloniki,40.64159968473227,22.936903981312632,Entire home/apt,45,1,0,,,19,326,0,00002497046
1241751444415192579,Διαμέρισμα στο κέντρο της πόλης,651028281,Mirush,,Thessaloniki,40.637061,22.950351,Entire home/apt,59,1,1,2024-09-22,1,1,357,1,00002900562
1241753690407528176,Studio Apartment 45,599770135,Ioannis,,Thessaloniki,40.64280143584428,22.935033123838856,Entire home/apt,45,1,0,,,19,322,0,00002592192
1241761058093797280,Superior Apartment B4,599770135,Ioannis,,Thessaloniki,40.64310998504676,22.935446387314425,Entire home/apt,38,1,0,,,19,267,0,00002143054
1241764380807492103,Studio Apartment B6,599770135,Ioannis,,Thessaloniki,40.64260995051122,22.934706682154847,Entire home/apt,38,1,0,,,19,260,0,00002143096
1241767194614308039,Studio Apartment B7,599770135,Ioannis,,Thessaloniki,40.64288440398789,22.93433553739986,Entire home/apt,38,1,0,,,19,260,0,00002723513
1241768677961565611,Superior Apartment C1,599770135,Ioannis,,Thessaloniki,40.64288271433311,22.93552944488427,Entire home/apt,43,1,0,,,19,365,0,00002311484
1241774028018624998,Studio Apartment C5,599770135,Ioannis,,Thessaloniki,40.64408195310003,22.935987907160047,Entire home/apt,38,1,0,,,19,260,0,00002561344
1238213672429659938,Pasithea City Center,379910184,Νικόλαος,,Thessaloniki,40.63699,22.9511,Entire home/apt,82,1,0,,,36,352,0,00002878283
1241777272759829491,Superior Apartment C8,599770135,Ioannis,,Thessaloniki,40.644271034716816,22.935369128414116,Entire home/apt,38,1,0,,,19,260,0,00002311421
1241954701873435385,Pillow Family room - White Tower View,651074634,Pillow Urban Stay,,Thessaloniki,40.6277613,22.9491427,Private room,150,1,0,,,1,365,0,1146800
1242610104702164856,Μονοκατοικία με Θέα,63261419,Τάσος,,Pilea – Chortiatis,40.57803,23.02412,Entire home/apt,2000,15,0,,,1,297,0,00002908184
1242736562130460400,Στην καρδιά της Θεσσαλονίκης,650314967,Panagiotis,,Thessaloniki,40.63886,22.93686,Entire home/apt,66,1,3,2024-09-22,3,1,15,3,00002906377
1242866611834473659,Modiano Studio,145122925,Theodore,,Thessaloniki,40.63537,22.9422,Entire home/apt,47,2,1,2024-09-22,1,1,350,1,00002907438
1243481596550545160,Deppy's Studio in Thessaloniki,454312020,Στέλλα,,Thessaloniki,40.64456,22.9396,Entire home/apt,80,1,0,,,1,349,0,00002907974
1244000115119444026,Persefoni City Center,379910184,Νικόλαος,,Thessaloniki,40.6400995,22.9321609,Entire home/apt,47,1,1,2024-09-15,1,36,344,1,00002878236
1244028765283548291,Το παλατάκι!,574535379,Όλγα,,Pavlou Mela,40.68201,22.94496,Entire home/apt,55,1,0,,,1,361,0,2910317
1244043450181366715,Waterfront Luxury Suite With Sea View 15 min to wh,201738738,Your.Rentals,,Thessaloniki,40.6148594,22.9539681,Entire home/apt,59,3,0,,,27,356,0,00001095753
1244799120050120683,Soho Residence by halu! Deluxe room,251290631,Halu,,Thessaloniki,40.64563,22.92272,Entire home/apt,49,1,0,,,90,364,0,12345678901
1244809529405371026,Soho Residence by halu! Superior room,251290631,Halu,,Thessaloniki,40.64402,22.92159,Entire home/apt,37,1,0,,,90,364,0,12345678901
1244883194511933966,Η Βεράντα,480505707,Χακα,,Ampelokipon – Menemeni,40.65377836315193,22.9092363640666,Entire home/apt,100,2,0,,,1,356,0,00002899490
1245457711188195996,Homevision - Red and Green,515398068,Homevision,,Thessaloniki,40.63099504356648,22.949115199273454,Entire home/apt,80,1,0,,,11,361,0,00002711871
1245494242497121214,City Center Apartment III,650416274,Casa D'Oro,,Thessaloniki,40.63384569999999,22.941447,Entire home/apt,50,1,0,,,4,349,0,00002876742
1245500556860389131,City Center Apartment IV,650416274,Casa D'Oro,,Thessaloniki,40.63384569999999,22.941447,Entire home/apt,50,1,0,,,4,316,0,00002876561
1245759152157670185,Luxury apartment next to the white tower,505228383,Ines,,Thessaloniki,40.62816416316725,22.94937528669834,Entire home/apt,88,2,1,2024-09-18,1,3,365,1,00002895238
1246182772401547190,Room115_skg,564930918,Antonios,,Thessaloniki,40.63695,22.93901,Entire home/apt,58,1,1,2024-09-19,1,1,358,1,00002917059
1246233199435735743,Οικογενειακό διαμέρισμα,652151095,Kaliopi,,Kalamaria,40.58314,22.95701,Entire home/apt,72,3,0,,,1,364,0,00002918985
1246884244810205617,Ariadne City Center,379910184,Νικόλαος,,Thessaloniki,40.64026,22.93934,Entire home/apt,66,1,0,,,36,352,0,00002878262
1246945330372831677,"The Vacationers 1, New Studio Skg Downtown",652748639,Eleni,,Thessaloniki,40.6384093964451,22.949570082128048,Entire home/apt,51,2,0,,,1,347,0,00002723226
1247759047568724490,Miltos's House,568348492,Holidu,,Thessaloniki,40.61505739639225,22.95512543991208,Entire home/apt,46,1,0,,,1,365,0,00002876636
1248364083998596798,Ladadika Urban Suites #1,305664744,Welcome Bnb,,Thessaloniki,40.63752,22.93562,Entire home/apt,52,1,0,,,12,357,0,00002924753
1248373591258314999,Harmony Loft,261937610,Dimitriadis,,Thessaloniki,40.60936162715914,22.96184063439332,Entire home/apt,68,1,0,,,12,362,0,00002927945
1248401548996080387,Atelier Poly.Whole apartment 78m 6flo for 5Persons,521069220,Afroditi,,Thessaloniki,40.6298189,22.9531281,Entire home/apt,140,3,0,,,1,7,0,00002924795
1248430898098726272,Superior Apartment 33,599770135,Ioannis,,Thessaloniki,40.64328059168159,22.93489921511997,Entire home/apt,50,1,0,,,19,260,0,00002496878
1248513752374405816,Студия в прекрасном районе,498477510,Νταρια,,Thessaloniki,40.6204759378342,22.957890624861776,Entire home/apt,30,1,0,,,1,153,0,Exempt
1249255383396779753,Ladadika Urban Suites #2,305664744,Welcome Bnb,,Thessaloniki,40.636307494796526,22.936777525697227,Entire home/apt,51,1,0,,,12,357,0,00002924774
1249736636521506694,Comfy Studio in the Center,653081854,Dimitris,,Thessaloniki,40.633388324736266,22.954457964418044,Entire home/apt,45,1,0,,,1,173,0,00002264125
1250527371571757662,Comfortable 1 bedroom flat.,653084698,Tatiana,,Thessaloniki,40.648545,22.9212331,Entire home/apt,50,1,0,,,1,365,0,01079578773
1250584637588966411,The Olive house in Mavili square,653259353,Αντωνιος,,Thessaloniki,40.6413879,22.9382437,Entire home/apt,50,2,0,,,1,365,0,00556562560
