Entity,Year,65+ years,25-64 years,15-24 years,5-14 years,0-4 years
Afghanistan,1950,221587,2881750,1481165,1891648,1300032
Afghanistan,1951,225330,2914332,1503397,1931423,1304861
Afghanistan,1952,228860,2948438,1526378,1971722,1312385
Afghanistan,1953,232109,2982329,1548885,2008840,1324540
Afghanistan,1954,235141,3016447,1570535,2043247,1342583
Afghanistan,1955,238211,3052582,1592242,2075114,1368832
Afghanistan,1956,241416,3090815,1614741,2105988,1401342
Afghanistan,1957,244781,3130724,1638723,2139279,1434833
Afghanistan,1958,248079,3170329,1663885,2172710,1468409
Afghanistan,1959,251434,3213285,1692648,2207817,1504087
Afghanistan,1960,255096,3262783,1727263,2246611,1543295
Afghanistan,1961,258855,3316873,1765808,2287964,1584582
Afghanistan,1962,262658,3375260,1806034,2332373,1628086
Afghanistan,1963,266535,3436404,1845005,2382714,1673833
Afghanistan,1964,270662,3498898,1882552,2440609,1721597
Afghanistan,1965,275153,3563255,1918017,2507976,1771602
Afghanistan,1966,279946,3628970,1952143,2581777,1823561
Afghanistan,1967,285055,3696833,1988396,2657957,1877720
Afghanistan,1968,290467,3768389,2026420,2737359,1934288
Afghanistan,1969,295965,3843727,2065100,2819641,1992983
Afghanistan,1970,301603,3924384,2104814,2905395,2053938
Afghanistan,1971,307201,4007530,2144620,2992616,2115704
Afghanistan,1972,312829,4093158,2186092,3082772,2178844
Afghanistan,1973,318856,4181433,2234032,3178533,2245144
Afghanistan,1974,325124,4266663,2287625,3276610,2313102
Afghanistan,1975,331364,4343297,2345790,3373220,2380293
Afghanistan,1976,337231,4409332,2404236,3465233,2443826
Afghanistan,1977,343089,4473236,2461528,3556148,2506754
Afghanistan,1978,348341,4532871,2517308,3645780,2567142
Afghanistan,1979,346852,4515886,2532259,3678264,2582308
Afghanistan,1980,331466,4323386,2449146,3568350,2496961
Afghanistan,1981,297659,3889688,2227137,3253198,2269902
Afghanistan,1982,270474,3553728,2059368,3015003,2092807
Afghanistan,1983,264585,3504870,2055546,3013203,2079781
Afghanistan,1984,265722,3566212,2118943,3108566,2130776
Afghanistan,1985,264663,3613818,2177724,3197123,2173526
Afghanistan,1986,260035,3584573,2189736,3206689,2179041
Afghanistan,1987,256892,3549518,2195445,3196742,2189227
Afghanistan,1988,258601,3568371,2231837,3227054,2237436
Afghanistan,1989,266321,3655006,2307941,3312242,2332578
Afghanistan,1990,270155,3686064,2346885,3350225,2392335
Afghanistan,1991,274405,3722866,2386376,3400904,2454328
Afghanistan,1992,297746,4015654,2586499,3691240,2687842
Afghanistan,1993,335789,4495122,2902606,4156229,3053427
Afghanistan,1994,366336,4862979,3142470,4525983,3353030
Afghanistan,1995,385598,5079630,3282177,4765043,3553386
Afghanistan,1996,402004,5261314,3394233,4981868,3723843
Afghanistan,1997,417919,5441087,3498346,5212518,3882226
Afghanistan,1998,433795,5627272,3602292,5465361,4031272
Afghanistan,1999,450020,5821256,3708748,5735628,4172134
Afghanistan,2000,455344,5875315,3729488,5868912,4201270
Afghanistan,2001,458818,5905054,3744053,5973943,4202429
Afghanistan,2002,483992,6211709,3942496,6350855,4389064
Afghanistan,2003,515292,6597530,4199071,6803697,4617455
Afghanistan,2004,534500,6834183,4369955,7098837,4723171
Afghanistan,2005,553916,7081123,4555144,7395958,4818422
Afghanistan,2006,577570,7382659,4788439,7737765,4937655
Afghanistan,2007,589754,7530977,4941436,7904676,4942996
Afghanistan,2008,604740,7706323,5128486,8077379,4965687
Afghanistan,2009,629932,8004814,5406399,8350655,5074285
Afghanistan,2010,652394,8263871,5659267,8552497,5156043
Afghanistan,2011,681480,8606272,5961360,8807812,5290769
Afghanistan,2012,714450,9004090,6293281,9086869,5461328
Afghanistan,2013,743043,9371872,6594068,9308013,5605692
Afghanistan,2014,772749,9786793,6914571,9553296,5765097
Afghanistan,2015,797292,10179813,7204290,9754035,5896313
Afghanistan,2016,817349,10540419,7449441,9903962,5989420
Afghanistan,2017,842144,10952596,7704034,10090364,6099779
Afghanistan,2018,869729,11401235,7952525,10300888,6218637
Afghanistan,2019,899496,11887193,8194350,10533595,6341466
Afghanistan,2020,926198,12420582,8444268,10799525,6478381
Afghanistan,2021,941009,12874381,8621571,10997458,6565972
Afghanistan,2022,955674,13234074,8704884,11096249,6587947
Afghanistan,2023,985584,13709016,8840823,11263138,6656181
Africa (UN),1950,7551740,82152559,43352340,55452970,39266189
Africa (UN),1951,7666887,83912963,44149206,56700755,40126541
Africa (UN),1952,7788931,85716514,44944399,58023704,41065383
Africa (UN),1953,7916832,87543112,45712453,59366738,42145341
Africa (UN),1954,8051148,89395384,46449142,60781940,43327679
Africa (UN),1955,8193041,91287803,47178564,62345048,44532934
Africa (UN),1956,8342867,93213713,47923641,64030919,45759857
Africa (UN),1957,8497204,95162702,48695072,65810291,46962940
Africa (UN),1958,8655895,97089823,49494857,67660780,48139929
Africa (UN),1959,8833313,99062036,50410390,69586272,49379155
Africa (UN),1960,9031724,101122639,51496077,71572604,50698467
Africa (UN),1961,9261899,103220544,52701549,73546707,52082585
Africa (UN),1962,9521562,105369380,53985261,75539213,53543710
Africa (UN),1963,9787222,107563253,55286155,77679526,55054341
Africa (UN),1964,10056110,109803610,56652927,79952749,56594414
Africa (UN),1965,10327461,112085365,58128792,82328787,58142218
Africa (UN),1966,10594070,114417467,59707970,84854910,59676932
Africa (UN),1967,10859347,116835441,61417215,87508154,61229892
Africa (UN),1968,11136321,119366633,63236341,90221953,62838709
Africa (UN),1969,11421524,122007396,65117101,92977607,64507932
Africa (UN),1970,11709671,124772942,67017821,95790140,66260594
Africa (UN),1971,11996159,127636716,68919790,98678545,68094198
Africa (UN),1972,12286703,130546087,70859008,101648936,69970477
Africa (UN),1973,12595544,133562950,73004224,104742012,71916242
Africa (UN),1974,12920458,136740613,75344085,107928600,73935527
Africa (UN),1975,13263750,140098907,77742180,111211093,76116510
Africa (UN),1976,13627954,143567625,80166300,114656610,78477410
Africa (UN),1977,14000948,147068746,82667683,118118754,80803284
Africa (UN),1978,14401149,150889673,85382852,121676897,83187590
Africa (UN),1979,14830796,154997602,88223936,125435603,85709369
Africa (UN),1980,15247866,159168100,91148048,129285044,88201350
Africa (UN),1981,15675932,163628721,94206777,133308498,90799640
Africa (UN),1982,16149962,168440784,97362080,137473328,93531211
Africa (UN),1983,16634516,173374325,100490378,141641866,96089990
Africa (UN),1984,17123540,178435182,103621056,145958389,98498138
Africa (UN),1985,17630015,183738288,106873243,150487834,100932798
Africa (UN),1986,18146201,189189730,110176121,155079508,103373786
Africa (UN),1987,18697443,194822214,113526464,159730259,105822916
Africa (UN),1988,19245915,200616245,116927702,164433348,108162352
Africa (UN),1989,19771029,206556084,120420204,169181049,110428628
Africa (UN),1990,20307868,212762221,124092873,173967429,112642716
Africa (UN),1991,20855522,219012942,127813432,178739777,114679868
Africa (UN),1992,21441263,225177649,131558533,183689378,116688982
Africa (UN),1993,22043565,231854529,135312961,188626398,118781946
Africa (UN),1994,22660965,238367136,139460468,193182042,120829422
Africa (UN),1995,23315569,244533829,143964056,197772982,123106196
Africa (UN),1996,24000042,250665455,148391508,202660990,125753184
Africa (UN),1997,24700717,257000916,152862552,207449412,128368736
Africa (UN),1998,25390470,264287968,157531548,211912012,130857426
Africa (UN),1999,26079225,272013414,162338849,216157192,133488732
Africa (UN),2000,26777727,279930007,167097148,220448394,136326898
Africa (UN),2001,27486430,288127723,171854404,224905668,139313234
Africa (UN),2002,28210635,296628626,176608278,229452606,142508020
Africa (UN),2003,28941781,305491560,181299500,234087242,145910958
Africa (UN),2004,29672205,314763295,185904068,238940116,149495030
Africa (UN),2005,30407227,324371992,190387885,244137464,153237996
Africa (UN),2006,31150981,334256401,194734050,249644492,157142064
Africa (UN),2007,31917603,344496060,199019276,255426322,161191904
Africa (UN),2008,32714071,355245323,203314564,261416708,165369920
Africa (UN),2009,33541436,366436265,207564766,267687464,169542666
Africa (UN),2010,34435523,377988028,211831746,274308990,173646952
Africa (UN),2011,35412870,389809726,216145590,281198514,177576234
Africa (UN),2012,36477832,401974784,220535478,288491832,181357368
Africa (UN),2013,37610132,414706195,225155402,296281104,185020676
Africa (UN),2014,38779036,427576556,229977896,304335294,188544100
Africa (UN),2015,40025364,440539778,235125546,312465204,191911312
Africa (UN),2016,41361344,453645415,240577898,320634870,194979664
Africa (UN),2017,42815253,467139406,246427192,328790406,197719484
Africa (UN),2018,44428251,481242737,252730160,336836954,200160072
Africa (UN),2019,46149280,495487615,259300342,344704244,202351228
Africa (UN),2020,47794788,510015883,266247398,352290520,204459148
Africa (UN),2021,49332071,524755877,273536460,359412182,206702984
Africa (UN),2022,51056905,539591152,281062124,366155416,209004392
Africa (UN),2023,53036513,554886452,288908698,372498324,211426700
Albania,1950,74869,456914,228882,300430,186745
Albania,1951,76593,466094,235658,304643,193364
Albania,1952,78657,476204,242441,309446,201609
Albania,1953,80914,487186,249205,315766,210500
Albania,1954,83288,498980,255861,323995,218954
Albania,1955,85453,511537,262360,333548,225947
Albania,1956,86272,524892,269059,341723,234861
Albania,1957,86435,539080,276123,348499,247788
Albania,1958,87329,554103,283204,356699,262598
Albania,1959,88761,569991,289394,368418,278369
Albania,1960,90342,586467,293291,386290,292845
Albania,1961,91065,602741,296008,408924,299858
Albania,1962,91293,619009,300344,431590,301299
Albania,1963,92076,635856,307423,452142,303613
Albania,1964,93292,652979,316950,471026,307048
Albania,1965,94868,670126,328168,488909,312118
Albania,1966,96763,687317,340719,505338,319796
Albania,1967,98970,704752,354692,520707,329309
Albania,1968,101460,722595,370210,536107,338406
Albania,1969,104006,741834,385284,553035,342673
Albania,1970,106457,762618,399363,571474,341272
Albania,1971,108997,783839,414664,589101,338352
Albania,1972,111840,805160,431917,604665,335642
Albania,1973,115122,826785,450902,617362,333891
Albania,1974,118696,849203,471152,626463,333836
Albania,1975,122595,872581,492476,632260,334886
Albania,1976,126827,896984,514781,635540,336344
Albania,1977,131373,922668,537350,637038,338009
Albania,1978,136147,950030,558853,638219,341134
Albania,1979,139302,979926,576572,641333,343981
Albania,1980,141060,1012580,589596,646542,345385
Albania,1981,142901,1047822,599650,652482,347330
Albania,1982,144808,1085111,608639,657621,350533
Albania,1983,147117,1124073,617492,661746,354525
Albania,1984,150106,1164889,625174,664841,359797
Albania,1985,154995,1206253,630387,667192,367279
Albania,1986,160534,1248350,634335,669820,374489
Albania,1987,165081,1290999,639974,673186,379481
Albania,1988,169228,1334398,644608,679428,385148
Albania,1989,172602,1372801,640975,683579,390304
Albania,1990,176211,1398722,631198,682030,389691
Albania,1991,180470,1417768,620124,679038,385084
Albania,1992,185273,1435382,606136,677682,377896
Albania,1993,190856,1451173,589923,680050,365676
Albania,1994,196741,1463835,574404,684424,349847
Albania,1995,202941,1471960,561057,687527,334910
Albania,1996,208826,1476256,550255,687917,322245
Albania,1997,214211,1477089,542803,684006,311366
Albania,1998,219723,1473102,539486,675541,302086
Albania,1999,225669,1464680,539913,664250,293894
Albania,2000,231924,1452815,543523,652014,285691
Albania,2001,239259,1446889,547558,638592,275476
Albania,2002,247886,1450598,548992,623304,263153
Albania,2003,256801,1455291,548443,606722,250671
Albania,2004,265886,1457969,547361,589185,238092
Albania,2005,275418,1458614,546133,571016,224798
Albania,2006,285387,1457294,544370,551778,211795
Albania,2007,295300,1454411,541699,530814,200486
Albania,2008,304535,1450539,538437,508483,190773
Albania,2009,312691,1445806,535610,484893,182338
Albania,2010,319691,1439766,533728,459754,175664
Albania,2011,326797,1441309,534009,436955,172318
Albania,2012,334814,1450631,533946,417945,172557
Albania,2013,343561,1458794,529563,400780,174750
Albania,2014,353158,1466262,521255,385394,177541
Albania,2015,363436,1474149,510350,371164,179389
Albania,2016,374267,1485862,498405,359815,179373
Albania,2017,385482,1498980,483744,353023,176874
Albania,2018,397503,1509273,466192,349432,171680
Albania,2019,410891,1515236,446792,347026,164898
Albania,2020,423914,1518072,426556,344790,158434
Albania,2021,434839,1515015,404689,342066,152842
Albania,2022,445907,1509253,385280,338696,148288
Albania,2023,458170,1503139,370998,334087,145074
Algeria,1950,313763,3265908,1775960,2193225,1469321
Algeria,1951,317830,3335865,1819012,2226666,1570269
Algeria,1952,323751,3407208,1856986,2262737,1670316
Algeria,1953,330357,3479424,1889944,2303730,1768994
Algeria,1954,335601,3545544,1915265,2357068,1860751
Algeria,1955,339451,3604576,1933686,2442699,1926890
Algeria,1956,342165,3663825,1947450,2555841,1972798
Algeria,1957,343286,3722463,1958431,2674275,2018955
Algeria,1958,344634,3777391,1970048,2795925,2065561
Algeria,1959,348939,3825330,1983707,2920488,2111087
Algeria,1960,356725,3864275,2001349,3047757,2154766
Algeria,1961,377265,3894896,2013244,3146513,2196912
Algeria,1962,409198,3918638,2015098,3214374,2243423
Algeria,1963,439298,3942718,2019396,3278644,2302033
Algeria,1964,464617,3974313,2034311,3338242,2368296
Algeria,1965,485083,4006812,2060851,3399582,2413625
Algeria,1966,495466,4044763,2119009,3499430,2431373
Algeria,1967,497706,4093523,2211502,3634019,2439338
Algeria,1968,499924,4146465,2317529,3765200,2443469
Algeria,1969,501903,4202260,2431727,3887093,2452949
Algeria,1970,503740,4258250,2547967,3990177,2483567
Algeria,1971,505745,4316333,2664372,4079263,2533203
Algeria,1972,508245,4381886,2781139,4168630,2587157
Algeria,1973,511189,4459003,2898536,4258317,2644089
Algeria,1974,514401,4550177,3018646,4346001,2704264
Algeria,1975,526061,4709068,3118821,4476413,2848218
Algeria,1976,550204,4930125,3190117,4686790,3051912
Algeria,1977,569212,5114962,3286053,4888128,3157608
Algeria,1978,579044,5273190,3418648,5044252,3191819
Algeria,1979,589959,5452116,3559048,5199733,3235773
Algeria,1980,603826,5650785,3705714,5354287,3292536
Algeria,1981,621933,5870546,3858352,5498763,3371082
Algeria,1982,642951,6111442,4016405,5630998,3470520
Algeria,1983,664378,6373591,4180326,5764551,3575229
Algeria,1984,685592,6656064,4349672,5906300,3674285
Algeria,1985,707241,6957675,4523210,6057991,3762356
Algeria,1986,729735,7274062,4696617,6217288,3827718
Algeria,1987,751932,7593188,4860594,6379529,3858298
Algeria,1988,773877,7918211,5016341,6544363,3856655
Algeria,1989,796825,8251036,5166694,6710512,3829330
Algeria,1990,820002,8589510,5312430,6875775,3778011
Algeria,1991,844159,8935181,5446883,7037077,3724553
Algeria,1992,885740,9265413,5566756,7211990,3698589
Algeria,1993,943322,9584623,5697976,7376942,3674098
Algeria,1994,1003563,9908316,5857340,7494685,3623290
Algeria,1995,1068486,10231451,6043046,7569980,3557145
Algeria,1996,1136551,10557377,6252228,7605234,3481567
Algeria,1997,1207201,10888357,6479930,7607164,3396559
Algeria,1998,1265326,11247678,6697381,7563513,3280145
Algeria,1999,1309838,11643211,6893840,7478337,3149034
Algeria,2000,1354448,12055131,7077909,7371240,3045059
Algeria,2001,1398767,12480123,7239572,7244585,2968062
Algeria,2002,1442873,12921627,7372236,7101531,2912438
Algeria,2003,1486964,13383843,7470440,6923266,2911159
Algeria,2004,1531247,13870774,7532486,6724942,2968684
Algeria,2005,1575259,14377667,7557255,6546595,3052313
Algeria,2006,1618036,14901918,7547686,6389776,3165904
Algeria,2007,1658914,15449011,7514038,6247796,3319460
Algeria,2008,1697391,16020308,7461977,6132270,3504798
Algeria,2009,1733870,16605687,7388090,6062738,3699825
Algeria,2010,1770654,17190751,7289933,6045369,3891282
Algeria,2011,1811507,17765867,7169185,6084693,4071861
Algeria,2012,1860283,18322828,7028903,6184613,4249253
Algeria,2013,1920440,18856143,6851537,6369382,4416357
Algeria,2014,1993683,19362918,6653125,6621709,4573239
Algeria,2015,2079295,19843000,6474768,6896679,4725369
Algeria,2016,2175191,20302367,6321664,7191569,4859447
Algeria,2017,2278708,20741178,6184753,7523207,4960909
Algeria,2018,2387333,21150665,6069964,7875277,5021192
Algeria,2019,2499620,21530538,5998649,8226293,5038817
Algeria,2020,2595365,21880240,5982307,8569552,5014113
Algeria,2021,2691588,22205013,6025392,8884282,4954461
Algeria,2022,2813307,22509730,6128224,9163251,4862517
Algeria,2023,2943425,22762912,6313066,9391272,4753145
American Samoa,1950,452,5968,3829,5273,3548
American Samoa,1951,454,6085,3876,5408,3626
American Samoa,1952,465,6096,3851,5508,3656
American Samoa,1953,487,6095,3830,5609,3670
American Samoa,1954,505,6084,3813,5702,3678
American Samoa,1955,525,6065,3803,5796,3688
American Samoa,1956,536,6044,3787,5890,3702
American Samoa,1957,539,6038,3730,5986,3690
American Samoa,1958,537,6019,3663,6055,3675
American Samoa,1959,536,5968,3630,6107,3689
American Samoa,1960,539,6004,3712,6160,3743
American Samoa,1961,539,6163,3908,6241,3835
American Samoa,1962,542,6375,4100,6360,3940
American Samoa,1963,545,6618,4261,6513,4054
American Samoa,1964,561,6869,4389,6697,4176
American Samoa,1965,584,7128,4511,6904,4302
American Samoa,1966,604,7377,4629,7130,4417
American Samoa,1967,631,7622,4758,7367,4512
American Samoa,1968,648,7860,4912,7617,4592
American Samoa,1969,663,8101,5108,7873,4648
American Samoa,1970,677,8363,5287,8051,4673
American Samoa,1971,685,8663,5394,8129,4684
American Samoa,1972,696,9004,5441,8186,4692
American Samoa,1973,707,9368,5453,8255,4682
American Samoa,1974,727,9694,5493,8336,4644
American Samoa,1975,753,9957,5665,8427,4604
American Samoa,1976,783,10176,5941,8481,4598
American Samoa,1977,817,10405,6224,8467,4630
American Samoa,1978,856,10650,6497,8409,4686
American Samoa,1979,898,10923,6748,8324,4739
American Samoa,1980,940,11280,7020,8359,4828
American Samoa,1981,982,11746,7336,8550,4992
American Samoa,1982,1032,12281,7655,8779,5190
American Samoa,1983,1087,12850,7957,8999,5398
American Samoa,1984,1143,13476,8230,9219,5621
American Samoa,1985,1199,14153,8472,9460,5842
American Samoa,1986,1250,14869,8684,9728,6057
American Samoa,1987,1312,15615,8882,10008,6278
American Samoa,1988,1381,16385,9072,10281,6515
American Samoa,1989,1454,17181,9259,10544,6769
American Samoa,1990,1523,17909,9372,10765,7090
American Samoa,1991,1584,18529,9389,10958,7444
American Samoa,1992,1636,19118,9378,11193,7730
American Samoa,1993,1679,19706,9369,11493,7931
American Samoa,1994,1721,20284,9361,11852,8055
American Samoa,1995,1755,20841,9366,12276,8099
American Samoa,1996,1778,21390,9389,12737,8084
American Samoa,1997,1792,21927,9430,13183,8053
American Samoa,1998,1806,22454,9504,13590,8000
American Samoa,1999,1827,22949,9621,13962,7906
American Samoa,2000,1872,23323,9706,14191,7785
American Samoa,2001,1939,23533,9710,14247,7643
American Samoa,2002,2008,23681,9674,14243,7474
American Samoa,2003,2068,23802,9621,14197,7300
American Samoa,2004,2116,23905,9569,14104,7147
American Samoa,2005,2150,23982,9546,13964,6995
American Samoa,2006,2169,24014,9584,13780,6843
American Samoa,2007,2186,23993,9694,13525,6735
American Samoa,2008,2197,23895,9866,13222,6668
American Samoa,2009,2201,23720,10072,12910,6638
American Samoa,2010,2242,23597,10279,12587,6540
American Samoa,2011,2327,23604,10389,12291,6306
American Samoa,2012,2423,23662,10329,12080,6011
American Samoa,2013,2527,23725,10127,11933,5714
American Samoa,2014,2634,23811,9811,11810,5424
American Samoa,2015,2727,23909,9423,11660,5176
American Samoa,2016,2817,23983,9036,11434,4991
American Samoa,2017,2903,23990,8703,11163,4847
American Samoa,2018,2987,23882,8459,10862,4738
American Samoa,2019,3063,23634,8329,10546,4658
American Samoa,2020,3172,23449,8389,10253,4516
American Samoa,2021,3316,23285,8449,9904,4294
American Samoa,2022,3442,22973,8378,9498,4074
American Samoa,2023,3594,22506,8365,9222,3856
Americas (UN),1950,18768257,144670327,57101395,68473975,46771503
Americas (UN),1951,19238212,147237388,57453090,70533485,48341645
Americas (UN),1952,19732846,149827310,57886063,73066933,49568413
Americas (UN),1953,20243297,152412208,58389688,75738271,50810825
Americas (UN),1954,20775188,154972686,58968878,78499445,52155512
Americas (UN),1955,21323701,157513058,59638405,81377468,53549172
Americas (UN),1956,21869437,160029862,60510653,84281101,54995307
Americas (UN),1957,22426160,162495809,61711771,87129879,56479466
Americas (UN),1958,23003590,164873108,63188833,89980193,57940998
Americas (UN),1959,23658398,167250619,64817777,93050580,59294431
Americas (UN),1960,24382715,169688558,66509384,96377163,60557524
Americas (UN),1961,25107808,172211230,68593096,99536809,61771332
Americas (UN),1962,25824355,174839171,71238876,102359185,62850702
Americas (UN),1963,26526385,177533016,74067946,105143195,63750512
Americas (UN),1964,27248848,180273978,76980521,107953543,64499853
Americas (UN),1965,28071462,183008205,79993019,110754331,65008830
Americas (UN),1966,28890416,185921109,83024404,113522062,65214725
Americas (UN),1967,29647613,189186675,85995156,116114099,65238051
Americas (UN),1968,30412614,192656553,88950656,118471095,65198205
Americas (UN),1969,31189209,196143188,92055350,120586988,65232943
Americas (UN),1970,32036345,199688649,95404836,122401976,65538042
Americas (UN),1971,32901180,203734035,98653391,123884787,66018174
Americas (UN),1972,33758514,208335494,101551166,125022143,66424009
Americas (UN),1973,34649174,213113825,104380930,125885844,66755940
Americas (UN),1974,35582049,217998163,107226254,126645250,67049044
Americas (UN),1975,36593603,222991400,110029275,127420939,67245385
Americas (UN),1976,37655618,228112166,112757191,128107475,67471222
Americas (UN),1977,38760393,233434511,115293176,128550543,68035823
Americas (UN),1978,39904186,238976867,117589713,128826751,68914406
Americas (UN),1979,41072822,244739077,119649353,129099555,69926915
Americas (UN),1980,42224216,250742390,121416656,129562733,71026689
Americas (UN),1981,43329703,257035197,122833704,130239488,72105298
Americas (UN),1982,44443322,263593042,123892019,131176345,73075625
Americas (UN),1983,45584517,270352998,124701877,132387421,73932551
Americas (UN),1984,46760761,277242103,125422946,133704057,74646072
Americas (UN),1985,47967641,284206056,126152429,135027741,75210725
Americas (UN),1986,49234268,291212325,126751312,136402805,75684996
Americas (UN),1987,50560066,298235228,127082887,138019618,76098052
Americas (UN),1988,51888236,305282546,127279427,139825941,76544813
Americas (UN),1989,53239541,312298770,127503801,141617430,77094290
Americas (UN),1990,54595697,319344329,128117900,143406094,77652974
Americas (UN),1991,55896170,326318635,129152643,145210365,78197558
Americas (UN),1992,57193660,333138198,130463438,146934355,78663340
Americas (UN),1993,58467147,339934719,131957821,148574890,78908927
Americas (UN),1994,59705618,346792260,133471328,150117406,78925823
Americas (UN),1995,60951098,353824574,134995599,151557794,78713654
Americas (UN),1996,62169488,360960793,136572689,152860385,78364557
Americas (UN),1997,63359813,368008258,138387875,153910436,78024389
Americas (UN),1998,64507545,375012739,140440032,154768899,77754907
Americas (UN),1999,65635965,382029618,142528746,155480297,77538049
Americas (UN),2000,66800873,389057468,144542080,155970386,77384503
Americas (UN),2001,68047439,396227180,146382830,156226045,77290411
Americas (UN),2002,69391625,403585272,147966400,156312354,77160130
Americas (UN),2003,70821692,411033786,149400781,156291009,76939615
Americas (UN),2004,72350411,418566004,150757622,156126822,76665383
Americas (UN),2005,73971853,426217024,152051338,155819159,76361123
Americas (UN),2006,75758547,433846627,153239180,155426710,76122310
Americas (UN),2007,77807277,441357007,154230479,155012959,76042933
Americas (UN),2008,80040027,448754407,155068197,154620852,76028329
Americas (UN),2009,82350353,456083850,155781111,154253985,75965478
Americas (UN),2010,84688272,463430074,156357107,153948434,75779098
Americas (UN),2011,87273276,470601828,156790426,153763007,75506728
Americas (UN),2012,90278081,477417215,157069307,153694398,75184703
Americas (UN),2013,93456224,484127419,157234815,153624545,74824793
Americas (UN),2014,96707040,490825228,157260160,153469550,74526518
Americas (UN),2015,100048023,497472012,157138571,153188967,74305269
Americas (UN),2016,103475828,504068763,157012519,152908554,74009628
Americas (UN),2017,107059838,510385516,156893276,152708985,73559607
Americas (UN),2018,110846907,516300182,156739408,152490032,73003776
Americas (UN),2019,114831656,521844351,156574804,152268899,72262068
Americas (UN),2020,118551454,526525030,156251683,151857989,71162675
Americas (UN),2021,121854892,530279185,155881135,151111874,69963696
Americas (UN),2022,125655356,534238629,155702838,150161872,68971824
Americas (UN),2023,130270360,538688007,155557047,149098590,68058572
Andorra,1950,604,3038,983,891,502
Andorra,1951,616,2973,913,857,484
Andorra,1952,618,2823,785,794,454
Andorra,1953,626,2767,728,793,432
Andorra,1954,633,2883,786,866,455
Andorra,1955,642,3127,915,975,528
Andorra,1956,649,3400,1041,1084,614
Andorra,1957,656,3703,1162,1192,707
Andorra,1958,664,4033,1281,1304,808
Andorra,1959,668,4392,1396,1422,916
Andorra,1960,671,4779,1508,1549,1025
Andorra,1961,677,5196,1608,1696,1130
Andorra,1962,683,5633,1702,1859,1230
Andorra,1963,689,6088,1796,2039,1324
Andorra,1964,690,6567,1884,2230,1415
Andorra,1965,696,7062,1971,2432,1494
Andorra,1966,724,7535,2116,2702,1572
Andorra,1967,776,7965,2385,3073,1661
Andorra,1968,844,8391,2755,3456,1754
Andorra,1969,922,8850,3165,3789,1854
Andorra,1970,1002,9358,3603,4067,1968
Andorra,1971,1091,9918,4071,4284,2102
Andorra,1972,1182,10534,4556,4444,2261
Andorra,1973,1279,11225,5041,4569,2428
Andorra,1974,1382,11983,5517,4672,2599
Andorra,1975,1501,12812,5963,4767,2756
Andorra,1976,1634,13714,6346,4879,2884
Andorra,1977,1784,14700,6650,5035,2956
Andorra,1978,1937,15781,6854,5236,2949
Andorra,1979,2103,16930,6965,5485,2843
Andorra,1980,2293,18149,6993,5758,2609
Andorra,1981,2495,19437,6960,6024,2278
Andorra,1982,2694,20643,6998,6245,2205
Andorra,1983,2903,21763,7131,6402,2387
Andorra,1984,3126,22925,7253,6511,2476
Andorra,1985,3387,24153,7317,6606,2384
Andorra,1986,3670,25458,7524,6770,2335
Andorra,1987,3995,26660,7729,6918,2371
Andorra,1988,4375,27967,7795,6987,2312
Andorra,1989,4727,28815,7814,6912,2368
Andorra,1990,5084,30029,8124,6792,2586
Andorra,1991,5418,32549,9054,6808,2861
Andorra,1992,5764,34752,9763,6807,3125
Andorra,1993,6241,37070,9816,6863,3296
Andorra,1994,6568,38401,9480,6846,3329
Andorra,1995,6763,38122,9026,6694,3325
Andorra,1996,7047,38246,8746,6635,3329
Andorra,1997,7346,38833,8571,6653,3309
Andorra,1998,7599,39417,8387,6674,3305
Andorra,1999,7833,39781,8051,6687,3356
Andorra,2000,8074,39899,7616,6685,3401
Andorra,2001,8379,40098,7288,6678,3389
Andorra,2002,8714,40618,7047,6729,3368
Andorra,2003,8979,42728,7312,6974,3465
Andorra,2004,9112,46155,7974,7408,3642
Andorra,2005,9179,48265,8364,7806,3768
Andorra,2006,9363,49706,8571,8100,3810
Andorra,2007,9706,51380,8685,8298,3774
Andorra,2008,10116,52571,8629,8387,3758
Andorra,2009,10478,52835,8393,8393,3749
Andorra,2010,10229,50428,7919,8352,3731
Andorra,2011,9815,48238,7627,8336,3720
Andorra,2012,9690,47578,7598,8234,3695
Andorra,2013,9538,46360,7568,8093,3601
Andorra,2014,9436,45280,7571,7945,3467
Andorra,2015,9287,44249,7546,7770,3290
Andorra,2016,9356,44246,7650,7746,3153
Andorra,2017,9703,45294,7858,7813,3073
Andorra,2018,10112,46351,7994,7826,2865
Andorra,2019,10556,47224,8190,7800,2694
Andorra,2020,10989,47673,8343,7763,2609
Andorra,2021,11430,48237,8470,7748,2475
Andorra,2022,11926,49028,8663,7694,2398
Andorra,2023,12458,49598,8889,7492,2416
Angola,1950,133997,1711039,890755,1086552,729525
Angola,1951,136425,1734993,903911,1093592,733645
Angola,1952,138494,1757472,915575,1099613,740537
Angola,1953,140500,1781708,924625,1104519,755003
Angola,1954,142917,1807250,930332,1107586,778627
Angola,1955,145890,1833862,932909,1113246,806861
Angola,1956,149361,1861380,933395,1124142,835989
Angola,1957,153322,1889265,932859,1139640,865556
Angola,1958,157487,1917020,932489,1159537,894594
Angola,1959,161475,1944451,933388,1182865,922914
Angola,1960,165081,1970995,936477,1208734,950362
Angola,1961,167595,1987989,938335,1233249,974399
Angola,1962,169041,1995378,938081,1256973,994823
Angola,1963,170127,2001016,937077,1286137,1013959
Angola,1964,170859,2004364,934307,1322510,1032128
Angola,1965,171250,2005548,933582,1361968,1049615
Angola,1966,171275,2005330,937146,1401652,1065969
Angola,1967,170949,2004286,944415,1441106,1081034
Angola,1968,170348,2002992,955267,1479037,1095044
Angola,1969,169546,2002055,968848,1515377,1107851
Angola,1970,168908,2013988,981234,1562352,1126297
Angola,1971,169086,2049881,1000454,1621202,1150483
Angola,1972,170382,2109129,1038604,1681155,1174986
Angola,1973,172350,2180885,1091996,1741975,1201298
Angola,1974,174501,2251661,1154483,1802849,1229829
Angola,1975,176599,2322138,1220437,1861848,1261867
Angola,1976,178592,2393871,1286275,1916818,1299040
Angola,1977,180922,2471837,1353787,1969504,1341707
Angola,1978,183781,2558676,1422163,2023328,1388707
Angola,1979,187053,2651712,1489154,2079912,1439282
Angola,1980,190897,2753245,1555578,2139983,1494064
Angola,1981,195323,2862137,1620581,2203784,1553672
Angola,1982,200397,2977430,1684059,2271273,1618382
Angola,1983,205966,3099805,1747562,2342242,1687292
Angola,1984,211980,3226300,1809994,2417185,1760339
Angola,1985,218682,3354789,1868946,2498634,1837946
Angola,1986,226106,3483474,1921994,2589124,1918632
Angola,1987,233706,3608604,1969590,2687568,1998271
Angola,1988,241926,3733132,2017262,2792620,2076239
Angola,1989,251537,3860094,2068324,2904761,2153728
Angola,1990,262382,3988027,2122848,3023764,2229223
Angola,1991,274859,4115085,2179635,3149226,2304617
Angola,1992,288425,4240445,2238869,3279311,2376560
Angola,1993,302867,4364393,2301084,3413541,2445148
Angola,1994,319106,4492604,2369019,3552859,2516072
Angola,1995,336973,4631203,2447924,3695489,2588086
Angola,1996,355889,4776282,2538563,3839911,2660221
Angola,1997,375466,4926044,2639439,3984747,2734614
Angola,1998,394792,5079060,2746919,4128200,2810291
Angola,1999,413851,5234129,2859007,4270706,2889423
Angola,2000,432913,5396187,2977796,4412736,2975119
Angola,2001,451972,5567272,3103627,4555092,3069116
Angola,2002,471183,5748363,3235816,4699158,3173050
Angola,2003,490828,5943271,3374259,4846485,3288738
Angola,2004,510787,6154009,3518406,4999973,3417108
Angola,2005,530338,6377950,3665777,5161880,3555065
Angola,2006,549865,6615031,3815206,5334543,3700479
Angola,2007,569901,6868285,3966541,5521613,3852065
Angola,2008,590727,7136188,4117714,5725034,4008819
Angola,2009,612504,7418824,4268713,5945219,4169334
Angola,2010,635738,7721306,4422265,6183464,4331859
Angola,2011,660542,8044032,4579102,6439944,4494536
Angola,2012,686191,8382373,4737731,6713811,4657078
Angola,2013,711226,8734155,4897337,7004017,4818653
Angola,2014,734330,9088494,5054014,7307507,4976189
Angola,2015,757580,9440843,5210904,7620625,5127623
Angola,2016,783353,9804528,5380118,7941053,5273800
Angola,2017,811663,10177060,5564385,8266538,5414976
Angola,2018,842639,10548217,5760647,8594264,5551186
Angola,2019,876526,10921666,5971698,8921203,5684340
Angola,2020,911570,11286442,6193400,9242311,5817238
Angola,2021,947660,11645942,6430419,9555726,5952528
Angola,2022,988145,12011359,6685907,9861985,6087497
Angola,2023,1033086,12380667,6955768,10161009,6219256
Anguilla,1950,186,1821,975,1216,824
Anguilla,1951,185,1899,985,1239,921
Anguilla,1952,179,1942,985,1253,1029
Anguilla,1953,180,1965,977,1264,1136
Anguilla,1954,185,1994,969,1321,1199
Anguilla,1955,205,2014,942,1406,1196
Anguilla,1956,249,2008,907,1478,1159
Anguilla,1957,302,1981,882,1542,1116
Anguilla,1958,358,1934,866,1586,1075
Anguilla,1959,421,1868,855,1616,1040
Anguilla,1960,458,1829,869,1626,1019
Anguilla,1961,454,1834,911,1630,1017
Anguilla,1962,448,1845,952,1637,1017
Anguilla,1963,436,1862,982,1647,1016
Anguilla,1964,431,1885,1002,1659,1017
Anguilla,1965,423,1908,1021,1669,1019
Anguilla,1966,424,1928,1033,1692,1018
Anguilla,1967,430,1951,1034,1722,1013
Anguilla,1968,435,1973,1037,1760,1002
Anguilla,1969,439,1980,1050,1798,990
Anguilla,1970,456,1990,1062,1838,978
Anguilla,1971,477,1986,1073,1877,963
Anguilla,1972,499,1975,1100,1908,945
Anguilla,1973,529,1944,1138,1934,921
Anguilla,1974,552,1931,1189,1938,892
Anguilla,1975,568,1941,1247,1902,861
Anguilla,1976,590,1956,1310,1850,839
Anguilla,1977,615,1968,1370,1795,819
Anguilla,1978,638,1988,1415,1741,805
Anguilla,1979,659,2018,1438,1697,790
Anguilla,1980,671,2051,1451,1663,776
Anguilla,1981,687,2090,1449,1637,765
Anguilla,1982,703,2140,1437,1611,762
Anguilla,1983,719,2180,1419,1588,766
Anguilla,1984,725,2259,1430,1572,778
Anguilla,1985,723,2409,1481,1568,797
Anguilla,1986,721,2594,1540,1569,821
Anguilla,1987,721,2787,1586,1576,849
Anguilla,1988,721,2996,1621,1589,880
Anguilla,1989,733,3214,1641,1613,915
Anguilla,1990,747,3436,1644,1648,947
Anguilla,1991,759,3665,1639,1697,968
Anguilla,1992,763,3882,1638,1760,962
Anguilla,1993,766,4081,1632,1831,942
Anguilla,1994,757,4278,1629,1900,925
Anguilla,1995,745,4482,1631,1959,921
Anguilla,1996,742,4692,1639,2002,925
Anguilla,1997,745,4901,1657,2030,945
Anguilla,1998,754,5100,1679,2054,970
Anguilla,1999,772,5298,1709,2085,1000
Anguilla,2000,800,5492,1741,2116,1047
Anguilla,2001,822,5666,1794,2128,1087
Anguilla,2002,837,5819,1873,2099,1086
Anguilla,2003,841,5972,1960,2064,1066
Anguilla,2004,844,6132,2030,2045,1041
Anguilla,2005,855,6305,2069,2050,1011
Anguilla,2006,868,6497,2074,2062,992
Anguilla,2007,888,6694,2049,2072,994
Anguilla,2008,914,6900,2008,2084,1005
Anguilla,2009,938,7121,1955,2101,1023
Anguilla,2010,973,7327,1904,2122,1046
Anguilla,2011,1014,7533,1873,2130,1043
Anguilla,2012,1062,7336,1871,2161,971
Anguilla,2013,1095,7203,1916,2161,897
Anguilla,2014,1108,7685,1982,2094,879
Anguilla,2015,1142,8170,2011,2052,860
Anguilla,2016,1207,8270,2004,2045,818
Anguilla,2017,1270,8363,2004,2023,789
Anguilla,2018,1332,8645,2006,1978,785
Anguilla,2019,1408,8721,1992,1944,780
Anguilla,2020,1494,8705,1979,1913,773
Anguilla,2021,1599,8294,1977,1912,721
Anguilla,2022,1694,7915,2037,1885,671
Anguilla,2023,1763,8044,2158,1793,677
Antigua and Barbuda,1950,1886,16873,7598,12064,7041
Antigua and Barbuda,1951,1887,17121,7964,12326,7146
Antigua and Barbuda,1952,1912,17344,8364,12533,7263
Antigua and Barbuda,1953,1946,17573,8785,12699,7398
Antigua and Barbuda,1954,1977,17834,9199,12811,7572
Antigua and Barbuda,1955,2006,18123,9597,12934,7735
Antigua and Barbuda,1956,2020,18446,9971,13092,7871
Antigua and Barbuda,1957,2027,18807,10320,13252,8020
Antigua and Barbuda,1958,2039,19198,10641,13415,8181
Antigua and Barbuda,1959,2079,19600,10936,13594,8340
Antigua and Barbuda,1960,2149,20002,11187,13782,8501
Antigua and Barbuda,1961,2252,20366,11339,13961,8635
Antigua and Barbuda,1962,2388,20687,11392,14133,8750
Antigua and Barbuda,1963,2543,21008,11410,14326,8870
Antigua and Barbuda,1964,2685,21228,11274,14751,9096
Antigua and Barbuda,1965,2810,21320,11097,15415,9344
Antigua and Barbuda,1966,2910,21307,11081,16147,9464
Antigua and Barbuda,1967,2988,21212,11202,16948,9507
Antigua and Barbuda,1968,3044,21041,11471,17757,9518
Antigua and Barbuda,1969,3081,20807,11907,18506,9531
Antigua and Barbuda,1970,3176,20779,12413,18883,9298
Antigua and Barbuda,1971,3330,20933,12848,18847,8790
Antigua and Barbuda,1972,3497,21028,13220,18636,8250
Antigua and Barbuda,1973,3676,21103,13575,18299,7708
Antigua and Barbuda,1974,3863,21171,13967,17873,7200
Antigua and Barbuda,1975,4055,21271,14409,17266,6853
Antigua and Barbuda,1976,4249,21423,14876,16518,6712
Antigua and Barbuda,1977,4444,21629,15331,15791,6687
Antigua and Barbuda,1978,4638,21899,15724,15095,6699
Antigua and Barbuda,1979,4829,22254,16018,14428,6768
Antigua and Barbuda,1980,5015,22699,16184,13782,6849
Antigua and Barbuda,1981,5190,23242,16216,13217,6819
Antigua and Barbuda,1982,5363,23862,16121,12763,6691
Antigua and Barbuda,1983,5539,24552,15920,12370,6571
Antigua and Barbuda,1984,5665,25148,15503,12100,6482
Antigua and Barbuda,1985,5743,25595,14816,12024,6428
Antigua and Barbuda,1986,5796,25975,14071,12020,6431
Antigua and Barbuda,1987,5814,26268,13421,12034,6427
Antigua and Barbuda,1988,5802,26472,12857,12104,6406
Antigua and Barbuda,1989,5762,26594,12366,12220,6404
Antigua and Barbuda,1990,5701,26651,11971,12327,6437
Antigua and Barbuda,1991,5651,27093,11824,12431,6407
Antigua and Barbuda,1992,5626,28007,11899,12530,6359
Antigua and Barbuda,1993,5587,28998,11981,12647,6387
Antigua and Barbuda,1994,5562,30008,12033,12799,6457
Antigua and Barbuda,1995,5539,31056,12078,12969,6566
Antigua and Barbuda,1996,5511,32162,12078,13121,6755
Antigua and Barbuda,1997,5484,33262,12108,13252,6963
Antigua and Barbuda,1998,5476,34263,12227,13397,7064
Antigua and Barbuda,1999,5483,35204,12376,13559,7057
Antigua and Barbuda,2000,5522,36120,12490,13751,7044
Antigua and Barbuda,2001,5569,37009,12562,13933,7006
Antigua and Barbuda,2002,5607,37843,12659,14061,6875
Antigua and Barbuda,2003,5627,38600,12795,14121,6748
Antigua and Barbuda,2004,5643,39371,12951,14095,6669
Antigua and Barbuda,2005,5663,40196,13153,14085,6524
Antigua and Barbuda,2006,5696,41070,13365,14125,6356
Antigua and Barbuda,2007,5754,41994,13553,14116,6292
Antigua and Barbuda,2008,5838,42952,13741,14038,6349
Antigua and Barbuda,2009,5946,43909,13930,13904,6493
Antigua and Barbuda,2010,6100,44823,14132,13701,6569
Antigua and Barbuda,2011,6297,45702,14311,13466,6561
Antigua and Barbuda,2012,6510,46561,14433,13261,6498
Antigua and Barbuda,2013,6728,47378,14480,13188,6287
Antigua and Barbuda,2014,6963,48153,14433,13247,5973
Antigua and Barbuda,2015,7246,48867,14378,13165,5752
Antigua and Barbuda,2016,7592,49447,14353,12983,5591
Antigua and Barbuda,2017,7951,49960,14276,12841,5440
Antigua and Barbuda,2018,8296,50497,14139,12668,5327
Antigua and Barbuda,2019,8649,51027,13954,12483,5248
Antigua and Barbuda,2020,9055,51537,13710,12322,5224
Antigua and Barbuda,2021,9485,52006,13451,12144,5257
Antigua and Barbuda,2022,9956,52407,13230,11925,5319
Antigua and Barbuda,2023,10484,52682,13152,11596,5404
Argentina,1950,702531,7919222,3103653,3317437,1975093
Argentina,1951,725979,8106164,3117677,3389832,2016743
Argentina,1952,755861,8292873,3126465,3470600,2053031
Argentina,1953,790371,8476478,3132764,3556809,2084839
Argentina,1954,827320,8654196,3141870,3642008,2115790
Argentina,1955,864016,8824546,3156999,3725568,2144889
Argentina,1956,902519,8988241,3179152,3809198,2170850
Argentina,1957,942222,9146202,3209498,3890558,2194555
Argentina,1958,984148,9299793,3248436,3968403,2213475
Argentina,1959,1029549,9449856,3296047,4041548,2232598
Argentina,1960,1075466,9594965,3351875,4109081,2254661
Argentina,1961,1123785,9737422,3418566,4172252,2274248
Argentina,1962,1173015,9877826,3497706,4230228,2293764
Argentina,1963,1222484,10016572,3584869,4280462,2317312
Argentina,1964,1272548,10154728,3673013,4330555,2338603
Argentina,1965,1323646,10293909,3761254,4382039,2351783
Argentina,1966,1376861,10436301,3851100,4428762,2360870
Argentina,1967,1430966,10582430,3940039,4473700,2371923
Argentina,1968,1484102,10731779,4026213,4518087,2390393
Argentina,1969,1535172,10884449,4107483,4560437,2421168
Argentina,1970,1587989,11042825,4181760,4596934,2468817
Argentina,1971,1643028,11204456,4248696,4628043,2532981
Argentina,1972,1697354,11369989,4308040,4662473,2606468
Argentina,1973,1751583,11542043,4359410,4708485,2684478
Argentina,1974,1807678,11713935,4409696,4763669,2766364
Argentina,1975,1865929,11882152,4453905,4820068,2852038
Argentina,1976,1925110,12047121,4485985,4884085,2939964
Argentina,1977,1986696,12210381,4514533,4960767,3029417
Argentina,1978,2050129,12373952,4542646,5049462,3115951
Argentina,1979,2111868,12539732,4570925,5155532,3190806
Argentina,1980,2169806,12710787,4597829,5282542,3250595
Argentina,1981,2227343,12889746,4623621,5429601,3293603
Argentina,1982,2283004,13077108,4655597,5590473,3318037
Argentina,1983,2335413,13270837,4702341,5755229,3327456
Argentina,1984,2387839,13470261,4760162,5914845,3329918
Argentina,1985,2445676,13673147,4823647,6064536,3329366
Argentina,1986,2511618,13873808,4896793,6199404,3330272
Argentina,1987,2582709,14074091,4980154,6317073,3337635
Argentina,1988,2658868,14275805,5074041,6416632,3355064
Argentina,1989,2739505,14472874,5181735,6496939,3379757
Argentina,1990,2820308,14659205,5305877,6558455,3411889
Argentina,1991,2903231,14829472,5444143,6603366,3449878
Argentina,1992,2989772,14989882,5592565,6634595,3486475
Argentina,1993,3074427,15153132,5745000,6659509,3520357
Argentina,1994,3158541,15325958,5892729,6684050,3551860
Argentina,1995,3240109,15510079,6031804,6713217,3574379
Argentina,1996,3317270,15706791,6157732,6750523,3580962
Argentina,1997,3393265,15917752,6267801,6793355,3574993
Argentina,1998,3464071,16143442,6360940,6843247,3560418
Argentina,1999,3529509,16385837,6436295,6898077,3544089
Argentina,2000,3593762,16643296,6493981,6951688,3530228
Argentina,2001,3657928,16914711,6536003,6995952,3519018
Argentina,2002,3721950,17202393,6564462,7027059,3512082
Argentina,2003,3781136,17501206,6586872,7047031,3506446
Argentina,2004,3839867,17803698,6610228,7062737,3497605
Argentina,2005,3906050,18105266,6638978,7071767,3492736
Argentina,2006,3977693,18400664,6676566,7067443,3497511
Argentina,2007,4045791,18686226,6720426,7054925,3506909
Argentina,2008,4118003,18963429,6772277,7035364,3532320
Argentina,2009,4203439,19235822,6830247,7011090,3571155
Argentina,2010,4291473,19502781,6887844,6993501,3609677
Argentina,2011,4384666,19766835,6936689,6988516,3650182
Argentina,2012,4482911,20028875,6972464,6992817,3680572
Argentina,2013,4580595,20291066,6996864,7014594,3695016
Argentina,2014,4682475,20558236,7016763,7046461,3715507
Argentina,2015,4791143,20830805,7029734,7081916,3738379
Argentina,2016,4897722,21103784,7029111,7128839,3735430
Argentina,2017,5002029,21375501,7019766,7170116,3715712
Argentina,2018,5112933,21649074,7002858,7211273,3672591
Argentina,2019,5224987,21923474,6981049,7271605,3565785
Argentina,2020,5322719,22187089,6965105,7333780,3376302
Argentina,2021,5393227,22421064,6960614,7371911,3158097
Argentina,2022,5456743,22647153,6965692,7382965,2947673
Argentina,2023,5549049,22887678,6988394,7354640,2750629
Armenia,1950,112607,487864,311638,301334,169444
Armenia,1951,113559,505316,323490,287694,187202
Armenia,1952,115044,527797,334260,276491,200483
Armenia,1953,116535,553712,343618,269160,210519
Armenia,1954,117266,580486,349640,268163,220390
Armenia,1955,116977,607383,351191,274338,231588
Armenia,1956,115740,634197,349821,286712,244316
Armenia,1957,113563,660068,346912,304947,258621
Armenia,1958,110869,685931,339857,330328,273866
Armenia,1959,108296,714578,328199,360171,289736
Armenia,1960,106056,745133,313861,392137,306490
Armenia,1961,104133,777340,299216,424919,321851
Armenia,1962,102672,813337,287495,455339,332816
Armenia,1963,101845,850911,280311,484257,338677
Armenia,1964,101887,884838,280180,514480,338732
Armenia,1965,102878,912831,287903,546844,333164
Armenia,1966,104860,936004,302422,579183,323678
Armenia,1967,107879,954532,323265,609091,312713
Armenia,1968,111728,967041,351499,634681,302364
Armenia,1969,116051,976074,384203,654254,293443
Armenia,1970,120666,984825,417659,666844,285624
Armenia,1971,125463,995572,451800,672646,279856
Armenia,1972,130333,1012070,485019,672599,277048
Armenia,1973,135358,1034050,517131,667911,276397
Armenia,1974,140626,1058657,550485,658833,277832
Armenia,1975,145976,1084662,585497,645421,282095
Armenia,1976,151179,1114667,626930,632823,292554
Armenia,1977,155901,1151048,671466,625029,309374
Armenia,1978,159777,1194153,709690,622034,327139
Armenia,1979,162599,1234616,728190,615731,337355
Armenia,1980,163790,1269557,726791,606169,341097
Armenia,1981,162951,1306604,718718,601271,345795
Armenia,1982,161240,1346057,704303,599231,352298
Armenia,1983,160096,1387543,684151,598297,361444
Armenia,1984,159209,1432131,660537,600212,372444
Armenia,1985,158391,1477718,636540,606092,381683
Armenia,1986,158184,1520055,614531,613719,388353
Armenia,1987,159270,1556971,596515,621357,394395
Armenia,1988,161565,1585032,581771,629050,397689
Armenia,1989,168641,1640493,585694,646185,402054
Armenia,1990,179974,1700976,594000,669144,407991
Armenia,1991,192127,1731566,590937,689772,409531
Armenia,1992,205442,1700416,559727,706351,399895
Armenia,1993,219312,1624946,513552,718094,377403
Armenia,1994,233367,1566967,487909,729221,347130
Armenia,1995,246620,1527382,480933,740002,312625
Armenia,1996,258455,1502853,489540,748705,279166
Armenia,1997,268773,1477165,500925,751162,248249
Armenia,1998,275910,1461758,520653,724961,225100
Armenia,1999,280276,1458800,544491,671716,211981
Armenia,2000,285873,1460182,558782,618115,202658
Armenia,2001,294619,1455291,567379,576501,190536
Armenia,2002,305718,1445629,577025,547232,180004
Armenia,2003,316901,1439995,585804,519442,176804
Armenia,2004,326660,1436596,592064,489518,177673
Armenia,2005,334169,1437148,596657,457538,180812
Armenia,2006,337977,1442546,598857,425136,185815
Armenia,2007,336499,1453230,596525,396756,191772
Armenia,2008,330089,1470362,584816,378310,196375
Armenia,2009,321445,1491092,564481,368682,199771
Armenia,2010,314300,1509318,541575,362407,203431
Armenia,2011,311123,1527087,519176,358333,207492
Armenia,2012,311488,1544931,497268,357354,211428
Armenia,2013,312900,1561103,474142,359806,214517
Armenia,2014,314886,1576925,449437,365020,216104
Armenia,2015,319048,1592113,422384,372245,215328
Armenia,2016,325237,1605660,394708,380750,212383
Armenia,2017,332755,1614104,371312,389776,206966
Armenia,2018,340756,1618460,355563,395684,199451
Armenia,2019,349737,1618657,346000,397320,192202
Armenia,2020,356775,1611834,339159,396951,186117
Armenia,2021,361619,1598962,334235,395103,180368
Armenia,2022,372022,1597356,339236,395341,176877
Armenia,2023,388798,1619957,359287,397998,177296
Aruba,1950,2398,15564,7377,10137,7287
Aruba,1951,2190,15946,7581,10568,7595
Aruba,1952,2012,16361,7788,11002,7889
Aruba,1953,1866,16802,7996,11492,8113
Aruba,1954,1748,17260,8208,12061,8239
Aruba,1955,1656,17732,8417,12671,8310
Aruba,1956,1596,18223,8628,13281,8355
Aruba,1957,1560,18729,8860,13867,8367
Aruba,1958,1548,19249,9150,14389,8350
Aruba,1959,1556,19763,9528,14835,8321
Aruba,1960,1574,20122,9889,15062,8291
Aruba,1961,1603,20397,10154,15205,8237
Aruba,1962,1642,20723,10389,15420,8161
Aruba,1963,1688,21051,10663,15531,8085
Aruba,1964,1745,21357,10998,15530,8007
Aruba,1965,1821,21641,11366,15480,7900
Aruba,1966,1905,21894,11730,15400,7778
Aruba,1967,2007,22093,11924,15353,7634
Aruba,1968,2117,22241,11908,15398,7422
Aruba,1969,2246,22364,11849,15460,7149
Aruba,1970,2378,22422,11824,15482,6861
Aruba,1971,2513,22392,11890,15410,6593
Aruba,1972,2658,22504,12190,15157,6403
Aruba,1973,2821,22891,12654,14782,6308
Aruba,1974,2987,23394,13107,14388,6268
Aruba,1975,3150,23936,13523,13964,6252
Aruba,1976,3315,24544,13758,13424,6251
Aruba,1977,3480,25213,13754,12842,6243
Aruba,1978,3624,25924,13606,12364,6215
Aruba,1979,3737,26665,13355,11990,6166
Aruba,1980,3838,27379,13014,11727,6092
Aruba,1981,3966,28073,12601,11615,6024
Aruba,1982,4141,28835,12203,11508,5988
Aruba,1983,4306,29655,11817,11343,5993
Aruba,1984,4424,30522,11367,11151,6019
Aruba,1985,4515,31477,10775,10849,6057
Aruba,1986,4602,32506,10025,10421,6087
Aruba,1987,4695,33531,9160,9927,6107
Aruba,1988,4788,34503,8285,9522,6121
Aruba,1989,4793,35307,7664,9519,6130
Aruba,1990,4656,35832,7601,10221,6142
Aruba,1991,4418,36015,8289,11676,6166
Aruba,1992,4313,36568,9042,12778,6188
Aruba,1993,4430,37744,9509,13180,6227
Aruba,1994,4587,39018,10032,13562,6277
Aruba,1995,4774,40582,10566,13689,6320
Aruba,1996,4981,42546,10966,13578,6424
Aruba,1997,5211,44664,11142,13512,6592
Aruba,1998,5467,46835,11188,13531,6766
Aruba,1999,5735,48996,11197,13650,6904
Aruba,2000,6023,50566,11370,13896,6917
Aruba,2001,6344,51446,11608,14150,6772
Aruba,2002,6661,52073,11799,14299,6560
Aruba,2003,6979,52562,12052,14391,6340
Aruba,2004,7318,52995,12331,14449,6130
Aruba,2005,7668,53590,12473,14421,6086
Aruba,2006,8016,54377,12443,14363,6204
Aruba,2007,8357,55183,12369,14370,6325
Aruba,2008,8714,55946,12327,14406,6422
Aruba,2009,9101,56623,12374,14457,6485
Aruba,2010,9509,57049,12744,14402,6423
Aruba,2011,9955,57346,13250,14145,6298
Aruba,2012,10448,57706,13527,13857,6236
Aruba,2013,10974,58086,13616,13677,6217
Aruba,2014,11534,58504,13529,13585,6229
Aruba,2015,12135,58931,13302,13552,6280
Aruba,2016,12774,59336,12990,13560,6329
Aruba,2017,13450,59672,12686,13611,6317
Aruba,2018,14172,59907,12447,13685,6236
Aruba,2019,14936,59984,12320,13767,6082
Aruba,2020,15663,59719,12426,13742,5861
Aruba,2021,16278,59253,12779,13625,5630
Aruba,2022,16929,58795,13157,13475,5436
Aruba,2023,17673,58259,13464,13262,5288
Asia (UN),1950,55764932,546709851,257694230,304611228,203292208
Asia (UN),1951,55942147,555631321,262458660,308008292,212767112
Asia (UN),1952,56472699,565033000,267247714,313080426,222603340
Asia (UN),1953,57253671,575122935,271431362,319482124,232856836
Asia (UN),1954,58100026,585796071,275070798,327893814,242079200
Asia (UN),1955,58833540,597241084,278544474,338754134,250303712
Asia (UN),1956,59479027,609148098,282127566,350878328,257169832
Asia (UN),1957,60199321,621153301,285339478,365008908,263524080
Asia (UN),1958,61090345,633715629,287768476,380874510,268978268
Asia (UN),1959,61928035,646327325,289854448,397106028,270053448
Asia (UN),1960,62464760,658123419,291978212,413603476,266176744
Asia (UN),1961,63123690,669968502,295263338,428612492,261781640
Asia (UN),1962,64387866,682621056,300215188,443481784,263212132
Asia (UN),1963,66038578,695609796,306534980,457736524,273990216
Asia (UN),1964,67747083,708507868,314768482,467950628,289077840
Asia (UN),1965,69546743,721328402,325200414,474528976,304040816
Asia (UN),1966,71554835,734163613,336787348,479496536,318805060
Asia (UN),1967,73754542,747081083,350394338,487432676,328272316
Asia (UN),1968,76104155,759901060,365657380,502110604,331629044
Asia (UN),1969,78600896,772695081,381503468,518115364,335152380
Asia (UN),1970,81191649,786088094,398496578,531755364,340025040
Asia (UN),1971,83843052,800317770,414159616,545021160,344982596
Asia (UN),1972,86603955,815953405,429027656,556823552,350075384
Asia (UN),1973,89570394,833179628,443029952,570448456,353287128
Asia (UN),1974,92709621,852047323,453133960,588645760,353521512
Asia (UN),1975,95887225,873469743,459881536,608602824,351325488
Asia (UN),1976,99028154,896449964,465166628,628672132,347808960
Asia (UN),1977,102233484,921416765,473358664,643695584,344187568
Asia (UN),1978,105674133,947676588,487884056,650757524,340512804
Asia (UN),1979,109446108,974287045,503640336,655159792,338894560
Asia (UN),1980,113207439,1002580615,517167388,658765828,340599892
Asia (UN),1981,116769869,1031433069,530395824,661199320,344884156
Asia (UN),1982,120331304,1061231232,542187320,663554732,352055188
Asia (UN),1983,123862463,1091308271,555652236,663960216,359974052
Asia (UN),1984,127548177,1118818543,573583596,663568872,366672056
Asia (UN),1985,131544720,1144647592,593344660,664176668,373241104
Asia (UN),1986,135690726,1170334209,613555636,666018300,380031880
Asia (UN),1987,139937715,1200530163,628902696,670363260,386650424
Asia (UN),1988,144396188,1238233161,636301076,675200920,393263880
Asia (UN),1989,149269966,1277333308,641025864,680852008,399974704
Asia (UN),1990,154436297,1315169066,644966436,689493436,405801248
Asia (UN),1991,159632997,1352952602,647640716,701048640,407714584
Asia (UN),1992,165050224,1390149184,650054040,715595568,404756208
Asia (UN),1993,170877737,1428478619,650284572,730867584,400339536
Asia (UN),1994,176896696,1468140284,649531528,744910600,395026944
Asia (UN),1995,183136794,1508249680,650079408,758104824,388089312
Asia (UN),1996,189573181,1548651220,652323524,767742208,382416224
Asia (UN),1997,196191867,1588409352,657334088,772057744,379244064
Asia (UN),1998,203253122,1627661960,662982568,774615808,376709448
Asia (UN),1999,210573821,1665902794,669316140,776264424,374456032
Asia (UN),2000,217988981,1702155788,678815784,775658064,373117608
Asia (UN),2001,225470225,1736882972,691100680,772735504,372678496
Asia (UN),2002,232900219,1770086376,705324828,767493296,372479680
Asia (UN),2003,240172564,1802938742,719818648,761316944,372489600
Asia (UN),2004,247196883,1837604992,733354104,754498728,372673536
Asia (UN),2005,254292767,1873834056,746255392,747179216,372292520
Asia (UN),2006,261576129,1911723134,755698784,742083000,371666640
Asia (UN),2007,268668214,1951832926,759876584,739271880,371903128
Asia (UN),2008,275490744,1991868206,762402816,737214640,373291848
Asia (UN),2009,282305399,2031667610,764420256,735808840,375640208
Asia (UN),2010,289448260,2072755448,764625448,734686688,378204376
Asia (UN),2011,297639566,2114380956,762488344,734258304,380620696
Asia (UN),2012,307101500,2156366500,757705688,734925360,383394512
Asia (UN),2013,317505939,2197254060,751610264,736869528,385577936
Asia (UN),2014,329043662,2236757876,744848440,739960128,386203376
Asia (UN),2015,342302474,2275165860,737465888,742546736,385684160
Asia (UN),2016,356615807,2310045624,732050888,744618376,384930168
Asia (UN),2017,372083311,2339526964,729182904,748291656,383225808
Asia (UN),2018,388452667,2365866524,727146688,752694648,379279104
Asia (UN),2019,405164543,2391046068,725707824,756333320,373929304
Asia (UN),2020,422121515,2414803552,725049608,759230616,366684320
Asia (UN),2021,437085559,2437121020,725349472,761551808,356976800
Asia (UN),2022,452689520,2459235672,726581912,762727472,346190252
Asia (UN),2023,469404382,2482090960,728714336,760880792,336668520
Australia,1950,667289,4143497,1190706,1286471,888741
Australia,1951,686433,4256701,1192026,1359704,923696
Australia,1952,705991,4349132,1191922,1442827,940771
Australia,1953,727304,4420041,1190467,1522275,955930
Australia,1954,749730,4482838,1194056,1597690,974997
Australia,1955,772529,4552735,1208902,1677832,993114
Australia,1956,794989,4625620,1236418,1756707,1010842
Australia,1957,817152,4689067,1273052,1831060,1028348
Australia,1958,838650,4744644,1316523,1900528,1047192
Australia,1959,857957,4800534,1372758,1959448,1069231
Australia,1960,876359,4859975,1438686,2011894,1093789
Australia,1961,895417,4920532,1511727,2054062,1118582
Australia,1962,914438,4979235,1593058,2080978,1139390
Australia,1963,932542,5041943,1673122,2111576,1153942
Australia,1964,949456,5112438,1750806,2153223,1162180
Australia,1965,967263,5191672,1832351,2202167,1163859
Australia,1966,984896,5279808,1911394,2256704,1159512
Australia,1967,1000183,5368593,1984425,2305015,1152126
Australia,1968,1013740,5462885,2056055,2345663,1151483
Australia,1969,1028228,5571753,2121887,2384895,1165429
Australia,1970,1051442,5726080,2190887,2432466,1198331
Australia,1971,1084174,5927594,2258142,2483701,1244131
Australia,1972,1116353,6099474,2298025,2511253,1279560
Australia,1973,1146156,6228398,2328844,2520862,1294183
Australia,1974,1176375,6351152,2367110,2531680,1292928
Australia,1975,1209712,6464775,2402290,2542335,1274602
Australia,1976,1246757,6567474,2438629,2554996,1238609
Australia,1977,1284370,6671025,2479236,2570107,1198463
Australia,1978,1324383,6777715,2518504,2578940,1167211
Australia,1979,1367345,6886042,2552512,2580538,1146210
Australia,1980,1410938,7009541,2579490,2583237,1137710
Australia,1981,1454005,7159585,2603030,2588881,1143241
Australia,1982,1494665,7326301,2622923,2591019,1157078
Australia,1983,1532515,7491755,2636029,2581574,1172486
Australia,1984,1571850,7652254,2648016,2560034,1187916
Australia,1985,1618465,7814982,2666962,2532512,1202190
Australia,1986,1674534,7983014,2694074,2503842,1213480
Australia,1987,1732330,8158502,2722013,2484730,1223961
Australia,1988,1787473,8342634,2744009,2483042,1236165
Australia,1989,1840047,8524615,2760171,2493760,1249970
Australia,1990,1893120,8687728,2770433,2509819,1264379
Australia,1991,1949174,8827430,2770971,2526612,1278118
Australia,1992,2002040,8953166,2761044,2542571,1289508
Australia,1993,2051177,9073117,2743252,2556944,1297392
Australia,1994,2097364,9202168,2721898,2573365,1301564
Australia,1995,2142575,9355072,2699714,2595177,1301699
Australia,1996,2188704,9527997,2671551,2616498,1299402
Australia,1997,2232219,9704226,2637809,2632480,1296985
Australia,1998,2274005,9872799,2611819,2648496,1293347
Australia,1999,2315469,10032899,2604355,2667749,1288184
Australia,2000,2359171,10183254,2617825,2686856,1283955
Australia,2001,2408329,10323966,2647997,2702509,1281134
Australia,2002,2458163,10458204,2686524,2712254,1278641
Australia,2003,2507019,10588266,2727268,2717703,1277581
Australia,2004,2558426,10717141,2768706,2721010,1279710
Australia,2005,2613133,10855832,2812760,2723166,1287784
Australia,2006,2673267,11018297,2863323,2725047,1308663
Australia,2007,2740328,11213906,2923716,2728812,1345675
Australia,2008,2813857,11435557,2991808,2736915,1390249
Australia,2009,2898069,11653920,3049601,2748730,1430373
Australia,2010,2993123,11846294,3077545,2765933,1456211
Australia,2011,3099302,12021706,3088899,2792693,1474538
Australia,2012,3216714,12197087,3106470,2828292,1501303
Australia,2013,3335231,12369836,3128826,2869983,1529429
Australia,2014,3449904,12531037,3148030,2915448,1548009
Australia,2015,3564774,12687278,3165680,2963914,1563006
Australia,2016,3682668,12858740,3189684,3018484,1576866
Australia,2017,3801855,13047020,3218862,3079298,1580345
Australia,2018,3925123,13234940,3242883,3139846,1573070
Australia,2019,4059139,13419152,3244955,3194098,1561274
Australia,2020,4201630,13556366,3203243,3234705,1543269
Australia,2021,4342246,13660019,3166845,3254106,1527956
Australia,2022,4468277,13774586,3174680,3253931,1523962
Australia,2023,4592614,13885308,3198339,3242791,1526421
Austria,1950,722482,3684944,949940,1062940,516130
Austria,1951,736819,3682656,923930,1066391,520670
Austria,1952,751392,3679343,900800,1083136,512564
Austria,1953,766444,3677778,884643,1105599,497598
Austria,1954,780827,3676848,894314,1098513,489370
Austria,1955,792597,3675223,926669,1062999,489152
Austria,1956,804019,3666873,957007,1025818,498528
Austria,1957,816485,3653801,978811,1002317,514401
Austria,1958,829903,3639183,997512,989028,531694
Austria,1959,845430,3619774,1020561,977525,550952
Austria,1960,861127,3598575,1034042,982596,570905
Austria,1961,879446,3576379,1040747,1000837,588619
Austria,1962,898518,3555094,1060063,1011526,604343
Austria,1963,916344,3538975,1081343,1018990,619812
Austria,1964,936980,3544890,1074068,1034421,632993
Austria,1965,957624,3572580,1042041,1057503,640619
Austria,1966,978542,3600100,1013410,1087203,642218
Austria,1967,1000656,3615850,999250,1120853,639630
Austria,1968,1019441,3613619,994771,1153266,633473
Austria,1969,1035547,3604315,993220,1184279,622887
Austria,1970,1050229,3586395,1010376,1210964,608295
Austria,1971,1065231,3569759,1040689,1232665,591226
Austria,1972,1081104,3579409,1059967,1250943,571769
Austria,1973,1096917,3601735,1073420,1265259,547696
Austria,1974,1112337,3606814,1086088,1271021,521617
Austria,1975,1125913,3592529,1098577,1262437,498284
Austria,1976,1136727,3583472,1123075,1243453,477635
Austria,1977,1148580,3583357,1157156,1218966,459172
Austria,1978,1158965,3581938,1189409,1186099,444685
Austria,1979,1165329,3581269,1219568,1147932,434136
Austria,1980,1161792,3597615,1247479,1111327,430079
Austria,1981,1142541,3642826,1270445,1076903,434719
Austria,1982,1114983,3694110,1283529,1037718,442614
Austria,1983,1086097,3741368,1290092,994335,449144
Austria,1984,1070173,3786700,1293392,956123,454186
Austria,1985,1072992,3820042,1287312,928940,454869
Austria,1986,1085571,3849698,1271139,912177,450643
Austria,1987,1101724,3881378,1244624,901829,444582
Austria,1988,1118169,3917554,1211474,897056,440906
Austria,1989,1133513,3966347,1182019,896423,441899
Austria,1990,1148190,4027978,1157741,899001,446495
Austria,1991,1160921,4100009,1133220,907591,455161
Austria,1992,1171115,4177433,1106804,921769,465338
Austria,1993,1181601,4245308,1074186,934062,472059
Austria,1994,1193046,4293729,1036136,941385,473562
Austria,1995,1204205,4325331,1004631,944585,471250
Austria,1996,1213824,4352730,983204,945507,465311
Austria,1997,1221760,4379276,967937,945007,455450
Austria,1998,1228280,4402212,959124,945175,443268
Austria,1999,1232874,4427671,955550,946654,430713
Austria,2000,1236790,4455495,954728,945966,419493
Austria,2001,1243105,4487234,958927,944739,407730
Austria,2002,1249029,4518975,970564,943281,399246
Austria,2003,1256326,4545021,986114,938360,396202
Austria,2004,1285352,4558872,1002204,930131,396306
Austria,2005,1333489,4563019,1014198,919788,398027
Austria,2006,1378637,4568552,1018015,905121,398834
Austria,2007,1411995,4579397,1018486,888545,397712
Austria,2008,1437462,4595149,1020577,872995,396189
Austria,2009,1462068,4607254,1021645,858528,394635
Austria,2010,1476184,4628368,1019724,846700,393084
Austria,2011,1487526,4657314,1018050,835828,393441
Austria,2012,1512263,4677863,1018539,826459,395290
Austria,2013,1542329,4701967,1016765,820917,398192
Austria,2014,1570483,4741429,1012174,819680,402753
Austria,2015,1594544,4797022,1014773,825371,411063
Austria,2016,1615364,4852863,1013249,834412,420887
Austria,2017,1636454,4894513,998409,839547,428828
Austria,2018,1657963,4927079,979800,842279,433569
Austria,2019,1681032,4955238,962699,845391,435483
Austria,2020,1708867,4978200,948917,849027,435044
Austria,2021,1743393,4997089,936991,854423,433305
Austria,2022,1791727,5042287,928079,868297,432138
Austria,2023,1838861,5068056,915422,880048,425844
Azerbaijan,1950,197119,1136050,716455,711858,370495
Azerbaijan,1951,194455,1161011,748315,662068,421307
Azerbaijan,1952,191843,1189677,777899,624712,462873
Azerbaijan,1953,189504,1221587,801519,604334,495663
Azerbaijan,1954,187697,1256056,816472,598939,525538
Azerbaijan,1955,186326,1292916,822361,606902,555578
Azerbaijan,1956,185262,1332201,816084,629638,588197
Azerbaijan,1957,184429,1373611,797754,667077,623988
Azerbaijan,1958,183898,1416428,770546,717518,662303
Azerbaijan,1959,183915,1459718,731664,785254,702266
Azerbaijan,1960,184559,1507481,683216,864855,742586
Azerbaijan,1961,185801,1560782,635816,945199,781369
Azerbaijan,1962,187578,1615181,600516,1020195,815926
Azerbaijan,1963,189891,1666930,581700,1089501,844010
Azerbaijan,1964,192598,1712725,577202,1157834,863285
Azerbaijan,1965,195513,1751291,585147,1226836,871513
Azerbaijan,1966,198649,1779914,607156,1297029,869149
Azerbaijan,1967,202044,1799012,643514,1366496,856231
Azerbaijan,1968,205512,1811103,692604,1432423,834833
Azerbaijan,1969,208837,1812868,758559,1491705,809787
Azerbaijan,1970,212153,1810008,836153,1540983,784517
Azerbaijan,1971,215564,1813582,914705,1578675,760962
Azerbaijan,1972,219059,1829956,988316,1602169,741408
Azerbaijan,1973,222592,1859703,1056618,1611166,726524
Azerbaijan,1974,226131,1898085,1124149,1607996,715857
Azerbaijan,1975,229583,1942962,1192530,1593937,710235
Azerbaijan,1976,232827,2004133,1270898,1572106,711063
Azerbaijan,1977,235726,2080583,1358853,1545741,716725
Azerbaijan,1978,238167,2158436,1448371,1517021,713073
Azerbaijan,1979,239878,2226300,1517309,1488794,714844
Azerbaijan,1980,240853,2289331,1557409,1463455,733651
Azerbaijan,1981,241495,2362491,1584647,1441938,755029
Azerbaijan,1982,241366,2443938,1597277,1428074,780777
Azerbaijan,1983,244507,2533094,1596149,1407641,820939
Azerbaijan,1984,247826,2635224,1573441,1395598,854197
Azerbaijan,1985,251419,2742960,1536488,1400703,868248
Azerbaijan,1986,254833,2847014,1499761,1409476,880260
Azerbaijan,1987,257211,2943548,1464639,1423072,889180
Azerbaijan,1988,263526,3033389,1435313,1443693,905472
Azerbaijan,1989,273502,3093816,1399523,1475525,925205
Azerbaijan,1990,286510,3134364,1363670,1511268,935263
Azerbaijan,1991,301587,3183247,1341805,1548872,938796
Azerbaijan,1992,318412,3231300,1332400,1587189,936474
Azerbaijan,1993,341229,3282072,1326043,1633267,921504
Azerbaijan,1994,363659,3340781,1326101,1683699,894652
Azerbaijan,1995,383909,3405841,1336078,1727917,865532
Azerbaijan,1996,398519,3474043,1355209,1765793,837408
Azerbaijan,1997,408319,3540555,1383923,1798254,805156
Azerbaijan,1998,419054,3605289,1417874,1823770,759805
Azerbaijan,1999,431835,3669564,1459539,1835575,703940
Azerbaijan,2000,452413,3735907,1506639,1827472,652329
Azerbaijan,2001,477426,3806783,1556826,1800963,609747
Azerbaijan,2002,503689,3878216,1607139,1756482,580578
Azerbaijan,2003,528713,3951999,1655587,1692014,572175
Azerbaijan,2004,548879,4031813,1703437,1618386,587317
Azerbaijan,2005,564088,4120999,1750831,1542491,618800
Azerbaijan,2006,573785,4222292,1790932,1465570,658765
Azerbaijan,2007,574351,4335400,1821621,1392643,704266
Azerbaijan,2008,565828,4461966,1841724,1326455,746630
Azerbaijan,2009,551383,4596276,1847631,1281648,769364
Azerbaijan,2010,538520,4731723,1835785,1262367,778418
Azerbaijan,2011,531525,4867170,1805956,1260321,791140
Azerbaijan,2012,532371,4995756,1758909,1277150,811952
Azerbaijan,2013,540236,5118147,1692644,1311455,841889
Azerbaijan,2014,550447,5240005,1617537,1349461,873640
Azerbaijan,2015,565133,5359884,1540464,1389964,897367
Azerbaijan,2016,586772,5455567,1480873,1450165,895011
Azerbaijan,2017,612038,5526270,1446188,1523547,860424
Azerbaijan,2018,639378,5590267,1424445,1584543,801101
Azerbaijan,2019,670049,5661672,1398030,1625223,755469
Azerbaijan,2020,700804,5731852,1367532,1650155,731347
Azerbaijan,2021,731371,5780415,1353761,1661650,707128
Azerbaijan,2022,774828,5815452,1357892,1658974,688108
Azerbaijan,2023,826482,5813535,1372583,1630760,674784
Bahamas,1950,3886,31635,14522,20018,13443
Bahamas,1951,3815,31905,14695,20656,13533
Bahamas,1952,3777,32345,14955,21354,13743
Bahamas,1953,3784,32957,15315,22133,14063
Bahamas,1954,3828,33749,15813,22955,14495
Bahamas,1955,3882,34752,16464,23796,15039
Bahamas,1956,3953,35959,17234,24698,15676
Bahamas,1957,4035,37354,18089,25702,16369
Bahamas,1958,4127,38931,18995,26847,17105
Bahamas,1959,4226,40713,20135,27946,17909
Bahamas,1960,4334,42703,21479,29010,18801
Bahamas,1961,4454,44898,22812,30252,19793
Bahamas,1962,4597,47291,24126,31640,20852
Bahamas,1963,4757,49862,25412,33141,21927
Bahamas,1964,4943,52449,26520,34635,22991
Bahamas,1965,5155,55120,27488,36147,24057
Bahamas,1966,5383,58046,28508,37804,25141
Bahamas,1967,5636,61208,29623,39575,26236
Bahamas,1968,5903,64568,30869,41446,27314
Bahamas,1969,6179,68174,31962,43430,28247
Bahamas,1970,6429,71667,32688,45483,28727
Bahamas,1971,6646,74656,33267,47495,28804
Bahamas,1972,6875,77207,33851,49397,28728
Bahamas,1973,7134,79447,34540,51176,28501
Bahamas,1974,7431,81540,35459,52761,28162
Bahamas,1975,7768,83595,36684,54088,27758
Bahamas,1976,8148,85695,38219,55144,27310
Bahamas,1977,8555,87877,39973,55906,26858
Bahamas,1978,8986,90129,41880,56335,26439
Bahamas,1979,9442,92412,43883,56424,26079
Bahamas,1980,9902,94714,45893,56234,25793
Bahamas,1981,10373,97009,47805,55847,25589
Bahamas,1982,10854,99362,49608,55317,25478
Bahamas,1983,11335,101885,51327,54688,25478
Bahamas,1984,11803,104597,52887,54014,25572
Bahamas,1985,12253,107577,54222,53349,25763
Bahamas,1986,12689,110782,55291,52728,26051
Bahamas,1987,13128,114141,56039,52196,26437
Bahamas,1988,13574,117685,56460,51805,26926
Bahamas,1989,14036,121459,56585,51566,27532
Bahamas,1990,14542,125279,56412,51483,28230
Bahamas,1991,15080,129102,56035,51575,28942
Bahamas,1992,15661,132956,55548,51878,29883
Bahamas,1993,16282,136791,54956,52391,30915
Bahamas,1994,16943,140546,54315,53107,31595
Bahamas,1995,17637,144170,53677,54003,31967
Bahamas,1996,18368,147672,53080,55012,32133
Bahamas,1997,19129,151016,52570,56347,31833
Bahamas,1998,19923,154192,52194,57871,31174
Bahamas,1999,20767,157197,51959,59151,30526
Bahamas,2000,21660,160149,51939,60235,29838
Bahamas,2001,22606,162907,52078,61131,29095
Bahamas,2002,23626,165453,52379,61773,28362
Bahamas,2003,24710,168015,52984,62173,27708
Bahamas,2004,25868,170546,53840,62245,27257
Bahamas,2005,27084,172917,54832,61957,27075
Bahamas,2006,28336,175412,56024,61443,27129
Bahamas,2007,29604,178147,57649,60518,27380
Bahamas,2008,30848,180847,59385,59296,27711
Bahamas,2009,32186,183416,60828,58272,28055
Bahamas,2010,33602,186061,62098,57497,28171
Bahamas,2011,34913,188811,63118,56879,27960
Bahamas,2012,36128,191524,63736,56428,27596
Bahamas,2013,37266,194322,64032,56110,27160
Bahamas,2014,38315,197295,63993,56005,26631
Bahamas,2015,39274,200400,63621,55925,26059
Bahamas,2016,40143,203607,63019,55733,25475
Bahamas,2017,40976,207099,62004,55579,24749
Bahamas,2018,41802,210724,60716,55452,23929
Bahamas,2019,42631,213977,59636,55217,23125
Bahamas,2020,43364,216621,58652,54665,22477
Bahamas,2021,43883,218771,57781,53788,22071
Bahamas,2022,44653,220982,57280,52659,21885
Bahamas,2023,45844,223284,57024,51392,21817
Bahrain,1950,3373,41953,22436,29142,20370
Bahrain,1951,3455,43545,22821,30265,20679
Bahrain,1952,3540,45162,23248,31421,21094
Bahrain,1953,3630,46813,23724,32476,21743
Bahrain,1954,3713,48531,24290,33318,22723
Bahrain,1955,3802,50340,24939,34174,23826
Bahrain,1956,3897,52241,25677,35187,24929
Bahrain,1957,3997,54228,26518,36278,26142
Bahrain,1958,4106,56298,27468,37457,27494
Bahrain,1959,4236,58452,28529,38733,28985
Bahrain,1960,4386,60696,29689,40136,30583
Bahrain,1961,4545,62977,30888,41696,32252
Bahrain,1962,4710,65176,32049,43479,33947
Bahrain,1963,4880,67337,33054,45636,35603
Bahrain,1964,5067,69493,33810,48268,37192
Bahrain,1965,5258,71401,34424,51117,38677
Bahrain,1966,5458,73014,35042,54032,40004
Bahrain,1967,5662,74573,35728,57091,41144
Bahrain,1968,5895,75601,36756,59940,41156
Bahrain,1969,6124,76128,38235,62195,39798
Bahrain,1970,6303,76708,40044,63707,38054
Bahrain,1971,6447,78427,43400,65423,37048
Bahrain,1972,6592,81911,48666,67727,37232
Bahrain,1973,6744,86424,54493,69585,38088
Bahrain,1974,6909,91734,60215,70714,39475
Bahrain,1975,7065,97970,65580,71309,41327
Bahrain,1976,7221,105215,70296,71747,43391
Bahrain,1977,7372,113563,74102,72502,45287
Bahrain,1978,7498,123041,76891,73828,46801
Bahrain,1979,7588,133577,78652,75730,47913
Bahrain,1980,7681,145038,79495,78115,48662
Bahrain,1981,7878,154910,80860,80793,49091
Bahrain,1982,8187,162316,83550,83237,49700
Bahrain,1983,8531,169602,86445,85138,51006
Bahrain,1984,8881,177684,88857,86673,53070
Bahrain,1985,9247,186595,90660,87991,55872
Bahrain,1986,9615,196330,91769,89441,59135
Bahrain,1987,9952,206899,92113,91601,62299
Bahrain,1988,10253,218257,91607,94768,65046
Bahrain,1989,10571,230304,90229,98949,67276
Bahrain,1990,10895,242933,88151,104054,68767
Bahrain,1991,11246,255412,86255,109716,69254
Bahrain,1992,11685,264810,87761,114676,68822
Bahrain,1993,12226,271600,92620,118057,68317
Bahrain,1994,12818,278676,97848,120237,68381
Bahrain,1995,13391,286334,102780,121701,69022
Bahrain,1996,13884,294860,107089,122817,69945
Bahrain,1997,14265,304585,110580,123935,70655
Bahrain,1998,14529,315704,112925,125284,70949
Bahrain,1999,14790,328127,113938,126929,70837
Bahrain,2000,15072,341741,113564,128976,70237
Bahrain,2001,15563,360943,120925,132935,69598
Bahrain,2002,16426,388310,139795,137844,69831
Bahrain,2003,17506,420700,160737,141096,71239
Bahrain,2004,18731,457033,178994,143053,73638
Bahrain,2005,20006,498165,193021,144618,76809
Bahrain,2006,21208,545152,201581,146298,80385
Bahrain,2007,22372,598403,204248,148456,83934
Bahrain,2008,23600,657198,201602,151365,86946
Bahrain,2009,24956,720064,194985,155141,88462
Bahrain,2010,26088,753329,186544,157880,89398
Bahrain,2011,26962,754331,179528,155974,89924
Bahrain,2012,27996,770530,176050,151794,89920
Bahrain,2013,30856,801335,176578,155258,93157
Bahrain,2014,34445,832723,178753,167156,99754
Bahrain,2015,35433,871548,181746,177275,103623
Bahrain,2016,36249,920253,185891,182603,104580
Bahrain,2017,38680,961600,188559,186659,106471
Bahrain,2018,41490,971207,187722,190446,106732
Bahrain,2019,44605,957775,184633,194101,104526
Bahrain,2020,48607,938153,201242,193989,101062
Bahrain,2021,52010,942336,217694,191752,97953
Bahrain,2022,53644,983160,204073,196639,95927
Bahrain,2023,57081,1022663,191792,203409,94701
Bangladesh,1950,1603161,14877944,7766492,10212443,6746816
Bangladesh,1951,1558381,15239253,7949321,10432683,6842665
Bangladesh,1952,1519269,15611992,8138714,10646760,6976271
Bangladesh,1953,1486518,15980541,8324449,10824547,7175332
Bangladesh,1954,1462771,16353749,8506641,10969477,7448659
Bangladesh,1955,1449304,16743415,8690876,11147591,7736501
Bangladesh,1956,1445169,17143181,8876719,11376174,8013175
Bangladesh,1957,1450724,17552889,9065622,11634544,8300886
Bangladesh,1958,1464162,17952759,9249676,11919126,8598329
Bangladesh,1959,1484480,18368369,9447491,12235154,8906272
Bangladesh,1960,1511678,18827027,9673407,12587230,9229319
Bangladesh,1961,1545027,19311684,9908430,12975048,9570147
Bangladesh,1962,1584478,19820500,10139874,13408940,9927351
Bangladesh,1963,1629112,20342947,10336310,13914755,10281267
Bangladesh,1964,1679841,20875756,10499639,14499246,10623877
Bangladesh,1965,1736316,21422560,10693740,15106015,10943872
Bangladesh,1966,1798475,21976653,10930521,15718255,11245890
Bangladesh,1967,1867595,22544380,11192191,16356010,11550742
Bangladesh,1968,1942002,23125731,11478081,17002488,11859965
Bangladesh,1969,2018975,23683096,11771279,17642949,12177827
Bangladesh,1970,2091932,24203557,12078896,18230754,12453760
Bangladesh,1971,2100460,24506836,12371081,18738488,12559863
Bangladesh,1972,2119717,24793801,12694638,19267061,12766267
Bangladesh,1973,2214777,25295943,13160007,19845091,13206465
Bangladesh,1974,2314700,25762647,13704630,20397936,13659432
Bangladesh,1975,2421034,26227942,14223797,20861217,14120362
Bangladesh,1976,2535766,26770068,14706559,21272460,14570466
Bangladesh,1977,2652834,27343790,15162115,21763753,14944775
Bangladesh,1978,2770293,27949527,15580134,22334615,15255089
Bangladesh,1979,2886306,28590984,15954812,22946922,15556044
Bangladesh,1980,2999413,29269815,16291315,23601522,15854370
Bangladesh,1981,3108774,30027126,16666640,24341537,16159027
Bangladesh,1982,3214263,30891218,17105274,25133504,16470245
Bangladesh,1983,3316272,31816543,17550345,25896583,16755416
Bangladesh,1984,3415069,32772598,17987791,26645822,16993682
Bangladesh,1985,3509754,33759835,18416158,27382107,17185967
Bangladesh,1986,3600388,34779146,18852251,28086622,17317159
Bangladesh,1987,3686895,35826381,19343921,28721428,17380661
Bangladesh,1988,3767507,36889533,19880592,29284135,17394239
Bangladesh,1989,3841215,37963716,20428086,29811370,17389413
Bangladesh,1990,3908173,39049808,20992598,30316832,17366306
Bangladesh,1991,3964695,40135455,21596481,30813119,17277355
Bangladesh,1992,4016857,41203725,22273903,31308613,17149092
Bangladesh,1993,4072011,42272288,23005631,31750608,17031816
Bangladesh,1994,4129266,43377604,23785270,32120812,16930222
Bangladesh,1995,4191476,44527160,24614346,32416503,16850878
Bangladesh,1996,4261302,45729586,25457760,32581488,16832042
Bangladesh,1997,4341317,47034037,26258301,32620462,16943946
Bangladesh,1998,4433159,48428245,26994306,32592299,17174318
Bangladesh,1999,4538070,49879544,27687944,32556278,17446222
Bangladesh,2000,4657116,51359989,28311653,32475060,17740479
Bangladesh,2001,4783186,52729136,28785480,32470769,18037237
Bangladesh,2002,4917281,53985109,29136430,32646840,18247997
Bangladesh,2003,5065777,55225052,29435348,32900562,18343616
Bangladesh,2004,5224285,56458264,29693634,33177827,18348845
Bangladesh,2005,5390551,57691704,29913392,33464913,18255229
Bangladesh,2006,5566027,58923108,30064482,33786163,18066201
Bangladesh,2007,5752917,60149371,30136283,34133167,17817543
Bangladesh,2008,5953732,61347540,30165994,34477664,17529333
Bangladesh,2009,6171193,62522946,30206467,34771488,17201620
Bangladesh,2010,6406565,63705309,30264695,34986904,16838501
Bangladesh,2011,6671645,64954278,30385899,35120637,16458613
Bangladesh,2012,6961186,66274227,30620462,35122668,16091564
Bangladesh,2013,7242493,67608410,30927717,34971692,15781818
Bangladesh,2014,7513702,68963380,31245030,34691078,15551733
Bangladesh,2015,7813901,70309555,31560298,34277478,15421927
Bangladesh,2016,8156716,71601160,31900151,33748349,15405506
Bangladesh,2017,8529081,72628938,32248408,33289337,15490275
Bangladesh,2018,8925137,73417439,32541146,33017965,15621228
Bangladesh,2019,9337989,74243578,32721142,32852018,15758022
Bangladesh,2020,9703232,75138549,32799530,32742546,15913686
Bangladesh,2021,10014907,76071755,32825495,32658451,16087523
Bangladesh,2022,10391072,77356766,32903909,32441254,16290934
Bangladesh,2023,10836498,78958712,33041071,32124482,16505068
Barbados,1950,10971,87058,35268,46775,29855
Barbados,1951,10949,88005,36173,48091,30192
Barbados,1952,11017,88715,36987,49306,30491
Barbados,1953,11107,89283,37646,50434,30773
Barbados,1954,11132,89825,38187,51363,31061
Barbados,1955,11079,90268,38654,51984,31313
Barbados,1956,10952,90697,39084,52460,31327
Barbados,1957,10777,91283,39548,52932,31264
Barbados,1958,10605,91952,40054,53367,31289
Barbados,1959,10502,92594,40616,53713,31364
Barbados,1960,10505,93216,41260,54022,31898
Barbados,1961,10604,93856,41969,54176,32550
Barbados,1962,10797,94480,42695,54302,32962
Barbados,1963,11042,95047,43436,54573,33468
Barbados,1964,11341,95601,44094,54964,33969
Barbados,1965,11693,96228,44622,55850,34027
Barbados,1966,12127,96925,45140,56640,34178
Barbados,1967,12603,97618,45641,57103,34134
Barbados,1968,13084,98282,46065,57695,33428
Barbados,1969,13503,98870,46335,58211,32524
Barbados,1970,13857,99325,46449,58565,31202
Barbados,1971,14162,99803,46368,59050,29793
Barbados,1972,14442,100575,46394,59232,29019
Barbados,1973,14730,101509,46637,59017,28437
Barbados,1974,15048,102401,47014,58732,27591
Barbados,1975,15415,103342,47908,57731,26791
Barbados,1976,15810,104430,48659,56847,25708
Barbados,1977,16228,105609,49139,56336,24318
Barbados,1978,16660,106860,49862,55334,22849
Barbados,1979,17097,108128,50577,53971,21502
Barbados,1980,17862,109351,51356,52340,20622
Barbados,1981,18985,110362,52255,50504,20167
Barbados,1982,20158,111390,52601,49018,19929
Barbados,1983,21331,112558,52367,47745,19990
Barbados,1984,22477,113781,51922,46477,20272
Barbados,1985,23571,115233,50974,45531,20521
Barbados,1986,24612,116614,50042,44681,20678
Barbados,1987,25595,117825,49287,43912,20665
Barbados,1988,26545,118980,48390,43380,20471
Barbados,1989,27445,119918,47463,43090,20193
Barbados,1990,27867,121316,46706,42665,20025
Barbados,1991,27937,123387,46013,41968,20075
Barbados,1992,28103,125420,45217,41272,20259
Barbados,1993,28276,127214,44427,40674,20441
Barbados,1994,28489,128800,43610,40279,20447
Barbados,1995,28730,130294,42683,40178,20157
Barbados,1996,28921,131822,41643,40252,19650
Barbados,1997,29110,133350,40598,40245,19099
Barbados,1998,29331,134677,39776,39998,18652
Barbados,1999,29546,135776,39198,39552,18446
Barbados,2000,29525,136460,38696,38912,18472
Barbados,2001,29514,137436,38425,38332,18717
Barbados,2002,29811,138913,38364,38027,19031
Barbados,2003,30056,140369,38293,37868,19194
Barbados,2004,30217,141861,38318,37742,19151
Barbados,2005,30432,143248,38531,37583,18918
Barbados,2006,30621,144623,38780,37402,18576
Barbados,2007,30865,146118,38769,37238,18298
Barbados,2008,31313,147564,38407,37157,18268
Barbados,2009,31954,148764,37905,37177,18327
Barbados,2010,32526,149754,37473,37199,18288
Barbados,2011,32997,150604,37200,37153,18185
Barbados,2012,33616,151150,37133,37106,17932
Barbados,2013,34337,151462,37233,37194,17434
Barbados,2014,35159,151768,37288,37194,16936
Barbados,2015,36046,152179,37239,36885,16638
Barbados,2016,36911,152685,37130,36420,16448
Barbados,2017,37861,153052,36974,35962,16317
Barbados,2018,38961,153087,36894,35545,16218
Barbados,2019,40196,152794,36921,35169,16126
Barbados,2020,41606,152249,36961,34843,16036
Barbados,2021,43060,151654,36926,34555,15951
Barbados,2022,44317,151075,36880,34170,15872
Barbados,2023,45437,150563,36967,33579,15793
Belarus,1950,535572,2990066,1455278,1383131,763195
Belarus,1951,524760,3057405,1469495,1355325,782103
Belarus,1952,517046,3130111,1482184,1335841,799094
Belarus,1953,518722,3206904,1489442,1325682,809570
Belarus,1954,523966,3286237,1492491,1327099,818778
Belarus,1955,528266,3373194,1486955,1333193,838765
Belarus,1956,536614,3454896,1478694,1344859,867470
Belarus,1957,544894,3534489,1459986,1376536,895026
Belarus,1958,559863,3608560,1420464,1432965,921806
Belarus,1959,578234,3669569,1386601,1503803,942660
Belarus,1960,594143,3738191,1343365,1578428,953434
Belarus,1961,610047,3821533,1291822,1638320,958310
Belarus,1962,619626,3915383,1257437,1676639,955059
Belarus,1963,634004,4003286,1231459,1708815,939871
Belarus,1964,652180,4085220,1214644,1739556,911027
Belarus,1965,678062,4147966,1208217,1771942,873579
Belarus,1966,704547,4196654,1210117,1804764,836737
Belarus,1967,723124,4231134,1230313,1833962,804581
Belarus,1968,747790,4232131,1276089,1857387,777810
Belarus,1969,773017,4222324,1337849,1866188,755104
Belarus,1970,799129,4213811,1418650,1846532,736663
Belarus,1971,824698,4222019,1499657,1807787,725471
Belarus,1972,849843,4254632,1556656,1763337,720061
Belarus,1973,874188,4298795,1601720,1713515,717385
Belarus,1974,898507,4353914,1632901,1659678,720571
Belarus,1975,927567,4406515,1655887,1609015,725201
Belarus,1976,953396,4456481,1676799,1567789,725519
Belarus,1977,976930,4506990,1693118,1532743,725052
Belarus,1978,999183,4554038,1706758,1502232,723479
Belarus,1979,1010096,4609304,1712167,1476818,729196
Belarus,1980,1010470,4682485,1707493,1460299,742300
Belarus,1981,1002040,4772370,1698196,1450462,754838
Belarus,1982,987331,4869611,1677881,1446141,767170
Belarus,1983,980719,4961384,1642585,1449296,781393
Belarus,1984,979112,5048462,1599207,1457849,796870
Belarus,1985,978220,5133330,1554418,1468292,809724
Belarus,1986,981666,5213766,1509634,1477376,821637
Belarus,1987,996395,5279021,1467441,1486339,828197
Belarus,1988,1022992,5319372,1432562,1505612,826851
Belarus,1989,1052210,5344608,1413171,1530187,818312
Belarus,1990,1083410,5346831,1405469,1549299,800942
Belarus,1991,1115797,5337189,1398015,1570420,772170
Belarus,1992,1153139,5332475,1400475,1593329,737854
Belarus,1993,1194158,5319283,1414999,1615105,697479
Belarus,1994,1232540,5289994,1431813,1626942,648583
Belarus,1995,1270540,5253240,1449528,1621856,601944
Belarus,1996,1300076,5233874,1465055,1603882,560741
Belarus,1997,1322540,5224685,1476460,1575595,522665
Belarus,1998,1340536,5233069,1490072,1525164,491277
Belarus,1999,1344307,5254129,1506973,1461716,471601
Belarus,2000,1350171,5256903,1523254,1399617,460832
Belarus,2001,1366156,5247156,1540669,1327324,456170
Belarus,2002,1384443,5228142,1555330,1250520,454397
Belarus,2003,1400909,5208906,1562745,1178148,451852
Belarus,2004,1414738,5195567,1563876,1112742,447570
Belarus,2005,1420913,5190838,1553978,1057566,443948
Belarus,2006,1420232,5196028,1533585,1012476,445148
Belarus,2007,1410071,5216976,1507462,973651,454428
Belarus,2008,1383421,5263001,1472237,940445,469723
Belarus,2009,1352534,5322149,1427315,915384,489430
Belarus,2010,1323005,5381554,1376470,899811,509389
Belarus,2011,1301302,5433336,1316183,895551,525849
Belarus,2012,1299693,5467453,1250470,903540,541406
Belarus,2013,1309755,5493851,1185825,918765,555758
Belarus,2014,1331122,5511742,1125637,936189,567533
Belarus,2015,1357523,5521284,1074023,954728,579267
Belarus,2016,1380770,5524787,1028787,974490,589809
Belarus,2017,1404777,5517135,986399,999781,587320
Belarus,2018,1426494,5500969,953005,1030361,568843
Belarus,2019,1450074,5460014,923482,1061531,539981
Belarus,2020,1470987,5389441,896206,1090739,503298
Belarus,2021,1486463,5304074,881127,1116129,463363
Belarus,2022,1514024,5219262,884004,1127491,428275
Belarus,2023,1555122,5140500,899800,1120655,399408
Belgium,1950,950129,4581295,1278593,1113655,693743
Belgium,1951,963135,4603401,1258723,1131837,698629
Belgium,1952,976419,4622602,1243118,1159334,695131
Belgium,1953,990173,4641019,1231795,1183912,694918
Belgium,1954,1003382,4658871,1221267,1208044,696775
Belgium,1955,1015594,4678784,1201222,1237657,702188
Belgium,1956,1026977,4699645,1168261,1276974,710261
Belgium,1957,1040322,4716354,1136236,1319561,719344
Belgium,1958,1055684,4726824,1120725,1353580,729258
Belgium,1959,1074069,4731352,1119889,1379444,740934
Belgium,1960,1091132,4730556,1124578,1405116,750726
Belgium,1961,1110360,4723700,1142412,1422025,759644
Belgium,1962,1132113,4716087,1172079,1431559,765761
Belgium,1963,1149208,4712281,1200815,1444022,768801
Belgium,1964,1168254,4708778,1227878,1460082,772612
Belgium,1965,1190120,4697050,1260086,1477524,774985
Belgium,1966,1212542,4672006,1302643,1495188,772528
Belgium,1967,1236164,4644754,1348375,1511338,765190
Belgium,1968,1254875,4631243,1384591,1526368,752519
Belgium,1969,1270730,4628627,1411752,1543326,734645
Belgium,1970,1287826,4630124,1437636,1556490,718318
Belgium,1971,1303960,4640352,1453632,1561774,706687
Belgium,1972,1320464,4656712,1461975,1558464,697112
Belgium,1973,1336804,4672973,1474266,1547802,686054
Belgium,1974,1351286,4690022,1491167,1532019,671171
Belgium,1975,1363493,4707428,1510113,1515267,652022
Belgium,1976,1372696,4726638,1529026,1498200,632191
Belgium,1977,1384844,4748341,1546089,1478168,616413
Belgium,1978,1399534,4771870,1561333,1451965,606934
Belgium,1979,1412759,4799359,1575998,1418857,604202
Belgium,1980,1417238,4840081,1584189,1384478,606899
Belgium,1981,1406154,4896151,1584432,1353072,610638
Belgium,1982,1384495,4962574,1577826,1326119,611064
Belgium,1983,1358281,5034089,1565108,1303865,607514
Belgium,1984,1345766,5094353,1548542,1284639,600984
Belgium,1985,1358058,5131306,1531682,1266348,592629
Belgium,1986,1381445,5156541,1514176,1249029,585470
Belgium,1987,1406867,5183333,1492812,1233761,582029
Belgium,1988,1434484,5212442,1464976,1221154,583124
Belgium,1989,1460765,5244406,1430110,1212463,588416
Belgium,1990,1486254,5275075,1393797,1208095,597314
Belgium,1991,1512967,5306808,1363258,1207632,607830
Belgium,1992,1538181,5341436,1340519,1208572,616776
Belgium,1993,1560852,5371050,1322414,1209461,620622
Belgium,1994,1584118,5395844,1306709,1210952,617816
Belgium,1995,1611085,5412458,1291241,1212272,609598
Belgium,1996,1639107,5426712,1276414,1214998,599086
Belgium,1997,1665308,5442984,1263201,1219789,589477
Belgium,1998,1687382,5456444,1252304,1224272,582016
Belgium,1999,1705655,5469264,1245904,1226876,578151
Belgium,2000,1721934,5480587,1243360,1227711,577237
Belgium,2001,1737479,5498946,1244441,1228649,576525
Belgium,2002,1753498,5526206,1248272,1229750,574228
Belgium,2003,1770275,5551618,1253241,1228057,572017
Belgium,2004,1788828,5576730,1258493,1223037,573117
Belgium,2005,1803332,5613550,1265364,1217871,577613
Belgium,2006,1808770,5666382,1275160,1211657,585263
Belgium,2007,1813415,5724030,1286595,1203576,596583
Belgium,2008,1826646,5774249,1298723,1198458,610275
Belgium,2009,1847525,5826078,1311434,1202243,624241
Belgium,2010,1870569,5886287,1325592,1214466,638230
Belgium,2011,1902726,5925004,1335253,1226110,647979
Belgium,2012,1941002,5940693,1337940,1234845,651406
Belgium,2013,1975935,5951933,1334733,1245617,650350
Belgium,2014,2011755,5963532,1327473,1259161,646369
Belgium,2015,2046197,5986236,1325034,1274751,641295
Belgium,2016,2078653,6007688,1320120,1289926,634659
Belgium,2017,2112797,6022492,1308877,1303885,627003
Belgium,2018,2148105,6039559,1302721,1317242,619522
Belgium,2019,2185088,6057826,1305293,1328061,612792
Belgium,2020,2216616,6071293,1311555,1333957,604825
Belgium,2021,2248524,6072178,1317561,1332668,597667
Belgium,2022,2298665,6090891,1325309,1330771,593583
Belgium,2023,2356738,6112141,1333039,1325308,582811
Belize,1950,2480,26446,13207,15607,11345
Belize,1951,2582,26891,13303,15855,12506
Belize,1952,2715,27459,13394,16257,13539
Belize,1953,2847,28018,13487,16829,14348
Belize,1954,2984,28564,13588,17560,14995
Belize,1955,3127,29094,13700,18499,15448
Belize,1956,3267,29621,13839,19626,15737
Belize,1957,3404,30141,14015,20755,16041
Belize,1958,3540,30666,14242,21864,16361
Belize,1959,3680,31197,14525,22957,16649
Belize,1960,3809,31701,14806,24003,17012
Belize,1961,3926,32142,15048,25020,17509
Belize,1962,4039,32542,15312,26080,18087
Belize,1963,4166,32934,15632,27206,18775
Belize,1964,4307,33317,16042,28395,19558
Belize,1965,4441,33674,16556,29683,20337
Belize,1966,4575,33989,17202,31106,21044
Belize,1967,4715,34270,17997,32671,21637
Belize,1968,4845,34522,18940,34356,22068
Belize,1969,4966,34742,20028,36113,22204
Belize,1970,5086,35034,21218,37509,21898
Belize,1971,5202,35441,22370,38369,21437
Belize,1972,5329,35863,23415,38945,21138
Belize,1973,5475,36293,24397,39262,21033
Belize,1974,5614,36772,25317,39208,21288
Belize,1975,5754,37418,26324,38948,21960
Belize,1976,5904,38231,27449,38709,22824
Belize,1977,6055,39134,28561,38451,23704
Belize,1978,6182,40118,29614,38235,24570
Belize,1979,6299,41210,30578,38192,25413
Belize,1980,6399,42460,31519,38435,26259
Belize,1981,6507,43853,32331,39108,27003
Belize,1982,6616,45317,32909,40175,27544
Belize,1983,6726,46827,33333,41481,27943
Belize,1984,6834,48380,33547,43026,28273
Belize,1985,6942,49983,33645,44670,28573
Belize,1986,7052,51627,33852,46185,28854
Belize,1987,7154,53281,34247,47542,29126
Belize,1988,7253,54918,34808,48793,29423
Belize,1989,7361,56484,35536,49954,29788
Belize,1990,7498,57970,36432,50985,30205
Belize,1991,7660,59644,37281,51847,30624
Belize,1992,7671,61226,38422,52641,31033
Belize,1993,7537,62541,40000,53519,31318
Belize,1994,7478,64147,41560,54534,31380
Belize,1995,7587,66444,43008,55720,31405
Belize,1996,7866,69612,44270,57096,31476
Belize,1997,8257,73533,45412,58579,31675
Belize,1998,8696,77809,46547,59952,32181
Belize,1999,9125,82104,47708,61121,33005
Belize,2000,9551,86309,48864,62159,33925
Belize,2001,9904,90277,50158,63218,34836
Belize,2002,10186,94134,51600,64400,35697
Belize,2003,10477,98045,53139,65778,36353
Belize,2004,10784,101976,54815,67318,36801
Belize,2005,11111,106007,56530,68947,37150
Belize,2006,11446,110203,58226,70563,37450
Belize,2007,11779,114590,59893,72156,37696
Belize,2008,12119,119129,61528,73707,37887
Belize,2009,12480,123778,63194,75185,37978
Belize,2010,12774,128629,65031,76199,37620
Belize,2011,13008,133692,66903,76720,36981
Belize,2012,13303,138847,68620,77094,36553
Belize,2013,13651,144115,70253,77251,36360
Belize,2014,14058,149485,71845,77166,36378
Belize,2015,14531,154983,73379,76660,36784
Belize,2016,15070,161165,75047,75954,37478
Belize,2017,15658,167543,76485,75413,38114
Belize,2018,16255,173128,77189,75015,38642
Belize,2019,16883,178076,77373,74765,38733
Belize,2020,17532,182887,77474,74627,38296
Belize,2021,18184,187627,77594,74590,37359
Belize,2022,18967,194043,78532,74820,36378
Belize,2023,19911,200893,79341,75231,35737
Benin,1950,175296,912177,358284,477722,326996
Benin,1951,171627,912933,363321,488485,330944
Benin,1952,168035,914103,368914,498735,335994
Benin,1953,164642,915698,375161,509135,341569
Benin,1954,161576,917758,382274,518859,348319
Benin,1955,158870,920301,390235,527793,356454
Benin,1956,156511,923367,398840,536877,365298
Benin,1957,154568,927056,408067,545950,375134
Benin,1958,153043,931371,417997,555177,385842
Benin,1959,151884,936284,428517,564850,397386
Benin,1960,151040,941832,439225,575461,409732
Benin,1961,150535,948098,449570,587665,423361
Benin,1962,150358,955072,459448,601757,438032
Benin,1963,150454,962918,469478,617099,452963
Benin,1964,150777,971961,478897,634302,468067
Benin,1965,151290,982305,487613,653550,483178
Benin,1966,151924,993794,496500,674581,497521
Benin,1967,152650,1006504,505396,697478,510971
Benin,1968,153519,1020513,514463,721557,524207
Benin,1969,154520,1035607,523962,746661,537478
Benin,1970,155635,1051472,534346,772608,550997
Benin,1971,156857,1067619,546216,799051,565024
Benin,1972,158173,1083970,559878,825715,579809
Benin,1973,159572,1101331,574781,852614,595197
Benin,1974,160988,1119312,591501,879846,610978
Benin,1975,162420,1137962,610238,907463,627321
Benin,1976,163878,1158096,630786,935112,644325
Benin,1977,165371,1179651,653249,962908,662016
Benin,1978,166896,1202784,676954,991208,680462
Benin,1979,168434,1227556,701755,1020015,700771
Benin,1980,170003,1254124,727459,1049617,724050
Benin,1981,171601,1282641,753754,1080321,749987
Benin,1982,173236,1313234,780328,1112395,777394
Benin,1983,174907,1345973,807114,1145790,805190
Benin,1984,176647,1380990,834212,1181341,832703
Benin,1985,178504,1418506,861696,1220220,859081
Benin,1986,180516,1459036,889223,1262405,884231
Benin,1987,182697,1502609,916911,1306990,909271
Benin,1988,185068,1548803,945138,1353132,935191
Benin,1989,187616,1597911,974122,1400940,961058
Benin,1990,190297,1649845,1004123,1450428,986781
Benin,1991,193097,1704103,1035259,1501332,1013131
Benin,1992,196073,1760606,1067808,1553771,1039578
Benin,1993,201108,1863439,1125224,1611854,1071048
Benin,1994,205242,1947239,1169434,1667522,1107025
Benin,1995,207207,1977643,1185125,1716983,1139783
Benin,1996,210351,2027336,1216247,1767928,1169977
Benin,1997,214352,2090541,1257452,1819905,1201112
Benin,1998,218795,2160601,1303429,1873308,1233345
Benin,1999,223462,2233803,1351865,1932435,1261240
Benin,2000,228376,2309601,1402239,1993762,1287624
Benin,2001,233536,2387880,1454089,2051990,1318086
Benin,2002,238918,2468717,1507320,2110058,1350394
Benin,2003,244677,2552368,1561953,2168934,1385117
Benin,2004,251002,2639755,1616296,2229183,1422838
Benin,2005,258255,2739162,1673060,2291344,1464295
Benin,2006,265828,2838663,1725578,2353750,1509389
Benin,2007,273637,2934213,1773084,2417055,1555953
Benin,2008,282144,3037321,1824413,2483537,1601025
Benin,2009,291024,3144295,1881770,2548433,1643881
Benin,2010,300148,3254947,1941371,2614474,1686518
Benin,2011,309188,3369155,1998011,2688361,1728880
Benin,2012,317931,3486455,2054168,2766406,1772670
Benin,2013,326903,3605948,2110448,2844769,1820732
Benin,2014,335979,3729261,2168596,2923816,1872325
Benin,2015,345066,3856876,2228413,3005263,1925031
Benin,2016,354583,3987822,2288847,3090247,1976313
Benin,2017,364511,4122129,2350953,3179318,2022832
Benin,2018,374973,4259778,2415625,3271207,2061731
Benin,2019,386008,4405113,2478756,3364520,2092329
Benin,2020,397301,4555157,2542838,3458728,2116112
Benin,2021,408684,4703186,2614386,3551278,2135858
Benin,2022,421364,4852661,2689862,3640622,2154969
Benin,2023,435706,5006144,2765628,3727085,2176442
Bermuda,1950,2132,16590,6360,7329,4829
Bermuda,1951,2135,16823,6381,7535,4946
Bermuda,1952,2141,17032,6408,7760,5016
Bermuda,1953,2154,17215,6442,7973,5066
Bermuda,1954,2164,17433,6472,8197,5096
Bermuda,1955,2186,17660,6510,8445,5073
Bermuda,1956,2220,17876,6567,8670,5029
Bermuda,1957,2256,18149,6610,8777,5024
Bermuda,1958,2281,18463,6623,8783,5079
Bermuda,1959,2307,18790,6609,8797,5160
Bermuda,1960,2343,19124,6613,8927,5224
Bermuda,1961,2383,19585,6756,9155,5265
Bermuda,1962,2436,20154,7014,9374,5282
Bermuda,1963,2495,20698,7292,9588,5290
Bermuda,1964,2562,21202,7597,9789,5280
Bermuda,1965,2642,21701,7934,9972,5235
Bermuda,1966,2727,22245,8295,10135,5154
Bermuda,1967,2828,22753,8650,10244,5060
Bermuda,1968,2939,23253,8905,10356,4973
Bermuda,1969,3061,23879,8991,10518,4879
Bermuda,1970,3191,24541,9013,10637,4765
Bermuda,1971,3313,25039,8991,10652,4633
Bermuda,1972,3431,25368,8927,10578,4521
Bermuda,1973,3545,25632,8919,10451,4416
Bermuda,1974,3670,25833,8991,10282,4300
Bermuda,1975,3800,25966,9141,10076,4165
Bermuda,1976,3926,26076,9448,9753,4029
Bermuda,1977,4048,26257,9761,9360,3919
Bermuda,1978,4158,26589,9855,9006,3843
Bermuda,1979,4259,27071,9737,8693,3779
Bermuda,1980,4373,27575,9535,8467,3742
Bermuda,1981,4497,28094,9380,8322,3728
Bermuda,1982,4601,28631,9248,8203,3724
Bermuda,1983,4689,29119,9117,8095,3780
Bermuda,1984,4790,29556,9007,7976,3860
Bermuda,1985,4913,29946,8929,7864,3916
Bermuda,1986,5048,30280,8860,7752,3968
Bermuda,1987,5144,30671,8887,7584,4000
Bermuda,1988,5171,31220,8898,7432,3994
Bermuda,1989,5186,31901,8723,7343,3995
Bermuda,1990,5196,32649,8423,7300,4016
Bermuda,1991,5273,33232,8088,7347,4067
Bermuda,1992,5422,33617,7801,7453,4136
Bermuda,1993,5574,33940,7579,7567,4172
Bermuda,1994,5750,34199,7405,7684,4176
Bermuda,1995,5948,34404,7258,7799,4140
Bermuda,1996,6160,34571,7126,7925,4054
Bermuda,1997,6321,34883,7047,7988,3953
Bermuda,1998,6419,35391,6990,7950,3908
Bermuda,1999,6516,35921,6894,7877,3930
Bermuda,2000,6679,36245,6841,7848,3954
Bermuda,2001,6892,36295,6865,7867,3965
Bermuda,2002,7087,36285,6937,7878,3974
Bermuda,2003,7288,36230,7040,7895,3949
Bermuda,2004,7485,36146,7141,7918,3882
Bermuda,2005,7679,36066,7266,7917,3798
Bermuda,2006,7880,35972,7403,7897,3698
Bermuda,2007,8064,36173,7455,7743,3592
Bermuda,2008,8222,36754,7346,7452,3541
Bermuda,2009,8366,37379,7113,7175,3550
Bermuda,2010,8587,37607,6947,7021,3583
Bermuda,2011,8893,37398,6892,6991,3574
Bermuda,2012,9215,37130,6853,6967,3496
Bermuda,2013,9556,37011,6762,6904,3356
Bermuda,2014,9901,37078,6593,6778,3195
Bermuda,2015,10225,37150,6384,6639,3078
Bermuda,2016,10563,37063,6275,6546,3014
Bermuda,2017,10919,36871,6315,6519,2973
Bermuda,2018,11280,36711,6424,6506,2924
Bermuda,2019,11687,36522,6536,6501,2875
Bermuda,2020,12116,36323,6623,6488,2845
Bermuda,2021,12570,36115,6705,6456,2815
Bermuda,2022,13037,35826,6744,6383,2768
Bermuda,2023,13523,35455,6744,6260,2724
Bhutan,1950,4309,58903,32568,43977,30235
Bhutan,1951,4415,60692,33585,45250,30674
Bhutan,1952,4513,62565,34618,46572,31123
Bhutan,1953,4624,64532,35653,47749,31787
Bhutan,1954,4736,66591,36669,48899,32570
Bhutan,1955,4848,68735,37673,50123,33382
Bhutan,1956,4961,70981,38678,51300,34324
Bhutan,1957,5079,73313,39710,52503,35307
Bhutan,1958,5198,75735,40778,53729,36325
Bhutan,1959,5325,78247,41911,54970,37373
Bhutan,1960,5456,80823,43125,56226,38468
Bhutan,1961,5590,83505,44411,57493,39617
Bhutan,1962,5749,86436,45825,58805,40833
Bhutan,1963,5911,89586,47160,60365,42146
Bhutan,1964,6081,92823,48455,62078,43560
Bhutan,1965,6259,96187,49817,63876,45070
Bhutan,1966,6452,99696,51138,65858,46684
Bhutan,1967,6658,103359,52487,67956,48392
Bhutan,1968,6881,107200,53860,70186,50188
Bhutan,1969,7112,111227,55258,72558,52061
Bhutan,1970,7367,115423,56657,75090,53994
Bhutan,1971,7635,119772,58048,77779,55980
Bhutan,1972,7908,124239,59456,80641,58017
Bhutan,1973,8208,128647,61074,83675,60104
Bhutan,1974,8524,133080,62825,86886,62228
Bhutan,1975,8860,137624,64644,90266,64402
Bhutan,1976,9213,142184,66639,93805,66654
Bhutan,1977,9584,146853,68741,97501,68966
Bhutan,1978,9977,151625,70967,101344,71337
Bhutan,1979,10401,156455,73297,105300,73750
Bhutan,1980,10849,161281,75726,109378,76174
Bhutan,1981,11315,166108,78268,113590,78567
Bhutan,1982,11797,170924,80929,117928,80912
Bhutan,1983,12314,175797,83767,122385,83207
Bhutan,1984,12857,180747,86794,126947,85446
Bhutan,1985,13434,185764,89986,131593,87623
Bhutan,1986,14042,190876,93341,136297,89771
Bhutan,1987,14687,196078,96866,141050,91889
Bhutan,1988,15363,201376,100515,145820,93928
Bhutan,1989,16073,206779,104282,150592,95866
Bhutan,1990,16800,211841,107924,155182,97548
Bhutan,1991,17428,215040,110699,158457,98165
Bhutan,1992,17138,206774,107631,153052,93184
Bhutan,1993,16828,198357,104457,147199,87838
Bhutan,1994,17200,198397,105590,147261,86062
Bhutan,1995,17403,196431,105612,145492,83058
Bhutan,1996,17860,197381,107109,145492,80950
Bhutan,1997,18641,201943,110453,147724,79938
Bhutan,1998,19492,207245,114089,149915,78697
Bhutan,1999,20773,213261,118831,152620,77105
Bhutan,2000,22458,219549,124496,155200,75167
Bhutan,2001,24200,226288,130312,156782,73221
Bhutan,2002,25982,233621,136117,157348,71349
Bhutan,2003,27779,241701,141741,156779,69669
Bhutan,2004,29576,250600,147131,155166,68084
Bhutan,2005,31059,259572,151338,152999,66900
Bhutan,2006,32074,267796,153847,150630,66446
Bhutan,2007,32933,275664,155702,148082,66255
Bhutan,2008,33859,283599,157405,145591,65898
Bhutan,2009,34841,291578,158760,143505,65304
Bhutan,2010,35888,299634,159678,141948,64485
Bhutan,2011,36977,307864,160098,140759,63683
Bhutan,2012,38089,316384,159825,139766,63218
Bhutan,2013,39247,325308,158736,138942,63042
Bhutan,2014,40443,334633,157042,138210,62813
Bhutan,2015,41714,344207,155060,137524,62110
Bhutan,2016,43094,353871,152997,136921,60987
Bhutan,2017,44023,364632,150915,135819,58945
Bhutan,2018,44567,376268,148963,133997,55962
Bhutan,2019,45330,387372,147308,131784,53024
Bhutan,2020,46334,397813,145880,129112,50863
Bhutan,2021,47504,407577,144563,126460,49335
Bhutan,2022,48767,416815,143220,123696,48410
Bhutan,2023,50075,425749,141781,120441,48329
Bolivia,1950,189482,1120380,562385,720777,496820
Bolivia,1951,189131,1134535,570349,742786,500361
Bolivia,1952,189070,1150761,577909,765402,504253
Bolivia,1953,189203,1168836,585677,786073,511038
Bolivia,1954,189373,1188281,594763,803566,521729
Bolivia,1955,189490,1208661,605646,820491,533611
Bolivia,1956,189554,1230082,618217,837924,545479
Bolivia,1957,189570,1252449,632535,854710,558220
Bolivia,1958,189517,1275628,648833,870759,571742
Bolivia,1959,189350,1299571,667253,886147,585797
Bolivia,1960,189087,1324260,687537,901120,600254
Bolivia,1961,188729,1349707,709180,916106,614949
Bolivia,1962,188303,1375976,731188,932158,629810
Bolivia,1963,187933,1403237,751203,951656,644825
Bolivia,1964,187802,1431730,768118,975374,659926
Bolivia,1965,188020,1461692,784474,1000606,674949
Bolivia,1966,188572,1493302,801355,1026135,690133
Bolivia,1967,189469,1526765,817666,1052810,705806
Bolivia,1968,190724,1562410,833351,1080506,721902
Bolivia,1969,192335,1600328,848474,1108910,738132
Bolivia,1970,194307,1640354,863263,1137786,754244
Bolivia,1971,196650,1682168,878120,1167167,770193
Bolivia,1972,199318,1724767,894027,1197236,785586
Bolivia,1973,202339,1766047,913254,1227929,800580
Bolivia,1974,205786,1805271,936532,1259033,815807
Bolivia,1975,209652,1845113,961213,1290225,831285
Bolivia,1976,214040,1886658,986121,1321610,848013
Bolivia,1977,218900,1928937,1012058,1353002,866217
Bolivia,1978,223970,1972195,1038854,1384472,884585
Bolivia,1979,228979,2016738,1066122,1416397,902560
Bolivia,1980,233850,2062494,1093490,1448557,920455
Bolivia,1981,238566,2109326,1121008,1481650,937503
Bolivia,1982,243046,2157246,1148999,1515613,953126
Bolivia,1983,247435,2206408,1177554,1549493,968112
Bolivia,1984,252086,2256658,1206494,1583261,983304
Bolivia,1985,257189,2307813,1235499,1617207,998420
Bolivia,1986,262657,2359994,1264713,1651423,1013625
Bolivia,1987,268534,2413554,1294068,1685849,1030093
Bolivia,1988,274991,2468574,1323697,1720283,1047890
Bolivia,1989,282238,2524706,1353879,1754790,1066083
Bolivia,1990,290301,2581733,1384319,1789314,1084399
Bolivia,1991,299202,2639475,1415546,1823283,1102710
Bolivia,1992,308961,2698006,1447528,1857200,1118565
Bolivia,1993,323763,2758349,1477118,1889573,1130311
Bolivia,1994,343099,2820638,1503804,1920659,1139025
Bolivia,1995,362169,2884125,1529885,1952641,1145740
Bolivia,1996,381016,2948698,1555653,1985392,1150844
Bolivia,1997,399543,3014262,1581354,2017705,1154881
Bolivia,1998,417607,3081188,1607161,2048304,1158946
Bolivia,1999,435145,3149862,1633440,2077015,1164127
Bolivia,2000,452008,3220153,1660558,2104238,1169122
Bolivia,2001,467946,3293505,1688625,2130412,1171972
Bolivia,2002,479291,3370151,1720483,2156060,1174073
Bolivia,2003,486727,3449459,1757283,2180257,1176667
Bolivia,2004,494505,3531674,1797097,2202129,1178576
Bolivia,2005,502732,3616674,1838925,2221133,1180979
Bolivia,2006,511461,3704616,1882184,2235719,1187396
Bolivia,2007,520890,3795104,1925065,2247653,1196949
Bolivia,2008,531211,3887830,1965757,2259415,1206353
Bolivia,2009,542522,3983202,2003863,2271165,1215245
Bolivia,2010,554889,4081094,2039648,2282847,1223592
Bolivia,2011,568053,4182039,2073234,2295917,1229421
Bolivia,2012,581373,4287417,2102933,2310687,1233140
Bolivia,2013,593435,4398627,2128400,2325281,1236609
Bolivia,2014,603763,4515552,2151369,2338416,1239533
Bolivia,2015,614316,4635715,2171384,2351267,1241771
Bolivia,2016,625951,4758234,2186980,2365329,1243273
Bolivia,2017,638103,4881992,2199908,2380200,1244135
Bolivia,2018,650930,5005378,2212613,2394597,1244596
Bolivia,2019,664589,5128473,2225258,2407833,1244972
Bolivia,2020,667785,5244402,2238407,2419810,1245633
Bolivia,2021,658772,5349422,2253431,2428525,1246954
Bolivia,2022,661443,5461930,2270154,2434459,1248895
Bolivia,2023,679323,5587174,2286697,2439753,1250928
Bonaire Sint Eustatius and Saba,1950,998,3042,748,1245,990
Bonaire Sint Eustatius and Saba,1951,961,2965,803,1327,996
Bonaire Sint Eustatius and Saba,1952,938,2931,858,1402,1012
Bonaire Sint Eustatius and Saba,1953,923,2909,911,1471,1035
Bonaire Sint Eustatius and Saba,1954,933,2974,925,1531,1097
Bonaire Sint Eustatius and Saba,1955,943,3015,926,1603,1141
Bonaire Sint Eustatius and Saba,1956,914,2946,951,1703,1124
Bonaire Sint Eustatius and Saba,1957,883,2878,978,1797,1117
Bonaire Sint Eustatius and Saba,1958,861,2817,1013,1880,1128
Bonaire Sint Eustatius and Saba,1959,844,2752,1063,1946,1156
Bonaire Sint Eustatius and Saba,1960,833,2718,1131,1996,1175
Bonaire Sint Eustatius and Saba,1961,839,2745,1212,2022,1165
Bonaire Sint Eustatius and Saba,1962,844,2803,1292,2034,1149
Bonaire Sint Eustatius and Saba,1963,857,2862,1369,2050,1148
Bonaire Sint Eustatius and Saba,1964,875,2926,1435,2075,1161
Bonaire Sint Eustatius and Saba,1965,893,2995,1486,2110,1193
Bonaire Sint Eustatius and Saba,1966,913,3074,1520,2145,1241
Bonaire Sint Eustatius and Saba,1967,939,3158,1540,2204,1288
Bonaire Sint Eustatius and Saba,1968,972,3238,1549,2279,1329
Bonaire Sint Eustatius and Saba,1969,1014,3321,1548,2385,1356
Bonaire Sint Eustatius and Saba,1970,1056,3410,1543,2512,1364
Bonaire Sint Eustatius and Saba,1971,1106,3497,1545,2651,1349
Bonaire Sint Eustatius and Saba,1972,1156,3580,1581,2761,1299
Bonaire Sint Eustatius and Saba,1973,1203,3668,1679,2781,1227
Bonaire Sint Eustatius and Saba,1974,1232,3756,1819,2732,1175
Bonaire Sint Eustatius and Saba,1975,1253,3855,1956,2658,1156
Bonaire Sint Eustatius and Saba,1976,1274,3966,2078,2571,1167
Bonaire Sint Eustatius and Saba,1977,1298,4098,2171,2477,1195
Bonaire Sint Eustatius and Saba,1978,1317,4254,2229,2412,1225
Bonaire Sint Eustatius and Saba,1979,1329,4425,2252,2370,1245
Bonaire Sint Eustatius and Saba,1980,1347,4610,2238,2364,1243
Bonaire Sint Eustatius and Saba,1981,1358,4788,2211,2369,1234
Bonaire Sint Eustatius and Saba,1982,1336,4949,2198,2363,1230
Bonaire Sint Eustatius and Saba,1983,1299,5104,2192,2344,1238
Bonaire Sint Eustatius and Saba,1984,1269,5265,2176,2324,1250
Bonaire Sint Eustatius and Saba,1985,1242,5423,2152,2312,1261
Bonaire Sint Eustatius and Saba,1986,1217,5579,2111,2318,1268
Bonaire Sint Eustatius and Saba,1987,1190,5747,2058,2339,1263
Bonaire Sint Eustatius and Saba,1988,1159,5925,1999,2366,1260
Bonaire Sint Eustatius and Saba,1989,1136,6103,1929,2397,1260
Bonaire Sint Eustatius and Saba,1990,1122,6279,1865,2427,1260
Bonaire Sint Eustatius and Saba,1991,1108,6437,1807,2457,1254
Bonaire Sint Eustatius and Saba,1992,1094,6582,1787,2465,1250
Bonaire Sint Eustatius and Saba,1993,1071,6718,1828,2430,1248
Bonaire Sint Eustatius and Saba,1994,1044,6856,1883,2375,1246
Bonaire Sint Eustatius and Saba,1995,1026,7006,1912,2344,1241
Bonaire Sint Eustatius and Saba,1996,1017,7163,1912,2343,1234
Bonaire Sint Eustatius and Saba,1997,1018,7320,1877,2367,1227
Bonaire Sint Eustatius and Saba,1998,1035,7477,1818,2409,1217
Bonaire Sint Eustatius and Saba,1999,1054,7625,1753,2463,1203
Bonaire Sint Eustatius and Saba,2000,1084,7771,1684,2524,1192
Bonaire Sint Eustatius and Saba,2001,1114,7979,1678,2577,1177
Bonaire Sint Eustatius and Saba,2002,1152,8326,1807,2603,1145
Bonaire Sint Eustatius and Saba,2003,1204,8747,1995,2597,1121
Bonaire Sint Eustatius and Saba,2004,1269,9178,2178,2586,1119
Bonaire Sint Eustatius and Saba,2005,1332,9622,2346,2573,1127
Bonaire Sint Eustatius and Saba,2006,1404,10103,2481,2566,1147
Bonaire Sint Eustatius and Saba,2007,1495,10610,2559,2563,1177
Bonaire Sint Eustatius and Saba,2008,1598,11142,2597,2563,1212
Bonaire Sint Eustatius and Saba,2009,1713,11710,2604,2581,1238
Bonaire Sint Eustatius and Saba,2010,1843,12289,2577,2619,1254
Bonaire Sint Eustatius and Saba,2011,2053,13015,2624,2687,1269
Bonaire Sint Eustatius and Saba,2012,2277,13776,2758,2741,1295
Bonaire Sint Eustatius and Saba,2013,2449,14431,2817,2796,1342
Bonaire Sint Eustatius and Saba,2014,2610,14853,2770,2894,1362
Bonaire Sint Eustatius and Saba,2015,2723,14908,2706,2956,1343
Bonaire Sint Eustatius and Saba,2016,2849,14747,2681,2959,1329
Bonaire Sint Eustatius and Saba,2017,3024,14810,2718,2939,1326
Bonaire Sint Eustatius and Saba,2018,3198,15029,2678,2948,1329
Bonaire Sint Eustatius and Saba,2019,3360,15360,2576,3038,1317
Bonaire Sint Eustatius and Saba,2020,3542,15884,2570,3120,1359
Bonaire Sint Eustatius and Saba,2021,3748,16368,2634,3162,1433
Bonaire Sint Eustatius and Saba,2022,3981,17203,2762,3232,1475
Bonaire Sint Eustatius and Saba,2023,4210,17925,2992,3278,1514
Bosnia and Herzegovina,1950,107553,954195,607387,646501,374766
Bosnia and Herzegovina,1951,108393,981232,632713,631526,376368
Bosnia and Herzegovina,1952,109268,1012221,654218,617286,381672
Bosnia and Herzegovina,1953,108872,1045955,664707,610795,398871
Bosnia and Herzegovina,1954,107436,1080715,664012,614146,423872
Bosnia and Herzegovina,1955,106388,1115816,660598,623720,445632
Bosnia and Herzegovina,1956,105885,1150904,656419,639792,462545
Bosnia and Herzegovina,1957,106070,1185812,650948,663540,473565
Bosnia and Herzegovina,1958,107322,1220662,643428,695290,478723
Bosnia and Herzegovina,1959,109968,1255749,633846,732026,480775
Bosnia and Herzegovina,1960,113742,1291200,624077,769624,482722
Bosnia and Herzegovina,1961,116745,1329108,613553,801760,486833
Bosnia and Herzegovina,1962,118637,1369382,603122,825653,490693
Bosnia and Herzegovina,1963,121564,1408148,596650,844817,490721
Bosnia and Herzegovina,1964,126739,1442923,594647,862202,486898
Bosnia and Herzegovina,1965,133911,1472822,597541,878822,479722
Bosnia and Herzegovina,1966,142282,1497331,607317,893600,470023
Bosnia and Herzegovina,1967,150911,1516434,625385,903858,459629
Bosnia and Herzegovina,1968,159053,1530784,652020,907834,449106
Bosnia and Herzegovina,1969,167067,1541561,684908,906438,437790
Bosnia and Herzegovina,1970,175564,1551195,719071,902245,425167
Bosnia and Herzegovina,1971,183824,1565788,748917,897917,412935
Bosnia and Herzegovina,1972,191291,1588583,771971,893297,403126
Bosnia and Herzegovina,1973,198808,1616825,790042,885867,395823
Bosnia and Herzegovina,1974,207130,1648060,805558,874926,390789
Bosnia and Herzegovina,1975,216281,1681346,819311,861333,387467
Bosnia and Herzegovina,1976,225859,1716581,830764,846676,384668
Bosnia and Herzegovina,1977,235151,1753639,839618,832097,381615
Bosnia and Herzegovina,1978,243333,1792836,845806,817654,378597
Bosnia and Herzegovina,1979,249513,1834291,850024,803474,375980
Bosnia and Herzegovina,1980,253051,1877362,853655,789819,374523
Bosnia and Herzegovina,1981,253234,1925219,856139,777222,372389
Bosnia and Herzegovina,1982,250570,1977078,856123,766396,370915
Bosnia and Herzegovina,1983,247960,2028031,852500,757914,372303
Bosnia and Herzegovina,1984,247741,2077259,844319,751904,374284
Bosnia and Herzegovina,1985,250624,2124221,832291,748365,374824
Bosnia and Herzegovina,1986,256205,2168332,817853,744861,374822
Bosnia and Herzegovina,1987,263316,2209398,802141,741634,373716
Bosnia and Herzegovina,1988,271335,2247067,786027,740506,369430
Bosnia and Herzegovina,1989,280947,2280604,769861,740071,362458
Bosnia and Herzegovina,1990,292549,2309106,753620,739132,354206
Bosnia and Herzegovina,1991,306341,2331241,737505,737023,346191
Bosnia and Herzegovina,1992,313152,2215816,658744,722987,323884
Bosnia and Herzegovina,1993,315834,2029584,564778,703574,290698
Bosnia and Herzegovina,1994,326850,1918589,528356,688883,262726
Bosnia and Herzegovina,1995,345329,1899082,549200,677713,244218
Bosnia and Herzegovina,1996,368091,1976118,621039,672636,237296
Bosnia and Herzegovina,1997,390903,2048028,680176,663200,235817
Bosnia and Herzegovina,1998,412569,2084708,712054,643031,236874
Bosnia and Herzegovina,1999,434468,2110293,730882,617213,237328
Bosnia and Herzegovina,2000,456646,2134757,741889,590654,235705
Bosnia and Herzegovina,2001,478400,2157893,744839,566296,231882
Bosnia and Herzegovina,2002,499343,2177856,739973,546685,224012
Bosnia and Herzegovina,2003,519234,2189776,725922,529211,214245
Bosnia and Herzegovina,2004,537121,2187594,699985,509682,206475
Bosnia and Herzegovina,2005,552362,2183223,669985,489330,201456
Bosnia and Herzegovina,2006,564065,2185702,645677,469969,197710
Bosnia and Herzegovina,2007,571122,2180326,617267,451582,192966
Bosnia and Herzegovina,2008,574132,2168453,580462,437064,187263
Bosnia and Herzegovina,2009,574994,2154730,541565,426284,182030
Bosnia and Herzegovina,2010,575867,2137088,504650,416478,177173
Bosnia and Herzegovina,2011,577989,2114224,472645,404931,171753
Bosnia and Herzegovina,2012,582198,2085135,447404,389133,165942
Bosnia and Herzegovina,2013,589065,2057525,430382,372593,160960
Bosnia and Herzegovina,2014,597596,2032965,417527,360683,155698
Bosnia and Herzegovina,2015,606701,2005074,403982,352203,150210
Bosnia and Herzegovina,2016,616854,1975146,390407,343660,146569
Bosnia and Herzegovina,2017,628436,1943053,378115,334648,144083
Bosnia and Herzegovina,2018,642354,1906423,369815,325849,142193
Bosnia and Herzegovina,2019,656836,1865862,364611,316801,141005
Bosnia and Herzegovina,2020,667384,1824276,359698,308055,139445
Bosnia and Herzegovina,2021,670424,1784080,352382,300682,136791
Bosnia and Herzegovina,2022,675681,1755760,344038,294914,133777
Bosnia and Herzegovina,2023,688576,1737591,337087,290627,130436
Botswana,1950,17925,144137,80437,104955,66251
Botswana,1951,18460,146905,82463,105728,70010
Botswana,1952,18997,149471,84764,106371,74115
Botswana,1953,19527,151882,87058,106957,78554
Botswana,1954,20031,154208,88954,108540,82319
Botswana,1955,20493,156537,90292,111425,85187
Botswana,1956,20936,158915,91109,114820,88006
Botswana,1957,21360,161402,91482,118631,90922
Botswana,1958,21732,164055,91559,122929,93836
Botswana,1959,22019,166904,91526,127801,96635
Botswana,1960,22220,169928,91491,133283,99250
Botswana,1961,22337,173183,91448,139382,101602
Botswana,1962,22349,176691,91380,146087,103681
Botswana,1963,22329,180311,91425,153246,105665
Botswana,1964,22381,183786,92635,159751,107728
Botswana,1965,22539,185119,93832,163921,109257
Botswana,1966,22818,184203,94113,166538,110203
Botswana,1967,23216,182760,94733,169090,111139
Botswana,1968,23664,180915,95742,171586,112065
Botswana,1969,24055,178829,97199,174018,112976
Botswana,1970,24336,176542,99163,176377,113918
Botswana,1971,24538,176409,103499,180296,115743
Botswana,1972,24680,180816,111342,186508,119068
Botswana,1973,24819,189054,121248,193752,123543
Botswana,1974,25014,199381,130940,201214,128904
Botswana,1975,25258,211351,139841,208882,135055
Botswana,1976,25568,224954,148873,216848,142268
Botswana,1977,25961,239974,158052,225194,150401
Botswana,1978,26523,259736,168453,235418,159112
Botswana,1979,27298,280936,178767,246874,167875
Botswana,1980,28140,292328,185146,256157,175718
Botswana,1981,29004,301939,190661,265294,183100
Botswana,1982,29970,315457,197454,276119,190267
Botswana,1983,31075,327550,203762,287623,196133
Botswana,1984,32343,340024,210373,300712,200209
Botswana,1985,33787,352797,217410,314659,203296
Botswana,1986,35415,365644,224628,328732,206229
Botswana,1987,37223,378437,232067,342705,208741
Botswana,1988,39022,390852,239787,355289,210529
Botswana,1989,40652,403313,248210,366609,211489
Botswana,1990,42129,416418,257763,377712,211669
Botswana,1991,43466,430019,268263,388741,211270
Botswana,1992,44664,445881,279084,399443,210957
Botswana,1993,45827,463941,290411,408523,211409
Botswana,1994,47042,482257,303235,414928,212559
Botswana,1995,48368,500640,316898,419452,213475
Botswana,1996,49799,518865,330806,423092,213346
Botswana,1997,51343,537028,344770,426172,212375
Botswana,1998,52930,555582,358151,429050,211182
Botswana,1999,54518,574790,370759,431527,210402
Botswana,2000,56056,594714,382774,432784,211044
Botswana,2001,57545,614753,394216,432108,213629
Botswana,2002,58990,633850,405160,429445,217306
Botswana,2003,60376,653288,414560,426367,221136
Botswana,2004,61673,675125,421011,424484,224844
Botswana,2005,62901,698976,425274,423985,228729
Botswana,2006,64078,724161,428398,424624,233249
Botswana,2007,65248,750673,430728,425824,238711
Botswana,2008,66456,778415,432632,427351,245100
Botswana,2009,67718,807305,433962,429558,252110
Botswana,2010,69081,837301,433922,433657,259130
Botswana,2011,70445,866365,431175,440269,265263
Botswana,2012,71850,886707,429626,451407,269003
Botswana,2013,73479,898644,433127,465066,270349
Botswana,2014,75682,908986,439915,476831,270614
Botswana,2015,78437,919068,448914,486437,270394
Botswana,2016,81317,930710,458760,493484,270484
Botswana,2017,84178,945409,467839,498144,271149
Botswana,2018,86973,963154,475794,500857,272339
Botswana,2019,89651,983479,483039,501668,274210
Botswana,2020,92009,1006082,489997,501086,276685
Botswana,2021,92886,1030062,495948,500187,282333
Botswana,2022,94644,1056868,497258,502039,289053
Botswana,2023,98420,1086899,494230,506997,293659
Brazil,1950,1270713,18635914,10786146,13542445,9173076
Brazil,1951,1306662,19251763,10982789,13887338,9590064
Brazil,1952,1350257,19888353,11179384,14272090,10004572
Brazil,1953,1397996,20546715,11377364,14714207,10397276
Brazil,1954,1449421,21220237,11585540,15227936,10751806
Brazil,1955,1505185,21902748,11804704,15799702,11088884
Brazil,1956,1565030,22594159,12036420,16403007,11435221
Brazil,1957,1627728,23294913,12283831,17041337,11783538
Brazil,1958,1692381,24000860,12549158,17715093,12134514
Brazil,1959,1758965,24708084,12841333,18419713,12486240
Brazil,1960,1829848,25411794,13160945,19153194,12832213
Brazil,1961,1908001,26118738,13501460,19910355,13166767
Brazil,1962,1993361,26836446,13879181,20668681,13487540
Brazil,1963,2083688,27568422,14312289,21410213,13789528
Brazil,1964,2177190,28320726,14816384,22116846,14057362
Brazil,1965,2274670,29086657,15378069,22802384,14275721
Brazil,1966,2376824,29866307,15971303,23487049,14437790
Brazil,1967,2482058,30665325,16599521,24161082,14538056
Brazil,1968,2590523,31483962,17263457,24820367,14582856
Brazil,1969,2703321,32327426,17958900,25448463,14607581
Brazil,1970,2820609,33194626,18681936,26024354,14654048
Brazil,1971,2942932,34088835,19426769,26535484,14745168
Brazil,1972,3071173,35034168,20173557,26973876,14893916
Brazil,1973,3205508,36048031,20905535,27339845,15101928
Brazil,1974,3345673,37145951,21604857,27652282,15340766
Brazil,1975,3491653,38309854,22284863,27938040,15594985
Brazil,1976,3642020,39518572,22966038,28213808,15872708
Brazil,1977,3794813,40781670,23639054,28486951,16172557
Brazil,1978,3949611,42096531,24297944,28764199,16492378
Brazil,1979,4106310,43460521,24924643,29051556,16837471
Brazil,1980,4263347,44874745,25498504,29374238,17196256
Brazil,1981,4419408,46336643,26004005,29761853,17540799
Brazil,1982,4575641,47839776,26430281,30226079,17850930
Brazil,1983,4735019,49390686,26785781,30768362,18109740
Brazil,1984,4900378,50993721,27094806,31368320,18301095
Brazil,1985,5074047,52641461,27382463,31998422,18418601
Brazil,1986,5258989,54317366,27658323,32637565,18463465
Brazil,1987,5458743,56016469,27930516,33266991,18431503
Brazil,1988,5675058,57741240,28211866,33867535,18329877
Brazil,1989,5905279,59478294,28507801,34426328,18184440
Brazil,1990,6144853,61219215,28846554,34925737,18005978
Brazil,1991,6393012,62941314,29248234,35339510,17801243
Brazil,1992,6652236,64649002,29732254,35647493,17593104
Brazil,1993,6922471,66328952,30291288,35836487,17414341
Brazil,1994,7201545,67979540,30891496,35911710,17279633
Brazil,1995,7487064,69647887,31519769,35878934,17200276
Brazil,1996,7778688,71344796,32156253,35748195,17173389
Brazil,1997,8076644,73074502,32782641,35536848,17189706
Brazil,1998,8375652,74868955,33394414,35287026,17232184
Brazil,1999,8671384,76710792,33971136,35039514,17247201
Brazil,2000,8965631,78572752,34476023,34810264,17191981
Brazil,2001,9267971,80474863,34891687,34606142,17058788
Brazil,2002,9584787,82425467,35201987,34440218,16849141
Brazil,2003,9920984,84422731,35393310,34325918,16557719
Brazil,2004,10282083,86452036,35467892,34227003,16243946
Brazil,2005,10663575,88510899,35430057,34113161,15968053
Brazil,2006,11066032,90594598,35294004,33973217,15722701
Brazil,2007,11492524,92683786,35076734,33798368,15498137
Brazil,2008,11941077,94750634,34812983,33562485,15297112
Brazil,2009,12413252,96750799,34535504,33271405,15105711
Brazil,2010,12910281,98665235,34263413,32945487,14913910
Brazil,2011,13435525,100508822,34020932,32570534,14744950
Brazil,2012,14002888,102275937,33835903,32139586,14617412
Brazil,2013,14623559,103945670,33719063,31651011,14534132
Brazil,2014,15308287,105497828,33625657,31151850,14496126
Brazil,2015,16041000,106932445,33516393,30692072,14487687
Brazil,2016,16796713,108285259,33389569,30286600,14453440
Brazil,2017,17580262,109549970,33228535,29940310,14397216
Brazil,2018,18393146,110711808,32985387,29656015,14353106
Brazil,2019,19229022,111829019,32699213,29428680,14261049
Brazil,2020,20020158,112912226,32408868,29238608,14072487
Brazil,2021,20760418,113830068,32055203,29042767,13853514
Brazil,2022,21552433,114646005,31613146,28858686,13628418
Brazil,2023,22444932,115488243,31107650,28732063,13360847
British Virgin Islands,1950,643,2412,1137,1944,1261
British Virgin Islands,1951,607,2398,1159,2023,1222
British Virgin Islands,1952,571,2365,1187,2097,1178
British Virgin Islands,1953,542,2341,1227,2172,1127
British Virgin Islands,1954,516,2331,1291,2234,1097
British Virgin Islands,1955,491,2314,1358,2255,1098
British Virgin Islands,1956,473,2288,1428,2261,1107
British Virgin Islands,1957,455,2278,1496,2270,1116
British Virgin Islands,1958,439,2287,1577,2271,1128
British Virgin Islands,1959,430,2315,1677,2266,1144
British Virgin Islands,1960,420,2363,1776,2256,1159
British Virgin Islands,1961,417,2385,1848,2239,1170
British Virgin Islands,1962,408,2387,1910,2209,1178
British Virgin Islands,1963,408,2395,1971,2176,1185
British Virgin Islands,1964,406,2416,2020,2160,1190
British Virgin Islands,1965,400,2469,2043,2176,1195
British Virgin Islands,1966,406,2550,2075,2205,1202
British Virgin Islands,1967,411,2677,2132,2231,1220
British Virgin Islands,1968,420,2879,2204,2260,1259
British Virgin Islands,1969,432,3192,2311,2296,1322
British Virgin Islands,1970,445,3459,2355,2317,1390
British Virgin Islands,1971,458,3600,2310,2319,1430
British Virgin Islands,1972,468,3744,2262,2327,1454
British Virgin Islands,1973,481,3883,2221,2340,1463
British Virgin Islands,1974,501,4005,2202,2358,1455
British Virgin Islands,1975,525,4091,2197,2382,1432
British Virgin Islands,1976,554,4173,2196,2406,1404
British Virgin Islands,1977,581,4250,2192,2426,1374
British Virgin Islands,1978,613,4330,2175,2440,1346
British Virgin Islands,1979,641,4419,2150,2452,1324
British Virgin Islands,1980,665,4526,2160,2477,1320
British Virgin Islands,1981,682,4709,2255,2522,1330
British Virgin Islands,1982,691,4939,2395,2569,1350
British Virgin Islands,1983,703,5190,2524,2594,1374
British Virgin Islands,1984,717,5470,2659,2601,1397
British Virgin Islands,1985,722,5765,2783,2610,1410
British Virgin Islands,1986,734,6095,2878,2620,1421
British Virgin Islands,1987,757,6447,2941,2630,1437
British Virgin Islands,1988,786,6844,2957,2651,1465
British Virgin Islands,1989,808,7267,2931,2687,1507
British Virgin Islands,1990,828,7714,2876,2741,1568
British Virgin Islands,1991,847,8121,2820,2804,1615
British Virgin Islands,1992,856,8463,2788,2878,1630
British Virgin Islands,1993,862,8785,2772,2958,1631
British Virgin Islands,1994,882,9107,2777,3034,1630
British Virgin Islands,1995,892,9431,2800,3113,1627
British Virgin Islands,1996,897,9749,2839,3184,1639
British Virgin Islands,1997,903,10070,2885,3251,1674
British Virgin Islands,1998,909,10388,2923,3329,1712
British Virgin Islands,1999,918,10705,2960,3422,1750
British Virgin Islands,2000,937,11014,3011,3520,1783
British Virgin Islands,2001,953,11377,3118,3598,1778
British Virgin Islands,2002,985,11814,3288,3644,1723
British Virgin Islands,2003,1037,12315,3454,3675,1674
British Virgin Islands,2004,1100,12860,3577,3707,1661
British Virgin Islands,2005,1169,13445,3647,3752,1680
British Virgin Islands,2006,1242,14072,3668,3793,1744
British Virgin Islands,2007,1328,14721,3654,3829,1859
British Virgin Islands,2008,1419,15372,3629,3888,2000
British Virgin Islands,2009,1535,16019,3599,3988,2098
British Virgin Islands,2010,1636,16393,3555,4078,2035
British Virgin Islands,2011,1771,17121,3679,4174,1988
British Virgin Islands,2012,1931,18227,3902,4319,1990
British Virgin Islands,2013,2080,19177,4063,4495,1911
British Virgin Islands,2014,2228,20059,4184,4662,1855
British Virgin Islands,2015,2381,21115,4337,4773,1916
British Virgin Islands,2016,2440,20848,4143,4735,1738
British Virgin Islands,2017,2499,20201,3912,4625,1486
British Virgin Islands,2018,2722,21472,4223,4643,1621
British Virgin Islands,2019,2939,22640,4465,4659,1719
British Virgin Islands,2020,3096,23198,4547,4616,1701
British Virgin Islands,2021,3252,23709,4634,4564,1673
British Virgin Islands,2022,3405,24099,4746,4472,1622
British Virgin Islands,2023,3596,24535,4970,4277,1630
Brunei,1950,2340,19502,8653,10718,7102
Brunei,1951,2397,20528,9183,11066,8037
Brunei,1952,2455,21525,9673,11469,9130
Brunei,1953,2525,22616,10187,11930,10324
Brunei,1954,2599,23820,10715,12413,11679
Brunei,1955,2683,25145,11262,13201,12937
Brunei,1956,2784,26575,11819,14423,13968
Brunei,1957,2893,28094,12370,15826,15001
Brunei,1958,3011,29655,12908,17360,16055
Brunei,1959,3141,31207,13400,19029,17082
Brunei,1960,3251,32337,13817,21040,17913
Brunei,1961,3337,33089,14253,23325,18524
Brunei,1962,3414,33879,14835,25592,19018
Brunei,1963,3490,34949,15636,27702,19395
Brunei,1964,3576,36343,16610,29711,19696
Brunei,1965,3655,37826,17870,31531,19974
Brunei,1966,3734,39382,19470,33053,20250
Brunei,1967,3822,41017,21221,34464,20513
Brunei,1968,3905,42722,23052,35724,20835
Brunei,1969,3981,44503,24925,36815,21232
Brunei,1970,3878,45488,26850,37301,21640
Brunei,1971,3667,45901,28677,37587,22098
Brunei,1972,3706,46989,30370,38586,22547
Brunei,1973,3911,48568,32135,39800,22968
Brunei,1974,4121,50374,34024,40703,23445
Brunei,1975,4319,52429,35992,41329,24012
Brunei,1976,4508,54734,37938,41802,24638
Brunei,1977,4684,57322,39745,42228,25308
Brunei,1978,4856,60159,41127,42815,25944
Brunei,1979,5013,63187,42106,43665,26460
Brunei,1980,5152,66390,42980,44712,26887
Brunei,1981,5288,69742,43822,45867,27270
Brunei,1982,5421,73466,44856,46854,27580
Brunei,1983,5559,77627,46024,47574,27970
Brunei,1984,5730,82078,47060,48204,28601
Brunei,1985,5902,86812,47969,48791,29454
Brunei,1986,6075,91770,48825,49371,30469
Brunei,1987,6226,96681,49311,50155,31503
Brunei,1988,6361,101461,49449,51192,32463
Brunei,1989,6507,106269,49583,52378,33340
Brunei,1990,6658,111169,49644,53741,34094
Brunei,1991,6804,115892,49601,55551,34755
Brunei,1992,6955,120526,49702,57436,35228
Brunei,1993,7120,125316,50113,59021,35408
Brunei,1994,7325,130082,50834,60503,35352
Brunei,1995,7584,134786,51917,61831,35088
Brunei,1996,7880,139432,53295,63047,34627
Brunei,1997,8182,144096,54817,64204,34056
Brunei,1998,8481,148799,56377,65221,33517
Brunei,1999,8791,153606,58017,65949,33047
Brunei,2000,9119,158576,59776,66282,32673
Brunei,2001,9446,163701,61543,66261,32400
Brunei,2002,9794,168935,63200,66001,32176
Brunei,2003,10172,174279,64681,65594,31920
Brunei,2004,10604,179703,65936,65081,31594
Brunei,2005,11091,185190,66945,64514,31187
Brunei,2006,11615,190668,67783,63895,30705
Brunei,2007,12151,194794,69220,64195,30521
Brunei,2008,12654,197846,71118,65515,30664
Brunei,2009,13096,201485,72593,66886,30901
Brunei,2010,13480,205754,73669,68131,31303
Brunei,2011,13917,210589,74277,68783,31825
Brunei,2012,14568,215655,74455,68508,32376
Brunei,2013,15429,220561,74580,67769,32863
Brunei,2014,16429,225235,74918,67003,33165
Brunei,2015,17554,229701,75418,66212,33335
Brunei,2016,18828,233986,75830,65534,33391
Brunei,2017,20254,238211,75988,65041,33291
Brunei,2018,21787,242474,75810,64670,33069
Brunei,2019,23418,246839,75276,64423,32728
Brunei,2020,25121,251306,74345,64330,32307
Brunei,2021,26759,255790,72779,64470,31922
Brunei,2022,28243,259838,70834,64810,31646
Brunei,2023,29883,263478,69103,65061,31431
Bulgaria,1950,458020,3450789,1385080,1211798,742373
Bulgaria,1951,481767,3511872,1356356,1214379,749558
Bulgaria,1952,494028,3572619,1329698,1226478,738663
Bulgaria,1953,504449,3630841,1302910,1247038,730255
Bulgaria,1954,519122,3686917,1275587,1275398,718840
Bulgaria,1955,531375,3743163,1250812,1307076,700846
Bulgaria,1956,541558,3797943,1229393,1330687,687197
Bulgaria,1957,550155,3860636,1210813,1349503,678069
Bulgaria,1958,561191,3932281,1193391,1371901,665779
Bulgaria,1959,571923,3998919,1177229,1386372,659406
Bulgaria,1960,585535,4055974,1170170,1391433,659472
Bulgaria,1961,606367,4103266,1181140,1388604,658523
Bulgaria,1962,625295,4145206,1199692,1382248,655483
Bulgaria,1963,641442,4183180,1222599,1372936,653210
Bulgaria,1964,659296,4218291,1253414,1358410,650302
Bulgaria,1965,685298,4251852,1279484,1343073,642333
Bulgaria,1966,714381,4282311,1297583,1333773,630358
Bulgaria,1967,736687,4309103,1316399,1328109,620460
Bulgaria,1968,761502,4332377,1336851,1317162,622397
Bulgaria,1969,787753,4351003,1355933,1304101,636140
Bulgaria,1970,815031,4368741,1368808,1291614,646261
Bulgaria,1971,844380,4394056,1369879,1275151,655042
Bulgaria,1972,871657,4420058,1365464,1257518,664862
Bulgaria,1973,897629,4447555,1358668,1252798,667856
Bulgaria,1974,923438,4482975,1345248,1259381,671427
Bulgaria,1975,948552,4517236,1315566,1264407,677088
Bulgaria,1976,972679,4543460,1293750,1265411,683811
Bulgaria,1977,998129,4558220,1290276,1264005,693745
Bulgaria,1978,1008438,4572911,1276910,1259470,695713
Bulgaria,1979,1021727,4585193,1263189,1263817,690782
Bulgaria,1980,1049022,4595629,1252894,1284532,677169
Bulgaria,1981,1050067,4632920,1238354,1309824,656325
Bulgaria,1982,1024695,4691217,1226047,1330662,639812
Bulgaria,1983,998916,4742323,1225477,1339329,626995
Bulgaria,1984,995620,4768735,1234925,1337708,615344
Bulgaria,1985,1017705,4779572,1224888,1330718,605710
Bulgaria,1986,1048458,4782115,1211445,1320979,600247
Bulgaria,1987,1078859,4771918,1215116,1314453,595662
Bulgaria,1988,1106994,4759983,1222090,1304673,591806
Bulgaria,1989,1134783,4716793,1228593,1275846,580194
Bulgaria,1990,1162061,4639111,1228858,1235603,556550
Bulgaria,1991,1185541,4556138,1229641,1196321,527982
Bulgaria,1992,1204767,4472836,1229767,1154042,497515
Bulgaria,1993,1224832,4423092,1226585,1121106,470765
Bulgaria,1994,1245058,4407719,1219545,1098308,446148
Bulgaria,1995,1262408,4391385,1208444,1076420,418774
Bulgaria,1996,1275963,4371508,1197160,1052608,394026
Bulgaria,1997,1287025,4346091,1187640,1025349,370865
Bulgaria,1998,1299675,4318568,1175746,995823,348260
Bulgaria,1999,1315013,4299535,1155974,962436,334391
Bulgaria,2000,1326624,4286884,1132852,924151,329885
Bulgaria,2001,1331997,4276526,1112577,881952,325274
Bulgaria,2002,1335955,4272678,1092148,837121,323919
Bulgaria,2003,1336014,4275691,1071774,791842,328955
Bulgaria,2004,1334780,4278757,1052219,752419,331122
Bulgaria,2005,1333955,4276568,1032469,719967,331944
Bulgaria,2006,1333090,4267712,1010965,692338,336025
Bulgaria,2007,1333046,4255115,985352,670352,342857
Bulgaria,2008,1335717,4238407,957213,653392,350675
Bulgaria,2009,1340864,4219777,926200,642258,358713
Bulgaria,2010,1349489,4195536,891474,637984,362884
Bulgaria,2011,1366466,4161748,854125,637503,359934
Bulgaria,2012,1386269,4124200,814178,640513,351604
Bulgaria,2013,1405787,4092920,772574,648597,344472
Bulgaria,2014,1428217,4062696,735094,657103,340069
Bulgaria,2015,1450287,4025617,703135,662285,335916
Bulgaria,2016,1466305,3987482,673794,667389,332226
Bulgaria,2017,1476480,3947338,648913,673689,329014
Bulgaria,2018,1487005,3902169,630757,677879,326738
Bulgaria,2019,1498061,3854665,618949,680443,323116
Bulgaria,2020,1503415,3811685,617636,683207,317440
Bulgaria,2021,1492289,3766442,622155,684674,311373
Bulgaria,2022,1480721,3718818,633586,684004,308424
Bulgaria,2023,1483352,3674193,649935,679865,308119
Burkina Faso,1950,84550,1598525,820863,1036563,672651
Burkina Faso,1951,88607,1623343,827360,1055071,666010
Burkina Faso,1952,92668,1647391,835065,1071199,664030
Burkina Faso,1953,96691,1669926,843621,1079283,671802
Burkina Faso,1954,100767,1691391,853039,1081323,687359
Burkina Faso,1955,104904,1712518,863533,1084545,703553
Burkina Faso,1956,109097,1733296,875146,1089546,719573
Burkina Faso,1957,113357,1753790,888088,1095690,735644
Burkina Faso,1958,117624,1773079,902122,1102559,751904
Burkina Faso,1959,121890,1792393,917810,1109949,768806
Burkina Faso,1960,126199,1812766,935197,1118192,786273
Burkina Faso,1961,130503,1833137,952432,1128110,804040
Burkina Faso,1962,134829,1853719,967227,1141595,822304
Burkina Faso,1963,139262,1874763,974492,1164219,840884
Burkina Faso,1964,143888,1896278,976213,1194770,859890
Burkina Faso,1965,148760,1918555,979309,1226557,879653
Burkina Faso,1966,153878,1941378,984083,1258636,899963
Burkina Faso,1967,159267,1965065,989981,1291293,920743
Burkina Faso,1968,164895,1990263,996839,1324458,942190
Burkina Faso,1969,170642,2016587,1004097,1358496,963356
Burkina Faso,1970,176526,2044122,1012153,1393646,983860
Burkina Faso,1971,182470,2070715,1021144,1429612,1004061
Burkina Faso,1972,188433,2094877,1033086,1466543,1024299
Burkina Faso,1973,194539,2113091,1053967,1504603,1045726
Burkina Faso,1974,200943,2127613,1083113,1543377,1069859
Burkina Faso,1975,207667,2145033,1114379,1582847,1097648
Burkina Faso,1976,214709,2166548,1146955,1623412,1129012
Burkina Faso,1977,222156,2194124,1182006,1665628,1164826
Burkina Faso,1978,229867,2226570,1218440,1710373,1205738
Burkina Faso,1979,237672,2262121,1255544,1758112,1250452
Burkina Faso,1980,245563,2301932,1293986,1809397,1297022
Burkina Faso,1981,253444,2345083,1332972,1864412,1344359
Burkina Faso,1982,261277,2391260,1372442,1924009,1391209
Burkina Faso,1983,269118,2442616,1413534,1989562,1436306
Burkina Faso,1984,276843,2498332,1455234,2061072,1480779
Burkina Faso,1985,284258,2555765,1496146,2137346,1526418
Burkina Faso,1986,291194,2612417,1535598,2217275,1572364
Burkina Faso,1987,297591,2668019,1574267,2300011,1617226
Burkina Faso,1988,303522,2724412,1614545,2384585,1660377
Burkina Faso,1989,309000,2782464,1657553,2471180,1700979
Burkina Faso,1990,314024,2842256,1703796,2559874,1739409
Burkina Faso,1991,318426,2899039,1751253,2649046,1776867
Burkina Faso,1992,322344,2954564,1802027,2736433,1813912
Burkina Faso,1993,325998,3014394,1860291,2820185,1850848
Burkina Faso,1994,329413,3078711,1926149,2900415,1889119
Burkina Faso,1995,332635,3146777,1997996,2979132,1930184
Burkina Faso,1996,335641,3215682,2072945,3057237,1974437
Burkina Faso,1997,338588,3288032,2151348,3134327,2021929
Burkina Faso,1998,342108,3376194,2237869,3210784,2073713
Burkina Faso,1999,346360,3480971,2331496,3287069,2129034
Burkina Faso,2000,351053,3595548,2427495,3364095,2187356
Burkina Faso,2001,356414,3721179,2524873,3444294,2248234
Burkina Faso,2002,362632,3858414,2620952,3528861,2310036
Burkina Faso,2003,369568,4006529,2712353,3617982,2376090
Burkina Faso,2004,377145,4164991,2798925,3711963,2447501
Burkina Faso,2005,385289,4330692,2881823,3812092,2522218
Burkina Faso,2006,393913,4497653,2959929,3918188,2604018
Burkina Faso,2007,403054,4659831,3030984,4029234,2693204
Burkina Faso,2008,413072,4816821,3095769,4148699,2783740
Burkina Faso,2009,424371,4975882,3159341,4276761,2873710
Burkina Faso,2010,436816,5140321,3225231,4411365,2962771
Burkina Faso,2011,450016,5312064,3297092,4555921,3046814
Burkina Faso,2012,463010,5495059,3378193,4710474,3125547
Burkina Faso,2013,472471,5685517,3465037,4871444,3200943
Burkina Faso,2014,479335,5883601,3557947,5037256,3271327
Burkina Faso,2015,487559,6089861,3659524,5205795,3334749
Burkina Faso,2016,497585,6303874,3769024,5376251,3388120
Burkina Faso,2017,509198,6523822,3884533,5548970,3427890
Burkina Faso,2018,522162,6743000,4005638,5720136,3447352
Burkina Faso,2019,536461,6963901,4132943,5885798,3442851
Burkina Faso,2020,551754,7197177,4269100,6044045,3416616
Burkina Faso,2021,567299,7440118,4416240,6187435,3384157
Burkina Faso,2022,584036,7684168,4569077,6311315,3360440
Burkina Faso,2023,603441,7933322,4725797,6412078,3351139
Burundi,1950,72689,826210,426130,551313,378598
Burundi,1951,74225,837326,430530,562648,401021
Burundi,1952,75776,848295,435640,574167,421929
Burundi,1953,77301,858792,441195,586324,441578
Burundi,1954,78741,869152,447175,597603,461923
Burundi,1955,80107,879707,453685,615667,475492
Burundi,1956,81425,890415,460687,641887,480900
Burundi,1957,82679,901323,468244,667670,486565
Burundi,1958,83958,911806,476254,692939,492459
Burundi,1959,85465,922317,485258,717758,498806
Burundi,1960,87282,933447,495553,742192,505790
Burundi,1961,89703,953165,510932,767093,514227
Burundi,1962,92347,973457,525888,791859,524390
Burundi,1963,94873,987054,536960,815583,535370
Burundi,1964,98021,1013722,553910,841893,548104
Burundi,1965,100907,1040041,575735,862288,562393
Burundi,1966,103509,1060568,600818,875025,578037
Burundi,1967,106397,1083779,626151,889719,594648
Burundi,1968,109169,1104840,649125,905696,611557
Burundi,1969,111824,1122258,669267,921987,629261
Burundi,1970,114536,1140008,689233,940453,646199
Burundi,1971,117493,1163273,712060,961739,662731
Burundi,1972,117641,1141701,711737,974604,671450
Burundi,1973,117605,1118636,713112,987619,675022
Burundi,1974,120620,1142981,743340,1012374,684288
Burundi,1975,123668,1170338,766158,1038958,697492
Burundi,1976,126441,1198857,778964,1065811,712553
Burundi,1977,129478,1234035,796725,1093942,729404
Burundi,1978,132774,1276121,818617,1120100,752730
Burundi,1979,135614,1307911,833985,1144393,781625
Burundi,1980,140212,1380501,872343,1174877,815759
Burundi,1981,144525,1451181,907487,1206760,856029
Burundi,1982,147000,1481483,918836,1236767,897286
Burundi,1983,149736,1516733,934619,1270491,936938
Burundi,1984,152117,1544977,948274,1308170,972935
Burundi,1985,154058,1565720,960068,1349041,1005154
Burundi,1986,155412,1577846,970383,1396742,1029038
Burundi,1987,156936,1601693,990266,1451113,1047782
Burundi,1988,157691,1625158,1009376,1507569,1065538
Burundi,1989,157661,1641199,1025270,1565726,1081848
Burundi,1990,157655,1661639,1046531,1622505,1098723
Burundi,1991,157346,1683960,1070791,1676661,1115103
Burundi,1992,157682,1728400,1108485,1730523,1133309
Burundi,1993,150383,1586466,1047284,1761557,1131150
Burundi,1994,149208,1573014,1071970,1802152,1117439
Burundi,1995,154888,1736227,1195693,1858342,1121037
Burundi,1996,151654,1700076,1206130,1887247,1125310
Burundi,1997,149471,1663642,1224985,1911132,1120763
Burundi,1998,150876,1692432,1286813,1943295,1113673
Burundi,1999,153233,1737571,1358619,1955969,1131750
Burundi,2000,155262,1773700,1418557,1964073,1158598
Burundi,2001,158198,1827155,1481979,1991888,1175144
Burundi,2002,161951,1893245,1545996,2013951,1208994
Burundi,2003,166487,1974531,1611161,2029730,1261243
Burundi,2004,172120,2083005,1681020,2050050,1324444
Burundi,2005,177745,2195139,1741957,2077488,1394949
Burundi,2006,183170,2309833,1788814,2111668,1472031
Burundi,2007,188924,2435228,1828845,2156184,1552668
Burundi,2008,195735,2583362,1878171,2211711,1636626
Burundi,2009,204760,2782934,1929976,2302433,1727477
Burundi,2010,213112,2970773,1963968,2408890,1819608
Burundi,2011,219202,3106486,1981225,2507659,1903324
Burundi,2012,225618,3246724,1994336,2626803,1977486
Burundi,2013,232629,3394130,2004117,2765396,2043018
Burundi,2014,238889,3536066,2013039,2914219,2097535
Burundi,2015,245578,3609192,1995570,3066807,2130406
Burundi,2016,255059,3645767,1975551,3221259,2141808
Burundi,2017,266499,3724496,1998337,3373810,2143617
Burundi,2018,279962,3853308,2061927,3522595,2141640
Burundi,2019,294262,3988977,2169491,3664085,2138500
Burundi,2020,307214,4103665,2281591,3790294,2134255
Burundi,2021,319185,4228345,2386515,3895135,2136293
Burundi,2022,331134,4352163,2511569,3977585,2148640
Burundi,2023,343640,4479671,2655953,4042949,2167233
Cambodia,1950,116863,1553252,844370,1108858,751907
Cambodia,1951,118818,1588073,862304,1129084,777413
Cambodia,1952,121167,1623013,880534,1149274,803975
Cambodia,1953,123837,1656924,898220,1171612,829863
Cambodia,1954,126684,1690303,915254,1199818,851771
Cambodia,1955,129678,1724451,932179,1232642,871425
Cambodia,1956,132810,1759103,948950,1267159,891460
Cambodia,1957,136084,1794164,965667,1303316,911203
Cambodia,1958,139528,1828511,981978,1341181,929639
Cambodia,1959,143156,1863711,999013,1380774,946278
Cambodia,1960,147025,1901404,1017673,1422264,961595
Cambodia,1961,151141,1940765,1037045,1465479,976744
Cambodia,1962,155489,1982108,1056897,1510019,993046
Cambodia,1963,160093,2021647,1077261,1553195,1010814
Cambodia,1964,164937,2058277,1101420,1591324,1030227
Cambodia,1965,169980,2094983,1130180,1626267,1050877
Cambodia,1966,175253,2132017,1161015,1661480,1071471
Cambodia,1967,180759,2169506,1193867,1697586,1091227
Cambodia,1968,186461,2207544,1228788,1734339,1110191
Cambodia,1969,192316,2246484,1265712,1771424,1128794
Cambodia,1970,197310,2223769,1272432,1803605,1142070
Cambodia,1971,201343,2168900,1269870,1833676,1147090
Cambodia,1972,205347,2154893,1297820,1867406,1148423
Cambodia,1973,209347,2152995,1333842,1901834,1141717
Cambodia,1974,213338,2154335,1367040,1936556,1111980
Cambodia,1975,207789,2068499,1353996,1922858,1028230
Cambodia,1976,193029,1899383,1299188,1846018,897369
Cambodia,1977,178969,1739186,1245512,1752653,752241
Cambodia,1978,165777,1577796,1185040,1656332,626709
Cambodia,1979,161701,1545860,1193280,1603453,584518
Cambodia,1980,166585,1585296,1237700,1576706,633586
Cambodia,1981,171792,1594930,1261346,1523752,732674
Cambodia,1982,176994,1640434,1301725,1451789,865494
Cambodia,1983,182253,1710579,1350708,1380837,1011831
Cambodia,1984,187574,1783178,1395720,1340250,1138393
Cambodia,1985,192971,1848449,1432039,1345911,1224411
Cambodia,1986,198543,1939485,1473967,1387919,1285783
Cambodia,1987,204445,2049610,1514710,1445247,1343959
Cambodia,1988,210600,2150029,1537174,1518532,1395675
Cambodia,1989,216863,2258423,1543035,1619226,1435923
Cambodia,1990,223298,2392917,1536587,1751514,1470436
Cambodia,1991,229860,2533355,1506268,1910492,1506878
Cambodia,1992,236673,2740201,1485259,2102718,1548230
Cambodia,1993,243890,2991503,1477043,2305640,1598304
Cambodia,1994,252596,3235372,1502401,2563394,1685390
Cambodia,1995,264106,3489313,1614450,2860239,1790384
Cambodia,1996,278507,3736167,1800761,3124012,1861814
Cambodia,1997,295846,3973315,2044478,3369952,1887387
Cambodia,1998,314250,4129346,2244468,3515732,1854375
Cambodia,1999,332430,4213605,2373846,3559855,1785985
Cambodia,2000,350995,4300115,2508749,3584301,1718170
Cambodia,2001,369566,4386317,2648117,3589505,1664966
Cambodia,2002,388395,4481957,2777454,3571490,1635937
Cambodia,2003,407787,4594678,2889363,3532830,1626303
Cambodia,2004,428074,4729084,2981811,3481401,1624351
Cambodia,2005,449277,4888057,3050368,3423984,1627499
Cambodia,2006,470800,5082328,3094292,3363234,1628355
Cambodia,2007,492917,5299571,3123601,3296620,1629043
Cambodia,2008,515303,5504352,3163001,3225532,1645267
Cambodia,2009,538207,5696903,3202914,3163854,1674915
Cambodia,2010,562536,5889018,3224295,3121440,1703414
Cambodia,2011,588179,6080614,3228510,3100753,1724500
Cambodia,2012,615821,6273785,3209004,3105784,1740662
Cambodia,2013,645856,6468303,3170141,3131222,1754654
Cambodia,2014,678490,6662610,3121095,3166659,1767878
Cambodia,2015,713742,6856825,3064196,3204645,1783803
Cambodia,2016,750651,7051306,3005428,3242425,1802948
Cambodia,2017,788971,7249617,2938833,3290194,1805712
Cambodia,2018,828664,7441922,2872843,3338300,1792741
Cambodia,2019,869022,7612596,2837089,3364976,1797566
Cambodia,2020,909603,7765648,2852263,3382857,1815055
Cambodia,2021,949612,7904653,2895079,3400267,1824644
Cambodia,2022,991964,8032875,2938141,3413722,1824962
Cambodia,2023,1038615,8155512,2983269,3430143,1816285
Cameroon,1950,150038,1660514,813324,1023727,682482
Cameroon,1951,155061,1688742,826058,1036541,688959
Cameroon,1952,160094,1717884,839648,1047891,699197
Cameroon,1953,165178,1748125,853740,1056912,714486
Cameroon,1954,170350,1779713,867614,1065699,733508
Cameroon,1955,175618,1812659,880982,1078386,752618
Cameroon,1956,180983,1846800,894158,1095288,771109
Cameroon,1957,186349,1880639,906882,1114903,790157
Cameroon,1958,191700,1914016,919430,1137168,809899
Cameroon,1959,197144,1948131,932575,1161898,830317
Cameroon,1960,201939,1974008,943102,1189088,850915
Cameroon,1961,206060,1991528,950911,1219044,871729
Cameroon,1962,211083,2019621,962340,1252853,892720
Cameroon,1963,217008,2058323,975968,1291773,913533
Cameroon,1964,222994,2097278,989149,1334590,934239
Cameroon,1965,229048,2136489,1005516,1377543,956081
Cameroon,1966,235199,2176576,1025311,1420010,980194
Cameroon,1967,241483,2217984,1047190,1463054,1007593
Cameroon,1968,247922,2260965,1071181,1506521,1039262
Cameroon,1969,254529,2305625,1097208,1550546,1075552
Cameroon,1970,261312,2351923,1125407,1595907,1115233
Cameroon,1971,268316,2399399,1156073,1643671,1156938
Cameroon,1972,275493,2446810,1190190,1694755,1199606
Cameroon,1973,282785,2492871,1229110,1749763,1242113
Cameroon,1974,290146,2538484,1271772,1809010,1284157
Cameroon,1975,297502,2586922,1314603,1872361,1325713
Cameroon,1976,304594,2633268,1353992,1938963,1367124
Cameroon,1977,311430,2675952,1391126,2008573,1409410
Cameroon,1978,318489,2725877,1432052,2081915,1453568
Cameroon,1979,325652,2780550,1475089,2158786,1499547
Cameroon,1980,333677,2858169,1530331,2239899,1550115
Cameroon,1981,342184,2950996,1592831,2324224,1606101
Cameroon,1982,348279,2989235,1625073,2405612,1660440
Cameroon,1983,353968,3010843,1652911,2487197,1710454
Cameroon,1984,361694,3071383,1708261,2573964,1759767
Cameroon,1985,369998,3143974,1773604,2663767,1810370
Cameroon,1986,378269,3219632,1842841,2757712,1861874
Cameroon,1987,386599,3298466,1915577,2857254,1912842
Cameroon,1988,394915,3377246,1989673,2956751,1966371
Cameroon,1989,403198,3456898,2065885,3053993,2022756
Cameroon,1990,411614,3542457,2145566,3153709,2078460
Cameroon,1991,420005,3631878,2226560,3257093,2131629
Cameroon,1992,428372,3725280,2308653,3362602,2181436
Cameroon,1993,436850,3826332,2392576,3468356,2228997
Cameroon,1994,445312,3934225,2477705,3572418,2275218
Cameroon,1995,453709,4047184,2564185,3674461,2318958
Cameroon,1996,462153,4165734,2654598,3773638,2358617
Cameroon,1997,470636,4289403,2750106,3868026,2397024
Cameroon,1998,479172,4418124,2845599,3962167,2439774
Cameroon,1999,487719,4551238,2938501,4057792,2489872
Cameroon,2000,496198,4687398,3032405,4150252,2546358
Cameroon,2001,504884,4829141,3130081,4236952,2608410
Cameroon,2002,514083,4980841,3232074,4320400,2678113
Cameroon,2003,523501,5139976,3334673,4406487,2755678
Cameroon,2004,532684,5304610,3434750,4499168,2839249
Cameroon,2005,541557,5475028,3532160,4596985,2928842
Cameroon,2006,550448,5652740,3626221,4697627,3023340
Cameroon,2007,559909,5845901,3719153,4805698,3119208
Cameroon,2008,569991,6049590,3815097,4926380,3212968
Cameroon,2009,580506,6257266,3912803,5060720,3302653
Cameroon,2010,591491,6473386,4007868,5208409,3386876
Cameroon,2011,602722,6699779,4096987,5367621,3465165
Cameroon,2012,613678,6938211,4183030,5535791,3538781
Cameroon,2013,623741,7188515,4272535,5709747,3607798
Cameroon,2014,634643,7475876,4384007,5889020,3676286
Cameroon,2015,647700,7784934,4506113,6071272,3753310
Cameroon,2016,661769,8080416,4616128,6252003,3843745
Cameroon,2017,676386,8361474,4719699,6427980,3942965
Cameroon,2018,692292,8640918,4831827,6596935,4044314
Cameroon,2019,710082,8931725,4961948,6759570,4142685
Cameroon,2020,727758,9225967,5105805,6923744,4227216
Cameroon,2021,744456,9519376,5262246,7097483,4292140
Cameroon,2022,763488,9818254,5429128,7277375,4344472
Cameroon,2023,787242,10133532,5603269,7455490,4393101
Canada,1950,1056953,6413718,2176953,2448793,1645131
Canada,1951,1093302,6554683,2163012,2551305,1720806
Canada,1952,1126660,6717799,2176324,2678854,1782967
Canada,1953,1158573,6884082,2203147,2814999,1836867
Canada,1954,1190454,7044635,2232425,2960026,1891227
Canada,1955,1220968,7193270,2263062,3108869,1941885
Canada,1956,1249351,7347799,2308265,3255973,1998000
Canada,1957,1275966,7515142,2374801,3404218,2070956
Canada,1958,1303617,7671636,2440589,3547949,2140039
Canada,1959,1333306,7811512,2498331,3684318,2187786
Canada,1960,1362980,7935722,2558390,3817006,2224408
Canada,1961,1392038,8041680,2635763,3935766,2257527
Canada,1962,1419764,8130588,2743999,4035606,2283318
Canada,1963,1446547,8218107,2876561,4127983,2294717
Canada,1964,1475428,8323516,3018499,4217811,2286051
Canada,1965,1507791,8452995,3163450,4308843,2252055
Canada,1966,1541943,8604403,3316833,4396576,2193506
Canada,1967,1576896,8767306,3476660,4469447,2118037
Canada,1968,1612933,8933290,3628120,4525920,2033455
Canada,1969,1651522,9104820,3766706,4562621,1951482
Canada,1970,1697800,9336665,3935100,4584737,1885228
Canada,1971,1748213,9615673,4107259,4584383,1839641
Canada,1972,1796074,9867659,4218990,4537924,1809665
Canada,1973,1844530,10104340,4312621,4458788,1791348
Canada,1974,1895472,10348192,4423548,4375517,1780718
Canada,1975,1951723,10593569,4537346,4294054,1771610
Canada,1976,2014695,10833571,4635505,4206964,1764316
Canada,1977,2081253,11068773,4709062,4106783,1763671
Canada,1978,2150476,11299913,4764580,3992295,1770589
Canada,1979,2224244,11539941,4810146,3880237,1781610
Canada,1980,2299790,11801865,4842654,3794788,1793573
Canada,1981,2371455,12082151,4841066,3741950,1807109
Canada,1982,2436692,12373237,4792298,3712228,1824309
Canada,1983,2498866,12661241,4715061,3693968,1841909
Canada,1984,2568395,12934536,4632494,3680811,1852418
Canada,1985,2650572,13200726,4551776,3669815,1852710
Canada,1986,2741653,13483998,4462853,3667348,1853193
Canada,1987,2836525,13797657,4354954,3686250,1863417
Canada,1988,2930644,14142839,4245626,3725641,1880964
Canada,1989,3025442,14500109,4158352,3772367,1907436
Canada,1990,3120967,14816093,4093372,3815962,1940584
Canada,1991,3210888,15066315,4047671,3856654,1973041
Canada,1992,3294080,15280248,4021653,3897835,2003511
Canada,1993,3371622,15487888,4008951,3936683,2022617
Canada,1994,3445658,15697331,4007118,3974355,2019946
Canada,1995,3519955,15906313,4016548,4012922,2000320
Canada,1996,3595593,16112857,4034612,4050283,1970698
Canada,1997,3670475,16310217,4059168,4084622,1931394
Canada,1998,3740337,16494852,4094071,4109906,1887572
Canada,1999,3804595,16682684,4141160,4121998,1845760
Canada,2000,3869341,16890639,4195128,4126403,1806940
Canada,2001,3936602,17122155,4249822,4130481,1771031
Canada,2002,4003612,17359479,4297162,4130583,1741120
Canada,2003,4072767,17582896,4339286,4114151,1723620
Canada,2004,4146594,17801105,4386299,4075521,1719241
Canada,2005,4228259,18024361,4439195,4019110,1725152
Canada,2006,4323886,18245426,4487317,3956496,1741751
Canada,2007,4432287,18463291,4521719,3900990,1769361
Canada,2008,4551295,18684376,4547413,3855929,1805292
Canada,2009,4680466,18905412,4573979,3817067,1844331
Canada,2010,4819486,19107711,4600195,3783144,1880872
Canada,2011,4980331,19278135,4616387,3765552,1909139
Canada,2012,5169365,19428279,4616498,3775428,1926549
Canada,2013,5367811,19574985,4600963,3807562,1935185
Canada,2014,5559798,19710931,4568770,3848640,1938696
Canada,2015,5749696,19837050,4529925,3894175,1943460
Canada,2016,5949199,19982787,4515807,3946119,1951008
Canada,2017,6159607,20148948,4538483,3998662,1953958
Canada,2018,6379277,20327464,4580123,4048552,1950345
Canada,2019,6614239,20507893,4611970,4096771,1942247
Canada,2020,6854835,20647117,4599125,4135305,1924982
Canada,2021,7095731,20738534,4554487,4150108,1903748
Canada,2022,7340655,20877136,4555193,4147280,1888613
Canada,2023,7594365,21079957,4597028,4135338,1879210
Cape Verde,1950,6820,62874,33661,48291,33340
Cape Verde,1951,6916,64208,33562,48563,33957
Cape Verde,1952,7057,65548,33249,48991,34600
Cape Verde,1953,7218,66883,32720,49639,35099
Cape Verde,1954,7412,68163,31994,50578,35409
Cape Verde,1955,7601,69501,31903,50959,35658
Cape Verde,1956,7780,70933,32548,50443,36154
Cape Verde,1957,7997,72384,33121,49646,37152
Cape Verde,1958,8236,73852,33447,48883,38682
Cape Verde,1959,8505,75341,33363,48481,40675
Cape Verde,1960,8799,76708,32895,49424,42207
Cape Verde,1961,9082,77883,32742,52247,43142
Cape Verde,1962,9493,78942,33446,56132,43917
Cape Verde,1963,10078,79922,34740,60380,44264
Cape Verde,1964,10728,80834,36431,64790,44235
Cape Verde,1965,11431,81725,38599,68668,44444
Cape Verde,1966,12214,82619,41255,71855,45046
Cape Verde,1967,13064,83537,44329,74819,45656
Cape Verde,1968,13994,84519,47784,77526,46348
Cape Verde,1969,14979,85593,51569,79926,47188
Cape Verde,1970,15743,86880,55126,81824,48322
Cape Verde,1971,16238,87732,57656,82856,49570
Cape Verde,1972,16678,87703,59221,83098,50687
Cape Verde,1973,17078,87437,60522,82994,51859
Cape Verde,1974,17430,87282,61892,82783,53192
Cape Verde,1975,17654,87366,62396,83778,54663
Cape Verde,1976,17736,87482,62195,86171,55878
Cape Verde,1977,17738,87313,62445,88747,56601
Cape Verde,1978,17653,86884,63255,91230,57139
Cape Verde,1979,17475,86249,64673,93393,57696
Cape Verde,1980,17357,86237,66378,94777,58562
Cape Verde,1981,17333,87441,68073,95414,59599
Cape Verde,1982,17297,89249,69726,95909,60550
Cape Verde,1983,17256,91246,71205,96495,61458
Cape Verde,1984,17217,93378,72478,97163,62275
Cape Verde,1985,17188,95605,73569,97979,63029
Cape Verde,1986,17186,97973,74434,98949,63778
Cape Verde,1987,17204,100535,75026,100012,64530
Cape Verde,1988,17260,103300,75361,101157,65260
Cape Verde,1989,17348,106321,75605,102516,66030
Cape Verde,1990,17544,110085,76113,104607,67087
Cape Verde,1991,17875,114322,76955,107388,68063
Cape Verde,1992,18254,118385,77958,110361,68468
Cape Verde,1993,18681,122319,79158,113405,68412
Cape Verde,1994,19142,126108,80587,116405,67988
Cape Verde,1995,19617,129764,82252,119315,67168
Cape Verde,1996,20105,133286,84141,122013,66046
Cape Verde,1997,20594,136777,86253,124386,64792
Cape Verde,1998,21067,140285,88608,126374,63455
Cape Verde,1999,21520,143829,91258,127826,62095
Cape Verde,2000,21991,147699,94239,128464,60939
Cape Verde,2001,22524,152125,97418,128180,60051
Cape Verde,2002,23111,156857,100605,127303,59177
Cape Verde,2003,23690,161707,103686,126128,58171
Cape Verde,2004,24230,166741,106590,124759,57055
Cape Verde,2005,24679,172001,109274,123252,55919
Cape Verde,2006,25002,177518,111721,121474,55010
Cape Verde,2007,25203,183357,113898,119255,54480
Cape Verde,2008,25262,189516,115766,116707,54110
Cape Verde,2009,25170,195975,117313,114055,53634
Cape Verde,2010,25023,202573,118105,111193,52898
Cape Verde,2011,24992,209010,117530,108158,51761
Cape Verde,2012,25118,215213,115760,105442,50431
Cape Verde,2013,25394,221171,113244,103151,49270
Cape Verde,2014,25826,226811,110137,101209,48348
Cape Verde,2015,26425,232053,106503,99829,47591
Cape Verde,2016,27169,236813,102392,99105,47073
Cape Verde,2017,28032,241010,98144,98785,46924
Cape Verde,2018,28948,244523,94264,98565,47113
Cape Verde,2019,29894,247372,90966,98367,47513
Cape Verde,2020,30795,249390,88350,98341,47804
Cape Verde,2021,31704,252755,87571,98495,46126
Cape Verde,2022,32895,257360,88253,98628,42610
Cape Verde,2023,34367,261124,89096,98608,39135
Cayman Islands,1950,461,2995,1276,1415,875
Cayman Islands,1951,487,3006,1305,1408,950
Cayman Islands,1952,510,3022,1331,1401,1017
Cayman Islands,1953,524,3063,1361,1403,1075
Cayman Islands,1954,537,3102,1383,1434,1118
Cayman Islands,1955,551,3145,1392,1486,1144
Cayman Islands,1956,561,3193,1397,1546,1168
Cayman Islands,1957,566,3252,1397,1612,1184
Cayman Islands,1958,581,3308,1392,1683,1191
Cayman Islands,1959,598,3361,1380,1757,1196
Cayman Islands,1960,598,3425,1368,1835,1223
Cayman Islands,1961,594,3481,1360,1911,1274
Cayman Islands,1962,596,3529,1361,1986,1330
Cayman Islands,1963,607,3577,1366,2060,1382
Cayman Islands,1964,616,3631,1379,2140,1424
Cayman Islands,1965,627,3680,1400,2231,1441
Cayman Islands,1966,646,3726,1440,2331,1442
Cayman Islands,1967,664,3776,1491,2425,1436
Cayman Islands,1968,684,3818,1555,2504,1432
Cayman Islands,1969,712,3859,1631,2562,1422
Cayman Islands,1970,731,3985,1754,2636,1435
Cayman Islands,1971,749,4222,1937,2726,1485
Cayman Islands,1972,776,4515,2132,2818,1545
Cayman Islands,1973,799,4837,2318,2904,1601
Cayman Islands,1974,831,5185,2498,2968,1653
Cayman Islands,1975,866,5571,2664,3026,1684
Cayman Islands,1976,911,5974,2813,3095,1684
Cayman Islands,1977,965,6401,2941,3167,1656
Cayman Islands,1978,1031,6840,3044,3241,1590
Cayman Islands,1979,1104,7301,3144,3316,1511
Cayman Islands,1980,1150,7725,3323,3402,1502
Cayman Islands,1981,1175,8143,3559,3480,1566
Cayman Islands,1982,1212,8610,3788,3518,1648
Cayman Islands,1983,1245,9119,3989,3525,1742
Cayman Islands,1984,1282,9694,4146,3523,1835
Cayman Islands,1985,1321,10334,4256,3543,1895
Cayman Islands,1986,1365,11017,4329,3578,1931
Cayman Islands,1987,1424,11734,4372,3604,1961
Cayman Islands,1988,1487,12481,4382,3631,1988
Cayman Islands,1989,1547,13266,4392,3677,2018
Cayman Islands,1990,1588,14053,4571,3741,2070
Cayman Islands,1991,1631,14859,4874,3795,2156
Cayman Islands,1992,1673,15747,5119,3835,2268
Cayman Islands,1993,1714,16733,5269,3888,2394
Cayman Islands,1994,1768,17803,5321,3961,2526
Cayman Islands,1995,1820,18969,5274,4062,2639
Cayman Islands,1996,1882,20231,5135,4196,2724
Cayman Islands,1997,1958,21554,4923,4358,2775
Cayman Islands,1998,2050,22893,4676,4545,2785
Cayman Islands,1999,2138,24151,4494,4754,2767
Cayman Islands,2000,2217,25068,4635,4981,2798
Cayman Islands,2001,2283,25718,5036,5177,2894
Cayman Islands,2002,2351,26421,5438,5325,2998
Cayman Islands,2003,2417,27198,5782,5448,3106
Cayman Islands,2004,2478,28086,6045,5549,3213
Cayman Islands,2005,2539,29105,6220,5657,3288
Cayman Islands,2006,2604,30243,6292,5774,3339
Cayman Islands,2007,2657,31495,6270,5873,3413
Cayman Islands,2008,2725,32819,6175,5941,3514
Cayman Islands,2009,2807,34171,6028,6021,3610
Cayman Islands,2010,2919,35434,5924,6143,3698
Cayman Islands,2011,3054,36326,6144,6302,3803
Cayman Islands,2012,3220,36943,6627,6460,3902
Cayman Islands,2013,3391,37636,7074,6609,3967
Cayman Islands,2014,3580,38431,7414,6759,3994
Cayman Islands,2015,3803,39348,7619,6909,3985
Cayman Islands,2016,4034,40380,7698,7068,3941
Cayman Islands,2017,4280,41502,7654,7238,3886
Cayman Islands,2018,4539,42682,7511,7397,3831
Cayman Islands,2019,4829,43893,7326,7509,3785
Cayman Islands,2020,5121,45129,7131,7570,3747
Cayman Islands,2021,5448,46136,7077,7628,3835
Cayman Islands,2022,5834,46854,7207,7683,4029
Cayman Islands,2023,6245,47483,7422,7706,4197
Central African Republic,1950,72038,579916,258245,312819,215042
Central African Republic,1951,72437,584975,260991,317798,225052
Central African Republic,1952,72760,590494,263823,322886,234865
Central African Republic,1953,73007,596442,266736,327770,244996
Central African Republic,1954,73174,602754,269699,334501,253634
Central African Republic,1955,73314,609371,272704,344967,259016
Central African Republic,1956,73410,616319,275813,357295,263015
Central African Republic,1957,73460,623619,279146,369872,267185
Central African Republic,1958,73581,631181,282841,382568,271505
Central African Republic,1959,73892,638986,287067,395339,276052
Central African Republic,1960,74429,646996,291855,408187,280880
Central African Republic,1961,75199,655168,297015,421227,285973
Central African Republic,1962,76204,663560,302268,434719,291373
Central African Republic,1963,77354,672204,307343,448974,297192
Central African Republic,1964,78534,681148,314138,462266,303496
Central African Republic,1965,79701,690434,324433,472923,310366
Central African Republic,1966,80852,700133,336522,482622,317960
Central African Republic,1967,81993,710365,348899,492827,326363
Central African Republic,1968,83166,721236,361437,503644,335616
Central African Republic,1969,84428,732622,373988,515158,345319
Central African Republic,1970,85749,743510,386026,527394,354832
Central African Republic,1971,87090,752949,397275,540393,363747
Central African Republic,1972,88475,760983,408281,554279,371755
Central African Republic,1973,89934,768177,419953,569266,378676
Central African Republic,1974,91472,776893,431060,585105,384815
Central African Republic,1975,93061,788819,440022,601352,390670
Central African Republic,1976,94443,798629,448189,613656,393649
Central African Republic,1977,95465,804977,456373,621227,394888
Central African Republic,1978,96174,811666,464254,627409,398460
Central African Republic,1979,96542,818721,471841,631685,405008
Central African Republic,1980,96555,826218,479171,633632,414956
Central African Republic,1981,96191,834304,486329,634764,426818
Central African Republic,1982,95457,843063,493380,636718,438747
Central African Republic,1983,94411,852492,500471,639654,450369
Central African Republic,1984,93147,862463,507402,643996,461588
Central African Republic,1985,91750,872854,513865,650149,472304
Central African Republic,1986,90215,883547,519742,658268,482473
Central African Republic,1987,88555,894652,524820,668418,492688
Central African Republic,1988,86980,909546,529674,682927,504820
Central African Republic,1989,85881,934270,535596,706615,521594
Central African Republic,1990,85282,965630,542003,738299,540680
Central African Republic,1991,84963,997846,549332,773227,557806
Central African Republic,1992,84944,1031674,559719,811079,571400
Central African Republic,1993,85191,1066910,573007,850872,581840
Central African Republic,1994,85583,1102328,588658,889579,591788
Central African Republic,1995,85715,1132817,602868,922818,603821
Central African Republic,1996,85868,1161144,618529,953377,617032
Central African Republic,1997,86373,1191465,639431,984716,629692
Central African Republic,1998,87032,1221181,663294,1015514,641790
Central African Republic,1999,87879,1250529,691115,1046677,653231
Central African Republic,2000,88821,1278980,723208,1077269,665122
Central African Republic,2001,89208,1299467,750790,1100152,679859
Central African Republic,2002,89779,1320882,779616,1120491,695291
Central African Republic,2003,90875,1345769,812815,1143471,710142
Central African Republic,2004,91879,1367241,842106,1166325,725262
Central African Republic,2005,93132,1392281,871133,1192061,740194
Central African Republic,2006,94260,1412747,895559,1217393,757616
Central African Republic,2007,95512,1430342,917093,1241934,777891
Central African Republic,2008,97285,1452886,941168,1268100,799545
Central African Republic,2009,90416,1427933,944833,1279344,786522
Central African Republic,2010,83495,1397985,947109,1288015,776396
Central African Republic,2011,85205,1402040,963474,1309208,805095
Central African Republic,2012,86743,1390519,970171,1327818,835596
Central African Republic,2013,87996,1372004,973133,1344186,865104
Central African Republic,2014,88170,1327876,967025,1356286,883831
Central African Republic,2015,90453,1295537,974660,1377676,890997
Central African Republic,2016,95786,1302427,1005789,1414503,895158
Central African Republic,2017,100548,1308253,1034688,1451634,898388
Central African Republic,2018,105483,1316584,1063736,1486125,906736
Central African Republic,2019,108224,1323558,1089025,1513659,910241
Central African Republic,2020,110618,1340418,1116996,1538210,920387
Central African Republic,2021,113583,1352951,1140467,1562387,942714
Central African Republic,2022,109289,1336792,1142947,1574475,934535
Central African Republic,2023,107956,1351744,1159457,1592354,940906
Chad,1950,108590,995903,453233,570440,397289
Chad,1951,109680,1008392,459520,580072,412743
Chad,1952,110826,1021144,466358,589430,428553
Chad,1953,112028,1034421,473647,598880,444800
Chad,1954,113190,1048443,481098,612116,458163
Chad,1955,114357,1063308,488583,630207,467795
Chad,1956,115515,1079101,496220,650040,476783
Chad,1957,116635,1095718,504154,670511,486077
Chad,1958,117869,1112842,512539,691461,495659
Chad,1959,119441,1130106,521450,712762,505567
Chad,1960,121397,1147315,530849,734446,515834
Chad,1961,123722,1164601,540463,756695,526473
Chad,1962,126402,1182018,549821,779864,537493
Chad,1963,129316,1199596,559194,803843,548958
Chad,1964,132208,1217020,571806,825519,560928
Chad,1965,134873,1233650,588378,843953,573365
Chad,1966,137382,1249089,605869,861991,586574
Chad,1967,139811,1263756,623461,880614,600874
Chad,1968,142190,1278377,641422,899882,616360
Chad,1969,144622,1293292,659872,919939,633397
Chad,1970,147159,1308570,678927,940944,652236
Chad,1971,149665,1323715,698623,962897,672426
Chad,1972,152223,1338800,719366,986162,696703
Chad,1973,154883,1354514,741140,1011044,724330
Chad,1974,157482,1372117,760210,1037545,751007
Chad,1975,159954,1390419,774792,1065820,776250
Chad,1976,162317,1405841,787222,1095975,799942
Chad,1977,164626,1418170,798986,1130269,819616
Chad,1978,166933,1429367,811462,1168280,835326
Chad,1979,169606,1447693,829274,1207842,850970
Chad,1980,170450,1417226,822031,1243422,862333
Chad,1981,171377,1383847,818645,1279238,867859
Chad,1982,177361,1469425,884289,1325747,881631
Chad,1983,183476,1564483,949692,1371440,909982
Chad,1984,185104,1557856,954792,1406485,940867
Chad,1985,186632,1542603,958657,1441331,967024
Chad,1986,190825,1585165,997779,1476771,1000515
Chad,1987,195424,1642804,1046562,1506819,1046681
Chad,1988,199614,1697037,1093384,1543555,1091988
Chad,1989,203738,1752220,1138312,1590780,1134515
Chad,1990,206722,1787473,1170370,1635118,1183139
Chad,1991,210863,1854712,1219175,1680713,1240199
Chad,1992,215644,1945322,1277108,1734393,1302148
Chad,1993,217138,1967642,1293105,1790934,1360300
Chad,1994,218587,1989168,1309437,1856131,1410118
Chad,1995,223620,2095762,1373017,1935386,1461251
Chad,1996,228505,2208288,1429437,2022721,1521109
Chad,1997,231521,2286521,1454534,2118364,1579388
Chad,1998,234539,2369656,1486537,2216210,1631864
Chad,1999,237628,2458652,1530694,2305577,1690128
Chad,2000,240569,2547854,1572683,2396467,1754492
Chad,2001,243385,2635072,1611168,2500126,1814349
Chad,2002,246564,2730430,1659797,2609233,1870150
Chad,2003,250911,2855732,1732755,2718454,1929942
Chad,2004,256125,3009580,1825728,2829097,1999442
Chad,2005,260006,3144649,1908504,2938013,2076845
Chad,2006,262684,3254138,1984024,3048346,2157158
Chad,2007,265134,3353203,2066062,3156374,2240830
Chad,2008,268042,3466427,2152693,3261376,2327709
Chad,2009,271494,3596303,2234769,3378759,2412381
Chad,2010,274948,3719103,2315021,3511227,2492242
Chad,2011,278917,3846819,2411645,3646323,2571260
Chad,2012,283003,3980925,2513523,3782115,2651403
Chad,2013,287596,4130247,2617448,3922865,2732884
Chad,2014,294108,4289199,2722710,4067545,2815073
Chad,2015,301618,4424697,2813268,4214693,2893312
Chad,2016,310066,4563275,2908760,4366084,2966438
Chad,2017,319847,4727740,3013915,4524971,3036259
Chad,2018,330639,4910706,3119930,4688713,3106514
Chad,2019,341762,5084006,3230147,4850227,3179049
Chad,2020,352691,5255622,3354368,5007913,3254062
Chad,2021,364955,5465353,3497017,5163731,3337177
Chad,2022,379299,5687981,3639482,5316855,3431648
Chad,2023,400711,6040334,3848721,5482268,3546917
Chile,1950,219520,2465916,1397738,1558425,985984
Chile,1951,214918,2532256,1404818,1585362,1018812
Chile,1952,214550,2604053,1406718,1618723,1047695
Chile,1953,216919,2679031,1405979,1659052,1072429
Chile,1954,221157,2753572,1406722,1704428,1094630
Chile,1955,226551,2825660,1411142,1753374,1115554
Chile,1956,233346,2895406,1419287,1804620,1136864
Chile,1957,241624,2962616,1431630,1856265,1159167
Chile,1958,250948,3027669,1448243,1908317,1180814
Chile,1959,261186,3091579,1468555,1960560,1201549
Chile,1960,272242,3154843,1491501,2013729,1221040
Chile,1961,283765,3217142,1518379,2067431,1238086
Chile,1962,295556,3278707,1551509,2118628,1252666
Chile,1963,307568,3340087,1591325,2165597,1265572
Chile,1964,319388,3401463,1635773,2209572,1276341
Chile,1965,330963,3462857,1683186,2250901,1285035
Chile,1966,342479,3524634,1732341,2289923,1292351
Chile,1967,353755,3587282,1781600,2327988,1298315
Chile,1968,364753,3651496,1831402,2364435,1302627
Chile,1969,376023,3718333,1882011,2398488,1305425
Chile,1970,387508,3787292,1934164,2429481,1306898
Chile,1971,399207,3859932,1987408,2456520,1306628
Chile,1972,411690,3939606,2038819,2479948,1304616
Chile,1973,425292,4027107,2086481,2500144,1301339
Chile,1974,439788,4120911,2131398,2516786,1296934
Chile,1975,455233,4220325,2173926,2530280,1291799
Chile,1976,471908,4324039,2214377,2540749,1287174
Chile,1977,489717,4430020,2253908,2548051,1283821
Chile,1978,508057,4538766,2291674,2552328,1281865
Chile,1979,526812,4650944,2326837,2553814,1281368
Chile,1980,546143,4767531,2359076,2553195,1282604
Chile,1981,565476,4888983,2387542,2551266,1285441
Chile,1982,584869,5014399,2412493,2548734,1289714
Chile,1983,605156,5143724,2434813,2546269,1296169
Chile,1984,626923,5276597,2454198,2544095,1305912
Chile,1985,650708,5411791,2470910,2542854,1319003
Chile,1986,676574,5548767,2484799,2543635,1335138
Chile,1987,704601,5688316,2495996,2547040,1354191
Chile,1988,735768,5829765,2504880,2553861,1375140
Chile,1989,771404,5970519,2511252,2565247,1396575
Chile,1990,811359,6110913,2515996,2581554,1417334
Chile,1991,855580,6249779,2519248,2602406,1435439
Chile,1992,903795,6385973,2521301,2627522,1445953
Chile,1993,953868,6521385,2523092,2656553,1447335
Chile,1994,1003093,6657906,2524654,2689227,1441329
Chile,1995,1050273,6796292,2526608,2724324,1429820
Chile,1996,1095487,6935551,2530088,2759667,1413181
Chile,1997,1138673,7075366,2535749,2790298,1392261
Chile,1998,1181118,7217598,2545503,2813756,1369723
Chile,1999,1224047,7360289,2560010,2830367,1344475
Chile,2000,1267569,7500575,2578246,2840533,1316569
Chile,2001,1311564,7639644,2600342,2842781,1289346
Chile,2002,1355768,7778387,2626531,2833216,1263803
Chile,2003,1399054,7917279,2656747,2812732,1238678
Chile,2004,1442081,8056248,2690891,2782083,1215711
Chile,2005,1485697,8195716,2727969,2743534,1195493
Chile,2006,1529326,8335915,2765839,2700747,1176919
Chile,2007,1573483,8476612,2799525,2655511,1165895
Chile,2008,1618919,8617880,2826207,2608963,1166364
Chile,2009,1666698,8759672,2846061,2561769,1174745
Chile,2010,1716801,8902717,2859604,2514791,1186607
Chile,2011,1769374,9046688,2865380,2470206,1199047
Chile,2012,1825434,9189968,2859592,2434889,1207948
Chile,2013,1887290,9332485,2843598,2411593,1210579
Chile,2014,1955272,9478692,2820079,2398830,1209644
Chile,2015,2028372,9628217,2790548,2392680,1205884
Chile,2016,2106704,9798998,2768071,2390842,1200383
Chile,2017,2189787,10012396,2765549,2397270,1191276
Chile,2018,2276186,10250806,2771908,2411615,1179649
Chile,2019,2362802,10476196,2764683,2429447,1161094
Chile,2020,2441983,10638823,2719228,2443211,1123464
Chile,2021,2516614,10758571,2655978,2452032,1068897
Chile,2022,2595992,10873202,2607123,2450878,1021265
Chile,2023,2686864,10978947,2570383,2437744,979813
China,1950,27433876,229321634,98019452,111284331,77984533
China,1951,27087945,231408461,99756383,112325798,83179056
China,1952,26865157,233579596,101375487,114333329,88977196
China,1953,26776026,236196345,102512902,117324071,94747073
China,1954,26745806,239074563,103256384,121459560,99576794
China,1955,26633412,242264503,103871603,126997763,103778982
China,1956,26473750,245616102,104728155,133259253,106480600
China,1957,26449002,249003200,105467324,140923094,108512906
China,1958,26573380,252801042,105564745,149602560,109677132
China,1959,26492206,256370713,105490154,157831248,106523338
China,1960,25968768,259040458,105685519,165580155,98526706
China,1961,25457228,261751368,106557244,171993674,90013599
China,1962,25430888,265398385,108477091,178507393,87259630
China,1963,25707178,269525795,111427650,184028689,93863076
China,1964,25984487,273142709,115276559,185529074,104865269
China,1965,26369641,276702763,120428157,183804437,116110662
China,1966,26965491,280772440,126472229,180558293,127633702
China,1967,27712822,285150581,134038722,180236597,133887070
China,1968,28592284,289367162,142531568,186581503,133938138
China,1969,29540450,293415591,150667398,194344344,134172276
China,1970,30526573,297920931,159007965,200113343,135739974
China,1971,31559859,303097480,166260174,206061986,137090260
China,1972,32592288,309090132,173086985,210667302,138241034
China,1973,33696612,315896057,178632044,216950457,137401720
China,1974,34942842,323448660,180327177,227925005,133663858
China,1975,36201375,332337787,178885242,240815215,127877136
China,1976,37369515,342280574,175912973,253850180,120958998
China,1977,38557242,353504180,175741316,261710562,114033004
China,1978,39957591,365385819,182067329,261540518,107210124
China,1979,41574471,377086167,189829834,258657680,102139784
China,1980,43212838,389390542,195668472,255095066,99796458
China,1981,44805906,401313236,201690087,250216438,99695192
China,1982,46398722,413549198,206400690,245121906,102117408
China,1983,47959170,425340435,212752298,238101510,104911260
China,1984,49569810,434078401,223704878,229911390,106584856
China,1985,51366562,440784710,236546947,222362656,108746598
China,1986,53260682,446794213,249557122,215871404,111749792
China,1987,55151380,456722907,257464658,211782462,115095574
China,1988,57126624,473645487,257417610,208092072,118961822
China,1989,59335486,491708750,254680706,204946972,123318454
China,1990,61660067,508399342,251315402,204902936,127304224
China,1991,63838758,524911106,246613504,207851986,127572298
China,1992,66058118,540396827,241676780,213587210,122854244
China,1993,68562902,556812760,234861508,220244146,116825922
China,1994,71152232,574532052,226793664,226293286,110230238
China,1995,73853645,592187976,219359070,232415104,102316172
China,1996,76624543,609522120,213043154,235715870,96036762
China,1997,79443374,625683069,209112870,234427054,92470422
China,1998,82589398,640743446,205605428,232358526,89546954
China,1999,85870979,654421535,202654884,230242918,86982396
China,2000,89087971,666135934,202745456,226431178,85176045
China,2001,92235732,676289191,205776830,220600008,83817982
China,2002,95243127,685109885,211451038,212551072,82505739
China,2003,98112971,693081656,217966552,203805529,81543998
China,2004,100739555,701585254,223899718,194850820,81017754
China,2005,103348435,710818731,229989090,185341105,80521935
China,2006,106145787,720389097,233275160,177874719,80360791
China,2007,108874570,730899585,231871266,173128221,81030926
China,2008,111435806,741026214,229700868,169361702,82286771
China,2009,114079345,750483444,227627184,166390960,83931140
China,2010,117053342,760840929,223967322,164191116,85497030
China,2011,120494072,771985793,218260614,162752542,86744807
China,2012,124464402,784075709,210380470,162231155,88355016
China,2013,129007666,795709190,201842214,162659776,89773172
China,2014,134143753,806363388,193033728,163874471,90518190
China,2015,140338413,816445952,183583094,164993096,90752780
China,2016,147273118,823552478,176195503,166134431,90873868
China,2017,155064307,826439543,171613816,168495323,90715942
China,2018,163387629,827516871,167993362,171242767,88839928
China,2019,171664768,827727737,165051759,173676667,85368189
China,2020,180299848,826838775,162877774,175519598,80535432
China,2021,188335399,825758935,161512608,176938889,73855231
China,2022,196380099,823721707,161024207,178410378,65606014
China,2023,203619040,821478756,161446515,177958850,58042455
Colombia,1950,376204,3949492,2295338,3040168,2105761
Colombia,1951,379837,4042078,2338942,3134045,2183883
Colombia,1952,384934,4137609,2381628,3235461,2266193
Colombia,1953,390973,4234490,2423811,3341745,2354995
Colombia,1954,397348,4333570,2468625,3460274,2441007
Colombia,1955,403881,4436007,2518693,3591981,2522481
Colombia,1956,410661,4541547,2573519,3728871,2607191
Colombia,1957,418020,4651830,2633621,3872089,2694699
Colombia,1958,426084,4763075,2698987,4021507,2783620
Colombia,1959,435045,4877297,2773922,4176673,2873264
Colombia,1960,445157,4998555,2861018,4337919,2963540
Colombia,1961,456158,5123860,2957217,4505204,3052749
Colombia,1962,467964,5252199,3060684,4679280,3138884
Colombia,1963,480653,5383495,3168343,4861380,3219934
Colombia,1964,494261,5519591,3287483,5041859,3294199
Colombia,1965,508763,5662824,3419695,5218196,3359546
Colombia,1966,524199,5811823,3556397,5396832,3413409
Colombia,1967,540677,5967121,3698483,5574815,3454492
Colombia,1968,558048,6130626,3846651,5749214,3482225
Colombia,1969,576388,6301627,3999510,5917479,3496896
Colombia,1970,596209,6480689,4157463,6076711,3500677
Colombia,1971,617548,6663159,4318695,6223122,3496535
Colombia,1972,640138,6850952,4485858,6354081,3488498
Colombia,1973,664245,7048015,4663526,6467518,3482025
Colombia,1974,690656,7258832,4840287,6561777,3481875
Colombia,1975,719489,7483686,5012744,6636854,3491827
Colombia,1976,751117,7713269,5185969,6693385,3515021
Colombia,1977,785995,7958838,5362231,6734378,3552000
Colombia,1978,823004,8226743,5540064,6764400,3596067
Colombia,1979,860022,8511264,5712314,6788160,3643794
Colombia,1980,896508,8818851,5878861,6812274,3697924
Colombia,1981,933082,9147530,6034371,6843046,3755136
Colombia,1982,970228,9496370,6174767,6883364,3813479
Colombia,1983,1007712,9873482,6301908,6931804,3873112
Colombia,1984,1044621,10272164,6411031,6990469,3924209
Colombia,1985,1077599,10676985,6495361,7062157,3956140
Colombia,1986,1111233,11087720,6555427,7148987,3975482
Colombia,1987,1149391,11510594,6597476,7251624,3990076
Colombia,1988,1188576,11946336,6628967,7360948,4005340
Colombia,1989,1229539,12393056,6655312,7465116,4032845
Colombia,1990,1272604,12848760,6682759,7558311,4077164
Colombia,1991,1317279,13297154,6710858,7641431,4131133
Colombia,1992,1362869,13740559,6746580,7719018,4190980
Colombia,1993,1409153,14184960,6792711,7797289,4256758
Colombia,1994,1456123,14624921,6849103,7877869,4318741
Colombia,1995,1503749,15059838,6921363,7957466,4361559
Colombia,1996,1553257,15486599,7008367,8035242,4378535
Colombia,1997,1606418,15911136,7111265,8113141,4378404
Colombia,1998,1663103,16338800,7223499,8196816,4369100
Colombia,1999,1720899,16767291,7329570,8287951,4348251
Colombia,2000,1778148,17193444,7420316,8375504,4321604
Colombia,2001,1835869,17624762,7501045,8447878,4298784
Colombia,2002,1895582,18065183,7577981,8509033,4275974
Colombia,2003,1959028,18508868,7655946,8565663,4246975
Colombia,2004,2027442,18956344,7737574,8607112,4213736
Colombia,2005,2100956,19408831,7818084,8624290,4175827
Colombia,2006,2184354,19863732,7896977,8616033,4128975
Colombia,2007,2279188,20319687,7975919,8585246,4074293
Colombia,2008,2384151,20766741,8056258,8535311,4015256
Colombia,2009,2496876,21203965,8143288,8469875,3956391
Colombia,2010,2614633,21636425,8229449,8398233,3897381
Colombia,2011,2740413,22061769,8299001,8323732,3833443
Colombia,2012,2875939,22478712,8353224,8241135,3765478
Colombia,2013,3019061,22889673,8399581,8147549,3694331
Colombia,2014,3173754,23290951,8428413,8048509,3622355
Colombia,2015,3337673,23692324,8435765,7945366,3557333
Colombia,2016,3503461,24141690,8445780,7840967,3504119
Colombia,2017,3681658,24724353,8506281,7744716,3472501
Colombia,2018,3877773,25423910,8600394,7654259,3466421
Colombia,2019,4085776,26121445,8657897,7564668,3476349
Colombia,2020,4283447,26726016,8649754,7474726,3494114
Colombia,2021,4458338,27228620,8596960,7382785,3519502
Colombia,2022,4657918,27711712,8525629,7297056,3543741
Colombia,2023,4903516,28202493,8436296,7224320,3552710
Comoros,1950,6161,63440,30814,37679,23856
Comoros,1951,6232,64960,31435,38066,24850
Comoros,1952,6287,66321,31952,38391,26031
Comoros,1953,6361,67594,32391,38691,27575
Comoros,1954,6431,68702,32724,39018,29276
Comoros,1955,6499,69635,32972,39737,30753
Comoros,1956,6568,70420,33162,40840,31977
Comoros,1957,6648,71237,33407,42149,33138
Comoros,1958,6732,72180,33757,43691,34216
Comoros,1959,6866,73194,34014,45066,35158
Comoros,1960,7051,74276,34089,46305,35989
Comoros,1961,7245,75401,33994,47770,36799
Comoros,1962,7456,76544,33688,49435,37590
Comoros,1963,7678,77677,33143,51349,38351
Comoros,1964,7916,78779,32493,53397,39065
Comoros,1965,8184,79830,32098,55146,39723
Comoros,1966,8435,80875,32096,56859,40407
Comoros,1967,8681,82160,32541,59177,41310
Comoros,1968,8971,83615,33450,61803,42417
Comoros,1969,9305,85034,34713,64342,43612
Comoros,1970,9706,86426,36335,66816,44914
Comoros,1971,10170,87802,38283,69296,46327
Comoros,1972,10704,89149,40487,71880,47864
Comoros,1973,11299,90435,42960,74601,49534
Comoros,1974,11950,91764,45586,77467,51317
Comoros,1975,12615,93445,48009,80463,53171
Comoros,1976,13237,95393,50318,83537,55064
Comoros,1977,13787,97420,52746,86642,56994
Comoros,1978,14244,99511,55275,89730,58936
Comoros,1979,14571,101615,57976,92737,60905
Comoros,1980,14733,103639,60923,95588,62845
Comoros,1981,14927,105689,63828,98139,64810
Comoros,1982,15252,107895,66564,100523,66915
Comoros,1983,15569,110236,69354,102977,69106
Comoros,1984,15884,112739,72116,105583,71322
Comoros,1985,16208,115430,74763,108412,73543
Comoros,1986,16538,118355,77244,111487,75704
Comoros,1987,16887,121492,79541,114768,77756
Comoros,1988,17261,124849,81673,118233,79681
Comoros,1989,17641,128427,83679,121894,81465
Comoros,1990,18055,132230,85534,125706,83077
Comoros,1991,18617,136135,87016,129381,84415
Comoros,1992,19175,139376,87479,133291,85798
Comoros,1993,19602,141937,87358,137670,87115
Comoros,1994,20034,144410,87667,142164,87873
Comoros,1995,20469,146754,88531,146680,88160
Comoros,1996,20920,148963,89977,151126,88127
Comoros,1997,21371,151096,92106,155399,87807
Comoros,1998,21818,153233,94983,159201,87371
Comoros,1999,22195,156011,98463,161379,87843
Comoros,2000,22431,159518,102135,162470,89530
Comoros,2001,22527,163252,105665,164153,91624
Comoros,2002,22537,167209,108996,166679,93507
Comoros,2003,22745,170799,112515,169725,94024
Comoros,2004,23320,175010,116739,172348,93294
Comoros,2005,24124,180473,121198,174200,92682
Comoros,2006,25030,186363,125327,175490,92542
Comoros,2007,25905,192796,129142,176175,92915
Comoros,2008,26624,199879,132699,176020,94091
Comoros,2009,27144,207661,135935,175274,95932
Comoros,2010,27542,216071,138742,174517,97972
Comoros,2011,27910,224902,141172,173936,100143
Comoros,2012,28333,233947,143304,173631,102421
Comoros,2013,28992,243785,143893,174948,104583
Comoros,2014,29973,254178,142994,178120,106245
Comoros,2015,31141,264206,142192,181862,107283
Comoros,2016,32378,273743,141977,185741,107905
Comoros,2017,33386,282343,143741,188582,108619
Comoros,2018,34204,290181,147052,190580,109578
Comoros,2019,35069,297876,150306,192824,110507
Comoros,2020,35845,305538,153818,195449,111521
Comoros,2021,36459,313315,157463,198381,112559
Comoros,2022,37169,321722,160655,201227,113418
Comoros,2023,38040,330949,163343,203912,114145
Congo,1950,28082,315330,154827,198853,138176
Congo,1951,28998,321011,157543,202981,143109
Congo,1952,29918,326829,160419,207122,148397
Congo,1953,30841,332801,163427,212030,153363
Congo,1954,31753,338958,166508,217864,157938
Congo,1955,32654,345300,169652,224519,162311
Congo,1956,33559,351849,172900,232109,166407
Congo,1957,34460,358636,176297,240119,170691
Congo,1958,35380,365637,179889,248514,175209
Congo,1959,36377,372796,183736,257272,179983
Congo,1960,37454,380089,187863,266429,184901
Congo,1961,38609,387585,192192,276077,189931
Congo,1962,39853,395291,196551,286336,195149
Congo,1963,41144,403229,201640,296576,200679
Congo,1964,42442,411389,207613,306729,206648
Congo,1965,43736,419784,214380,316832,213154
Congo,1966,45021,428461,222049,326760,220251
Congo,1967,46291,437442,230111,336994,227858
Congo,1968,47559,446809,238553,347690,235913
Congo,1969,48848,456597,247348,359007,244386
Congo,1970,50150,466791,256524,370938,253235
Congo,1971,51466,477368,266167,383509,262535
Congo,1972,52796,488184,276394,396735,272366
Congo,1973,54146,499895,286592,410648,282400
Congo,1974,55514,512502,296660,425299,292326
Congo,1975,56676,524603,305087,440022,300641
Congo,1976,57600,536016,312113,454551,306951
Congo,1977,58506,547150,320142,469177,312593
Congo,1978,59380,558031,329381,483232,318069
Congo,1979,60103,568902,339862,496390,323265
Congo,1980,60721,580045,351468,509163,327589
Congo,1981,61420,591499,363912,521527,331402
Congo,1982,62576,603053,376604,533510,334682
Congo,1983,64373,614429,389487,544937,337095
Congo,1984,66866,629095,403503,557140,342923
Congo,1985,69719,647875,417926,571243,352548
Congo,1986,72357,668057,431663,586248,362276
Congo,1987,74841,689491,445422,601115,372605
Congo,1988,76998,712086,459044,615649,383873
Congo,1989,78567,736499,472744,631179,394567
Congo,1990,79955,762209,486858,647163,404371
Congo,1991,81606,788895,501381,662932,414415
Congo,1992,83713,815789,516333,678943,424683
Congo,1993,86207,845274,532439,695887,435312
Congo,1994,88501,876561,547631,714061,446386
Congo,1995,90508,906991,561582,732766,457609
Congo,1996,92426,937653,576189,751646,468862
Congo,1997,93636,959469,585525,770328,478896
Congo,1998,94692,983469,596037,790041,487819
Congo,1999,96116,1017634,612702,810122,496295
Congo,2000,98526,1074291,640670,831398,506446
Congo,2001,101147,1133046,666833,852810,518674
Congo,2002,102960,1166997,677501,872165,531117
Congo,2003,105233,1209131,693165,892034,546164
Congo,2004,107773,1263911,716190,912513,565144
Congo,2005,110269,1324033,741072,933417,587568
Congo,2006,112820,1389440,766865,956807,611429
Congo,2007,115265,1454909,791304,983206,635691
Congo,2008,117212,1512589,810852,1010545,662260
Congo,2009,119810,1588048,838256,1041418,693625
Congo,2010,122768,1669589,865841,1075339,728696
Congo,2011,125158,1730449,880678,1110290,763084
Congo,2012,127583,1780870,890477,1147745,793722
Congo,2013,129960,1822848,896610,1189729,817917
Congo,2014,132567,1865728,904833,1237735,834998
Congo,2015,135639,1909664,916031,1291802,844432
Congo,2016,139323,1954774,932197,1348098,848142
Congo,2017,143511,2001361,953999,1402070,850064
Congo,2018,148127,2049648,979624,1453557,852168
Congo,2019,153209,2099017,1008681,1500608,855136
Congo,2020,158727,2149713,1041626,1542907,859813
Congo,2021,164838,2201356,1078161,1580860,866966
Congo,2022,171991,2254933,1118309,1614188,875680
Congo,2023,180205,2311188,1163700,1642108,885681
Cook Islands,1950,433,4777,2728,4221,2555
Cook Islands,1951,434,4846,2845,4306,2644
Cook Islands,1952,445,4902,2943,4329,2744
Cook Islands,1953,457,4962,3032,4335,2845
Cook Islands,1954,471,5030,3118,4363,2925
Cook Islands,1955,483,5104,3202,4426,2974
Cook Islands,1956,499,5185,3271,4505,2995
Cook Islands,1957,507,5264,3301,4586,3052
Cook Islands,1958,510,5341,3290,4675,3172
Cook Islands,1959,515,5425,3274,4777,3324
Cook Islands,1960,517,5503,3259,4898,3508
Cook Islands,1961,519,5572,3250,5033,3685
Cook Islands,1962,531,5610,3222,5169,3778
Cook Islands,1963,546,5597,3182,5313,3807
Cook Islands,1964,568,5568,3148,5489,3836
Cook Islands,1965,601,5509,3130,5683,3881
Cook Islands,1966,622,5461,3150,5880,3925
Cook Islands,1967,629,5494,3223,6082,3920
Cook Islands,1968,633,5588,3312,6293,3885
Cook Islands,1969,636,5687,3401,6506,3870
Cook Islands,1970,638,5799,3495,6705,3874
Cook Islands,1971,648,5891,3588,6885,3877
Cook Islands,1972,662,5898,3588,6906,3741
Cook Islands,1973,674,5807,3491,6771,3468
Cook Islands,1974,682,5686,3385,6612,3218
Cook Islands,1975,690,5515,3278,6420,3017
Cook Islands,1976,695,5313,3183,6201,2877
Cook Islands,1977,705,5232,3245,6017,2733
Cook Islands,1978,713,5287,3423,5869,2580
Cook Islands,1979,725,5342,3574,5705,2453
Cook Islands,1980,737,5399,3707,5525,2350
Cook Islands,1981,741,5451,3817,5344,2270
Cook Islands,1982,749,5482,3904,5156,2207
Cook Islands,1983,753,5491,3958,4953,2149
Cook Islands,1984,759,5512,3963,4757,2094
Cook Islands,1985,765,5533,3927,4581,2047
Cook Islands,1986,763,5557,3885,4400,2021
Cook Islands,1987,767,5669,3894,4227,2044
Cook Islands,1988,781,5868,3927,4086,2109
Cook Islands,1989,797,6087,3920,3980,2174
Cook Islands,1990,808,6311,3880,3905,2242
Cook Islands,1991,815,6521,3826,3860,2306
Cook Islands,1992,830,6710,3755,3832,2368
Cook Islands,1993,845,6888,3646,3832,2404
Cook Islands,1994,863,7050,3511,3873,2412
Cook Islands,1995,882,7204,3370,3945,2400
Cook Islands,1996,909,7327,3243,4006,2395
Cook Islands,1997,921,7330,3096,3978,2323
Cook Islands,1998,932,7224,2905,3884,2157
Cook Islands,1999,936,7086,2713,3794,1975
Cook Islands,2000,936,6902,2546,3688,1804
Cook Islands,2001,941,6687,2414,3549,1668
Cook Islands,2002,964,6610,2385,3450,1585
Cook Islands,2003,1000,6683,2429,3396,1541
Cook Islands,2004,1035,6759,2463,3335,1511
Cook Islands,2005,1066,6833,2490,3264,1499
Cook Islands,2006,1099,6916,2523,3190,1505
Cook Islands,2007,1148,7126,2603,3122,1520
Cook Islands,2008,1224,7466,2708,3071,1534
Cook Islands,2009,1311,7830,2770,3038,1548
Cook Islands,2010,1412,8202,2800,3023,1562
Cook Islands,2011,1525,8556,2802,3017,1578
Cook Islands,2012,1596,8741,2773,3005,1574
Cook Islands,2013,1630,8742,2736,2980,1538
Cook Islands,2014,1672,8722,2705,2962,1494
Cook Islands,2015,1710,8704,2667,2942,1446
Cook Islands,2016,1749,8675,2625,2921,1388
Cook Islands,2017,1769,8551,2531,2883,1332
Cook Islands,2018,1768,8352,2393,2831,1278
Cook Islands,2019,1755,8123,2261,2785,1227
Cook Islands,2020,1722,7886,2142,2733,1180
Cook Islands,2021,1730,7615,2052,2677,1130
Cook Islands,2022,1781,7297,1984,2622,1063
Cook Islands,2023,1836,6937,1933,2550,987
Costa Rica,1950,30958,310899,176130,240404,168347
Costa Rica,1951,31342,320927,181360,249054,175705
Costa Rica,1952,31864,331528,186751,258344,183284
Costa Rica,1953,32531,342741,192250,268507,190956
Costa Rica,1954,33352,354480,197788,279754,198719
Costa Rica,1955,34296,366588,203493,291765,206893
Costa Rica,1956,35362,379050,209494,304539,215390
Costa Rica,1957,36470,391865,215877,318193,224217
Costa Rica,1958,37627,405028,222709,332647,233538
Costa Rica,1959,38900,418642,230032,347745,243264
Costa Rica,1960,40311,432725,238001,363301,253151
Costa Rica,1961,41848,447311,246754,379189,262807
Costa Rica,1962,43514,462503,256135,395636,271649
Costa Rica,1963,45286,478157,266365,412670,279119
Costa Rica,1964,47130,494066,277639,430198,284925
Costa Rica,1965,49017,510282,289655,448301,288953
Costa Rica,1966,50953,527009,302424,466524,291206
Costa Rica,1967,52963,544387,316037,484304,291836
Costa Rica,1968,55032,562459,330413,501214,290608
Costa Rica,1969,57218,581358,345436,516874,288391
Costa Rica,1970,59561,601281,360934,530969,286200
Costa Rica,1971,62100,622428,376789,543132,284096
Costa Rica,1972,64845,644745,393234,552947,282485
Costa Rica,1973,67797,668345,410281,559671,282250
Costa Rica,1974,70958,693331,427895,563855,283605
Costa Rica,1975,74323,719427,446167,566363,286430
Costa Rica,1976,77876,746816,464583,567267,291225
Costa Rica,1977,81542,775719,482567,567104,298100
Costa Rica,1978,85267,806138,499703,566519,306887
Costa Rica,1979,89018,838132,515617,566520,317202
Costa Rica,1980,92791,871758,529970,567946,328173
Costa Rica,1981,96561,907127,542394,571361,339197
Costa Rica,1982,100369,944395,552484,577265,350295
Costa Rica,1983,104343,983591,559476,586376,361366
Costa Rica,1984,108590,1024473,563898,598506,372127
Costa Rica,1985,113108,1066742,566596,612641,382813
Costa Rica,1986,117883,1110029,567640,628709,392953
Costa Rica,1987,122967,1153966,567587,646840,401332
Costa Rica,1988,128475,1198164,567133,666790,407533
Costa Rica,1989,134441,1242592,567466,687979,411340
Costa Rica,1990,140793,1288120,569993,709905,412886
Costa Rica,1991,147569,1334904,575418,731558,412717
Costa Rica,1992,154753,1382304,583838,751709,411636
Costa Rica,1993,162236,1429406,595658,769840,410270
Costa Rica,1994,169859,1476479,610460,785395,408898
Costa Rica,1995,177597,1524214,627179,798599,407555
Costa Rica,1996,185487,1572264,645673,809471,406076
Costa Rica,1997,193538,1620412,665860,817629,404222
Costa Rica,1998,201811,1668325,687238,823277,402131
Costa Rica,1999,210385,1715946,708990,826399,400322
Costa Rica,2000,219255,1762784,730172,826910,398551
Costa Rica,2001,228560,1809063,750008,825136,396112
Costa Rica,2002,238490,1855641,767952,821786,391767
Costa Rica,2003,248945,1902907,783787,817721,385348
Costa Rica,2004,259793,1951454,797183,813848,377711
Costa Rica,2005,271074,2001001,808429,810085,370550
Costa Rica,2006,282862,2051124,817564,805568,364106
Costa Rica,2007,295150,2101968,824190,798762,360047
Costa Rica,2008,307950,2153494,828512,789649,360299
Costa Rica,2009,321395,2205626,830531,779647,362414
Costa Rica,2010,335582,2257903,830090,770288,361904
Costa Rica,2011,350707,2309369,827431,761108,360994
Costa Rica,2012,366869,2359596,823328,752462,361423
Costa Rica,2013,384207,2408293,818681,746086,358599
Costa Rica,2014,402567,2455167,814339,740375,354358
Costa Rica,2015,421656,2500338,810199,732550,352945
Costa Rica,2016,441283,2543353,805363,725071,351538
Costa Rica,2017,461411,2583997,798291,721329,347718
Costa Rica,2018,482529,2622537,788984,718657,344637
Costa Rica,2019,504712,2659087,778864,716428,339943
Costa Rica,2020,527298,2693126,769409,714421,329510
Costa Rica,2021,549206,2723061,760106,712053,314980
Costa Rica,2022,571708,2749896,751354,708642,299558
Costa Rica,2023,597663,2775378,744890,702741,284206
Cote d'Ivoire,1950,60573,936431,537740,709334,491104
Cote d'Ivoire,1951,62874,968765,553070,722235,502415
Cote d'Ivoire,1952,65215,1001274,567951,733826,517439
Cote d'Ivoire,1953,67637,1034440,582501,742738,537801
Cote d'Ivoire,1954,70168,1068713,596630,752240,560768
Cote d'Ivoire,1955,72835,1104443,610333,766733,582266
Cote d'Ivoire,1956,75649,1141890,623861,785386,603208
Cote d'Ivoire,1957,78623,1181284,637575,806884,624895
Cote d'Ivoire,1958,81760,1222837,651906,830976,647582
Cote d'Ivoire,1959,85092,1267294,667468,857659,671410
Cote d'Ivoire,1960,88652,1315631,684578,887260,697516
Cote d'Ivoire,1961,92440,1368267,702660,920373,726370
Cote d'Ivoire,1962,96434,1424789,720251,958003,757422
Cote d'Ivoire,1963,100583,1483745,735206,1001827,790656
Cote d'Ivoire,1964,104843,1543842,749931,1049398,825885
Cote d'Ivoire,1965,109233,1604685,768444,1097840,862120
Cote d'Ivoire,1966,113768,1666338,790118,1148345,898891
Cote d'Ivoire,1967,118456,1728943,813883,1201690,936707
Cote d'Ivoire,1968,123330,1793054,839800,1258132,975644
Cote d'Ivoire,1969,128498,1860836,868973,1317833,1016019
Cote d'Ivoire,1970,134078,1934973,903116,1380914,1058417
Cote d'Ivoire,1971,140126,2016417,943146,1447469,1103632
Cote d'Ivoire,1972,146601,2103747,989250,1517648,1152381
Cote d'Ivoire,1973,153410,2193152,1041426,1591434,1205422
Cote d'Ivoire,1974,160497,2285095,1096253,1668907,1263195
Cote d'Ivoire,1975,167869,2382755,1150848,1749628,1325080
Cote d'Ivoire,1976,174610,2460994,1199031,1833555,1389652
Cote d'Ivoire,1977,180852,2517202,1246275,1922978,1454549
Cote d'Ivoire,1978,187614,2574613,1304571,2020078,1516183
Cote d'Ivoire,1979,194838,2634129,1373071,2125274,1574897
Cote d'Ivoire,1980,202431,2696605,1450160,2238008,1633470
Cote d'Ivoire,1981,210291,2762965,1533697,2357541,1692073
Cote d'Ivoire,1982,218352,2834277,1621615,2481163,1752510
Cote d'Ivoire,1983,226584,2911486,1712172,2604679,1817802
Cote d'Ivoire,1984,235392,2994966,1804198,2728263,1887686
Cote d'Ivoire,1985,244801,3085758,1896498,2853725,1959689
Cote d'Ivoire,1986,254424,3184583,1988840,2980499,2032564
Cote d'Ivoire,1987,264238,3290897,2082151,3107756,2106426
Cote d'Ivoire,1988,274305,3403351,2181883,3235408,2180236
Cote d'Ivoire,1989,285592,3527766,2288556,3364728,2253119
Cote d'Ivoire,1990,298291,3664288,2403154,3496413,2327624
Cote d'Ivoire,1991,311638,3806234,2531061,3630133,2404797
Cote d'Ivoire,1992,325553,3954294,2669497,3768219,2482737
Cote d'Ivoire,1993,339915,4109369,2813311,3912114,2561233
Cote d'Ivoire,1994,354562,4272282,2960821,4060096,2639438
Cote d'Ivoire,1995,369257,4443688,3111755,4211767,2719085
Cote d'Ivoire,1996,383898,4624895,3263427,4366318,2803769
Cote d'Ivoire,1997,398359,4817389,3413281,4521878,2896254
Cote d'Ivoire,1998,412196,5021153,3555605,4675524,2999452
Cote d'Ivoire,1999,422679,5220622,3654075,4813813,3104732
Cote d'Ivoire,2000,429998,5407704,3713001,4940970,3207322
Cote d'Ivoire,2001,436833,5590277,3770688,5072482,3308632
Cote d'Ivoire,2002,443259,5766627,3832381,5209895,3402606
Cote d'Ivoire,2003,449000,5932797,3901613,5357038,3485094
Cote d'Ivoire,2004,453983,6091350,3979201,5513464,3556994
Cote d'Ivoire,2005,458443,6246442,4066113,5676053,3621413
Cote d'Ivoire,2006,462366,6398696,4162308,5842262,3681174
Cote d'Ivoire,2007,465952,6549954,4266350,6009146,3739154
Cote d'Ivoire,2008,477035,6779022,4399112,6089582,3769690
Cote d'Ivoire,2009,496651,7098876,4535808,6077046,3789551
Cote d'Ivoire,2010,518551,7444834,4629466,6057415,3837773
Cote d'Ivoire,2011,543290,7814471,4676927,6047935,3899312
Cote d'Ivoire,2012,571470,8202525,4677342,6066127,3949507
Cote d'Ivoire,2013,604317,8600684,4643338,6115358,3975866
Cote d'Ivoire,2014,626162,8943933,4649071,6257902,4049994
Cote d'Ivoire,2015,635806,9235926,4714325,6483365,4176530
Cote d'Ivoire,2016,648463,9538243,4796292,6711034,4294956
Cote d'Ivoire,2017,663634,9837884,4894641,6926218,4410585
Cote d'Ivoire,2018,681156,10130669,5011935,7135836,4504177
Cote d'Ivoire,2019,701180,10421480,5144929,7384174,4540865
Cote d'Ivoire,2020,721409,10702790,5294193,7653826,4542887
Cote d'Ivoire,2021,742925,10975825,5477957,7893593,4549136
Cote d'Ivoire,2022,769576,11261061,5700718,8099619,4563752
Cote d'Ivoire,2023,800143,11565819,5935353,8270228,4593840
Croatia,1950,255224,1766076,763266,692555,387861
Croatia,1951,262324,1795454,770588,681263,402026
Croatia,1952,269361,1826855,774143,675420,411611
Croatia,1953,275498,1861763,773757,676865,418221
Croatia,1954,280524,1897755,766786,684888,418143
Croatia,1955,284495,1933410,753665,695088,414051
Croatia,1956,287751,1969578,737830,704081,410862
Croatia,1957,291015,2004823,720107,714032,406704
Croatia,1958,294919,2037685,701540,726866,399663
Croatia,1959,299628,2067436,683199,741389,390407
Croatia,1960,305053,2093943,666670,755294,379283
Croatia,1961,311580,2120109,654704,766951,370059
Croatia,1962,319421,2147392,649338,774693,364148
Croatia,1963,328722,2172728,650398,776167,359228
Croatia,1964,339982,2194326,656022,772778,354623
Croatia,1965,353043,2212331,664535,766249,350526
Croatia,1966,367215,2227305,675639,757833,346289
Croatia,1967,381450,2239326,689714,748155,341599
Croatia,1968,394838,2247873,707701,736459,336935
Croatia,1969,407607,2252901,729109,722894,331915
Croatia,1970,420551,2256447,750376,708760,326516
Croatia,1971,433863,2260182,766452,697165,322478
Croatia,1972,447398,2266220,774486,688941,320819
Croatia,1973,461249,2276471,775494,681604,320915
Croatia,1974,475373,2289834,772283,673777,322652
Croatia,1975,489416,2304958,767218,665517,325588
Croatia,1976,502821,2321141,761331,658516,327908
Croatia,1977,515150,2338152,754363,653888,329031
Croatia,1978,526033,2356328,745551,650856,330212
Croatia,1979,533699,2377122,735209,648778,332099
Croatia,1980,534381,2403800,725144,646416,334109
Croatia,1981,526508,2440507,716524,644315,336350
Croatia,1982,513581,2484012,708621,645023,337855
Croatia,1983,501827,2524805,700521,648734,336931
Croatia,1984,498653,2555610,691912,654736,333511
Croatia,1985,504730,2576544,683480,661648,328079
Croatia,1986,514450,2593206,677399,666577,321351
Croatia,1987,524953,2608094,674386,668360,314339
Croatia,1988,535956,2621126,673184,668134,307555
Croatia,1989,547754,2632622,673168,666692,300417
Croatia,1990,560744,2644472,672472,663447,293863
Croatia,1991,574898,2644133,664821,654420,286818
Croatia,1992,588914,2625407,651357,639237,277253
Croatia,1993,602628,2598765,639365,621929,266978
Croatia,1994,616613,2567647,630146,603360,257676
Croatia,1995,631562,2531326,622712,584282,249406
Croatia,1996,646207,2492752,614070,566134,243055
Croatia,1997,658467,2454832,603325,547808,240125
Croatia,1998,669072,2415684,592239,529927,238678
Croatia,1999,678902,2375414,581697,513353,236387
Croatia,2000,688506,2334813,570894,498731,233090
Croatia,2001,701596,2315215,564520,492695,226978
Croatia,2002,717393,2315094,562238,492578,218399
Croatia,2003,731032,2316085,559011,490118,210348
Croatia,2004,742966,2321677,554630,485933,204751
Croatia,2005,753630,2328300,548402,481034,202471
Croatia,2006,761600,2335151,542461,473929,202534
Croatia,2007,768482,2341454,535547,466676,203651
Croatia,2008,773448,2347301,527605,459804,206307
Croatia,2009,773312,2355387,519290,452143,210209
Croatia,2010,768714,2363739,510674,445122,212676
Croatia,2011,768078,2361471,502831,435793,212399
Croatia,2012,774918,2350374,496639,425315,211704
Croatia,2013,783541,2339530,490737,418438,209843
Croatia,2014,793439,2322977,482439,415032,205256
Croatia,2015,804245,2296825,470554,412934,198836
Croatia,2016,812855,2265687,454582,410895,192128
Croatia,2017,821123,2226378,437080,409221,185152
Croatia,2018,831649,2184330,422380,407454,178835
Croatia,2019,844133,2149455,413072,405097,174316
Croatia,2020,856306,2117948,407920,400398,171018
Croatia,2021,866888,2089498,403384,394241,170118
Croatia,2022,877903,2069234,400569,388558,170182
Croatia,2023,888225,2054591,401700,382042,168800
Cuba,1950,257551,2425503,1074516,1372134,794804
Cuba,1951,262245,2474626,1099685,1392912,812720
Cuba,1952,268931,2524470,1126649,1411173,830948
Cuba,1953,276468,2575573,1154767,1428511,850421
Cuba,1954,283327,2628915,1183003,1449277,868322
Cuba,1955,288984,2684902,1210558,1474762,883896
Cuba,1956,293517,2743140,1237488,1501083,900832
Cuba,1957,297100,2803133,1264002,1527301,920189
Cuba,1958,300511,2864527,1289562,1555034,940658
Cuba,1959,304721,2926431,1312806,1584162,964216
Cuba,1960,310296,2987255,1332888,1614135,993509
Cuba,1961,317000,3046626,1349385,1644844,1029264
Cuba,1962,324808,3105244,1362145,1676936,1071969
Cuba,1963,334091,3162798,1373252,1710238,1121284
Cuba,1964,345370,3218181,1387392,1744728,1170345
Cuba,1965,358640,3270983,1405857,1783014,1212312
Cuba,1966,373933,3321190,1424782,1829549,1243997
Cuba,1967,391478,3369090,1443523,1885802,1262734
Cuba,1968,410584,3415833,1463970,1950370,1268767
Cuba,1969,430160,3463095,1486641,2018607,1268133
Cuba,1970,450042,3511899,1511821,2086772,1263852
Cuba,1971,473007,3561376,1538659,2151683,1254362
Cuba,1972,498714,3610848,1564966,2212703,1236662
Cuba,1973,524655,3661556,1588980,2272023,1208113
Cuba,1974,551257,3715234,1611581,2326769,1169339
Cuba,1975,578675,3771226,1637275,2371537,1121009
Cuba,1976,606882,3826757,1671977,2402394,1063224
Cuba,1977,635603,3881427,1718584,2415156,997661
Cuba,1978,664188,3935761,1777050,2406213,928740
Cuba,1979,692134,3988993,1845075,2376566,860508
Cuba,1980,719173,4039887,1919978,2327709,797856
Cuba,1981,740802,4097299,2003318,2260676,746917
Cuba,1982,758056,4164163,2089183,2179600,721306
Cuba,1983,776166,4234895,2167823,2089240,722510
Cuba,1984,794459,4312769,2236048,1991470,738191
Cuba,1985,812135,4402139,2290886,1888218,763532
Cuba,1986,828872,4506840,2329375,1781811,797087
Cuba,1987,844609,4627784,2347982,1688102,826634
Cuba,1988,859588,4762342,2343835,1617555,849066
Cuba,1989,874237,4905285,2316641,1565257,871643
Cuba,1990,889021,5051247,2268435,1531810,891112
Cuba,1991,903179,5195125,2202698,1517792,898685
Cuba,1992,916083,5334067,2123854,1522503,889155
Cuba,1993,928205,5467811,2035393,1545934,863566
Cuba,1994,944640,5593618,1936602,1583293,827748
Cuba,1995,966164,5711755,1830806,1626385,790141
Cuba,1996,988565,5825700,1724635,1664417,758590
Cuba,1997,1012113,5934182,1631165,1682326,738040
Cuba,1998,1036931,6030980,1560906,1678604,727079
Cuba,1999,1062849,6109705,1513445,1662753,723094
Cuba,2000,1090269,6168826,1487586,1638952,722980
Cuba,2001,1121072,6209704,1478300,1610789,723613
Cuba,2002,1155044,6234264,1483469,1582754,720987
Cuba,2003,1187786,6246576,1505580,1555331,712911
Cuba,2004,1219961,6248958,1542059,1525858,700459
Cuba,2005,1254622,6242636,1584079,1494806,684707
Cuba,2006,1289014,6234004,1621380,1466368,665894
Cuba,2007,1323307,6230529,1642037,1443954,645458
Cuba,2008,1358480,6233723,1643727,1427157,626579
Cuba,2009,1392370,6240853,1633600,1411930,613766
Cuba,2010,1425619,6252295,1615170,1391893,610197
Cuba,2011,1460184,6265053,1594267,1363198,616526
Cuba,2012,1497556,6276403,1569423,1331070,626195
Cuba,2013,1535168,6291937,1534885,1301978,631506
Cuba,2014,1568095,6312809,1494415,1277587,630094
Cuba,2015,1598529,6335369,1455770,1258189,624438
Cuba,2016,1628159,6353400,1423850,1243898,613599
Cuba,2017,1657032,6358010,1399585,1231207,599450
Cuba,2018,1688481,6347697,1381537,1219603,587419
Cuba,2019,1719401,6329304,1364667,1212352,574680
Cuba,2020,1745324,6313544,1345047,1211681,558146
Cuba,2021,1748622,6296724,1320792,1213609,539905
Cuba,2022,1753405,6278035,1292096,1211681,522167
Cuba,2023,1782087,6261916,1263651,1205571,504058
Curacao,1950,5087,40587,17876,22008,16222
Curacao,1951,5072,41548,18093,22916,16793
Curacao,1952,5068,42533,18311,23959,17312
Curacao,1953,5075,43539,18541,25137,17769
Curacao,1954,5092,44549,18785,26469,18135
Curacao,1955,5126,45574,19059,27803,18556
Curacao,1956,5177,46598,19387,29079,19078
Curacao,1957,5247,47629,19784,30363,19585
Curacao,1958,5335,48662,20277,31639,20080
Curacao,1959,5442,49687,20899,32877,20549
Curacao,1960,5558,50306,21451,33943,20940
Curacao,1961,5699,50638,22043,34716,21217
Curacao,1962,5854,51068,22819,35352,21376
Curacao,1963,6024,51482,23640,36001,21387
Curacao,1964,6201,51892,24496,36678,21274
Curacao,1965,6379,52302,25281,37444,21066
Curacao,1966,6569,52718,25969,38306,20769
Curacao,1967,6762,53172,26621,39138,20418
Curacao,1968,6962,53676,27250,39877,20049
Curacao,1969,7169,54227,27872,40495,19644
Curacao,1970,7376,54818,28535,40971,19185
Curacao,1971,7574,55405,29297,41277,18646
Curacao,1972,7802,55961,30236,41224,18071
Curacao,1973,8072,56596,31159,40761,17509
Curacao,1974,8340,57345,31966,40035,17005
Curacao,1975,8593,58122,32767,39118,16608
Curacao,1976,8814,58963,33514,38036,16307
Curacao,1977,8993,59891,34143,36882,16068
Curacao,1978,9128,60932,34626,35734,15846
Curacao,1979,9226,62085,34925,34623,15633
Curacao,1980,9309,63311,35021,33570,15453
Curacao,1981,9382,64628,34892,32561,15341
Curacao,1982,9478,66006,34499,31563,15304
Curacao,1983,9596,67429,33857,30611,15345
Curacao,1984,9740,68846,33008,29766,15438
Curacao,1985,9890,70236,31961,29076,15549
Curacao,1986,10049,71579,30760,28574,15636
Curacao,1987,10209,72856,29479,28233,15678
Curacao,1988,10362,74046,28189,27988,15674
Curacao,1989,10522,75142,26928,27815,15625
Curacao,1990,10684,76105,25706,27708,15547
Curacao,1991,10854,76921,24539,27664,15479
Curacao,1992,11042,77569,23413,27643,15434
Curacao,1993,11255,77940,22377,27579,15353
Curacao,1994,11484,78062,21462,27471,15198
Curacao,1995,11732,77984,20670,27353,14964
Curacao,1996,12005,77691,20037,27227,14623
Curacao,1997,12303,77233,19534,27093,14152
Curacao,1998,12623,76653,19110,26892,13594
Curacao,1999,12963,75974,18744,26585,13009
Curacao,2000,13299,75182,18431,26179,12449
Curacao,2001,13630,74629,18546,25929,12023
Curacao,2002,14027,75350,18982,25865,11683
Curacao,2003,14498,77009,19361,25716,11336
Curacao,2004,14972,78610,19753,25459,11010
Curacao,2005,15471,79977,20104,25075,10697
Curacao,2006,15991,81147,20359,24590,10430
Curacao,2007,16584,82283,20521,24025,10258
Curacao,2008,17239,83373,20622,23389,10158
Curacao,2009,17950,84361,20701,22740,10080
Curacao,2010,18728,85178,20807,22114,10055
Curacao,2011,19628,86528,20866,21485,10063
Curacao,2012,20555,87684,21409,21038,10217
Curacao,2013,21420,87993,22400,20812,10494
Curacao,2014,22312,88246,23171,20611,10697
Curacao,2015,23207,88490,23669,20493,10757
Curacao,2016,24080,88782,23867,20480,10577
Curacao,2017,24935,89139,23792,20585,10069
Curacao,2018,25883,97093,27412,21258,9942
Curacao,2019,26805,102556,28928,21630,9631
Curacao,2020,27616,100918,26291,21461,8733
Curacao,2021,28434,101971,25373,21455,8084
Curacao,2022,29272,102723,24456,21265,7627
Curacao,2023,30189,103327,23649,21013,7251
Cyprus,1950,29385,206814,87948,104159,65577
Cyprus,1951,29789,210068,88842,105304,67056
Cyprus,1952,30353,213327,89868,107003,68142
Cyprus,1953,31071,216617,90962,108956,69129
Cyprus,1954,31846,219947,91996,112242,69087
Cyprus,1955,32565,223309,92933,116305,68761
Cyprus,1956,33113,226684,93789,119978,69517
Cyprus,1957,33401,230075,94602,124087,70665
Cyprus,1958,33539,233467,95480,128458,72347
Cyprus,1959,33727,236830,96556,132854,74596
Cyprus,1960,34213,240169,98058,136891,77151
Cyprus,1961,35249,243755,99833,139146,77522
Cyprus,1962,36860,247431,101881,139777,75503
Cyprus,1963,38775,250658,104373,140316,73113
Cyprus,1964,40724,253236,107113,141006,70433
Cyprus,1965,42635,255357,110006,141876,67852
Cyprus,1966,44531,257354,112966,142166,66361
Cyprus,1967,46432,259322,115813,141845,65829
Cyprus,1968,48431,261425,118398,141419,65481
Cyprus,1969,50614,263862,120661,140662,65389
Cyprus,1970,53037,266643,122628,139506,65627
Cyprus,1971,55698,269636,124426,138038,66259
Cyprus,1972,58533,272569,126231,136465,67269
Cyprus,1973,60184,275472,128218,135026,67040
Cyprus,1974,60343,275307,128841,133698,65070
Cyprus,1975,60738,274461,129139,132633,62431
Cyprus,1976,61710,278384,131243,130986,59716
Cyprus,1977,62726,284906,133653,128182,57633
Cyprus,1978,63652,292049,135278,124215,57058
Cyprus,1979,64537,299697,135951,119493,57864
Cyprus,1980,65445,307711,135639,115093,59186
Cyprus,1981,66409,316050,134273,111429,60726
Cyprus,1982,67360,324551,132068,109804,62709
Cyprus,1983,68217,332882,129900,110882,65326
Cyprus,1984,69022,341086,128403,113082,67733
Cyprus,1985,69886,349149,127676,115138,69420
Cyprus,1986,70873,356857,127793,117126,70445
Cyprus,1987,72014,364070,128638,119200,70853
Cyprus,1988,73278,370831,129891,121435,70779
Cyprus,1989,74672,377361,131191,123670,70504
Cyprus,1990,76227,383985,132227,125734,70152
Cyprus,1991,77896,391022,132778,127542,69686
Cyprus,1992,79579,398963,132778,129553,69446
Cyprus,1993,81115,408463,132986,133204,70248
Cyprus,1994,82548,418803,134449,137449,71390
Cyprus,1995,84070,428929,137457,140386,71823
Cyprus,1996,85741,438727,141861,142229,71702
Cyprus,1997,87605,448232,147302,143383,71012
Cyprus,1998,89652,457668,153249,144222,69715
Cyprus,1999,91851,467490,159054,144619,68180
Cyprus,2000,94210,478215,164059,144459,66689
Cyprus,2001,96662,490175,167677,144458,65125
Cyprus,2002,98990,502837,170225,145841,63514
Cyprus,2003,101351,515729,172938,147358,62184
Cyprus,2004,104033,528826,176448,147170,61352
Cyprus,2005,107054,542000,180633,145435,60981
Cyprus,2006,110447,555302,185116,142510,60996
Cyprus,2007,114254,568916,189294,138988,61213
Cyprus,2008,118400,583147,192493,135447,61470
Cyprus,2009,122844,598345,194146,132214,61757
Cyprus,2010,127585,614721,193873,129434,62143
Cyprus,2011,132375,632386,191086,127449,63122
Cyprus,2012,137185,650714,186335,126304,64780
Cyprus,2013,142179,668861,180769,125770,66225
Cyprus,2014,147249,686568,174739,125848,67298
Cyprus,2015,152324,703575,168611,126560,68322
Cyprus,2016,157380,719609,162781,127839,69392
Cyprus,2017,162330,734424,157580,129663,70174
Cyprus,2018,167227,747898,153164,131543,70820
Cyprus,2019,172094,760014,149517,133323,71623
Cyprus,2020,177134,770725,146575,135351,72348
Cyprus,2021,182319,779923,144289,137668,72965
Cyprus,2022,187273,787857,142621,139940,73523
Cyprus,2023,192486,794839,141569,141869,74054
Czechia,1950,739443,4691790,1323421,1276267,885778
Czechia,1951,752593,4732146,1284271,1335988,892229
Czechia,1952,765946,4768852,1248147,1413410,880834
Czechia,1953,779225,4799893,1219001,1487558,866908
Czechia,1954,790198,4828057,1197482,1549065,856368
Czechia,1955,802827,4856689,1184577,1599968,845347
Czechia,1956,819503,4882358,1180763,1644970,830407
Czechia,1957,835051,4900878,1187842,1683135,812041
Czechia,1958,851518,4912479,1211908,1705505,788275
Czechia,1959,871446,4915340,1249928,1715774,755872
Czechia,1960,895091,4909492,1291963,1724248,720781
Czechia,1961,922544,4897560,1348279,1715961,689014
Czechia,1962,947983,4880977,1420338,1685485,662649
Czechia,1963,973959,4862200,1488907,1647028,655207
Czechia,1964,1004201,4844270,1545315,1604388,670537
Czechia,1965,1037089,4829810,1591412,1558002,690494
Czechia,1966,1071225,4819229,1632058,1509978,703712
Czechia,1967,1105522,4809959,1667598,1465638,710226
Czechia,1968,1137073,4808789,1688677,1434183,706346
Czechia,1969,1164014,4815878,1696518,1416190,695141
Czechia,1970,1186606,4822315,1702698,1400247,689332
Czechia,1971,1209995,4840543,1694997,1380711,696483
Czechia,1972,1237704,4874727,1666275,1362439,716869
Czechia,1973,1264710,4907496,1629861,1352397,751687
Czechia,1974,1289900,4931090,1589484,1356429,798981
Czechia,1975,1314965,4952248,1545397,1371774,846333
Czechia,1976,1337838,4978345,1499718,1392800,884171
Czechia,1977,1357888,5005616,1457396,1419297,909103
Czechia,1978,1375859,5030234,1426304,1451391,916889
Czechia,1979,1388289,5055799,1407575,1489263,905155
Czechia,1980,1381309,5093551,1391433,1531935,877103
Czechia,1981,1349669,5151306,1371988,1578157,838320
Czechia,1982,1305855,5218163,1354132,1623702,797074
Czechia,1983,1258398,5277309,1344929,1664907,757323
Czechia,1984,1225980,5309118,1349436,1698489,720711
Czechia,1985,1221029,5308418,1365222,1715633,694758
Czechia,1986,1230867,5293246,1386437,1713833,679906
Czechia,1987,1246623,5276794,1413280,1697465,669173
Czechia,1988,1265619,5268614,1445317,1664378,661426
Czechia,1989,1281899,5271881,1481764,1615553,654413
Czechia,1990,1293657,5276799,1524621,1559744,647069
Czechia,1991,1304976,5280331,1569997,1506594,642418
Czechia,1992,1317411,5286366,1613739,1458275,636551
Czechia,1993,1330232,5294372,1655189,1412702,627794
Czechia,1994,1343240,5305504,1690058,1370577,612832
Czechia,1995,1356860,5321546,1707976,1339872,585657
Czechia,1996,1371664,5344675,1707401,1321956,550304
Czechia,1997,1385249,5379397,1693220,1305835,516200
Czechia,1998,1395957,5432252,1661850,1289235,485976
Czechia,1999,1403713,5502479,1615017,1267572,462429
Czechia,2000,1408500,5580699,1562301,1235236,449886
Czechia,2001,1412131,5661749,1514382,1197320,446152
Czechia,2002,1415890,5743067,1473393,1158823,448077
Czechia,2003,1419936,5820646,1436131,1119746,452211
Czechia,2004,1428297,5891300,1401726,1080909,458970
Czechia,2005,1444873,5945696,1377147,1042102,470065
Czechia,2006,1468382,5983400,1363903,1004178,484432
Czechia,2007,1496787,6014038,1350527,972062,503798
Czechia,2008,1533742,6034662,1334908,945171,529449
Czechia,2009,1576896,6047220,1312317,928263,555887
Czechia,2010,1617194,6062674,1276627,928026,579071
Czechia,2011,1668180,6061127,1234220,941189,590307
Czechia,2012,1733188,6030787,1192006,965433,585396
Czechia,2013,1794974,5996170,1150553,996915,571988
Czechia,2014,1851033,5966717,1111169,1029104,558622
Czechia,2015,1904037,5937795,1074574,1057960,549498
Czechia,2016,1957922,5907583,1039304,1079103,547521
Czechia,2017,2011441,5874234,1009280,1093637,552282
Czechia,2018,2059946,5840295,983977,1105704,558584
Czechia,2019,2105080,5803044,966857,1116588,562835
Czechia,2020,2140468,5756208,964564,1125726,562592
Czechia,2021,2162022,5702187,973627,1132349,559817
Czechia,2022,2189141,5741864,1039255,1143039,559094
Czechia,2023,2219990,5791562,1102927,1146855,547421
Democratic Republic of Congo,1950,463142,4160259,2319909,3184126,2166826
Democratic Republic of Congo,1951,453571,4262711,2379029,3267452,2179853
Democratic Republic of Congo,1952,446046,4368686,2439887,3350246,2198736
Democratic Republic of Congo,1953,440505,4473517,2500016,3425754,2229628
Democratic Republic of Congo,1954,437238,4578475,2560122,3491456,2275725
Democratic Republic of Congo,1955,436379,4687304,2622434,3551792,2332425
Democratic Republic of Congo,1956,437775,4799299,2686894,3612056,2393911
Democratic Republic of Congo,1957,441375,4914160,2753810,3675105,2457815
Democratic Republic of Congo,1958,446521,5026259,2820680,3740159,2524163
Democratic Republic of Congo,1959,452828,5144669,2893175,3807527,2593374
Democratic Republic of Congo,1960,460421,5281241,2976977,3877593,2668604
Democratic Republic of Congo,1961,468535,5428779,3065593,3950397,2749041
Democratic Republic of Congo,1962,476882,5583572,3153675,4028416,2833146
Democratic Republic of Congo,1963,485878,5745840,3235024,4119217,2921604
Democratic Republic of Congo,1964,495331,5912882,3306339,4225999,3014722
Democratic Republic of Congo,1965,505691,6088621,3373356,4346860,3113211
Democratic Republic of Congo,1966,517728,6276060,3441223,4477955,3218891
Democratic Republic of Congo,1967,531064,6473645,3511439,4615997,3330559
Democratic Republic of Congo,1968,545054,6678799,3582589,4760874,3444788
Democratic Republic of Congo,1969,559500,6886357,3651579,4913369,3559553
Democratic Republic of Congo,1970,574497,7095429,3718286,5075227,3673918
Democratic Republic of Congo,1971,589645,7295125,3779261,5245994,3785469
Democratic Republic of Congo,1972,605103,7487108,3840819,5424861,3893219
Democratic Republic of Congo,1973,621459,7678551,3917996,5611055,3998559
Democratic Republic of Congo,1974,638524,7862657,4012088,5803641,4101938
Democratic Republic of Congo,1975,656218,8040309,4119556,6001075,4203914
Democratic Republic of Congo,1976,674263,8210815,4233154,6200946,4304831
Democratic Republic of Congo,1977,692701,8377966,4350897,6401695,4405786
Democratic Republic of Congo,1978,715037,8630988,4521072,6609659,4515890
Democratic Republic of Congo,1979,740311,8951905,4727184,6821848,4645423
Democratic Republic of Congo,1980,763774,9225631,4903411,7027684,4790457
Democratic Republic of Congo,1981,786486,9473008,5066211,7229740,4944937
Democratic Republic of Congo,1982,810627,9741198,5242490,7432722,5111025
Democratic Republic of Congo,1983,836717,10044774,5437084,7638695,5293558
Democratic Republic of Congo,1984,864790,10385539,5648800,7857895,5487902
Democratic Republic of Congo,1985,893239,10731380,5857219,8094111,5688687
Democratic Republic of Congo,1986,921189,11056779,6047830,8340993,5898231
Democratic Republic of Congo,1987,950490,11391777,6238678,8601296,6116498
Democratic Republic of Congo,1988,981791,11747298,6434958,8879493,6339048
Democratic Republic of Congo,1989,1014634,12108450,6627511,9177919,6558187
Democratic Republic of Congo,1990,1050817,12516187,6838559,9504633,6773694
Democratic Republic of Congo,1991,1088938,12940456,7048847,9856675,6990719
Democratic Republic of Congo,1992,1129469,13389783,7263272,10230622,7215550
Democratic Republic of Congo,1993,1173753,13897279,7500205,10626948,7457903
Democratic Republic of Congo,1994,1231210,14697666,7890943,11055668,7750966
Democratic Republic of Congo,1995,1283534,15386827,8201829,11472098,8088905
Democratic Republic of Congo,1996,1312356,15525842,8208848,11850054,8398664
Democratic Republic of Congo,1997,1341187,15577327,8210611,12239426,8661175
Democratic Republic of Congo,1998,1386234,15907501,8416360,12673992,8913382
Democratic Republic of Congo,1999,1439998,16407316,8747904,13140378,9177240
Democratic Republic of Congo,2000,1493456,16868740,9079436,13641401,9424272
Democratic Republic of Congo,2001,1548617,17326585,9431836,14170271,9655208
Democratic Republic of Congo,2002,1604750,17763464,9792209,14675672,9914325
Democratic Republic of Congo,2003,1661703,18170851,10152901,15154158,10204185
Democratic Republic of Congo,2004,1721243,18604193,10528228,15645816,10498210
Democratic Republic of Congo,2005,1784423,19100816,10925747,16176487,10788206
Democratic Republic of Congo,2006,1849621,19613509,11328829,16724247,11099655
Democratic Republic of Congo,2007,1916148,20116342,11726695,17276931,11441598
Democratic Republic of Congo,2008,1985054,20628666,12131873,17830642,11814394
Democratic Republic of Congo,2009,2057806,21182611,12563318,18383835,12224446
Democratic Republic of Congo,2010,2134883,21795216,13051474,18919847,12661588
Democratic Republic of Congo,2011,2215808,22468700,13584286,19466557,13113915
Democratic Republic of Congo,2012,2298872,23188656,14104061,20078991,13583975
Democratic Republic of Congo,2013,2380973,23966878,14611650,20761450,14068340
Democratic Republic of Congo,2014,2459064,24777926,15124998,21484238,14556887
Democratic Republic of Congo,2015,2533825,25585286,15648334,22221395,15046553
Democratic Republic of Congo,2016,2615309,26542949,16248749,23002819,15546393
Democratic Republic of Congo,2017,2702981,27597359,16878868,23838100,16065807
Democratic Republic of Congo,2018,2788370,28540399,17415988,24704074,16598525
Democratic Republic of Congo,2019,2874916,29435398,17901805,25603725,17131379
Democratic Republic of Congo,2020,2962161,30428828,18392964,26538184,17667699
Democratic Republic of Congo,2021,3047356,31489496,18909949,27487363,18214653
Democratic Republic of Congo,2022,3139450,32547486,19492537,28464138,18753273
Democratic Republic of Congo,2023,3245919,33632520,20154526,29480800,19275876
Denmark,1950,385449,2172199,588397,699536,422807
Denmark,1951,395025,2182720,586868,728738,406889
Denmark,1952,404612,2194284,586637,755335,391344
Denmark,1953,414097,2207069,589488,776821,381608
Denmark,1954,423507,2219472,593776,792328,377297
Denmark,1955,433248,2229165,597907,803676,374821
Denmark,1956,443704,2235198,602312,811764,373336
Denmark,1957,453361,2238951,612071,813204,372043
Denmark,1958,462941,2243626,630461,809417,369596
Denmark,1959,473690,2250259,655409,801309,367782
Denmark,1960,484932,2256041,683990,787313,367040
Denmark,1961,496968,2261677,713878,771616,367183
Denmark,1962,508592,2270118,741867,757671,369183
Denmark,1963,519868,2278399,763882,747553,374530
Denmark,1964,531164,2285982,779720,742047,382940
Denmark,1965,541992,2293219,791620,739523,392445
Denmark,1966,552708,2301059,800604,739503,403284
Denmark,1967,564386,2313556,804838,741179,411218
Denmark,1968,577432,2330594,802997,744535,409192
Denmark,1969,590768,2353624,796403,751041,399909
Denmark,1970,604793,2387257,788532,760445,387589
Denmark,1971,619061,2420497,776376,772195,374865
Denmark,1972,632947,2447697,762216,781965,366666
Denmark,1973,647231,2470994,754428,785991,363038
Denmark,1974,662492,2486138,749863,785501,361554
Denmark,1975,677495,2494696,744685,781620,361805
Denmark,1976,690669,2502440,742735,778952,357895
Denmark,1977,704275,2512878,745099,778945,347253
Denmark,1978,717997,2525310,749740,774423,336732
Denmark,1979,729351,2537692,757748,765077,326841
Denmark,1980,738001,2549589,767180,754191,313959
Denmark,1981,744660,2561592,777623,737272,300315
Denmark,1982,751407,2573338,786660,716936,289370
Denmark,1983,758229,2584861,790333,701677,279160
Denmark,1984,763810,2597330,790421,690157,269885
Denmark,1985,771455,2609832,789428,678158,264760
Denmark,1986,781295,2622268,790330,661617,264917
Denmark,1987,788267,2637545,791432,641216,268387
Denmark,1988,793325,2655338,785395,621165,274116
Denmark,1989,798014,2675205,774273,602403,282493
Denmark,1990,801013,2699234,763376,585207,291851
Denmark,1991,802733,2728803,748174,572927,301344
Denmark,1992,803320,2758648,730280,566867,311871
Denmark,1993,801875,2783192,717275,563791,322103
Denmark,1994,799519,2803861,707318,564283,330786
Denmark,1995,796705,2828157,697785,571137,339140
Denmark,1996,793863,2856191,684268,583298,344998
Denmark,1997,791869,2882834,665311,598012,346543
Denmark,1998,790588,2906787,646495,614414,345486
Denmark,1999,789999,2927549,629370,631744,342637
Denmark,2000,790687,2947376,613239,648730,339089
Denmark,2001,792741,2963737,601935,663295,336545
Denmark,2002,795959,2973471,596823,675332,333778
Denmark,2003,800950,2979400,594340,684090,331212
Denmark,2004,808027,2982737,595318,688642,329208
Denmark,2005,817269,2983252,601333,690408,326596
Denmark,2006,828387,2980994,612311,689997,325010
Denmark,2007,843363,2976900,628553,686785,325237
Denmark,2008,863672,2971970,648326,682721,326262
Denmark,2009,888473,2961120,668031,678190,326492
Denmark,2010,917667,2945411,685685,672409,325773
Denmark,2011,950329,2928546,700255,668411,322338
Denmark,2012,983366,2913313,712222,665935,316068
Denmark,2013,1012705,2907027,721438,664752,308360
Denmark,2014,1038254,2911342,727481,664572,301063
Denmark,2015,1061981,2925360,733825,664890,296548
Denmark,2016,1083958,2943042,739189,664507,296394
Denmark,2017,1104755,2959128,739106,661629,299417
Denmark,2018,1125198,2973023,735466,656129,302866
Denmark,2019,1145163,2983763,729275,648852,306411
Denmark,2020,1165141,2993003,721257,642061,308856
Denmark,2021,1184621,3005360,718253,636653,310618
Denmark,2022,1202983,3030840,721220,635573,311034
Denmark,2023,1224102,3058055,720966,634910,308877
Djibouti,1950,1240,20033,12068,16964,12044
Djibouti,1951,1311,20806,12502,17635,12073
Djibouti,1952,1380,21597,12951,18323,12120
Djibouti,1953,1452,22405,13418,19057,12167
Djibouti,1954,1529,23240,13889,19788,12277
Djibouti,1955,1605,24102,14371,20347,12597
Djibouti,1956,1682,24983,14873,20780,13087
Djibouti,1957,1762,25899,15394,21227,13604
Djibouti,1958,1849,26842,15938,21691,14136
Djibouti,1959,1936,27807,16508,22169,14683
Djibouti,1960,2028,28854,17152,22713,15291
Djibouti,1961,2130,30047,17895,23353,15982
Djibouti,1962,2253,31417,18746,24117,16772
Djibouti,1963,2389,33015,19759,25028,17696
Djibouti,1964,2540,34854,20899,26159,18762
Djibouti,1965,2705,36875,21971,27617,19939
Djibouti,1966,2880,38984,22929,29320,21171
Djibouti,1967,3066,41150,23878,31118,22447
Djibouti,1968,3258,43405,24840,32995,23765
Djibouti,1969,3483,46075,26019,35210,25305
Djibouti,1970,3739,49181,27410,37776,27082
Djibouti,1971,4024,52597,28926,40597,29008
Djibouti,1972,4341,56418,30621,43761,31126
Djibouti,1973,4690,60639,32474,47247,33410
Djibouti,1974,5100,65525,34688,51306,36002
Djibouti,1975,5600,71318,37649,56247,39108
Djibouti,1976,6198,78094,41478,62193,42784
Djibouti,1977,6887,85801,45996,69012,46934
Djibouti,1978,7627,93977,50884,76281,51273
Djibouti,1979,8348,101825,55700,83310,55342
Djibouti,1980,8998,108620,60021,89448,58734
Djibouti,1981,9548,114088,63686,94426,61308
Djibouti,1982,10010,118465,66799,98388,63225
Djibouti,1983,10453,122503,69764,101916,64924
Djibouti,1984,10957,127208,73133,105818,66956
Djibouti,1985,11580,133337,77347,110715,69711
Djibouti,1986,12357,141213,82592,116847,73335
Djibouti,1987,13281,150632,88748,124046,77700
Djibouti,1988,14279,160835,95350,131699,82367
Djibouti,1989,15553,174065,103684,141623,88437
Djibouti,1990,17353,193219,115462,156135,97375
Djibouti,1991,19042,210988,126312,169310,105446
Djibouti,1992,19044,209992,125782,167299,103900
Djibouti,1993,18855,206956,123837,163511,101088
Djibouti,1994,19400,212286,126665,166239,102127
Djibouti,1995,19772,215827,128177,167442,101857
Djibouti,1996,20408,222971,131553,170824,102599
Djibouti,1997,21167,234813,137208,174905,103733
Djibouti,1998,21986,249350,143737,179086,105196
Djibouti,1999,22814,262629,148855,183005,106925
Djibouti,2000,23653,275025,152956,186634,109058
Djibouti,2001,24538,287986,156988,190043,111758
Djibouti,2002,25485,301161,160806,193203,114922
Djibouti,2003,26420,310817,162519,196039,117733
Djibouti,2004,27331,317511,162850,198920,119520
Djibouti,2005,28267,324530,163915,202114,120347
Djibouti,2006,29273,333640,166661,205712,120481
Djibouti,2007,30351,344158,170419,209642,119961
Djibouti,2008,31497,354582,174200,213608,118851
Djibouti,2009,32747,365307,178127,217559,117782
Djibouti,2010,34109,375981,181881,221264,117015
Djibouti,2011,35562,386673,185408,224523,116399
Djibouti,2012,37100,397555,188729,227429,115939
Djibouti,2013,38738,408627,192067,229758,115641
Djibouti,2014,40437,419894,195673,231272,115443
Djibouti,2015,42076,431491,199498,232038,115211
Djibouti,2016,43589,443525,203503,232088,114954
Djibouti,2017,45016,455856,207731,231481,114757
Djibouti,2018,46457,468365,212025,230426,114611
Djibouti,2019,47971,480959,216014,229314,114448
Djibouti,2020,49457,493474,219557,228369,114335
Djibouti,2021,50917,505656,222722,227594,114360
Djibouti,2022,52619,517629,225455,226961,114434
Djibouti,2023,54604,529826,227539,226474,114506
Dominica,1950,3848,16681,7867,13342,8480
Dominica,1951,3675,16996,8076,13561,8156
Dominica,1952,3530,17284,8342,13740,7965
Dominica,1953,3413,17560,8628,13846,7953
Dominica,1954,3324,17845,8906,13800,8227
Dominica,1955,3260,18148,9157,13735,8674
Dominica,1956,3215,18461,9367,13817,9146
Dominica,1957,3188,18788,9540,14033,9665
Dominica,1958,3187,19135,9668,14386,10229
Dominica,1959,3206,19489,9758,14882,10788
Dominica,1960,3240,19796,9796,15390,11163
Dominica,1961,3284,20030,9795,15829,11293
Dominica,1962,3336,20203,9813,16290,11326
Dominica,1963,3397,20323,9881,16809,11349
Dominica,1964,3465,20373,9987,17380,11395
Dominica,1965,3543,20356,10146,17964,11512
Dominica,1966,3630,20258,10359,18573,11699
Dominica,1967,3724,20093,10632,19227,11922
Dominica,1968,3826,19877,10956,19940,12151
Dominica,1969,3946,19620,11338,20694,12358
Dominica,1970,4042,19543,11776,21294,12273
Dominica,1971,4098,19755,12237,21621,11836
Dominica,1972,4161,20065,12696,21814,11335
Dominica,1973,4244,20380,13152,21962,10862
Dominica,1974,4336,20682,13604,22060,10423
Dominica,1975,4441,20968,14049,22049,10082
Dominica,1976,4567,21218,14491,21931,9830
Dominica,1977,4694,21446,14924,21787,9574
Dominica,1978,4825,21658,15336,21638,9283
Dominica,1979,4980,21853,15741,21461,8942
Dominica,1980,5144,22036,16142,21241,8537
Dominica,1981,5298,22313,16508,20730,8155
Dominica,1982,5421,22754,16761,19830,7937
Dominica,1983,5533,23263,16879,18809,7900
Dominica,1984,5644,23766,16852,17821,7991
Dominica,1985,5760,24251,16701,16913,8141
Dominica,1986,5877,24675,16465,16168,8240
Dominica,1987,5970,25015,16184,15644,8230
Dominica,1988,6049,25282,15828,15310,8156
Dominica,1989,6136,25476,15345,15163,8050
Dominica,1990,6253,25571,14737,15176,7906
Dominica,1991,6326,25826,14170,15191,7807
Dominica,1992,6300,26416,13717,15107,7800
Dominica,1993,6276,27124,13264,15008,7778
Dominica,1994,6264,27806,12796,14908,7717
Dominica,1995,6289,28467,12319,14766,7645
Dominica,1996,6336,29073,11854,14632,7522
Dominica,1997,6398,29590,11474,14528,7321
Dominica,1998,6493,29965,11203,14400,7080
Dominica,1999,6615,30178,11046,14248,6794
Dominica,2000,6767,30238,10988,14091,6441
Dominica,2001,6887,30287,11094,13924,6106
Dominica,2002,6949,30477,11350,13737,5871
Dominica,2003,6997,30717,11615,13511,5710
Dominica,2004,7045,30970,11812,13244,5588
Dominica,2005,7098,31273,11935,12937,5501
Dominica,2006,7178,31641,11998,12609,5394
Dominica,2007,7279,32041,12011,12260,5267
Dominica,2008,7391,32443,11992,11873,5162
Dominica,2009,7518,32823,11953,11499,5086
Dominica,2010,7658,33143,11892,11173,5004
Dominica,2011,7555,33557,12020,11004,4932
Dominica,2012,7468,33964,12054,10787,4854
Dominica,2013,7079,34564,12423,10832,4827
Dominica,2014,6714,35225,12776,10877,4784
Dominica,2015,6793,35723,12639,10583,4684
Dominica,2016,7359,35973,11843,9923,4524
Dominica,2017,7983,36110,10805,9298,4312
Dominica,2018,8041,36483,10349,9152,4162
Dominica,2019,8127,36817,9922,9008,4021
Dominica,2020,8235,37054,9557,8843,3894
Dominica,2021,8344,37176,9244,8662,3791
Dominica,2022,8415,37183,9018,8522,3707
Dominica,2023,8482,37109,8886,8393,3656
Dominican Republic,1950,64716,752874,474590,636467,451248
Dominican Republic,1951,66071,773018,489062,651158,470837
Dominican Republic,1952,67580,793995,504345,667916,491212
Dominican Republic,1953,69244,815986,519725,687469,512386
Dominican Republic,1954,71051,839112,533854,709636,535441
Dominican Republic,1955,73003,863341,546357,735519,559411
Dominican Republic,1956,75108,888529,557763,765826,582803
Dominican Republic,1957,77367,914514,568344,799779,605772
Dominican Republic,1958,79777,941118,578426,837162,627862
Dominican Republic,1959,82338,968093,588603,877425,648840
Dominican Republic,1960,85054,995210,600132,919439,668501
Dominican Republic,1961,87932,1022793,613495,962314,686700
Dominican Republic,1962,90971,1051227,628819,1005541,703379
Dominican Republic,1963,94168,1080020,646942,1048707,718452
Dominican Republic,1964,97529,1108327,667812,1092858,732030
Dominican Republic,1965,100972,1134819,692019,1136929,744222
Dominican Republic,1966,104560,1161425,720959,1179282,755619
Dominican Republic,1967,108391,1189913,754494,1220022,766109
Dominican Republic,1968,112373,1219478,791741,1258661,774935
Dominican Republic,1969,116507,1250640,832103,1294995,782789
Dominican Republic,1970,120800,1284401,874392,1328826,790867
Dominican Republic,1971,125268,1321395,917627,1360634,799309
Dominican Republic,1972,129923,1361795,961194,1390265,808707
Dominican Republic,1973,134759,1405590,1004656,1416951,820269
Dominican Republic,1974,139767,1451380,1048841,1441301,832899
Dominican Republic,1975,144948,1499731,1092553,1464452,845086
Dominican Republic,1976,150300,1551952,1134334,1487124,856680
Dominican Republic,1977,155837,1607831,1174433,1509847,867479
Dominican Republic,1978,161559,1667655,1212512,1533129,877018
Dominican Republic,1979,167422,1731410,1248433,1556339,886066
Dominican Republic,1980,173482,1798800,1281834,1579258,895642
Dominican Republic,1981,179790,1869000,1312780,1601913,904941
Dominican Republic,1982,186333,1941487,1341232,1624449,913578
Dominican Republic,1983,193135,2016429,1366745,1647623,923268
Dominican Republic,1984,200279,2093803,1389944,1671360,933610
Dominican Republic,1985,207800,2173171,1411895,1694973,942503
Dominican Republic,1986,215712,2253989,1433208,1717358,950874
Dominican Republic,1987,224010,2335890,1454414,1738117,960002
Dominican Republic,1988,232702,2418708,1476140,1758442,969646
Dominican Republic,1989,241812,2502317,1498083,1779003,980968
Dominican Republic,1990,251346,2586489,1519906,1798566,994720
Dominican Republic,1991,261273,2671144,1541224,1817059,1008991
Dominican Republic,1992,271553,2755780,1562264,1835563,1022130
Dominican Republic,1993,282196,2839765,1583968,1855516,1032909
Dominican Republic,1994,293248,2923986,1606572,1877820,1039823
Dominican Republic,1995,304725,3009299,1629398,1901224,1043197
Dominican Republic,1996,316592,3095777,1651124,1924661,1044425
Dominican Republic,1997,328823,3183712,1671385,1947739,1042066
Dominican Republic,1998,341417,3273252,1691311,1968902,1035088
Dominican Republic,1999,354343,3363792,1711510,1987767,1028351
Dominican Republic,2000,367491,3454051,1730292,2005428,1026444
Dominican Republic,2001,381033,3543053,1747173,2021356,1027133
Dominican Republic,2002,395123,3631285,1763797,2032551,1028884
Dominican Republic,2003,409304,3719725,1782112,2036802,1032039
Dominican Republic,2004,422702,3809290,1802934,2037163,1032105
Dominican Republic,2005,435176,3900359,1825023,2038517,1025215
Dominican Republic,2006,447088,3991946,1847379,2040329,1013648
Dominican Republic,2007,458602,4083685,1869593,2039592,1003346
Dominican Republic,2008,470165,4176961,1890225,2035705,999191
Dominican Republic,2009,482325,4271600,1908838,2029262,1002312
Dominican Republic,2010,496103,4365146,1926422,2020738,1010791
Dominican Republic,2011,512382,4457255,1942509,2010026,1022410
Dominican Republic,2012,531171,4548672,1954008,2001609,1033847
Dominican Republic,2013,552177,4640364,1958620,2000636,1040874
Dominican Republic,2014,574405,4734205,1959459,2004046,1042182
Dominican Republic,2015,598122,4828243,1961269,2006017,1039895
Dominican Republic,2016,624293,4919498,1963434,2006416,1036458
Dominican Republic,2017,652826,5008403,1963203,2007993,1033042
Dominican Republic,2018,683554,5094937,1960199,2011317,1030635
Dominican Republic,2019,715736,5178044,1954628,2016027,1028205
Dominican Republic,2020,748274,5261550,1949707,2022794,1024585
Dominican Republic,2021,780550,5344606,1945082,2032061,1019822
Dominican Republic,2022,817064,5419213,1939268,2040740,1013118
Dominican Republic,2023,857675,5484863,1937698,2045761,1003938
East Timor,1950,13016,143500,76688,108615,72949
East Timor,1951,13119,145433,78169,111380,70165
East Timor,1952,13271,147542,79933,113939,67744
East Timor,1953,13399,149805,81930,115938,65923
East Timor,1954,13401,152174,84084,117959,64288
East Timor,1955,13272,154667,86345,118900,63976
East Timor,1956,13026,157197,88821,118327,65332
East Timor,1957,12679,159786,91551,117792,66758
East Timor,1958,12301,162506,94395,117283,68272
East Timor,1959,12022,165435,97192,116764,69865
East Timor,1960,11883,168601,99915,116209,71522
East Timor,1961,11866,172050,102559,115608,73217
East Timor,1962,11951,175845,105030,115032,74924
East Timor,1963,12133,179887,106991,114948,76613
East Timor,1964,12400,183980,108978,115038,78265
East Timor,1965,12716,188101,109963,116386,79875
East Timor,1966,13098,192303,109542,119323,81431
East Timor,1967,13561,196637,109158,122358,82937
East Timor,1968,14045,201166,108798,125480,84392
East Timor,1969,14494,205965,108444,128667,85791
East Timor,1970,14889,211105,108068,131894,87124
East Timor,1971,15232,216601,107667,135135,88339
East Timor,1972,15517,222415,107302,138365,89374
East Timor,1973,15768,228014,107357,141548,90175
East Timor,1974,15967,232928,107214,144496,90227
East Timor,1975,15997,237249,108987,147133,88804
East Timor,1976,15956,241638,113245,149580,87210
East Timor,1977,15974,246701,117559,151621,86465
East Timor,1978,15944,252144,121851,152797,86044
East Timor,1979,15936,257327,125649,152969,86843
East Timor,1980,16138,261911,128556,152602,90670
East Timor,1981,16472,263274,131067,152282,97408
East Timor,1982,16769,261933,133722,152143,104589
East Timor,1983,17029,261098,136421,152377,110780
East Timor,1984,17230,260934,138993,153507,116123
East Timor,1985,17338,261503,141246,155821,120763
East Timor,1986,17338,262765,142978,159699,124410
East Timor,1987,17231,264734,144048,164817,127657
East Timor,1988,17032,267397,144436,170622,131265
East Timor,1989,16780,271618,144656,177178,134629
East Timor,1990,16591,277790,144950,184268,136749
East Timor,1991,16807,286037,145348,192287,137808
East Timor,1992,17396,295651,146056,201339,138880
East Timor,1993,18039,305302,147126,210731,140246
East Timor,1994,18721,314946,148796,219971,142068
East Timor,1995,19425,324472,151273,228332,144650
East Timor,1996,20155,333822,154738,235402,148171
East Timor,1997,20926,343031,159270,241809,152152
East Timor,1998,21731,352077,164824,247991,155915
East Timor,1999,19441,310833,147789,219171,137464
East Timor,2000,17663,275741,134256,194804,122631
East Timor,2001,19674,298758,148608,210906,134306
East Timor,2002,21785,321369,163533,226607,145876
East Timor,2003,23274,333168,173412,234678,152346
East Timor,2004,24204,335904,178363,236846,153764
East Timor,2005,26132,340242,183166,243190,155580
East Timor,2006,29317,346614,188480,253846,158354
East Timor,2007,33040,352772,194386,264427,160272
East Timor,2008,37445,358575,201276,274367,160769
East Timor,2009,42672,363860,208864,283907,159481
East Timor,2010,48023,369570,216246,293080,157768
East Timor,2011,52170,377300,222616,301075,157051
East Timor,2012,55280,386732,228746,307281,156849
East Timor,2013,58107,396777,235744,311545,156522
East Timor,2014,60744,407197,243780,314243,155949
East Timor,2015,63402,418211,252039,315830,155652
East Timor,2016,66211,430394,259476,316030,156204
East Timor,2017,68781,443672,266301,315140,157816
East Timor,2018,70812,457790,273127,313735,160501
East Timor,2019,72336,472745,280013,312466,163383
East Timor,2020,73407,488413,286779,312148,165304
East Timor,2021,74005,504628,293049,313144,165316
East Timor,2022,74017,520134,298161,314861,162125
East Timor,2023,73843,534888,301723,316904,156933
Ecuador,1950,182616,1291661,613438,836275,592729
Ecuador,1951,184766,1312146,629236,863507,617999
Ecuador,1952,187488,1333951,645090,892431,643227
Ecuador,1953,190471,1356984,661319,925767,665553
Ecuador,1954,193556,1381160,678541,964118,683976
Ecuador,1955,196630,1406471,697020,1004125,701824
Ecuador,1956,199648,1433088,716596,1044225,720894
Ecuador,1957,202614,1461158,737413,1084955,740653
Ecuador,1958,205515,1490734,759885,1126170,761149
Ecuador,1959,208315,1521770,784212,1167938,782490
Ecuador,1960,211000,1554368,810099,1210645,804756
Ecuador,1961,213599,1588739,837113,1254875,827990
Ecuador,1962,216142,1624922,865963,1300085,852142
Ecuador,1963,218735,1663093,899258,1343477,877146
Ecuador,1964,221534,1703690,937605,1384117,902971
Ecuador,1965,224574,1746866,977717,1425265,929531
Ecuador,1966,227873,1792545,1018048,1468682,956596
Ecuador,1967,231467,1840856,1059088,1513755,983889
Ecuador,1968,235310,1892112,1100640,1560443,1011176
Ecuador,1969,239291,1946350,1142726,1608685,1038180
Ecuador,1970,243450,2003180,1185632,1658399,1064726
Ecuador,1971,247788,2062244,1229938,1709428,1090651
Ecuador,1972,252229,2124409,1275204,1761563,1115626
Ecuador,1973,256941,2192364,1318705,1814589,1139427
Ecuador,1974,261951,2266826,1359524,1868212,1162047
Ecuador,1975,267059,2344672,1400844,1922115,1183557
Ecuador,1976,272336,2424232,1444360,1975876,1204093
Ecuador,1977,278170,2506167,1489484,2029071,1223918
Ecuador,1978,284564,2590914,1536159,2081341,1243181
Ecuador,1979,291029,2678975,1584348,2132373,1262127
Ecuador,1980,297413,2771053,1634183,2181990,1281223
Ecuador,1981,303788,2867009,1685325,2230100,1300667
Ecuador,1982,310113,2966782,1737433,2276668,1320276
Ecuador,1983,316550,3071164,1790734,2321773,1340179
Ecuador,1984,323441,3179815,1844841,2365622,1361038
Ecuador,1985,330953,3292014,1899007,2408526,1380623
Ecuador,1986,339230,3407126,1952453,2450685,1396477
Ecuador,1987,348446,3524944,2004686,2492174,1409012
Ecuador,1988,358597,3644497,2054938,2533218,1419526
Ecuador,1989,370467,3764663,2102386,2574521,1429794
Ecuador,1990,384872,3885308,2146968,2614193,1442304
Ecuador,1991,401881,4004103,2187824,2649848,1458691
Ecuador,1992,420637,4122684,2226537,2681994,1478239
Ecuador,1993,440466,4240877,2263292,2712167,1497438
Ecuador,1994,461549,4357490,2297704,2742700,1512703
Ecuador,1995,483647,4475331,2332015,2774206,1525259
Ecuador,1996,506532,4594441,2366710,2806175,1537020
Ecuador,1997,529973,4714330,2401699,2837985,1547046
Ecuador,1998,553169,4836379,2438047,2867615,1555863
Ecuador,1999,575508,4960695,2476363,2893512,1564589
Ecuador,2000,597335,5086964,2514329,2918996,1571443
Ecuador,2001,619705,5217451,2550697,2948052,1574671
Ecuador,2002,643486,5353831,2586042,2979075,1575860
Ecuador,2003,668782,5496181,2621447,3009021,1576669
Ecuador,2004,695431,5642737,2658050,3035430,1576824
Ecuador,2005,722888,5793120,2695673,3057432,1576800
Ecuador,2006,750901,5948197,2734142,3075097,1577531
Ecuador,2007,780007,6107523,2772638,3089037,1579288
Ecuador,2008,811563,6270074,2808439,3101235,1583575
Ecuador,2009,845459,6435662,2839587,3112534,1592365
Ecuador,2010,880506,6602410,2869443,3121742,1602200
Ecuador,2011,915394,6768464,2901932,3127827,1612190
Ecuador,2012,950620,6933433,2935570,3132497,1619632
Ecuador,2013,989689,7096736,2967782,3139009,1613459
Ecuador,2014,1033562,7262151,2997617,3149462,1591873
Ecuador,2015,1079615,7435370,3025761,3161195,1563825
Ecuador,2016,1126135,7620584,3053650,3174454,1529857
Ecuador,2017,1173366,7818881,3082293,3187110,1497407
Ecuador,2018,1226133,8034786,3116303,3190368,1481451
Ecuador,2019,1283947,8251418,3146683,3182798,1474588
Ecuador,2020,1326117,8431949,3156237,3167033,1464049
Ecuador,2021,1355552,8583928,3148909,3142984,1450326
Ecuador,2022,1398464,8737652,3138920,3116864,1431214
Ecuador,2023,1454309,8895726,3133381,3092130,1403735
Egypt,1950,623659,8238561,4087017,4442568,3756338
Egypt,1951,655769,8424246,4120287,4559333,3846263
Egypt,1952,689743,8615815,4151362,4720845,3927154
Egypt,1953,725207,8816134,4174323,4915371,4013083
Egypt,1954,761262,9024003,4180850,5127389,4119035
Egypt,1955,797319,9233755,4171394,5357793,4234950
Egypt,1956,833335,9444283,4153571,5612933,4343203
Egypt,1957,869470,9660585,4137460,5888276,4438595
Egypt,1958,905377,9870827,4131149,6172751,4520189
Egypt,1959,941647,10081473,4156995,6454507,4592212
Egypt,1960,978773,10298560,4235610,6720701,4662804
Egypt,1961,1016390,10519810,4366479,6961355,4736828
Egypt,1962,1054318,10747379,4543188,7175672,4816397
Egypt,1963,1092255,10967907,4749753,7378613,4903266
Egypt,1964,1130266,11174399,4970213,7589320,4994646
Egypt,1965,1168454,11368264,5205472,7805961,5080943
Egypt,1966,1206701,11555698,5461296,8016740,5166035
Egypt,1967,1244828,11742958,5732760,8218493,5257260
Egypt,1968,1283051,11939571,6010852,8412580,5352204
Egypt,1969,1321566,12153863,6283474,8599505,5453149
Egypt,1970,1359989,12387453,6534572,8776700,5565213
Egypt,1971,1398312,12643520,6754476,8951321,5685680
Egypt,1972,1436997,12928549,6948141,9133089,5811493
Egypt,1973,1475818,13229356,7133089,9323826,5939897
Egypt,1974,1515046,13528477,7327867,9524539,6073677
Egypt,1975,1554738,13832039,7531208,9733603,6223675
Egypt,1976,1592950,14138518,7723912,9950424,6389687
Egypt,1977,1630465,14463226,7910328,10178958,6565842
Egypt,1978,1669023,14819981,8099425,10417156,6755798
Egypt,1979,1708629,15197671,8285763,10669279,6957244
Egypt,1980,1750326,15611186,8476529,10952604,7159721
Egypt,1981,1794147,16057837,8676389,11266147,7352653
Egypt,1982,1839955,16532106,8889510,11599496,7546478
Egypt,1983,1888778,17054434,9127031,11954278,7761783
Egypt,1984,1940119,17611736,9379699,12329707,7985938
Egypt,1985,1992860,18182462,9631272,12721110,8207100
Egypt,1986,2045754,18747907,9871546,13117755,8423155
Egypt,1987,2098935,19318082,10110975,13524207,8622076
Egypt,1988,2153166,19917220,10361282,13961871,8794001
Egypt,1989,2207796,20531733,10621822,14417717,8931455
Egypt,1990,2266208,21257988,10962415,14877572,9032337
Egypt,1991,2324729,21979765,11311710,15322067,9090635
Egypt,1992,2381280,22629246,11623841,15744298,9101911
Egypt,1993,2440143,23296761,11955316,16155563,9067816
Egypt,1994,2502077,23948914,12290673,16536655,9007196
Egypt,1995,2568154,24615831,12646442,16871836,8950282
Egypt,1996,2638694,25298198,13013688,17161547,8915844
Egypt,1997,2714055,25998303,13396284,17393943,8929078
Egypt,1998,2792843,26753533,13832993,17554288,9009566
Egypt,1999,2870578,27556086,14300964,17655843,9137404
Egypt,2000,2942141,28385012,14759090,17715913,9281050
Egypt,2001,3009415,29249795,15201752,17754857,9436130
Egypt,2002,3074519,30146079,15626660,17798651,9593140
Egypt,2003,3133576,31084521,16041238,17860615,9733506
Egypt,2004,3183139,32063124,16424832,17942314,9863932
Egypt,2005,3224592,33067704,16754652,18042139,10011823
Egypt,2006,3263397,34065021,17021231,18172189,10178458
Egypt,2007,3305165,35047532,17211699,18347570,10364146
Egypt,2008,3355303,36041266,17321544,18567728,10578831
Egypt,2009,3420020,37051847,17378286,18822762,10828598
Egypt,2010,3505158,38062912,17401628,19111274,11114971
Egypt,2011,3614679,39154311,17458209,19437599,11428139
Egypt,2012,3747524,40298321,17551032,19789761,11774230
Egypt,2013,3892095,41458750,17658629,20154406,12169536
Egypt,2014,4036140,42606655,17766920,20542636,12576167
Egypt,2015,4184233,43649195,17839043,20978910,12945811
Egypt,2016,4347204,44666249,17947702,21457224,13226064
Egypt,2017,4527944,45679808,18123317,21987917,13376926
Egypt,2018,4726230,46682901,18358796,22599032,13314987
Egypt,2019,4940337,47681249,18640728,23260022,13030674
Egypt,2020,5128022,48643767,18950883,23928631,12663667
Egypt,2021,5260237,49579137,19288822,24529024,12299644
Egypt,2022,5437542,50535301,19648678,25027788,11968818
Egypt,2023,5691952,51626979,20066912,25368371,11781443
El Salvador,1950,85754,745609,410461,568613,373074
El Salvador,1951,86106,758059,421665,580781,388694
El Salvador,1952,86426,770026,433818,592780,404906
El Salvador,1953,86776,781807,446484,605045,421869
El Salvador,1954,87166,794298,458969,620070,437325
El Salvador,1955,87641,808284,471139,639290,450242
El Salvador,1956,88204,823666,483101,660784,462423
El Salvador,1957,88853,840423,494886,683461,474892
El Salvador,1958,89595,857953,506358,707202,487561
El Salvador,1959,90471,876681,518159,731848,500382
El Salvador,1960,91512,897791,531118,757502,513527
El Salvador,1961,92704,921065,544711,784175,527367
El Salvador,1962,94784,946511,556008,808608,543298
El Salvador,1963,97782,973180,565297,830898,561520
El Salvador,1964,100945,999508,576924,853124,581391
El Salvador,1965,104269,1025276,591718,875047,603162
El Salvador,1966,107783,1050496,607948,899191,625541
El Salvador,1967,111432,1075378,624707,928659,645009
El Salvador,1968,115017,1100314,641833,963678,659921
El Salvador,1969,118358,1125699,659305,1003025,670089
El Salvador,1970,119360,1152757,679635,1042761,674267
El Salvador,1971,118382,1180620,703253,1078569,676686
El Salvador,1972,117752,1208347,728730,1110098,681885
El Salvador,1973,117424,1237578,755863,1138351,688834
El Salvador,1974,117204,1268588,783245,1164243,696373
El Salvador,1975,117075,1300886,810449,1185576,706441
El Salvador,1976,117564,1333951,837854,1203010,717912
El Salvador,1977,118641,1367870,866898,1218987,728842
El Salvador,1978,120056,1403023,897739,1233273,740014
El Salvador,1979,121358,1436798,927750,1244391,750069
El Salvador,1980,121892,1460511,951325,1249717,756914
El Salvador,1981,121799,1474364,966272,1248773,759376
El Salvador,1982,122309,1498896,982900,1254437,763917
El Salvador,1983,123683,1537657,1004107,1270150,771756
El Salvador,1984,125475,1581321,1025413,1288013,777765
El Salvador,1985,128035,1629292,1045267,1310179,781917
El Salvador,1986,131495,1679304,1063360,1334048,784551
El Salvador,1987,135356,1731604,1080331,1356456,788686
El Salvador,1988,139757,1783163,1094034,1381099,797765
El Salvador,1989,145273,1831938,1104520,1406978,810258
El Salvador,1990,151296,1879610,1114657,1430798,823359
El Salvador,1991,157568,1922928,1125667,1453389,835519
El Salvador,1992,164100,1961977,1139175,1476825,843525
El Salvador,1993,173452,2005071,1153241,1487525,840660
El Salvador,1994,185999,2051396,1164853,1483107,828776
El Salvador,1995,199369,2093522,1176925,1477166,815143
El Salvador,1996,213644,2132634,1187561,1470618,800817
El Salvador,1997,228769,2170927,1193733,1464195,786943
El Salvador,1998,244523,2207651,1195459,1459585,773558
El Salvador,1999,260747,2242374,1192835,1457564,760378
El Salvador,2000,277448,2274845,1186462,1457351,747250
El Salvador,2001,294601,2304998,1177615,1458071,732762
El Salvador,2002,312139,2332586,1168324,1458262,715306
El Salvador,2003,330170,2357063,1159716,1457816,693775
El Salvador,2004,348789,2377324,1152373,1456949,669131
El Salvador,2005,368094,2391999,1147545,1454328,643497
El Salvador,2006,387951,2400068,1146481,1448047,619637
El Salvador,2007,398811,2414272,1157055,1436680,602841
El Salvador,2008,400808,2437668,1179849,1417740,593064
El Salvador,2009,403567,2460140,1206890,1390888,586619
El Salvador,2010,407553,2482519,1235945,1358719,583333
El Salvador,2011,412817,2506265,1264755,1324060,582051
El Salvador,2012,418950,2533115,1291433,1290741,579566
El Salvador,2013,425796,2563630,1314724,1258133,576402
El Salvador,2014,433120,2596957,1332901,1225545,574280
El Salvador,2015,440807,2631999,1343593,1195910,571224
El Salvador,2016,449127,2669654,1345763,1171364,564769
El Salvador,2017,457830,2710122,1337974,1153001,554494
El Salvador,2018,466353,2752140,1319150,1140315,541736
El Salvador,2019,474439,2795814,1292171,1131899,527892
El Salvador,2020,480591,2847686,1264515,1126487,515312
El Salvador,2021,485530,2905828,1238107,1120240,506003
El Salvador,2022,493664,2965364,1212386,1108925,499909
El Salvador,2023,504727,3027183,1186969,1094735,495946
Equatorial Guinea,1950,12583,95128,39781,46692,32385
Equatorial Guinea,1951,12897,96161,40201,47365,34003
Equatorial Guinea,1952,13187,97208,40614,48088,35593
Equatorial Guinea,1953,13466,98289,41015,48874,37161
Equatorial Guinea,1954,13734,99402,41399,50189,38261
Equatorial Guinea,1955,13991,100552,41767,52050,38867
Equatorial Guinea,1956,14231,101737,42124,54015,39427
Equatorial Guinea,1957,14468,102972,42488,56010,39991
Equatorial Guinea,1958,14691,104231,42900,58014,40561
Equatorial Guinea,1959,14916,105518,43408,60021,41141
Equatorial Guinea,1960,15131,106864,44041,62027,41750
Equatorial Guinea,1961,15343,108313,44797,64047,42406
Equatorial Guinea,1962,15553,109878,45633,66104,43125
Equatorial Guinea,1963,15765,111543,46554,68181,43930
Equatorial Guinea,1964,15969,113321,47979,69853,44833
Equatorial Guinea,1965,16172,115195,49931,71101,45849
Equatorial Guinea,1966,16365,117176,51984,72350,46992
Equatorial Guinea,1967,16550,119279,54069,73657,48259
Equatorial Guinea,1968,16731,121365,56083,75038,49636
Equatorial Guinea,1969,16712,121881,57401,75867,50665
Equatorial Guinea,1970,16392,120106,57704,75659,50951
Equatorial Guinea,1971,15945,117228,57385,74739,50648
Equatorial Guinea,1972,15467,113902,56722,73429,49954
Equatorial Guinea,1973,14982,110399,55875,71997,49039
Equatorial Guinea,1974,14481,107233,54567,70616,48062
Equatorial Guinea,1975,13988,104448,52961,69371,47144
Equatorial Guinea,1976,13486,101556,51458,68255,46288
Equatorial Guinea,1977,13129,99616,50476,67746,45818
Equatorial Guinea,1978,13004,99219,50245,68125,45940
Equatorial Guinea,1979,13013,100075,50724,69416,46619
Equatorial Guinea,1980,13284,102888,52241,71996,48242
Equatorial Guinea,1981,13870,107722,54832,75897,50939
Equatorial Guinea,1982,14653,114018,58260,80847,54447
Equatorial Guinea,1983,15390,122355,62918,85052,57713
Equatorial Guinea,1984,15966,131946,68050,88105,60832
Equatorial Guinea,1985,16471,140884,72274,91234,64678
Equatorial Guinea,1986,16908,148844,75494,94474,69009
Equatorial Guinea,1987,17291,155875,77877,97846,73627
Equatorial Guinea,1988,17647,162403,79794,101410,78390
Equatorial Guinea,1989,17993,168822,81557,105556,82881
Equatorial Guinea,1990,18339,175275,83309,110580,86774
Equatorial Guinea,1991,18691,181824,85154,116348,90192
Equatorial Guinea,1992,19056,188546,87172,122682,93310
Equatorial Guinea,1993,19435,195468,89417,129410,96290
Equatorial Guinea,1994,19834,202721,91984,136381,99219
Equatorial Guinea,1995,20265,210394,94988,143493,102125
Equatorial Guinea,1996,20730,218531,98439,150722,105065
Equatorial Guinea,1997,21238,227208,102296,158065,108082
Equatorial Guinea,1998,21776,236451,106514,165518,111208
Equatorial Guinea,1999,22340,246262,111383,172757,114465
Equatorial Guinea,2000,23385,259866,119475,182133,118412
Equatorial Guinea,2001,25060,277423,130981,193128,123230
Equatorial Guinea,2002,27050,295914,143717,202670,128607
Equatorial Guinea,2003,29369,315379,157371,210954,134785
Equatorial Guinea,2004,32051,335907,171509,218313,142138
Equatorial Guinea,2005,34065,355054,183876,224188,150180
Equatorial Guinea,2006,35251,373128,194036,229460,158465
Equatorial Guinea,2007,36478,393011,203583,235958,167007
Equatorial Guinea,2008,37722,414852,212535,244070,175337
Equatorial Guinea,2009,38969,438919,220683,254081,183005
Equatorial Guinea,2010,40216,465229,227786,265453,190379
Equatorial Guinea,2011,41390,491960,233174,277567,197715
Equatorial Guinea,2012,42543,518566,237169,290515,204654
Equatorial Guinea,2013,43831,545931,240883,304411,211127
Equatorial Guinea,2014,45470,573406,244583,319236,217097
Equatorial Guinea,2015,47488,600467,248763,334635,222535
Equatorial Guinea,2016,49737,626907,253780,350284,227447
Equatorial Guinea,2017,52194,652598,259792,365835,231944
Equatorial Guinea,2018,54787,677601,267184,380658,236157
Equatorial Guinea,2019,57444,702025,276258,394267,240153
Equatorial Guinea,2020,59756,721824,284408,406720,243737
Equatorial Guinea,2021,61900,738913,292510,418529,246915
Equatorial Guinea,2022,64325,757007,302653,429724,249818
Equatorial Guinea,2023,66931,774256,313807,440110,252431
Eritrea,1950,26352,268508,158079,218453,143487
Eritrea,1951,26486,274267,162188,222494,141599
Eritrea,1952,26652,280286,166429,226478,140505
Eritrea,1953,26833,286613,170760,229699,140801
Eritrea,1954,27007,293331,175084,232555,142052
Eritrea,1955,27163,300453,179400,234393,144837
Eritrea,1956,27322,308001,183762,235041,149296
Eritrea,1957,27267,315528,188069,235589,152354
Eritrea,1958,27033,323035,192373,235969,154185
Eritrea,1959,27048,331381,197045,236830,158258
Eritrea,1960,27317,340565,201537,238647,164491
Eritrea,1961,27632,350160,205585,240932,171267
Eritrea,1962,27988,360199,209582,243403,178617
Eritrea,1963,28378,370611,212866,247491,185750
Eritrea,1964,28800,381265,215743,253469,192019
Eritrea,1965,29241,392106,217601,261461,197929
Eritrea,1966,29634,402984,218234,270935,203171
Eritrea,1967,30053,414124,219054,280743,208370
Eritrea,1968,30574,425781,220131,290991,214266
Eritrea,1969,31134,437840,221377,301486,220167
Eritrea,1970,31750,449834,223234,312373,226265
Eritrea,1971,32424,461739,225604,323864,232529
Eritrea,1972,33119,473865,228179,335948,238137
Eritrea,1973,33834,485520,232217,347888,243219
Eritrea,1974,34530,496636,237864,358816,247841
Eritrea,1975,35218,506522,245196,369187,252094
Eritrea,1976,36098,515787,254064,379797,258065
Eritrea,1977,37170,525858,263376,390331,265831
Eritrea,1978,38323,536431,272999,400629,274001
Eritrea,1979,39548,547447,282891,411112,282338
Eritrea,1980,40857,558934,293224,422325,290461
Eritrea,1981,42254,570750,304176,434561,298205
Eritrea,1982,43707,582713,315694,447220,306130
Eritrea,1983,44855,594429,326837,459000,311043
Eritrea,1984,45714,606261,336794,469974,312994
Eritrea,1985,46678,618384,346031,480878,315843
Eritrea,1986,47791,630843,355141,491592,319802
Eritrea,1987,49359,644284,363888,502672,328469
Eritrea,1988,51369,658503,372360,514033,341999
Eritrea,1989,53415,671965,380534,525527,355579
Eritrea,1990,55498,683450,388307,537828,367665
Eritrea,1991,53329,642585,367260,508296,348104
Eritrea,1992,50981,598519,344466,479377,325408
Eritrea,1993,53486,618320,357585,495092,331529
Eritrea,1994,56014,637914,370157,511110,338718
Eritrea,1995,59882,687251,398007,530049,350061
Eritrea,1996,63479,731570,419882,548529,364971
Eritrea,1997,65207,730619,414786,563937,377575
Eritrea,1998,67229,731968,412385,581218,387613
Eritrea,1999,69128,735857,413629,600145,394019
Eritrea,2000,71175,741604,417763,618838,397654
Eritrea,2001,74412,765036,433020,640728,398880
Eritrea,2002,78109,797239,454376,663671,399574
Eritrea,2003,82305,840448,481855,683758,405518
Eritrea,2004,86541,885676,508635,701601,415806
Eritrea,2005,89785,907708,520882,716124,426696
Eritrea,2006,92737,917788,526871,729247,436844
Eritrea,2007,95846,925596,533961,742937,444880
Eritrea,2008,99929,951504,553303,759636,451954
Eritrea,2009,104109,976756,572983,776720,457316
Eritrea,2010,107803,995421,588175,793601,460182
Eritrea,2011,111316,1013709,604613,806651,462203
Eritrea,2012,114618,1025403,617942,815583,463452
Eritrea,2013,117622,1037741,628938,825570,464494
Eritrea,2014,120193,1040962,634174,836725,463114
Eritrea,2015,122135,1038674,637145,848212,459387
Eritrea,2016,123862,1041542,644461,859807,455027
Eritrea,2017,126047,1048089,655815,869700,450700
Eritrea,2018,128803,1064341,674427,877291,447901
Eritrea,2019,131804,1085060,695139,881677,446515
Eritrea,2020,134652,1109678,717183,882621,447142
Eritrea,2021,137381,1142984,737323,882165,450330
Eritrea,2022,140335,1179737,752837,881401,455141
Eritrea,2023,144058,1215838,768237,881144,461114
Estonia,1950,116402,511065,194470,189023,91080
Estonia,1951,116699,521342,198296,185595,94247
Estonia,1952,117055,532354,201098,181976,97370
Estonia,1953,117478,543752,202994,178128,100262
Estonia,1954,117946,554962,203867,177351,100658
Estonia,1955,118488,565822,203688,178886,99969
Estonia,1956,119130,576255,202844,180007,99905
Estonia,1957,119880,586125,201686,182202,98864
Estonia,1958,124418,603917,194266,180680,97103
Estonia,1959,129068,619295,185272,180485,95798
Estonia,1960,130686,625429,181987,186599,95740
Estonia,1961,132797,633518,180831,191456,96545
Estonia,1962,134463,643145,180378,193798,97831
Estonia,1963,136611,652937,180510,195164,98515
Estonia,1964,139786,662000,182249,195751,98536
Estonia,1965,143366,670022,184736,196660,98000
Estonia,1966,146700,678766,186287,197850,96820
Estonia,1967,150138,686976,188215,199140,95568
Estonia,1968,153999,691631,192364,200874,95417
Estonia,1969,157382,694993,197823,202388,96087
Estonia,1970,160204,696958,204222,202969,97495
Estonia,1971,163242,698801,209473,202730,100251
Estonia,1972,166566,702436,212711,202149,103324
Estonia,1973,169468,707570,215205,201656,105413
Estonia,1974,172396,714283,217059,201036,106744
Estonia,1975,175378,720645,219269,200716,107462
Estonia,1976,177832,726529,221199,201681,107590
Estonia,1977,180261,733002,221955,203402,107912
Estonia,1978,182301,740038,221769,205506,108577
Estonia,1979,183697,746988,220423,207888,108984
Estonia,1980,184035,754463,218148,210666,109112
Estonia,1981,182395,763334,216070,213788,109714
Estonia,1982,179483,772916,214723,217143,110602
Estonia,1983,177539,781792,213997,219609,112265
Estonia,1984,176137,790201,214120,220417,114692
Estonia,1985,174190,799043,214544,220825,116630
Estonia,1986,173872,807051,214771,221806,118044
Estonia,1987,175197,814002,215074,223149,119787
Estonia,1988,177189,819705,215525,225361,121271
Estonia,1989,179808,822796,215559,227901,121477
Estonia,1990,182344,822675,215697,229438,120106
Estonia,1991,185044,818708,215471,229890,116217
Estonia,1992,188050,804215,211938,227152,108810
Estonia,1993,190925,783877,207066,223216,99215
Estonia,1994,193481,767855,203406,221382,89549
Estonia,1995,196283,755322,200426,219787,80914
Estonia,1996,199683,745832,198449,216225,74420
Estonia,1997,203456,739390,197702,211480,69419
Estonia,1998,206152,735240,198766,205355,65644
Estonia,1999,207461,737978,200032,194455,63600
Estonia,2000,209401,741050,200185,183495,62810
Estonia,2001,212162,737935,199915,175590,62505
Estonia,2002,215781,733995,199970,166960,62660
Estonia,2003,219620,729518,200735,157340,63560
Estonia,2004,223253,725125,201510,147815,64900
Estonia,2005,226498,721170,201090,139730,66280
Estonia,2006,229982,716680,198680,133565,67895
Estonia,2007,232825,713425,195235,128870,70265
Estonia,2008,233129,714365,190440,125965,73085
Estonia,2009,232545,717330,183900,125150,75505
Estonia,2010,232106,719560,176820,125610,77250
Estonia,2011,233133,720031,169242,126836,78014
Estonia,2012,236144,719378,160763,129167,77048
Estonia,2013,239721,719058,151593,132525,74902
Estonia,2014,243854,719017,142648,136119,72693
Estonia,2015,248184,719368,136382,139361,71159
Estonia,2016,252339,718680,132180,142131,70396
Estonia,2017,256354,718192,128349,144306,70112
Estonia,2018,259981,719201,126342,145939,70387
Estonia,2019,263864,718823,125944,147077,70984
Estonia,2020,268455,715704,126797,147793,70782
Estonia,2021,271949,712307,129155,148257,69905
Estonia,2022,278306,718616,133787,149922,69240
Estonia,2023,285677,724096,138843,151197,67121
Eswatini,1950,7291,95739,51405,68060,49174
Eswatini,1951,7576,97349,52247,69972,51475
Eswatini,1952,7857,98951,53170,72063,53595
Eswatini,1953,8138,100556,54147,74276,55625
Eswatini,1954,8417,102145,55145,76977,57258
Eswatini,1955,8693,103704,56148,80258,58420
Eswatini,1956,8964,105248,57194,83684,59529
Eswatini,1957,9233,106772,58302,87123,60701
Eswatini,1958,9501,108269,59499,90548,61952
Eswatini,1959,9770,109721,60819,93929,63283
Eswatini,1960,10032,111078,62290,97245,64695
Eswatini,1961,10287,112376,63929,100481,66191
Eswatini,1962,10551,113670,65732,103649,67774
Eswatini,1963,10814,114988,67688,106836,69442
Eswatini,1964,11069,116455,70211,109747,71177
Eswatini,1965,11336,118207,73450,112329,73019
Eswatini,1966,11624,120223,76914,114965,75048
Eswatini,1967,11935,122643,80152,117439,76875
Eswatini,1968,12274,125484,83048,119789,78559
Eswatini,1969,12641,128533,85752,122324,80634
Eswatini,1970,13031,131816,88246,124953,83177
Eswatini,1971,13435,135358,90542,127632,86225
Eswatini,1972,13849,139141,92679,130481,89641
Eswatini,1973,14276,143077,94787,133658,93244
Eswatini,1974,14717,147468,96616,137233,96969
Eswatini,1975,15162,152360,98127,141210,100817
Eswatini,1976,15626,157421,99800,145643,104849
Eswatini,1977,16095,162452,102005,150739,109062
Eswatini,1978,16567,167405,104739,156391,113345
Eswatini,1979,17049,172380,107770,162417,117594
Eswatini,1980,17535,177396,111003,168975,121748
Eswatini,1981,18030,182487,114377,176111,125811
Eswatini,1982,18522,187703,117973,183642,129816
Eswatini,1983,18980,193084,121926,191341,133626
Eswatini,1984,19424,198679,126222,199125,137339
Eswatini,1985,19873,205349,131525,207476,141983
Eswatini,1986,20299,213349,137820,216361,146909
Eswatini,1987,20704,222308,144480,225371,150950
Eswatini,1988,21097,235666,153399,235059,154585
Eswatini,1989,21478,250567,162806,245329,157631
Eswatini,1990,21844,263818,171124,255444,160205
Eswatini,1991,22202,277993,180010,265133,162854
Eswatini,1992,22548,292221,188793,274253,165608
Eswatini,1993,22878,302754,195335,282421,167937
Eswatini,1994,23144,297741,193696,288850,167788
Eswatini,1995,23365,292884,193764,295047,165375
Eswatini,1996,23574,300153,202008,301702,162409
Eswatini,1997,23832,307875,210086,307004,157850
Eswatini,1998,24125,315960,217518,308964,153089
Eswatini,1999,24468,323690,224745,307720,150161
Eswatini,2000,24862,331096,231411,304752,149305
Eswatini,2001,25324,337999,236910,300890,149941
Eswatini,2002,25895,344301,241169,297595,150493
Eswatini,2003,26594,349934,244275,295217,150683
Eswatini,2004,27414,354849,246676,293474,150752
Eswatini,2005,28332,358999,248720,292107,150860
Eswatini,2006,29271,362708,250417,290719,151325
Eswatini,2007,30107,367971,252130,288101,152399
Eswatini,2008,30883,375842,253651,284344,153373
Eswatini,2009,31752,384731,254249,281118,153302
Eswatini,2010,32843,393577,253894,279058,152272
Eswatini,2011,34104,402406,252611,277923,150795
Eswatini,2012,35338,411181,250602,277665,149077
Eswatini,2013,36484,419950,248499,277692,147368
Eswatini,2014,37666,428994,246745,276735,146159
Eswatini,2015,38814,438070,245584,274849,145499
Eswatini,2016,39944,446720,244696,273168,144980
Eswatini,2017,41414,456020,244043,272384,144327
Eswatini,2018,43087,466529,243671,272048,143587
Eswatini,2019,44781,477535,243216,271531,142813
Eswatini,2020,46212,489053,243747,271287,142425
Eswatini,2021,47333,500078,245499,271205,142476
Eswatini,2022,48938,508918,247228,271374,142457
Eswatini,2023,51022,516812,248367,272148,142151
Ethiopia,1950,531838,6055666,3341745,4559318,3181843
Ethiopia,1951,540775,6193085,3419430,4682289,3153471
Ethiopia,1952,549362,6333339,3499954,4807229,3136281
Ethiopia,1953,557536,6473681,3581058,4922577,3139913
Ethiopia,1954,565607,6616179,3662189,5027888,3166168
Ethiopia,1955,573762,6763693,3744829,5107413,3230069
Ethiopia,1956,582226,6915785,3830058,5164502,3326313
Ethiopia,1957,586976,7062039,3916270,5217794,3390668
Ethiopia,1958,587735,7198869,4002720,5264856,3426098
Ethiopia,1959,593071,7353764,4100209,5321502,3509552
Ethiopia,1960,603076,7532305,4212642,5385076,3643588
Ethiopia,1961,613262,7721518,4332621,5442893,3795804
Ethiopia,1962,623183,7921445,4455398,5499331,3965763
Ethiopia,1963,633841,8128600,4569523,5582349,4137318
Ethiopia,1964,647341,8338974,4673929,5708070,4298220
Ethiopia,1965,664161,8552838,4754386,5883641,4455572
Ethiopia,1966,682423,8765611,4811278,6092677,4600680
Ethiopia,1967,704075,8983114,4870944,6312941,4749189
Ethiopia,1968,729780,9212441,4934422,6547657,4913610
Ethiopia,1969,755796,9449211,4998086,6792952,5076506
Ethiopia,1970,781292,9695432,5059279,7051076,5242032
Ethiopia,1971,806315,9944886,5111188,7327245,5410458
Ethiopia,1972,829969,10195556,5159489,7622156,5567421
Ethiopia,1973,852698,10444095,5234493,7917858,5717627
Ethiopia,1974,873808,10681293,5348093,8193947,5860119
Ethiopia,1975,892671,10880038,5500276,8456465,5993792
Ethiopia,1976,913685,11055856,5683255,8721729,6159894
Ethiopia,1977,930564,11166074,5839339,8918033,6313256
Ethiopia,1978,945016,11258313,5991750,9081360,6458151
Ethiopia,1979,957534,11331218,6135561,9220900,6593429
Ethiopia,1980,961429,11298157,6226829,9279726,6662359
Ethiopia,1981,984404,11484667,6450022,9533152,6851748
Ethiopia,1982,1021610,11843657,6781886,9921039,7133073
Ethiopia,1983,1043991,12124495,7064081,10220242,7287964
Ethiopia,1984,1060396,12440818,7334901,10513621,7385920
Ethiopia,1985,1082528,12803414,7604716,10824691,7526703
Ethiopia,1986,1110467,13193579,7872355,11148040,7713149
Ethiopia,1987,1150361,13646739,8149025,11489125,8024736
Ethiopia,1988,1203476,14181634,8446225,11854811,8464642
Ethiopia,1989,1255219,14732126,8738658,12235108,8918538
Ethiopia,1990,1302903,15276987,9027747,12645371,9356724
Ethiopia,1991,1367773,15981349,9407462,13150256,9810335
Ethiopia,1992,1430853,16693225,9777269,13703574,10248807
Ethiopia,1993,1475251,17269960,10065770,14244671,10653214
Ethiopia,1994,1519707,17852040,10366691,14812773,11060275
Ethiopia,1995,1554746,18432337,10682618,15412098,11455519
Ethiopia,1996,1585187,18999584,10997761,16050777,11834317
Ethiopia,1997,1624926,19550985,11291237,16749047,12188339
Ethiopia,1998,1669898,20099925,11574248,17510496,12508948
Ethiopia,1999,1713544,20663212,11882584,18303090,12812123
Ethiopia,2000,1762244,21239260,12221500,19085968,13102507
Ethiopia,2001,1817429,21839528,12602280,19845967,13382533
Ethiopia,2002,1873500,22472683,13047700,20581406,13660185
Ethiopia,2003,1932802,23132801,13537703,21296495,13932803
Ethiopia,2004,1996140,23817542,14057195,22007136,14199131
Ethiopia,2005,2064225,24518161,14611828,22705774,14467407
Ethiopia,2006,2136472,25234627,15218137,23390853,14723310
Ethiopia,2007,2212290,25973630,15902193,24065221,14949778
Ethiopia,2008,2293904,26727738,16657336,24717141,15147444
Ethiopia,2009,2384082,27524078,17449155,25354776,15295440
Ethiopia,2010,2483787,28415001,18254637,25993859,15391117
Ethiopia,2011,2592552,29415156,19058558,26618598,15464966
Ethiopia,2012,2708500,30513953,19843867,27210636,15521630
Ethiopia,2013,2824724,31681376,20602861,27767389,15562190
Ethiopia,2014,2940479,32911218,21354378,28267893,15641419
Ethiopia,2015,3048334,34217550,22092070,28714147,15794798
Ethiopia,2016,3151587,35607070,22816692,29121180,16021380
Ethiopia,2017,3264804,37068567,23525529,29475202,16332113
Ethiopia,2018,3386304,38568405,24190876,29777609,16740693
Ethiopia,2019,3516069,40102592,24827300,30063268,17227901
Ethiopia,2020,3649401,41697817,25467115,30364782,17738316
Ethiopia,2021,3778280,43333987,26091533,30708999,18225576
Ethiopia,2022,3917327,45005657,26676261,31111449,18673390
Ethiopia,2023,4081005,46721691,27228489,31593775,19066529
Europe (UN),1950,43316913,262730810,96732071,93597906,52484889
Europe (UN),1951,44101667,266476466,96635213,92439921,54176165
Europe (UN),1952,44846920,270424783,96597297,91972242,54943143
Europe (UN),1953,45765883,274653459,96596611,91662451,55459737
Europe (UN),1954,46679047,278899049,96550389,91962494,55647816
Europe (UN),1955,47504324,283008667,96351948,92803862,55769558
Europe (UN),1956,48382240,286725169,95963578,94015712,56064482
Europe (UN),1957,49369113,290025826,95113088,96214081,56460295
Europe (UN),1958,50512846,292771518,93973590,99436490,56920214
Europe (UN),1959,51654736,295155903,93025443,102836867,57141807
Europe (UN),1960,52837259,297937311,91779504,106057531,57200133
Europe (UN),1961,54190819,301149260,90893724,108304230,57318189
Europe (UN),1962,55473913,304811290,90758467,109453785,57312630
Europe (UN),1963,56741197,308492773,90852247,110322358,57178697
Europe (UN),1964,58170601,311919251,91251533,110922685,56885169
Europe (UN),1965,59911452,314877330,91900703,111457386,56260028
Europe (UN),1966,61700904,317058065,93058324,112103800,55486087
Europe (UN),1967,63461716,318143569,95097243,112596646,54797513
Europe (UN),1968,65263377,318246340,97954621,112995739,54147215
Europe (UN),1969,66995185,318338545,101153438,113206405,53438404
Europe (UN),1970,68716625,318317252,104350107,112698826,52908455
Europe (UN),1971,70445324,319071676,106799959,111980036,52651482
Europe (UN),1972,72298782,321240507,108171891,111392771,52409341
Europe (UN),1973,74126756,323701129,109225523,110690961,52046747
Europe (UN),1974,75985451,326284532,109942124,109807847,51712336
Europe (UN),1975,77858477,328761799,110455177,108774588,51419884
Europe (UN),1976,79637660,331154301,111048163,107789924,51016479
Europe (UN),1977,81501841,333492722,111629011,106898018,50567359
Europe (UN),1978,83336067,335818965,112195587,105897328,50173993
Europe (UN),1979,84888512,338455980,112553334,104938907,49896818
Europe (UN),1980,85753036,341900845,112549478,104257267,49804971
Europe (UN),1981,85544744,346281420,112399015,103698929,49655731
Europe (UN),1982,84741442,351086720,112078349,103046167,49484056
Europe (UN),1983,83959513,355904862,111520912,102349909,49527432
Europe (UN),1984,83710468,360331714,110739038,101782707,49529635
Europe (UN),1985,84311061,364063616,109800879,101389220,49357448
Europe (UN),1986,85438095,367378703,108896647,100882656,49377413
Europe (UN),1987,86778412,370550794,108023104,100288709,49507194
Europe (UN),1988,88358124,373417786,107077705,100111978,49388068
Europe (UN),1989,90060679,376073011,106133926,100068561,49065142
Europe (UN),1990,91846513,378497653,105332025,99915504,48523557
Europe (UN),1991,93770780,380526528,104734006,99854012,47573006
Europe (UN),1992,95731619,381891648,103994131,99757873,46214939
Europe (UN),1993,97645050,382813061,103213050,99632006,44674838
Europe (UN),1994,99790494,383836449,102679260,99438126,43110670
Europe (UN),1995,101548694,385005276,102283870,98937237,41573574
Europe (UN),1996,102825569,386295153,101875097,98197105,40142396
Europe (UN),1997,104186938,387566173,101558659,97112567,38963583
Europe (UN),1998,105201543,388833946,101387702,95337766,38063304
Europe (UN),1999,105965356,390327764,101242807,93234628,37404736
Europe (UN),2000,107033935,391789011,101283991,91067575,36944174
Europe (UN),2001,108516065,392901751,101512625,88654989,36602998
Europe (UN),2002,110329444,394048171,101952347,86283360,36460552
Europe (UN),2003,112240467,395254407,102189572,84080063,36556811
Europe (UN),2004,114162239,396406355,101916424,81924139,36779232
Europe (UN),2005,115955656,397751780,101295746,79939410,37042502
Europe (UN),2006,117445697,399244026,100388789,78236007,37304048
Europe (UN),2007,118451117,401441897,99267348,76930363,37735384
Europe (UN),2008,118868732,404357574,97769111,76118207,38360936
Europe (UN),2009,119192504,407009010,95985686,75656983,39011307
Europe (UN),2010,119573346,409393767,94125846,75402638,39563969
Europe (UN),2011,120607414,411280470,91988635,75374471,40016955
Europe (UN),2012,122638758,412297611,89510513,75602812,40311484
Europe (UN),2013,124918970,412923521,87054203,76109507,40360601
Europe (UN),2014,127469784,413126712,84797870,76838225,40297762
Europe (UN),2015,130191466,413202140,82822656,77623883,40285121
Europe (UN),2016,132741610,413158856,81287188,78438171,40269366
Europe (UN),2017,135315698,412628297,80044225,79354998,39981232
Europe (UN),2018,137860252,411814700,79199950,80190876,39395580
Europe (UN),2019,140497023,410633991,78752386,80875581,38636430
Europe (UN),2020,142869998,408931430,78459683,81443158,37697588
Europe (UN),2021,144770985,406861611,78358850,81852367,36632100
Europe (UN),2022,146866194,404181172,78466200,81783244,35517650
Europe (UN),2023,149615700,401446990,78753911,81168883,34455189
Falkland Islands,1950,181,798,358,565,312
Falkland Islands,1951,173,928,376,506,248
Falkland Islands,1952,161,1054,384,425,210
Falkland Islands,1953,159,1121,390,368,194
Falkland Islands,1954,150,1124,392,349,191
Falkland Islands,1955,149,1129,396,342,190
Falkland Islands,1956,150,1138,394,334,194
Falkland Islands,1957,150,1152,394,326,199
Falkland Islands,1958,148,1169,391,322,206
Falkland Islands,1959,151,1190,385,321,216
Falkland Islands,1960,152,1206,379,320,227
Falkland Islands,1961,157,1223,369,323,237
Falkland Islands,1962,165,1235,350,338,242
Falkland Islands,1963,166,1241,332,348,238
Falkland Islands,1964,170,1246,320,353,233
Falkland Islands,1965,174,1245,312,359,225
Falkland Islands,1966,180,1243,308,364,221
Falkland Islands,1967,188,1234,307,363,216
Falkland Islands,1968,192,1221,313,357,217
Falkland Islands,1969,202,1207,316,356,218
Falkland Islands,1970,205,1197,311,363,222
Falkland Islands,1971,207,1186,302,372,228
Falkland Islands,1972,213,1178,294,384,229
Falkland Islands,1973,218,1178,284,396,226
Falkland Islands,1974,226,1178,282,401,222
Falkland Islands,1975,233,1177,286,402,218
Falkland Islands,1976,236,1176,290,408,210
Falkland Islands,1977,236,1173,290,415,200
Falkland Islands,1978,240,1171,286,415,192
Falkland Islands,1979,243,1160,285,415,181
Falkland Islands,1980,247,1145,292,418,169
Falkland Islands,1981,246,1136,310,417,159
Falkland Islands,1982,246,1127,334,411,152
Falkland Islands,1983,245,1117,357,402,147
Falkland Islands,1984,245,1118,372,386,144
Falkland Islands,1985,245,1115,385,368,146
Falkland Islands,1986,243,1119,397,352,150
Falkland Islands,1987,242,1144,406,341,147
Falkland Islands,1988,241,1183,410,331,143
Falkland Islands,1989,241,1221,410,325,142
Falkland Islands,1990,243,1259,408,317,141
Falkland Islands,1991,241,1307,418,309,142
Falkland Islands,1992,245,1374,438,300,146
Falkland Islands,1993,246,1459,448,293,150
Falkland Islands,1994,248,1554,441,293,151
Falkland Islands,1995,248,1671,421,296,153
Falkland Islands,1996,251,1761,404,300,155
Falkland Islands,1997,248,1819,399,303,160
Falkland Islands,1998,254,1866,398,310,167
Falkland Islands,1999,259,1912,396,317,171
Falkland Islands,2000,267,1965,388,328,171
Falkland Islands,2001,275,2003,379,337,173
Falkland Islands,2002,292,2008,370,341,182
Falkland Islands,2003,303,2008,366,347,188
Falkland Islands,2004,316,2003,367,352,192
Falkland Islands,2005,328,1991,374,360,189
Falkland Islands,2006,343,1983,377,367,184
Falkland Islands,2007,353,1967,375,370,184
Falkland Islands,2008,364,1949,370,373,188
Falkland Islands,2009,372,1932,364,376,189
Falkland Islands,2010,376,1915,359,381,187
Falkland Islands,2011,376,1902,360,387,180
Falkland Islands,2012,374,1913,368,390,178
Falkland Islands,2013,381,1955,377,394,184
Falkland Islands,2014,387,2002,380,398,195
Falkland Islands,2015,385,2056,381,406,204
Falkland Islands,2016,381,2111,379,416,212
Falkland Islands,2017,384,2148,383,414,212
Falkland Islands,2018,388,2170,380,405,206
Falkland Islands,2019,385,2197,370,395,194
Falkland Islands,2020,385,2223,361,392,176
Falkland Islands,2021,393,2224,347,390,170
Falkland Islands,2022,402,2216,332,389,176
Falkland Islands,2023,413,2197,319,387,182
Faroe Islands,1950,2398,13760,5160,6397,3974
Faroe Islands,1951,2410,13910,5066,6578,3965
Faroe Islands,1952,2424,14034,4931,6723,3925
Faroe Islands,1953,2438,14128,4794,6832,3873
Faroe Islands,1954,2459,14198,4674,6945,3816
Faroe Islands,1955,2490,14247,4594,7055,3751
Faroe Islands,1956,2518,14331,4634,7154,3712
Faroe Islands,1957,2544,14470,4782,7231,3723
Faroe Islands,1958,2593,14603,4949,7273,3777
Faroe Islands,1959,2650,14744,5138,7293,3851
Faroe Islands,1960,2714,14875,5345,7313,3903
Faroe Islands,1961,2782,14982,5564,7337,3915
Faroe Islands,1962,2849,15085,5772,7362,3920
Faroe Islands,1963,2917,15200,5961,7385,3949
Faroe Islands,1964,2985,15341,6127,7402,4011
Faroe Islands,1965,3060,15501,6276,7415,4120
Faroe Islands,1966,3125,15672,6379,7429,4235
Faroe Islands,1967,3176,15874,6401,7459,4315
Faroe Islands,1968,3222,16104,6358,7531,4371
Faroe Islands,1969,3270,16344,6290,7632,4393
Faroe Islands,1970,3328,16582,6273,7757,4353
Faroe Islands,1971,3394,16820,6359,7899,4251
Faroe Islands,1972,3469,17073,6480,8049,4128
Faroe Islands,1973,3548,17326,6574,8181,4030
Faroe Islands,1974,3636,17600,6637,8283,3978
Faroe Islands,1975,3729,17877,6679,8345,3961
Faroe Islands,1976,3833,18157,6728,8372,3954
Faroe Islands,1977,3944,18428,6812,8367,3936
Faroe Islands,1978,4074,18707,6967,8344,3897
Faroe Islands,1979,4219,18993,7153,8329,3850
Faroe Islands,1980,4364,19281,7339,8300,3808
Faroe Islands,1981,4523,19575,7537,8226,3792
Faroe Islands,1982,4682,19879,7729,8116,3787
Faroe Islands,1983,4836,20209,7874,8032,3744
Faroe Islands,1984,4998,20553,7964,7988,3665
Faroe Islands,1985,5136,20854,8037,7959,3613
Faroe Islands,1986,5258,21128,8111,7925,3605
Faroe Islands,1987,5364,21458,8154,7867,3642
Faroe Islands,1988,5468,21836,8159,7743,3773
Faroe Islands,1989,5565,22210,8165,7609,3986
Faroe Islands,1990,5646,22362,7931,7436,4148
Faroe Islands,1991,5718,22300,7393,7254,4173
Faroe Islands,1992,5793,22174,6846,7129,4100
Faroe Islands,1993,5863,21920,6389,7044,3942
Faroe Islands,1994,5910,21530,6074,6975,3704
Faroe Islands,1995,5969,21350,6039,6989,3514
Faroe Islands,1996,6046,21476,6164,7086,3429
Faroe Islands,1997,6111,21669,6217,7173,3395
Faroe Islands,1998,6143,21935,6168,7292,3380
Faroe Islands,1999,6153,22222,6096,7404,3365
Faroe Islands,2000,6180,22544,6100,7475,3385
Faroe Islands,2001,6218,22919,6162,7536,3423
Faroe Islands,2002,6275,23281,6236,7603,3453
Faroe Islands,2003,6338,23638,6331,7641,3495
Faroe Islands,2004,6384,24008,6478,7625,3542
Faroe Islands,2005,6457,24230,6627,7513,3555
Faroe Islands,2006,6554,24286,6708,7336,3564
Faroe Islands,2007,6680,24296,6737,7222,3557
Faroe Islands,2008,6850,24216,6743,7206,3508
Faroe Islands,2009,7010,24086,6754,7226,3433
Faroe Islands,2010,7159,23847,6728,7155,3297
Faroe Islands,2011,7340,23713,6638,7071,3189
Faroe Islands,2012,7544,23757,6578,7070,3155
Faroe Islands,2013,7766,23781,6518,7088,3136
Faroe Islands,2014,8018,23749,6471,7118,3153
Faroe Islands,2015,8263,23842,6503,7109,3191
Faroe Islands,2016,8489,24131,6554,7109,3262
Faroe Islands,2017,8695,24460,6573,7144,3388
Faroe Islands,2018,8880,24872,6605,7185,3513
Faroe Islands,2019,9071,25295,6672,7235,3590
Faroe Islands,2020,9308,25647,6740,7272,3645
Faroe Islands,2021,9513,25990,6822,7332,3664
Faroe Islands,2022,9617,26313,7062,7409,3633
Faroe Islands,2023,9701,26578,7419,7445,3589
Fiji,1950,19164,97438,56016,81237,55668
Fiji,1951,18348,99074,57934,83873,56906
Fiji,1952,17555,100931,59916,86765,58208
Fiji,1953,16797,103050,61974,89797,59607
Fiji,1954,16100,105439,64134,92886,61194
Fiji,1955,15509,108109,66386,95798,63282
Fiji,1956,15030,111037,68725,98646,65780
Fiji,1957,14650,114170,71111,101711,68281
Fiji,1958,14338,117519,73471,104978,70772
Fiji,1959,14044,121120,75791,108518,73294
Fiji,1960,13766,124936,78199,112263,75735
Fiji,1961,13537,128943,80881,116055,78002
Fiji,1962,13364,133173,83811,119926,80275
Fiji,1963,13236,137651,86878,123954,82567
Fiji,1964,13158,142374,89981,128209,84609
Fiji,1965,13141,147350,92886,132849,86355
Fiji,1966,13183,152483,95638,137556,87632
Fiji,1967,13245,157346,98291,141959,88037
Fiji,1968,13356,161883,100877,146140,87749
Fiji,1969,13510,166371,103666,149959,87295
Fiji,1970,13697,170938,106596,153173,86789
Fiji,1971,13932,175757,109513,155766,86159
Fiji,1972,14214,180754,112469,157710,85356
Fiji,1973,14488,185797,115548,158998,84398
Fiji,1974,14776,190814,118785,159696,83424
Fiji,1975,15149,195642,122341,159869,82914
Fiji,1976,15582,200636,126181,159711,83426
Fiji,1977,16084,206493,130453,159419,85355
Fiji,1978,16698,212991,135036,158906,88464
Fiji,1979,17332,219720,139345,158391,92082
Fiji,1980,17953,226717,143127,158556,95626
Fiji,1981,18554,234058,146363,159709,98784
Fiji,1982,19110,241797,149040,161685,101785
Fiji,1983,19675,249994,151124,164387,104663
Fiji,1984,20264,258670,152731,167767,107289
Fiji,1985,20865,267773,153903,171792,109432
Fiji,1986,21590,276702,154271,176269,110485
Fiji,1987,22118,284291,153352,180430,110355
Fiji,1988,22383,290901,151520,184306,109595
Fiji,1989,22665,297305,149588,188203,108567
Fiji,1990,22915,303265,148213,191213,107717
Fiji,1991,23141,308785,147669,192920,107148
Fiji,1992,23397,313859,147785,193869,106436
Fiji,1993,23679,318486,148499,194282,105429
Fiji,1994,24004,322741,149755,194103,104173
Fiji,1995,24372,326621,151522,193449,102783
Fiji,1996,24818,330621,154086,192646,101613
Fiji,1997,25573,335795,157803,191980,100988
Fiji,1998,26622,341627,162241,191145,100617
Fiji,1999,27758,347288,166660,189943,100180
Fiji,2000,28908,353217,170202,188966,99614
Fiji,2001,30044,359659,172489,188459,98950
Fiji,2002,31121,366363,174057,187917,98595
Fiji,2003,32196,373228,175113,187074,98683
Fiji,2004,33360,380319,175614,186036,99033
Fiji,2005,34589,387614,175723,184860,99594
Fiji,2006,35884,395060,175476,183691,100255
Fiji,2007,37242,402483,174717,182689,100709
Fiji,2008,38523,408985,173363,181568,100961
Fiji,2009,39709,414526,171617,180386,101006
Fiji,2010,40991,419460,170014,179369,100589
Fiji,2011,42460,423637,168795,178497,99599
Fiji,2012,43863,427318,167469,178073,98193
Fiji,2013,45220,430676,165715,177970,96775
Fiji,2014,46637,433896,163649,177874,95531
Fiji,2015,47848,437172,161378,177733,94450
Fiji,2016,48983,440397,159051,177283,93451
Fiji,2017,50323,443054,156895,176250,92238
Fiji,2018,51771,444976,155008,174820,90608
Fiji,2019,53258,446343,153435,173185,88682
Fiji,2020,54787,448552,152646,172144,86840
Fiji,2021,55957,451384,152621,171526,85228
Fiji,2022,57094,454324,153307,170884,83818
Fiji,2023,58622,457745,154703,170424,82655
Finland,1950,266064,1908076,641381,692337,500547
Finland,1951,269742,1923149,635288,723860,495602
Finland,1952,275737,1941343,631540,759657,482550
Finland,1953,281852,1963338,631763,793821,468980
Finland,1954,287457,1987169,633605,823539,455477
Finland,1955,292502,2012092,630864,853955,445776
Finland,1956,298370,2034169,635177,873600,440606
Finland,1957,304492,2051506,640133,892580,435471
Finland,1958,309596,2064931,641469,916694,427181
Finland,1959,315708,2076502,652156,930863,419509
Finland,1960,323481,2087789,671529,934333,412485
Finland,1961,331518,2097162,703805,923685,404813
Finland,1962,338387,2107184,740589,906428,399135
Finland,1963,346759,2119391,774312,885550,397871
Finland,1964,357279,2130261,800261,864302,396975
Finland,1965,366916,2134174,823951,845932,393162
Finland,1966,376719,2145587,838529,832160,388437
Finland,1967,387374,2158784,855603,820799,384069
Finland,1968,397457,2164793,877277,810463,377348
Finland,1969,408832,2169357,881683,799908,364290
Finland,1970,421489,2177496,873297,786269,347741
Finland,1971,434568,2205200,865073,773699,333577
Finland,1972,449782,2244598,859261,764603,321286
Finland,1973,466140,2285600,847138,758331,308680
Finland,1974,482891,2323760,832756,749205,301730
Finland,1975,499874,2354897,819300,734902,302176
Finland,1976,516074,2378671,806772,718301,305496
Finland,1977,532368,2400510,794529,701055,310086
Finland,1978,547433,2423248,784020,681452,316055
Finland,1979,560662,2445809,775030,662645,320253
Finland,1980,572242,2470567,765896,650361,320251
Finland,1981,581298,2499340,758159,642260,318744
Finland,1982,590419,2529308,752681,635544,318873
Finland,1983,599642,2555940,748945,629586,321613
Finland,1984,605020,2584196,741597,626564,324371
Finland,1985,611937,2609447,729260,626502,325028
Finland,1986,623525,2628333,714716,628427,323157
Finland,1987,634305,2647772,697779,634066,318228
Finland,1988,645097,2666583,678352,643501,312976
Finland,1989,656330,2685631,661303,650896,310241
Finland,1990,667318,2705035,650838,652300,310951
Finland,1991,678807,2725263,644762,649791,315121
Finland,1992,689949,2745561,639530,645688,321260
Finland,1993,700620,2762023,634272,643912,325600
Finland,1994,712833,2772404,631553,644419,327071
Finland,1995,725960,2778116,631640,645725,326288
Finland,1996,737670,2782579,634085,647656,322523
Finland,1997,747643,2786699,640404,648514,316455
Finland,1998,755420,2791068,650577,647420,308838
Finland,1999,762728,2797144,658318,645849,301232
Finland,2000,771846,2804760,659663,645270,294401
Finland,2001,781907,2814895,656931,644929,289038
Finland,2002,792561,2825778,652618,644308,284998
Finland,2003,805463,2833118,650519,640392,283170
Finland,2004,821665,2837770,651057,633919,283419
Finland,2005,835635,2846184,653180,626415,284326
Finland,2006,854478,2851218,656123,617509,286542
Finland,2007,871486,2860638,658279,608012,289882
Finland,2008,883103,2878021,658908,599566,293321
Finland,2009,900668,2889058,658860,593194,296563
Finland,2010,925120,2890168,659481,588143,299871
Finland,2011,959649,2879386,660254,586040,302300
Finland,2012,998230,2864345,660561,586660,303532
Finland,2013,1036722,2850980,657451,589669,303547
Finland,2014,1073384,2840211,651550,594250,301573
Finland,2015,1106655,2831465,644535,599058,297259
Finland,2016,1135903,2826647,637050,604142,290959
Finland,2017,1163993,2822543,628761,609277,283025
Finland,2018,1191407,2816966,620179,613232,273101
Finland,2019,1217314,2813356,613581,614831,261809
Finland,2020,1242727,2811379,608627,614496,251462
Finland,2021,1266481,2809911,607303,611192,245144
Finland,2022,1292604,2817556,610363,606702,240998
Finland,2023,1319537,2828401,615609,599900,236635
France,1950,4767899,21232245,6367737,5547517,3967509
France,1951,4826532,21397981,6323569,5678513,4106827
France,1952,4879580,21560449,6279552,5928476,4131961
France,1953,4932526,21723736,6231167,6201493,4138686
France,1954,4985505,21889404,6181376,6479165,4141177
France,1955,5039476,22079182,6093973,6785898,4137284
France,1956,5084721,22282468,5961098,7127842,4132099
France,1957,5130474,22473866,5851656,7449428,4130640
France,1958,5192591,22648856,5807472,7714756,4129493
France,1959,5271530,22812136,5798855,7950374,4130495
France,1960,5344623,22971464,5806323,8178519,4126786
France,1961,5438196,23099568,5932826,8297697,4125090
France,1962,5553182,23200220,6184805,8295755,4118159
France,1963,5653880,23274215,6471819,8281165,4136209
France,1964,5769602,23320448,6764991,8277679,4185788
France,1965,5898961,23317308,7066788,8264742,4224398
France,1966,6034292,23253916,7382928,8265467,4247362
France,1967,6179744,23187409,7673462,8280770,4252771
France,1968,6308055,23179470,7908291,8315438,4235207
France,1969,6418196,23231387,8123251,8381927,4199695
France,1970,6532489,23307872,8353322,8442478,4175982
France,1971,6652605,23479433,8486514,8490366,4183161
France,1972,6766228,23754678,8496686,8512120,4213101
France,1973,6879058,24042368,8490098,8515104,4234400
France,1974,6991434,24306402,8493266,8506368,4206004
France,1975,7100202,24536935,8481271,8512832,4113717
France,1976,7192309,24772938,8473346,8544111,3974960
France,1977,7290779,25015397,8481482,8576244,3831666
France,1978,7401123,25237268,8497995,8584789,3706815
France,1979,7499432,25464348,8533347,8534973,3626998
France,1980,7510076,25792219,8566063,8435808,3634966
France,1981,7398181,26246218,8595990,8309150,3703410
France,1982,7263045,26725746,8616159,8202376,3772871
France,1983,7152792,27171504,8627859,8126882,3808036
France,1984,7081566,27584731,8637430,8055401,3815013
France,1985,7149346,27867233,8650086,7998980,3798834
France,1986,7322332,28039823,8677776,7939694,3770387
France,1987,7487659,28228977,8717062,7864189,3747476
France,1988,7649195,28444443,8737923,7771609,3755416
France,1989,7805223,28686782,8708513,7693669,3787360
France,1990,7965082,28934795,8609967,7678002,3798660
France,1991,8132392,29169059,8467077,7710636,3788441
France,1992,8296091,29403789,8340024,7746075,3764620
France,1993,8455020,29621524,8234379,7766446,3719279
France,1994,8614737,29811804,8134060,7770926,3663303
France,1995,8782052,29987425,8056105,7737655,3623520
France,1996,8943613,30161624,7989941,7680422,3599157
France,1997,9095142,30349324,7911238,7622009,3584579
France,1998,9237104,30535628,7826915,7550422,3621915
France,1999,9375783,30748515,7753117,7509729,3689734
France,2000,9514636,30976576,7726625,7516805,3741173
France,2001,9647585,31187491,7755857,7512861,3792725
France,2002,9772762,31412990,7797446,7511234,3823448
France,2003,9880827,31654716,7844443,7541348,3809946
France,2004,10001332,31897916,7895899,7568199,3801472
France,2005,10118479,32175609,7917341,7596872,3805454
France,2006,10189926,32498278,7896257,7643103,3810089
France,2007,10264629,32787459,7853880,7684369,3828919
France,2008,10375248,32979966,7822305,7736877,3851548
France,2009,10498396,33118435,7794774,7802948,3876557
France,2010,10626388,33261747,7760787,7853961,3897992
France,2011,10852461,33342751,7702621,7913015,3905296
France,2012,11180624,33328524,7657496,7973480,3899562
France,2013,11524463,33297000,7670477,7993344,3882464
France,2014,11874190,33247491,7680900,8018543,3849987
France,2015,12216859,33160156,7674435,8047193,3796766
France,2016,12533322,33029069,7736245,8024974,3744788
France,2017,12825456,32939104,7797341,8007159,3699103
France,2018,13113637,32908600,7831053,8012402,3637749
France,2019,13398599,32861683,7878201,7998834,3575299
France,2020,13653488,32822587,7915706,7969132,3524194
France,2021,13886260,32772597,8003623,7936247,3459998
France,2022,14140728,32725962,8095114,7869501,3418481
France,2023,14420402,32709642,8127700,7754707,3396902
French Guiana,1950,1864,10524,3605,3831,3593
French Guiana,1951,1831,10577,3568,4078,3663
French Guiana,1952,1798,10629,3531,4376,3688
French Guiana,1953,1770,10682,3493,4719,3686
French Guiana,1954,1742,10762,3457,5114,3672
French Guiana,1955,1732,11015,3463,5505,3739
French Guiana,1956,1749,11449,3515,5875,3891
French Guiana,1957,1774,11903,3585,6250,4051
French Guiana,1958,1806,12367,3690,6617,4212
French Guiana,1959,1844,12851,3845,6962,4369
French Guiana,1960,1884,13355,4053,7286,4527
French Guiana,1961,1938,13878,4312,7592,4679
French Guiana,1962,1979,14338,4727,7924,4830
French Guiana,1963,2009,14753,5297,8274,4999
French Guiana,1964,2047,15186,5929,8602,5201
French Guiana,1965,2092,15655,6575,8962,5416
French Guiana,1966,2134,16167,7207,9359,5623
French Guiana,1967,2181,16714,7799,9740,5821
French Guiana,1968,2233,17183,8183,10109,5995
French Guiana,1969,2282,17620,8383,10503,6161
French Guiana,1970,2330,18136,8558,10911,6363
French Guiana,1971,2379,18719,8719,11312,6609
French Guiana,1972,2429,19349,8880,11706,6877
French Guiana,1973,2478,20007,9047,12112,7109
French Guiana,1974,2532,20738,9254,12589,7313
French Guiana,1975,2596,21701,9703,13082,7399
French Guiana,1976,2666,22849,10356,13521,7351
French Guiana,1977,2749,24042,10991,13946,7322
French Guiana,1978,2837,25272,11610,14310,7389
French Guiana,1979,2929,26575,12208,14563,7579
French Guiana,1980,3023,27945,12776,14768,7852
French Guiana,1981,3124,29382,13292,14968,8189
French Guiana,1982,3237,31238,13976,15240,8595
French Guiana,1983,3366,33440,14768,15829,9181
French Guiana,1984,3495,35673,15501,16689,9902
French Guiana,1985,3620,38008,16274,17602,10612
French Guiana,1986,3753,40427,17101,18567,11323
French Guiana,1987,3893,42926,17957,19619,12032
French Guiana,1988,4032,45511,18783,20806,12751
French Guiana,1989,4174,48181,19545,22114,13565
French Guiana,1990,4322,50562,20087,23277,14453
French Guiana,1991,4452,52621,20370,24209,15335
French Guiana,1992,4588,54713,20612,25109,16235
French Guiana,1993,4734,56842,20900,26046,17137
French Guiana,1994,4877,59003,21237,27051,17962
French Guiana,1995,5025,61189,21614,28181,18633
French Guiana,1996,5189,63393,22030,29436,19132
French Guiana,1997,5360,65582,22542,30745,19508
French Guiana,1998,5545,67707,23194,32045,19899
French Guiana,1999,5747,70070,24049,33469,20417
French Guiana,2000,6005,72720,25233,35287,21387
French Guiana,2001,6318,75476,26594,37391,22764
French Guiana,2002,6640,78453,28015,39454,24156
French Guiana,2003,6957,81724,29478,41506,25434
French Guiana,2004,7261,85215,31108,43603,26469
French Guiana,2005,7576,88829,32975,45650,27421
French Guiana,2006,7871,92072,34357,47641,29036
French Guiana,2007,8132,95048,35035,50049,30859
French Guiana,2008,8464,97864,35628,52601,31549
French Guiana,2009,8876,100054,36387,54229,31169
French Guiana,2010,9360,102273,37205,55165,30573
French Guiana,2011,9890,105224,37955,56173,30282
French Guiana,2012,10461,108415,38704,57421,30781
French Guiana,2013,11002,111367,39775,58961,32142
French Guiana,2014,11623,114292,41130,60614,32901
French Guiana,2015,12490,117440,42373,61647,32424
French Guiana,2016,13510,120670,43539,61895,31661
French Guiana,2017,14632,123778,44901,61672,31171
French Guiana,2018,15803,126960,46326,60910,30968
French Guiana,2019,16919,129576,46954,60699,31424
French Guiana,2020,17982,130998,47887,60951,31240
French Guiana,2021,18900,132186,49443,60995,31496
French Guiana,2022,19800,134066,50676,61364,32410
French Guiana,2023,20764,135734,52247,61751,32909
French Polynesia,1950,1920,22107,12254,17746,10334
French Polynesia,1951,1883,22809,12676,18053,10504
French Polynesia,1952,1849,23510,13153,18297,10829
French Polynesia,1953,1825,24195,13674,18499,11312
French Polynesia,1954,1823,24872,14229,18688,11962
French Polynesia,1955,1846,25561,14791,18887,12777
French Polynesia,1956,1897,26270,15340,19155,13681
French Polynesia,1957,1973,26948,15666,19457,14411
French Polynesia,1958,2055,27599,15747,19869,14891
French Polynesia,1959,2120,28294,15743,20499,15256
French Polynesia,1960,2170,29001,15687,21310,15521
French Polynesia,1961,2203,29697,15614,22236,15702
French Polynesia,1962,2230,30380,15597,23213,15858
French Polynesia,1963,2278,31214,15822,24264,16170
French Polynesia,1964,2342,32233,16225,25394,16638
French Polynesia,1965,2412,33306,16624,26567,17125
French Polynesia,1966,2478,34426,17052,27722,17658
French Polynesia,1967,2547,35595,17537,28850,18240
French Polynesia,1968,2617,36808,18116,29977,18851
French Polynesia,1969,2688,38026,18805,31088,19511
French Polynesia,1970,2762,39238,19638,32183,20206
French Polynesia,1971,2872,40403,20843,33199,20642
French Polynesia,1972,3030,41563,22382,34155,20770
French Polynesia,1973,3189,42812,23939,35139,20832
French Polynesia,1974,3349,44168,25420,36170,20868
French Polynesia,1975,3506,45662,26772,37208,20906
French Polynesia,1976,3668,47340,27989,38188,20950
French Polynesia,1977,3855,49182,29118,39110,21055
French Polynesia,1978,4081,51185,30226,40000,21343
French Polynesia,1979,4308,53355,31335,40792,21793
French Polynesia,1980,4515,55682,32476,41488,22324
French Polynesia,1981,4702,58134,33678,42116,22889
French Polynesia,1982,4864,60700,34941,42723,23423
French Polynesia,1983,5015,63315,36245,43290,23893
French Polynesia,1984,5177,65770,37464,43568,24500
French Polynesia,1985,5347,68142,38522,43670,25323
French Polynesia,1986,5515,70640,39433,43923,26173
French Polynesia,1987,5693,73287,40164,44378,26940
French Polynesia,1988,5894,76026,40676,45056,27557
French Polynesia,1989,6122,78697,40982,45826,28023
French Polynesia,1990,6387,81342,41114,46604,28334
French Polynesia,1991,6680,84053,41111,47463,28446
French Polynesia,1992,6968,86867,40983,48436,28314
French Polynesia,1993,7244,89784,40764,49504,27935
French Polynesia,1994,7506,92711,40584,50568,27376
French Polynesia,1995,7808,95532,40588,51464,26736
French Polynesia,1996,8163,98299,40787,52172,26078
French Polynesia,1997,8585,101252,41089,52738,25469
French Polynesia,1998,9062,104283,41524,53071,24957
French Polynesia,1999,9595,107263,42108,53068,24570
French Polynesia,2000,10142,110252,42856,52671,24423
French Polynesia,2001,10670,113220,43787,51968,24460
French Polynesia,2002,11223,116100,44786,51176,24496
French Polynesia,2003,11859,118713,45992,50500,24583
French Polynesia,2004,12549,121137,47304,50105,24565
French Polynesia,2005,13299,123691,48350,49964,24210
French Polynesia,2006,14087,126419,49119,49915,23690
French Polynesia,2007,14845,129072,49585,49715,23229
French Polynesia,2008,15540,131227,49632,49087,22901
French Polynesia,2009,16184,133086,49265,48230,22726
French Polynesia,2010,16811,135019,48630,47425,22698
French Polynesia,2011,17428,136983,47839,46661,22815
French Polynesia,2012,18058,139030,47009,45980,23009
French Polynesia,2013,18764,141284,46184,45553,22943
French Polynesia,2014,19547,143601,45371,45352,22507
French Polynesia,2015,20322,145822,44624,45223,21877
French Polynesia,2016,21089,147871,43986,45115,21106
French Polynesia,2017,22048,149569,43341,44881,20242
French Polynesia,2018,23231,150826,42560,44230,18962
French Polynesia,2019,24480,151734,41893,43363,17557
French Polynesia,2020,25706,152469,41545,42668,16823
French Polynesia,2021,27011,152770,41661,42002,16356
French Polynesia,2022,28515,152833,42073,41235,15723
French Polynesia,2023,30142,153089,42405,40384,15091
Gabon,1950,34137,224585,77275,83940,52908
Gabon,1951,34787,225252,77387,84431,53782
Gabon,1952,35415,225932,77559,85058,54623
Gabon,1953,36026,226645,77759,85669,55658
Gabon,1954,36622,227381,77911,86442,56807
Gabon,1955,37199,228135,78005,87709,57773
Gabon,1956,37769,228924,78095,89303,58699
Gabon,1957,38332,229742,78217,91023,59759
Gabon,1958,38883,230603,78399,92872,60979
Gabon,1959,39429,231481,78691,94826,62384
Gabon,1960,39973,232379,79146,96858,63967
Gabon,1961,40509,233332,79762,98970,65701
Gabon,1962,41036,234352,80511,101188,67568
Gabon,1963,41554,235407,81246,103742,69506
Gabon,1964,42074,236439,82128,106572,71451
Gabon,1965,42586,237436,83479,109389,73428
Gabon,1966,43092,238458,85138,112303,75477
Gabon,1967,43605,239536,86923,115455,77591
Gabon,1968,44116,240698,88828,118826,79793
Gabon,1969,44659,242735,91233,122444,82207
Gabon,1970,45222,245514,93959,126304,84852
Gabon,1971,45760,248140,96450,130332,87668
Gabon,1972,46287,250649,98811,134524,90689
Gabon,1973,46812,253043,101385,138877,93882
Gabon,1974,47339,255574,104210,143394,97176
Gabon,1975,47884,258570,107042,148118,100585
Gabon,1976,48443,261942,110000,153106,104135
Gabon,1977,49007,265525,113222,158401,107831
Gabon,1978,49580,269309,116667,163975,111711
Gabon,1979,50161,273308,120294,169799,115810
Gabon,1980,50740,277524,124115,175898,120109
Gabon,1981,51326,281982,128150,182313,124614
Gabon,1982,51905,286687,132379,189086,129223
Gabon,1983,52469,291686,136762,196231,133849
Gabon,1984,53026,297023,141300,203701,138441
Gabon,1985,53594,302732,146032,211468,142901
Gabon,1986,54165,308783,151018,219564,147167
Gabon,1987,54743,315198,156290,227901,151340
Gabon,1988,55317,321960,161838,236438,155460
Gabon,1989,55894,329051,167626,245158,159406
Gabon,1990,56468,336498,173682,253928,163152
Gabon,1991,57048,344346,180046,262688,166679
Gabon,1992,57637,352605,186756,271454,169924
Gabon,1993,58229,361268,193826,280181,172886
Gabon,1994,58829,370408,201237,288698,175536
Gabon,1995,59438,380142,208983,296882,177751
Gabon,1996,60064,390577,217102,304642,179617
Gabon,1997,60714,401744,225509,312019,181443
Gabon,1998,61381,413651,234160,319062,183473
Gabon,1999,62073,426315,243058,325644,185918
Gabon,2000,62780,439913,252128,331644,189094
Gabon,2001,63527,454621,261325,337116,192982
Gabon,2002,64329,470538,270668,342301,197283
Gabon,2003,65182,487748,280131,347441,201830
Gabon,2004,66055,506506,289604,352743,206683
Gabon,2005,66942,527132,299079,358429,211892
Gabon,2006,67882,549840,308485,364571,217526
Gabon,2007,68905,574625,317812,371157,223706
Gabon,2008,70041,601324,326976,378251,230550
Gabon,2009,71316,629931,335849,386119,238307
Gabon,2010,72764,660549,344354,395113,247055
Gabon,2011,74406,693183,352493,405273,256580
Gabon,2012,76223,727626,360311,416415,266262
Gabon,2013,78055,763322,367734,428452,275438
Gabon,2014,79904,798818,374369,441591,283656
Gabon,2015,81921,832475,379897,455864,290767
Gabon,2016,84011,863674,384322,471099,297138
Gabon,2017,86094,892611,388037,486827,303269
Gabon,2018,88233,920094,391846,502585,309501
Gabon,2019,90489,946658,396545,518223,315739
Gabon,2020,92691,972084,402601,533707,321402
Gabon,2021,94921,996441,410156,549239,325926
Gabon,2022,97470,1020290,419074,564696,329182
Gabon,2023,100399,1044130,429247,579742,331234
Gambia,1950,7664,105646,59345,78427,55663
Gambia,1951,7970,109501,60884,80828,55318
Gambia,1952,8268,113430,62387,83058,55502
Gambia,1953,8566,117433,63868,84673,56554
Gambia,1954,8862,121543,65351,85455,58606
Gambia,1955,9157,125748,66884,86157,60854
Gambia,1956,9454,130047,68471,87205,62863
Gambia,1957,9751,134444,70142,88342,64875
Gambia,1958,10053,138924,71961,89530,66911
Gambia,1959,10370,143429,73998,90764,68987
Gambia,1960,10690,147960,76214,92097,71109
Gambia,1961,11021,152530,78485,93629,73272
Gambia,1962,11361,157138,80616,95578,75478
Gambia,1963,11712,161808,82183,98351,77711
Gambia,1964,12076,166585,82984,102102,79946
Gambia,1965,12453,171499,83703,106145,82160
Gambia,1966,12842,176555,84738,110071,84316
Gambia,1967,13251,181887,85915,114084,86462
Gambia,1968,13676,187554,87196,118190,88663
Gambia,1969,14116,193474,88536,122364,90953
Gambia,1970,14576,199613,89962,126591,93371
Gambia,1971,15052,205868,91577,130843,96055
Gambia,1972,15547,212050,93589,135138,99056
Gambia,1973,16062,217796,96366,139510,102271
Gambia,1974,17126,221724,100325,144159,105760
Gambia,1975,18776,224432,104915,149154,109552
Gambia,1976,20551,227492,109607,154469,113559
Gambia,1977,22487,230719,114605,160178,117791
Gambia,1978,24550,234127,119886,166250,122296
Gambia,1979,26701,237809,125398,172681,127193
Gambia,1980,28893,241863,131061,179516,132587
Gambia,1981,31040,246190,136683,186803,138418
Gambia,1982,33147,251007,142329,194593,144682
Gambia,1983,35430,256350,148311,202975,151460
Gambia,1984,36901,263638,154713,211810,158572
Gambia,1985,37469,273045,161450,221140,165776
Gambia,1986,38169,283094,168504,231111,173141
Gambia,1987,39024,293800,175924,241700,180653
Gambia,1988,40002,305215,183695,253014,188238
Gambia,1989,41072,317398,191792,265153,195952
Gambia,1990,42182,330344,200196,278010,203971
Gambia,1991,43322,344034,208909,291462,212235
Gambia,1992,44320,358298,217238,305306,220423
Gambia,1993,44637,373324,223278,318998,228136
Gambia,1994,44397,387707,227238,332567,235321
Gambia,1995,44157,400568,231229,346460,241905
Gambia,1996,43982,413096,236090,360642,247608
Gambia,1997,43888,425544,242039,374914,252511
Gambia,1998,43871,437877,249215,389123,256908
Gambia,1999,43910,450091,257723,403290,260771
Gambia,2000,43999,462181,267458,417234,264221
Gambia,2001,44142,474215,278271,430540,267852
Gambia,2002,44342,486355,290018,443074,271909
Gambia,2003,44630,499076,302463,455028,276420
Gambia,2004,45051,512675,315505,466373,281702
Gambia,2005,45626,527295,329123,476927,288062
Gambia,2006,46367,543123,343227,486898,295667
Gambia,2007,47285,560164,357563,496572,304191
Gambia,2008,48402,578380,371885,506184,313005
Gambia,2009,49712,597711,386120,516006,321878
Gambia,2010,51183,618047,400073,526484,330843
Gambia,2011,52782,639445,413384,538317,339851
Gambia,2012,54399,662077,425962,551435,349221
Gambia,2013,55806,686079,437924,565248,358764
Gambia,2014,56915,711527,449184,579815,367087
Gambia,2015,58166,738000,459557,595505,373299
Gambia,2016,59830,765190,469254,612388,377110
Gambia,2017,61801,793039,478614,630484,378249
Gambia,2018,64087,821450,487886,649026,377181
Gambia,2019,66707,850470,497362,666453,375851
Gambia,2020,69591,880559,507873,682011,375707
Gambia,2021,72680,911025,520071,695310,376925
Gambia,2022,76192,941120,533346,706312,379501
Gambia,2023,80339,971493,547159,715295,383559
Georgia,1950,308923,1487477,718204,659175,323667
Georgia,1951,307775,1526066,732194,629822,345382
Georgia,1952,306664,1571938,743929,602644,361610
Georgia,1953,305553,1620009,753210,581903,373294
Georgia,1954,304362,1666022,759308,569671,383360
Georgia,1955,303299,1708535,759534,569365,393294
Georgia,1956,302563,1747622,752214,583780,403395
Georgia,1957,302027,1784345,739832,607687,415635
Georgia,1958,301815,1822250,722763,637328,429460
Georgia,1959,302362,1864683,699872,670691,444069
Georgia,1960,302514,1914575,672779,705083,458824
Georgia,1961,301971,1972330,645387,737049,472261
Georgia,1962,301993,2034773,620317,765845,482741
Georgia,1963,303053,2096448,601629,791775,489850
Georgia,1964,305558,2152176,591205,816935,492404
Georgia,1965,309591,2197232,592271,842086,488094
Georgia,1966,318336,2221527,605123,875094,482887
Georgia,1967,331214,2229542,625215,916686,480239
Georgia,1968,344361,2232280,654292,956770,475819
Georgia,1969,357885,2229680,694493,992031,468873
Georgia,1970,370599,2231477,734986,1008478,458452
Georgia,1971,379738,2239939,768724,1006666,448001
Georgia,1972,386587,2251194,798941,999753,440716
Georgia,1973,394739,2266997,824916,988576,435699
Georgia,1974,404328,2285460,848917,972406,433434
Georgia,1975,414690,2305736,872514,952611,433759
Georgia,1976,425351,2327881,894681,932675,435234
Georgia,1977,435737,2352137,915066,913535,436978
Georgia,1978,446613,2377961,933051,893959,440106
Georgia,1979,457487,2406904,944784,874638,444757
Georgia,1980,464844,2439395,949913,860514,450760
Georgia,1981,467950,2475588,950175,853036,458158
Georgia,1982,468724,2516480,945751,848738,466646
Georgia,1983,468397,2558859,937120,849568,476090
Georgia,1984,468039,2601051,923795,856219,484991
Georgia,1985,467968,2644201,906938,864977,492643
Georgia,1986,468132,2687979,888950,874525,499369
Georgia,1987,468929,2730163,871882,885134,504725
Georgia,1988,472087,2766962,857133,896924,506938
Georgia,1989,477586,2781902,836013,902258,501671
Georgia,1990,484859,2761420,810998,900328,491032
Georgia,1991,493691,2718120,791863,898407,477197
Georgia,1992,503932,2662846,775003,894746,457438
Georgia,1993,514507,2591572,755798,881968,434722
Georgia,1994,523114,2515146,735162,865195,407438
Georgia,1995,530277,2449158,718188,851974,375937
Georgia,1996,536328,2389681,704844,835254,346464
Georgia,1997,539673,2329596,693734,810093,322061
Georgia,1998,540337,2270274,684707,777456,303456
Georgia,1999,538781,2212530,677028,739093,287904
Georgia,2000,536720,2151723,670022,696483,273136
Georgia,2001,538194,2091767,665878,653551,259946
Georgia,2002,545844,2046805,667269,617109,250515
Georgia,2003,559326,2020697,669047,591725,244393
Georgia,2004,572888,2003837,670771,567772,240531
Georgia,2005,583907,1989783,674206,539223,238755
Georgia,2006,590284,1981562,673311,512479,238699
Georgia,2007,586074,1984235,664711,491222,241114
Georgia,2008,571496,1998070,648513,475488,247391
Georgia,2009,552073,2018089,626789,463706,258029
Georgia,2010,535541,2036327,601006,455033,267758
Georgia,2011,526408,2046486,574176,448208,273170
Georgia,2012,524239,2046431,550127,442492,275644
Georgia,2013,527434,2037266,529574,439022,275554
Georgia,2014,531843,2031053,508972,443378,277392
Georgia,2015,535920,2031942,487026,454386,282017
Georgia,2016,540514,2032324,466535,465635,286790
Georgia,2017,544960,2030930,449593,477040,290095
Georgia,2018,550711,2026876,437364,490212,289477
Georgia,2019,558034,2019209,429388,506209,283631
Georgia,2020,564817,2008729,424765,523265,273839
Georgia,2021,567576,1996117,422345,539028,263113
Georgia,2022,572243,1991504,426375,551872,252514
Georgia,2023,582909,1988591,434564,559017,242112
Germany,1950,6272641,36152582,10610603,11778795,5032774
Germany,1951,6474148,36225252,10613810,11230595,5237916
Germany,1952,6673931,36310816,10675816,10807522,5358560
Germany,1953,6871703,36440081,10769439,10463637,5390018
Germany,1954,7066077,36588119,10947747,10139702,5362810
Germany,1955,7250706,36737636,11194902,9846997,5303791
Germany,1956,7427293,36854601,11447317,9609653,5274925
Germany,1957,7699931,36972356,11568232,9516488,5331023
Germany,1958,7982339,37081961,11656191,9538885,5435171
Germany,1959,8175239,37205526,11715479,9591374,5553955
Germany,1960,8355330,37456663,11502147,9797421,5699918
Germany,1961,8573558,37825801,11048752,10079040,5848780
Germany,1962,8807738,38198428,10686625,10298419,6005589
Germany,1963,9025724,38498646,10486660,10502118,6184634
Germany,1964,9258219,38785550,10239160,10689018,6341273
Germany,1965,9500950,39142828,10004457,10878464,6439972
Germany,1966,9763164,39444045,9816707,11103337,6483444
Germany,1967,10040887,39400217,9717906,11347985,6463428
Germany,1968,10277828,39307073,9747396,11615772,6372815
Germany,1969,10481506,39445516,9892096,11911681,6212805
Germany,1970,10684575,39286567,10121972,12148860,5962673
Germany,1971,10888187,38981246,10442635,12355713,5677607
Germany,1972,11102193,38910358,10782525,12547644,5376672
Germany,1973,11309461,38905643,11068120,12668689,5014469
Germany,1974,11510714,38869148,11269750,12686219,4660202
Germany,1975,11677272,38745008,11374552,12544352,4359946
Germany,1976,11803320,38648270,11519457,12283351,4109308
Germany,1977,11951926,38617190,11731191,11933585,3950794
Germany,1978,12103933,38638337,11990433,11472353,3909341
Germany,1979,12215311,38747010,12294730,10955191,3934608
Germany,1980,12213365,39031792,12612559,10447087,4009422
Germany,1981,12027301,39490361,12876501,9956666,4095979
Germany,1982,11738621,40011200,13015910,9476318,4150305
Germany,1983,11438338,40533573,13056672,9017520,4176624
Germany,1984,11266920,40947552,13002331,8606651,4173212
Germany,1985,11313111,41230030,12852003,8319677,4146918
Germany,1986,11453454,41541226,12634365,8156515,4136421
Germany,1987,11586246,41982013,12285952,8058640,4147476
Germany,1988,11684156,42578471,11836262,8078522,4206379
Germany,1989,11754914,43322328,11396574,8207549,4323274
Germany,1990,11847833,44074395,10960682,8373341,4449118
Germany,1991,11964049,44748521,10532107,8544941,4510799
Germany,1992,12094966,45445971,10181435,8722606,4486919
Germany,1993,12258246,46046143,9860807,8906036,4412287
Germany,1994,12440918,46449633,9527006,9060442,4292095
Germany,1995,12625466,46762227,9299469,9175919,4153017
Germany,1996,12780330,47009583,9181391,9226598,4061213
Germany,1997,12889006,47043385,9205710,9195716,4051426
Germany,1998,12977225,46833134,9128130,9059458,4009241
Germany,1999,13155100,46596351,9037677,8917787,3966241
Germany,2000,13458858,46367053,9161564,8826166,3978047
Germany,2001,13804400,46143743,9296166,8722053,3961386
Germany,2002,14162419,45945791,9427674,8622628,3903106
Germany,2003,14541576,45685064,9550091,8493612,3834104
Germany,2004,14987239,45358195,9627652,8340013,3771953
Germany,2005,15464667,44989314,9693297,8173828,3717358
Germany,2006,15919309,44586736,9576348,8004286,3606290
Germany,2007,16242725,44326181,9349957,7869632,3500228
Germany,2008,16444615,44188967,9238415,7758195,3470003
Germany,2009,16597886,43950635,9241015,7660404,3474013
Germany,2010,16611216,43893700,9243452,7576793,3493737
Germany,2011,16580625,44130950,9153980,7482515,3497184
Germany,2012,16685946,44408628,8973167,7381364,3453992
Germany,2013,16853186,44665884,8784657,7304474,3419400
Germany,2014,17041105,44880631,8715437,7258761,3465906
Germany,2015,17266504,45200760,8754175,7275076,3567456
Germany,2016,17479177,45429331,8810403,7324200,3704821
Germany,2017,17685209,45448465,8776359,7358385,3824936
Germany,2018,17872526,45466457,8712752,7396237,3910713
Germany,2019,18062003,45425535,8644786,7448713,3967643
Germany,2020,18256081,45300022,8551470,7520739,3988016
Germany,2021,18510308,45177818,8394784,7611523,3986993
Germany,2022,18866942,45259842,8243018,7735311,3963210
Germany,2023,19250422,45379318,8134968,7856762,3908606
Ghana,1950,234417,1628283,1136402,1235787,845750
Ghana,1951,230336,1693051,1162938,1239505,903276
Ghana,1952,226448,1762312,1183098,1250554,965051
Ghana,1953,222711,1834579,1197206,1273394,1026047
Ghana,1954,219148,1909491,1205740,1311920,1083098
Ghana,1955,215770,1988034,1208601,1364427,1138067
Ghana,1956,212499,2070264,1207442,1427073,1192294
Ghana,1957,209502,2154922,1204256,1499182,1244603
Ghana,1958,206855,2239636,1197257,1582057,1294320
Ghana,1959,204813,2325069,1189046,1675228,1341361
Ghana,1960,203865,2410265,1186856,1774813,1385387
Ghana,1961,212564,2465181,1195131,1854548,1435217
Ghana,1962,229411,2491817,1211356,1913640,1491121
Ghana,1963,244655,2519625,1233226,1973292,1543888
Ghana,1964,258193,2548939,1263108,2030680,1594783
Ghana,1965,269337,2581352,1298549,2088200,1645124
Ghana,1966,278521,2617433,1336523,2161848,1680152
Ghana,1967,286437,2656432,1377329,2250814,1700857
Ghana,1968,293541,2695383,1423517,2339325,1723907
Ghana,1969,299128,2736542,1475322,2428178,1751150
Ghana,1970,299985,2791923,1528866,2525059,1779916
Ghana,1971,291256,2862482,1584402,2634222,1803838
Ghana,1972,280388,2938599,1647067,2745797,1826278
Ghana,1973,275553,3018669,1717153,2852445,1850740
Ghana,1974,273343,3104414,1790014,2958843,1873864
Ghana,1975,273051,3193315,1865726,3061293,1900883
Ghana,1976,273127,3284721,1959956,3136181,1940891
Ghana,1977,280216,3379684,2073800,3185762,1992368
Ghana,1978,296248,3478676,2191619,3233543,2048324
Ghana,1979,314474,3582621,2307994,3283271,2108842
Ghana,1980,320184,3692364,2416537,3344452,2167860
Ghana,1981,313855,3808972,2517482,3414654,2226706
Ghana,1982,317990,3933176,2617533,3486755,2288316
Ghana,1983,334280,4065580,2718439,3564598,2346894
Ghana,1984,346640,4174765,2803159,3651146,2394840
Ghana,1985,352751,4256769,2868944,3735133,2447613
Ghana,1986,360355,4356348,2913732,3819206,2515564
Ghana,1987,368920,4479040,2946332,3920780,2574028
Ghana,1988,378278,4614945,2991465,4036744,2615137
Ghana,1989,388968,4761875,3047419,4155072,2653475
Ghana,1990,401733,4913721,3110372,4272192,2696627
Ghana,1991,416364,5064270,3173483,4394574,2738800
Ghana,1992,432768,5216716,3244737,4512414,2778223
Ghana,1993,450746,5376539,3330264,4616383,2815585
Ghana,1994,469679,5542445,3423921,4708944,2848199
Ghana,1995,490097,5711160,3513694,4810718,2873350
Ghana,1996,512622,5875712,3603830,4926580,2891436
Ghana,1997,537022,6048297,3713217,5031100,2909320
Ghana,1998,563029,6236356,3837269,5116423,2934959
Ghana,1999,589973,6431302,3961045,5193544,2974001
Ghana,2000,616755,6636167,4083937,5267377,3032840
Ghana,2001,643637,6860175,4218699,5334484,3110059
Ghana,2002,670963,7109924,4353737,5399474,3195261
Ghana,2003,698081,7378695,4471473,5469440,3278973
Ghana,2004,724341,7664187,4574804,5548332,3356578
Ghana,2005,749326,7948547,4683423,5639285,3428800
Ghana,2006,774018,8226229,4802706,5740454,3497231
Ghana,2007,798689,8524206,4910971,5848485,3559862
Ghana,2008,821473,8847188,4999577,5962642,3618991
Ghana,2009,841764,9178315,5077974,6084026,3680512
Ghana,2010,860931,9503724,5147484,6218536,3744252
Ghana,2011,879335,9829818,5206365,6365826,3813679
Ghana,2012,897267,10163384,5264073,6514465,3895023
Ghana,2013,916857,10498969,5327861,6658642,3983808
Ghana,2014,939494,10833380,5400679,6799655,4068330
Ghana,2015,963799,11168521,5485062,6938387,4140252
Ghana,2016,989088,11511715,5582853,7080198,4192832
Ghana,2017,1015784,11859376,5689296,7228161,4215695
Ghana,2018,1043863,12200217,5798390,7379382,4215689
Ghana,2019,1074142,12533499,5913117,7528607,4209530
Ghana,2020,1106044,12866379,6045267,7669005,4201059
Ghana,2021,1140287,13194274,6192490,7796095,4195471
Ghana,2022,1180563,13519840,6339605,7904620,4204479
Ghana,2023,1227069,13853905,6482792,7998334,4225767
Gibraltar,1950,1556,11679,3332,3231,1882
Gibraltar,1951,1552,11526,3258,3176,1975
Gibraltar,1952,1576,11495,3222,3164,2039
Gibraltar,1953,1617,11514,3222,3175,2096
Gibraltar,1954,1654,11523,3221,3202,2125
Gibraltar,1955,1689,11524,3208,3237,2150
Gibraltar,1956,1728,11510,3175,3298,2158
Gibraltar,1957,1757,11511,3088,3427,2123
Gibraltar,1958,1780,11517,2953,3593,2063
Gibraltar,1959,1805,11528,2833,3727,1998
Gibraltar,1960,1833,11540,2832,3722,1934
Gibraltar,1961,1865,11572,2918,3632,1908
Gibraltar,1962,1905,11657,3050,3626,1980
Gibraltar,1963,1951,11792,3242,3666,2121
Gibraltar,1964,2001,11941,3459,3684,2251
Gibraltar,1965,2062,12079,3670,3724,2362
Gibraltar,1966,2136,12214,3871,3804,2443
Gibraltar,1967,2193,12343,4091,3915,2498
Gibraltar,1968,2233,12493,4301,4041,2531
Gibraltar,1969,2277,12726,4428,4172,2541
Gibraltar,1970,2337,13089,4373,4316,2539
Gibraltar,1971,2414,13403,4234,4435,2557
Gibraltar,1972,2493,13580,4152,4508,2577
Gibraltar,1973,2565,13729,4129,4538,2597
Gibraltar,1974,2642,13845,4134,4538,2615
Gibraltar,1975,2700,13968,4172,4527,2606
Gibraltar,1976,2761,14064,4232,4516,2585
Gibraltar,1977,2821,14146,4267,4523,2564
Gibraltar,1978,2871,14233,4289,4530,2545
Gibraltar,1979,2912,14353,4296,4515,2521
Gibraltar,1980,2942,14501,4283,4468,2502
Gibraltar,1981,2966,14652,4248,4429,2469
Gibraltar,1982,3016,14735,4184,4419,2438
Gibraltar,1983,3095,14717,4120,4406,2416
Gibraltar,1984,3174,14665,4077,4382,2370
Gibraltar,1985,3248,14607,4043,4337,2302
Gibraltar,1986,3323,14546,4006,4267,2209
Gibraltar,1987,3388,14463,3978,4200,2085
Gibraltar,1988,3443,14391,3937,4122,1967
Gibraltar,1989,3492,14335,3885,3988,1864
Gibraltar,1990,3506,14329,3799,3828,1759
Gibraltar,1991,3522,14339,3700,3659,1700
Gibraltar,1992,3577,14355,3669,3542,1756
Gibraltar,1993,3657,14394,3674,3516,1855
Gibraltar,1994,3749,14413,3667,3506,1928
Gibraltar,1995,3835,14434,3665,3483,1981
Gibraltar,1996,3894,14493,3652,3491,1981
Gibraltar,1997,3959,14536,3649,3540,1925
Gibraltar,1998,4041,14542,3648,3592,1851
Gibraltar,1999,4125,14573,3625,3620,1773
Gibraltar,2000,4197,14614,3603,3615,1701
Gibraltar,2001,4259,14662,3584,3603,1571
Gibraltar,2002,4341,14772,3605,3613,1512
Gibraltar,2003,4443,14960,3657,3635,1601
Gibraltar,2004,4529,15162,3691,3656,1694
Gibraltar,2005,4617,15391,3719,3680,1777
Gibraltar,2006,4659,15662,3768,3648,1876
Gibraltar,2007,4654,15990,3823,3623,1934
Gibraltar,2008,4645,16312,3863,3667,1934
Gibraltar,2009,4694,16592,3895,3729,1926
Gibraltar,2010,4865,16755,3916,3809,1914
Gibraltar,2011,5076,16870,3946,3863,1918
Gibraltar,2012,5243,16995,3986,3877,1943
Gibraltar,2013,5411,17105,4030,3884,1989
Gibraltar,2014,5580,17214,4074,3921,2036
Gibraltar,2015,5748,17305,4119,3963,2066
Gibraltar,2016,5896,17518,4148,4020,2090
Gibraltar,2017,6006,17867,4157,4117,2108
Gibraltar,2018,6099,18241,4186,4237,2105
Gibraltar,2019,6192,18609,4257,4347,2098
Gibraltar,2020,6298,18977,4370,4437,2100
Gibraltar,2021,6383,19347,4472,4540,2124
Gibraltar,2022,6517,19726,4595,4602,2177
Gibraltar,2023,6717,20136,4776,4603,2245
Greece,1950,516331,3386569,1530516,1460075,757357
Greece,1951,521532,3447681,1549131,1438415,755890
Greece,1952,528226,3513369,1561727,1422331,749664
Greece,1953,535705,3584024,1567003,1413316,740997
Greece,1954,543609,3658988,1561950,1411671,734425
Greece,1955,552171,3737131,1545512,1413117,736558
Greece,1956,560206,3816890,1520907,1416252,746517
Greece,1957,567898,3896486,1492264,1422759,757360
Greece,1958,578247,3975610,1462368,1431163,767393
Greece,1959,590445,4054582,1434367,1441377,776731
Greece,1960,603959,4133614,1410900,1452542,783253
Greece,1961,632452,4200641,1384113,1451681,777900
Greece,1962,654472,4234806,1370479,1446815,766584
Greece,1963,656779,4245127,1379315,1448817,758131
Greece,1964,659040,4248059,1395187,1450181,751342
Greece,1965,736011,4327419,1300767,1424730,732257
Greece,1966,761301,4299117,1332120,1450586,736669
Greece,1967,788623,4304692,1369372,1448982,743268
Greece,1968,816461,4305531,1395195,1448971,751529
Greece,1969,849352,4293565,1401644,1447358,754910
Greece,1970,927439,4355054,1298579,1417273,749183
Greece,1971,940029,4327964,1317161,1445910,755712
Greece,1972,974163,4354721,1326435,1456659,737144
Greece,1973,1007824,4383145,1321124,1465910,715154
Greece,1974,1041395,4402710,1318861,1466391,699521
Greece,1975,1076957,4436196,1343208,1470381,690006
Greece,1976,1114860,4503014,1366307,1484394,691427
Greece,1977,1151720,4559284,1377493,1493557,699762
Greece,1978,1190285,4604507,1391022,1494175,709767
Greece,1979,1225784,4677367,1409592,1493081,719996
Greece,1980,1234590,4739306,1422757,1510974,745654
Greece,1981,1238401,4783438,1434829,1529721,767892
Greece,1982,1254704,4842625,1455243,1523389,761311
Greece,1983,1266664,4907015,1477917,1513177,746360
Greece,1984,1274351,4977476,1494736,1507716,724012
Greece,1985,1287528,5044920,1504825,1514679,684619
Greece,1986,1306605,5105380,1513546,1521834,641058
Greece,1987,1324661,5162055,1524608,1514474,608500
Greece,1988,1342270,5216649,1535985,1500216,581724
Greece,1989,1362492,5270183,1547929,1477534,559764
Greece,1990,1398931,5312308,1556493,1446551,544080
Greece,1991,1448890,5340166,1564819,1416604,536022
Greece,1992,1495306,5370568,1571497,1387922,534452
Greece,1993,1540790,5406077,1574323,1356957,534441
Greece,1994,1587753,5439576,1580564,1324762,533156
Greece,1995,1632694,5474711,1588532,1291881,530674
Greece,1996,1676813,5511450,1594375,1260952,525707
Greece,1997,1718132,5551634,1595633,1234737,521335
Greece,1998,1757972,5592869,1592349,1211136,520119
Greece,1999,1796908,5636520,1579565,1193488,520394
Greece,2000,1834645,5683130,1557615,1182840,523269
Greece,2001,1870784,5733744,1530989,1175085,531339
Greece,2002,1908249,5779020,1500524,1165258,535925
Greece,2003,1945706,5817305,1470711,1148646,534751
Greece,2004,1980439,5861239,1440718,1130649,532934
Greece,2005,2010789,5913988,1407986,1115834,531221
Greece,2006,2035126,5973918,1371856,1101362,532166
Greece,2007,2053303,6034604,1333062,1088160,534868
Greece,2008,2070826,6089571,1293586,1081184,539893
Greece,2009,2095599,6126948,1258035,1076749,548802
Greece,2010,2129148,6137448,1228068,1072438,555460
Greece,2011,2164794,6114630,1200001,1072071,555094
Greece,2012,2194931,6055030,1175008,1072489,548362
Greece,2013,2222834,5983981,1150209,1073885,533982
Greece,2014,2251856,5924755,1124831,1077157,511861
Greece,2015,2278117,5869746,1102822,1077648,489695
Greece,2016,2302884,5822751,1091203,1077960,477754
Greece,2017,2325855,5784774,1089276,1077735,472925
Greece,2018,2346651,5745541,1093746,1073380,468484
Greece,2019,2368558,5710653,1103889,1067979,464316
Greece,2020,2392774,5678984,1108297,1060215,455917
Greece,2021,2413110,5597963,1081796,1044762,438779
Greece,2022,2415472,5497816,1054089,1024230,417715
Greece,2023,2402021,5398822,1047059,993913,397773
Greenland,1950,451,8268,4780,5812,3920
Greenland,1951,466,8468,4864,5976,3915
Greenland,1952,477,8692,4929,6126,3969
Greenland,1953,481,8959,4971,6254,4162
Greenland,1954,482,9267,4976,6380,4412
Greenland,1955,481,9620,4970,6519,4693
Greenland,1956,503,9974,5060,6691,4971
Greenland,1957,543,10341,5242,6902,5252
Greenland,1958,575,10736,5429,7153,5564
Greenland,1959,614,11174,5593,7454,5910
Greenland,1960,655,11649,5726,7815,6277
Greenland,1961,703,12074,5877,8180,6600
Greenland,1962,752,12452,6037,8565,6859
Greenland,1963,796,12879,6138,9025,7085
Greenland,1964,834,13356,6183,9548,7304
Greenland,1965,874,13876,6186,10122,7525
Greenland,1966,927,14425,6353,10634,7650
Greenland,1967,991,15057,6667,11079,7627
Greenland,1968,1057,15782,6887,11558,7516
Greenland,1969,1122,16612,7004,12070,7350
Greenland,1970,1183,17508,7048,12592,7154
Greenland,1971,1256,18204,7237,13098,6723
Greenland,1972,1330,18676,7655,13503,6115
Greenland,1973,1403,19144,8137,13730,5585
Greenland,1974,1470,19629,8653,13763,5132
Greenland,1975,1532,20142,9185,13593,4736
Greenland,1976,1592,20708,9718,13235,4358
Greenland,1977,1650,21103,10257,12695,4070
Greenland,1978,1700,21340,10749,12005,3977
Greenland,1979,1741,21667,11117,11214,4063
Greenland,1980,1786,22122,11546,10420,4255
Greenland,1981,1831,22694,12064,9694,4450
Greenland,1982,1867,23343,12465,9064,4616
Greenland,1983,1894,24071,12691,8578,4754
Greenland,1984,1906,24890,12693,8261,4883
Greenland,1985,1932,25692,12511,8079,5021
Greenland,1986,1960,26446,12168,8025,5160
Greenland,1987,1985,27235,11666,8112,5282
Greenland,1988,2020,28068,11034,8311,5387
Greenland,1989,2058,28921,10312,8575,5466
Greenland,1990,2119,29601,9548,8822,5559
Greenland,1991,2193,30063,8817,9022,5645
Greenland,1992,2272,30439,8160,9219,5679
Greenland,1993,2352,30729,7596,9419,5684
Greenland,1994,2422,30894,7159,9613,5678
Greenland,1995,2508,31010,6927,9772,5640
Greenland,1996,2594,31090,6889,9904,5544
Greenland,1997,2666,31067,6943,10042,5397
Greenland,1998,2734,30996,7051,10179,5214
Greenland,1999,2782,30909,7167,10283,5006
Greenland,2000,2846,30864,7374,10338,4806
Greenland,2001,2922,30870,7657,10328,4654
Greenland,2002,2979,30911,7921,10270,4536
Greenland,2003,3036,30968,8158,10170,4450
Greenland,2004,3104,31042,8358,10046,4376
Greenland,2005,3216,31039,8564,9841,4309
Greenland,2006,3368,30958,8768,9561,4249
Greenland,2007,3516,30891,8920,9285,4194
Greenland,2008,3657,30837,9005,9029,4156
Greenland,2009,3775,30815,9024,8800,4134
Greenland,2010,3889,30933,9080,8593,4139
Greenland,2011,4017,31133,9159,8399,4145
Greenland,2012,4123,31256,9084,8225,4109
Greenland,2013,4194,31342,8870,8086,4040
Greenland,2014,4246,31400,8598,8003,3949
Greenland,2015,4333,31472,8412,7919,3912
Greenland,2016,4465,31574,8307,7796,3940
Greenland,2017,4596,31684,8150,7698,3965
Greenland,2018,4708,31800,7946,7638,4007
Greenland,2019,4823,31900,7701,7610,4074
Greenland,2020,4969,31938,7490,7589,4119
Greenland,2021,5155,31886,7339,7560,4125
Greenland,2022,5370,31782,7211,7546,4105
Greenland,2023,5669,31593,7051,7583,4055
Grenada,1950,3959,24049,12323,21793,15155
Grenada,1951,3864,24125,12778,22654,14530
Grenada,1952,3811,24251,13305,23507,14077
Grenada,1953,3783,24413,13902,24280,13851
Grenada,1954,3758,24641,14571,25140,13686
Grenada,1955,3739,24935,15306,25573,14102
Grenada,1956,3719,25311,16117,25495,15176
Grenada,1957,3700,25738,16972,25518,16240
Grenada,1958,3676,26144,17795,25597,17222
Grenada,1959,3666,26493,18529,25695,18066
Grenada,1960,3667,26756,19150,25780,18719
Grenada,1961,3676,26962,19667,25882,19160
Grenada,1962,3696,27157,20093,26043,19404
Grenada,1963,3703,27358,20382,26312,19456
Grenada,1964,3683,27575,20707,26484,19322
Grenada,1965,3643,27819,20521,27083,19014
Grenada,1966,3600,28098,19863,28022,18554
Grenada,1967,3565,28428,19432,28659,17995
Grenada,1968,3549,28836,19138,29158,17416
Grenada,1969,3548,29322,18987,29493,16869
Grenada,1970,3555,29896,18958,29668,16353
Grenada,1971,3660,30552,18898,29668,15880
Grenada,1972,3868,31176,18823,29507,15419
Grenada,1973,4079,31591,18913,29206,14934
Grenada,1974,4305,31902,19041,28815,14439
Grenada,1975,4545,31793,19507,28332,13967
Grenada,1976,4800,31362,20186,27778,13527
Grenada,1977,5073,31010,20668,27173,13107
Grenada,1978,5368,30600,21100,26533,12720
Grenada,1979,5687,30129,21452,25875,12362
Grenada,1980,6029,29587,21703,25246,11988
Grenada,1981,6296,29538,21959,24676,11596
Grenada,1982,6437,30327,22237,24142,11257
Grenada,1983,6518,31449,22368,23599,11029
Grenada,1984,6599,32635,22312,23045,10926
Grenada,1985,6691,33878,22121,22463,10971
Grenada,1986,6780,35171,21824,21915,11118
Grenada,1987,6864,36474,21437,21472,11289
Grenada,1988,6953,37748,20982,21166,11473
Grenada,1989,7050,38949,20475,21014,11643
Grenada,1990,7150,40054,19948,21045,11776
Grenada,1991,7264,41012,19428,21268,11834
Grenada,1992,7391,41816,18931,21677,11802
Grenada,1993,7544,42472,18478,22229,11673
Grenada,1994,7718,42993,18094,22871,11473
Grenada,1995,7914,43403,17795,23542,11233
Grenada,1996,8121,43696,17645,24141,10993
Grenada,1997,8353,43879,17700,24584,10791
Grenada,1998,8595,43954,17977,24848,10646
Grenada,1999,8854,43911,18486,24929,10560
Grenada,2000,9129,43744,19223,24838,10529
Grenada,2001,9358,43828,20096,24380,10333
Grenada,2002,9546,44321,20958,23613,9972
Grenada,2003,9741,44930,21754,22814,9654
Grenada,2004,9923,45601,22438,22020,9353
Grenada,2005,10092,46371,22937,21276,9064
Grenada,2006,10247,47279,23201,20496,8921
Grenada,2007,10378,48338,23200,19697,8912
Grenada,2008,10504,49525,22961,19021,8895
Grenada,2009,10620,50812,22513,18446,8870
Grenada,2010,10754,52136,21915,17960,8830
Grenada,2011,10891,53390,21344,17647,8817
Grenada,2012,11022,54588,20860,17487,8827
Grenada,2013,11180,55791,20364,17354,8800
Grenada,2014,11359,56949,19886,17239,8706
Grenada,2015,11544,58034,19452,17120,8531
Grenada,2016,11743,59019,18966,17127,8281
Grenada,2017,11957,59862,18450,17244,7922
Grenada,2018,12193,60586,18041,17315,7551
Grenada,2019,12466,61187,17719,17312,7291
Grenada,2020,12767,61752,17496,17204,7112
Grenada,2021,13085,62240,17345,17000,7002
Grenada,2022,13454,62611,17196,16657,6987
Grenada,2023,13879,62893,17054,16265,6975
Guadeloupe,1950,11874,81178,36432,47463,38575
Guadeloupe,1951,11401,82082,36935,49727,39426
Guadeloupe,1952,11097,83663,37811,52776,40299
Guadeloupe,1953,10891,85247,38749,56145,40948
Guadeloupe,1954,10798,86805,39636,59686,41471
Guadeloupe,1955,10903,88734,40160,62871,42125
Guadeloupe,1956,11170,91048,40427,65602,43039
Guadeloupe,1957,11469,93342,40825,68270,44070
Guadeloupe,1958,11824,95632,41510,70861,45058
Guadeloupe,1959,12261,97939,42586,73291,45965
Guadeloupe,1960,12778,100260,44030,75599,46770
Guadeloupe,1961,13114,102038,45944,77898,47407
Guadeloupe,1962,13318,103113,47827,79788,47963
Guadeloupe,1963,13620,103954,49499,81076,48391
Guadeloupe,1964,13921,104634,51451,82068,48551
Guadeloupe,1965,14243,105185,53607,82975,48566
Guadeloupe,1966,14587,105682,55827,83726,48688
Guadeloupe,1967,14939,106152,58086,84316,48660
Guadeloupe,1968,15323,106927,59738,84573,48337
Guadeloupe,1969,15758,108112,60571,84341,47966
Guadeloupe,1970,16251,109439,61056,83985,47384
Guadeloupe,1971,16779,110804,61343,83684,46472
Guadeloupe,1972,17330,112158,61492,83343,45351
Guadeloupe,1973,17899,113552,61499,82872,44181
Guadeloupe,1974,18489,115047,61610,82337,43085
Guadeloupe,1975,19108,116871,62326,81904,42253
Guadeloupe,1976,19751,118976,63498,81700,41379
Guadeloupe,1977,20432,121213,64721,81373,39971
Guadeloupe,1978,21141,123638,65682,80866,37977
Guadeloupe,1979,21845,126227,66174,80456,35687
Guadeloupe,1980,22465,128948,66413,79829,33551
Guadeloupe,1981,23005,131805,66965,78737,31992
Guadeloupe,1982,23539,134796,68606,77475,31396
Guadeloupe,1983,24156,138973,70392,76110,31745
Guadeloupe,1984,24922,144447,71417,74597,32593
Guadeloupe,1985,25766,150255,72119,73226,33508
Guadeloupe,1986,26668,156128,72742,72040,34329
Guadeloupe,1987,27598,162116,73240,70968,35013
Guadeloupe,1988,28561,168153,73694,70017,35551
Guadeloupe,1989,29550,173655,74463,69148,35968
Guadeloupe,1990,30531,178163,75509,68322,36265
Guadeloupe,1991,31527,182164,75926,67676,36461
Guadeloupe,1992,32549,186354,75116,67475,36638
Guadeloupe,1993,33565,190667,73429,67877,36749
Guadeloupe,1994,34581,195019,71266,68671,36752
Guadeloupe,1995,35613,199378,69025,69480,36654
Guadeloupe,1996,36673,203747,66810,70173,36486
Guadeloupe,1997,37783,208097,64614,70745,36310
Guadeloupe,1998,39043,212893,61436,70909,36148
Guadeloupe,1999,40683,219098,54984,70238,35891
Guadeloupe,2000,42213,222031,50138,69431,35702
Guadeloupe,2001,43363,220336,49495,69073,35522
Guadeloupe,2002,44455,217854,49539,68785,35067
Guadeloupe,2003,45504,214869,50226,68375,34377
Guadeloupe,2004,46545,211718,51126,67845,33555
Guadeloupe,2005,47582,208455,52065,67167,32741
Guadeloupe,2006,48593,206869,52685,66487,32514
Guadeloupe,2007,49656,207037,52823,66119,32577
Guadeloupe,2008,50957,207309,52750,65953,31919
Guadeloupe,2009,52613,207685,52367,65637,30589
Guadeloupe,2010,54428,207994,51808,65111,29355
Guadeloupe,2011,56264,208144,51202,64823,28501
Guadeloupe,2012,58285,207909,50534,64406,27877
Guadeloupe,2013,60450,207211,49928,63106,27514
Guadeloupe,2014,62736,206015,49311,61250,27164
Guadeloupe,2015,65076,204346,48504,59171,26664
Guadeloupe,2016,67875,205254,48057,57536,25715
Guadeloupe,2017,71813,211494,48440,56927,23807
Guadeloupe,2018,75631,213901,48216,55544,21649
Guadeloupe,2019,78521,210124,47551,53239,20562
Guadeloupe,2020,80880,206164,48338,51133,20600
Guadeloupe,2021,82742,199498,47717,48379,20521
Guadeloupe,2022,84481,190579,44696,45124,19505
Guadeloupe,2023,86715,183926,43561,42916,19056
Guam,1950,703,25126,18639,8759,7569
Guam,1951,732,26334,16850,9355,8041
Guam,1952,760,27502,15152,10058,8424
Guam,1953,794,28477,13725,10833,8726
Guam,1954,832,29156,12675,11600,9022
Guam,1955,874,29479,12032,12347,9367
Guam,1956,918,29454,11742,13141,9731
Guam,1957,962,29171,11713,14004,10108
Guam,1958,1007,28747,11834,14919,10500
Guam,1959,1048,28303,12025,15854,10883
Guam,1960,1085,28274,12149,16827,11209
Guam,1961,1108,28734,12275,17733,11472
Guam,1962,1132,29336,12623,18422,11697
Guam,1963,1158,29895,13267,18906,11879
Guam,1964,1194,30360,14168,19271,12027
Guam,1965,1234,30715,15244,19611,12142
Guam,1966,1284,30963,16365,20023,12224
Guam,1967,1332,31199,17393,20543,12264
Guam,1968,1385,31557,18223,21158,12256
Guam,1969,1436,32147,18770,21821,12247
Guam,1970,1494,33099,19012,22487,12288
Guam,1971,1577,34366,19115,23034,12385
Guam,1972,1669,35754,19285,23362,12560
Guam,1973,1777,37136,19614,23480,12788
Guam,1974,1907,38452,20118,23479,12997
Guam,1975,2059,39690,20730,23495,13099
Guam,1976,2219,40841,21374,23596,13148
Guam,1977,2398,42003,21944,23810,13159
Guam,1978,2590,43259,22398,24032,13161
Guam,1979,2797,44607,22737,24206,13310
Guam,1980,2993,46037,23077,24473,13574
Guam,1981,3151,47557,23522,24906,13781
Guam,1982,3317,49131,24065,25281,13936
Guam,1983,3486,50773,24672,25465,14122
Guam,1984,3672,52506,25371,25491,14276
Guam,1985,3887,54292,26171,25348,14434
Guam,1986,4107,56118,26919,25152,14683
Guam,1987,4337,57999,27501,25024,15005
Guam,1988,4598,60004,27827,24977,15409
Guam,1989,4911,62151,27785,25079,15886
Guam,1990,5292,64178,27325,25484,16342
Guam,1991,5674,65875,26744,26102,16695
Guam,1992,6020,67402,26309,26731,16937
Guam,1993,6334,68936,25925,27368,17107
Guam,1994,6613,70507,25562,27998,17198
Guam,1995,6894,72018,25292,28611,17247
Guam,1996,7179,73374,25152,29202,17269
Guam,1997,7464,74631,25127,29742,17258
Guam,1998,7747,75835,25173,30224,17260
Guam,1999,8036,76987,25278,30658,17335
Guam,2000,8363,77925,25335,31049,17402
Guam,2001,8726,78568,25307,31355,17379
Guam,2002,9088,79065,25315,31602,17250
Guam,2003,9438,79492,25403,31809,16999
Guam,2004,9747,79854,25624,31929,16656
Guam,2005,9999,80183,25966,31925,16294
Guam,2006,10188,80508,26363,31758,16026
Guam,2007,10319,80842,26783,31419,15909
Guam,2008,10438,81138,27199,30947,15975
Guam,2009,10591,81362,27587,30399,16242
Guam,2010,10912,81548,27808,29798,16459
Guam,2011,11440,81704,27793,29200,16407
Guam,2012,12071,81750,27648,28666,16200
Guam,2013,12734,81677,27401,28217,15935
Guam,2014,13409,81507,27052,27858,15650
Guam,2015,14081,81252,26594,27544,15422
Guam,2016,14740,80919,26042,27234,15281
Guam,2017,15391,80490,25426,26964,15202
Guam,2018,16042,79942,24778,26748,15148
Guam,2019,16691,79267,24140,26592,15096
Guam,2020,17436,79040,23772,26832,15051
Guam,2021,18297,79302,23670,27439,14995
Guam,2022,19200,79470,23560,28019,14905
Guam,2023,20141,79525,23489,28544,14782
Guatemala,1950,71030,1030311,637863,771596,586368
Guatemala,1951,72187,1059728,645475,792401,607549
Guatemala,1952,73537,1091185,650608,817412,628887
Guatemala,1953,74903,1124211,653480,847346,648855
Guatemala,1954,76362,1157888,656142,881187,667510
Guatemala,1955,78039,1191572,660442,916491,686751
Guatemala,1956,79883,1225445,666317,953330,706191
Guatemala,1957,81816,1259921,673829,992028,725138
Guatemala,1958,83942,1293769,683532,1032421,743359
Guatemala,1959,86405,1327635,697136,1074499,760813
Guatemala,1960,89410,1362791,715537,1117920,777991
Guatemala,1961,92801,1398207,738409,1161562,795215
Guatemala,1962,96269,1433495,765398,1204396,812482
Guatemala,1963,99581,1468618,796883,1244874,830306
Guatemala,1964,102798,1504086,831886,1282915,849413
Guatemala,1965,106183,1540277,868176,1320643,869686
Guatemala,1966,109692,1576712,905426,1357980,891144
Guatemala,1967,113128,1613911,943905,1394145,913771
Guatemala,1968,116373,1651738,983229,1429415,937357
Guatemala,1969,119353,1689150,1022429,1464434,961716
Guatemala,1970,122465,1726617,1061119,1500104,986661
Guatemala,1971,126355,1764253,1098302,1537872,1011572
Guatemala,1972,131128,1803066,1134015,1578197,1036424
Guatemala,1973,136514,1844660,1167712,1621057,1061691
Guatemala,1974,142650,1890693,1199921,1660701,1087229
Guatemala,1975,149444,1938888,1231901,1694942,1113540
Guatemala,1976,155880,1983135,1260229,1725270,1137862
Guatemala,1977,162923,2030505,1287094,1757396,1163547
Guatemala,1978,171218,2085339,1315104,1796019,1193795
Guatemala,1979,179542,2142598,1342646,1837926,1225008
Guatemala,1980,187299,2201139,1370280,1883669,1257742
Guatemala,1981,194509,2259241,1397942,1931832,1292030
Guatemala,1982,202982,2311920,1420415,1981537,1323285
Guatemala,1983,213024,2369893,1444235,2037481,1354880
Guatemala,1984,222825,2440660,1476962,2101709,1388382
Guatemala,1985,232638,2514852,1513269,2170761,1418013
Guatemala,1986,243911,2589254,1550797,2241223,1445466
Guatemala,1987,256908,2663416,1590096,2311739,1474153
Guatemala,1988,271061,2738666,1632825,2383651,1505713
Guatemala,1989,285963,2815413,1678948,2454330,1540702
Guatemala,1990,300868,2894266,1728926,2521780,1578738
Guatemala,1991,316555,2973070,1779740,2586501,1616518
Guatemala,1992,332725,3052083,1833236,2651837,1652169
Guatemala,1993,348795,3132912,1891708,2720580,1685546
Guatemala,1994,362626,3212798,1954843,2795092,1718137
Guatemala,1995,373866,3292230,2022816,2872881,1751002
Guatemala,1996,385676,3373953,2092903,2947776,1783038
Guatemala,1997,398430,3459825,2164906,3021286,1813152
Guatemala,1998,411602,3552634,2240015,3094583,1840179
Guatemala,1999,424617,3651078,2314603,3169380,1863188
Guatemala,2000,437184,3748957,2383043,3245751,1882564
Guatemala,2001,449101,3849473,2449883,3320395,1900492
Guatemala,2002,460559,3959248,2520522,3390343,1916179
Guatemala,2003,471818,4077138,2595261,3453774,1927791
Guatemala,2004,483184,4203056,2673379,3511381,1936353
Guatemala,2005,494823,4336308,2751118,3565223,1940114
Guatemala,2006,506991,4477335,2827356,3617294,1938430
Guatemala,2007,520216,4626793,2903836,3665361,1935790
Guatemala,2008,534448,4782115,2979619,3705935,1933012
Guatemala,2009,549456,4940852,3056089,3739122,1930052
Guatemala,2010,565229,5103977,3135277,3764779,1930809
Guatemala,2011,581979,5274859,3214165,3784110,1936962
Guatemala,2012,600027,5454507,3288177,3799725,1947154
Guatemala,2013,619911,5641818,3354617,3811023,1959921
Guatemala,2014,641285,5833728,3413268,3818703,1974688
Guatemala,2015,663075,6027025,3465928,3824836,1990826
Guatemala,2016,685833,6226244,3518110,3830789,2007726
Guatemala,2017,710577,6430561,3566590,3839354,2020217
Guatemala,2018,736822,6631722,3603835,3849612,2023629
Guatemala,2019,764256,6832099,3632122,3861453,2013799
Guatemala,2020,788839,7041960,3658869,3879461,1988128
Guatemala,2021,805394,7255151,3683621,3903671,1950751
Guatemala,2022,826274,7476493,3706289,3927454,1911306
Guatemala,2023,858102,7714536,3727223,3946134,1878780
Guernsey,1950,5383,23362,6115,6264,3843
Guernsey,1951,5493,23688,6164,6365,4138
Guernsey,1952,5579,23795,6191,6507,4045
Guernsey,1953,5664,23829,6221,6676,3839
Guernsey,1954,5747,23846,6241,6843,3656
Guernsey,1955,5822,23860,6210,6986,3540
Guernsey,1956,5914,23878,6111,7132,3481
Guernsey,1957,6026,23906,5972,7302,3475
Guernsey,1958,6139,23905,5849,7442,3507
Guernsey,1959,6242,23878,5794,7521,3569
Guernsey,1960,6342,23832,5791,7557,3667
Guernsey,1961,6427,23889,5959,7494,3731
Guernsey,1962,6507,24113,6272,7400,3724
Guernsey,1963,6608,24390,6548,7381,3716
Guernsey,1964,6723,24647,6799,7400,3742
Guernsey,1965,6836,24854,7069,7443,3792
Guernsey,1966,6951,25010,7352,7494,3866
Guernsey,1967,7083,25165,7615,7576,3947
Guernsey,1968,7243,25339,7817,7733,4004
Guernsey,1969,7413,25517,7951,7955,4046
Guernsey,1970,7604,25730,8025,8210,4087
Guernsey,1971,7762,25819,8098,8424,4077
Guernsey,1972,7842,25751,8190,8538,3985
Guernsey,1973,7881,25755,8230,8589,3872
Guernsey,1974,7911,25884,8215,8591,3749
Guernsey,1975,7913,26069,8184,8544,3584
Guernsey,1976,7963,26257,8124,8457,3415
Guernsey,1977,8089,26369,8082,8349,3272
Guernsey,1978,8225,26409,8130,8198,3146
Guernsey,1979,8340,26417,8259,7983,3044
Guernsey,1980,8403,26442,8398,7728,2983
Guernsey,1981,8447,26606,8536,7482,2982
Guernsey,1982,8467,26938,8669,7273,3024
Guernsey,1983,8465,27377,8765,7094,3073
Guernsey,1984,8525,27826,8840,6918,3125
Guernsey,1985,8651,28263,8881,6746,3179
Guernsey,1986,8755,28705,8942,6631,3229
Guernsey,1987,8841,29142,9043,6566,3279
Guernsey,1988,8930,29602,9133,6518,3336
Guernsey,1989,9039,30096,9176,6492,3405
Guernsey,1990,9137,30630,9159,6491,3499
Guernsey,1991,9206,31102,8982,6516,3594
Guernsey,1992,9230,31423,8647,6575,3656
Guernsey,1993,9222,31659,8307,6656,3676
Guernsey,1994,9181,31866,8016,6759,3658
Guernsey,1995,9143,32050,7757,6884,3565
Guernsey,1996,9138,32272,7558,7005,3438
Guernsey,1997,9154,32554,7420,7090,3356
Guernsey,1998,9191,32812,7345,7147,3302
Guernsey,1999,9239,33041,7318,7182,3261
Guernsey,2000,9280,33249,7324,7184,3248
Guernsey,2001,9343,33367,7358,7160,3244
Guernsey,2002,9455,33397,7391,7130,3224
Guernsey,2003,9581,33409,7406,7100,3193
Guernsey,2004,9717,33454,7414,7051,3154
Guernsey,2005,9826,33543,7434,6973,3104
Guernsey,2006,9895,33688,7471,6867,3076
Guernsey,2007,9953,33831,7505,6748,3071
Guernsey,2008,10055,33924,7544,6637,3077
Guernsey,2009,10194,33981,7573,6529,3095
Guernsey,2010,10351,34014,7589,6438,3128
Guernsey,2011,10635,33917,7589,6375,3162
Guernsey,2012,10996,33782,7548,6323,3210
Guernsey,2013,11270,33745,7479,6281,3245
Guernsey,2014,11511,33755,7397,6267,3231
Guernsey,2015,11744,33757,7313,6241,3179
Guernsey,2016,11950,33750,7145,6243,3106
Guernsey,2017,12150,33733,6954,6343,3018
Guernsey,2018,12385,33821,6865,6453,2920
Guernsey,2019,12615,34029,6806,6508,2836
Guernsey,2020,12850,34201,6754,6549,2761
Guernsey,2021,13088,34323,6747,6578,2683
Guernsey,2022,13331,34426,6782,6575,2612
Guernsey,2023,13618,34492,6818,6505,2582
Guinea,1950,160686,1162600,544090,672261,473541
Guinea,1951,161401,1179942,551104,683441,486093
Guinea,1952,161449,1198240,558446,695925,497628
Guinea,1953,161050,1217277,566039,709851,508304
Guinea,1954,160485,1236740,573680,724237,519422
Guinea,1955,159767,1256636,581254,740062,530143
Guinea,1956,158935,1277021,589526,757086,539934
Guinea,1957,158217,1297735,598779,773999,549928
Guinea,1958,157646,1318794,608621,791260,560117
Guinea,1959,157194,1340200,619107,808813,570462
Guinea,1960,156902,1361940,629623,827276,581014
Guinea,1961,156821,1384138,640270,846447,591878
Guinea,1962,156984,1406933,652145,865137,603077
Guinea,1963,157412,1430161,665382,883378,614626
Guinea,1964,158163,1453552,679085,902380,626549
Guinea,1965,159252,1476987,694169,921432,638882
Guinea,1966,160707,1501250,710415,940078,651707
Guinea,1967,162551,1526590,726603,959342,665067
Guinea,1968,164726,1552560,743102,979209,678953
Guinea,1969,167159,1578571,759493,999690,693386
Guinea,1970,169765,1602889,775845,1020780,708259
Guinea,1971,172502,1624972,791736,1042502,723492
Guinea,1972,175359,1645816,806195,1064923,738998
Guinea,1973,178370,1665618,819607,1088096,754634
Guinea,1974,181621,1683274,833341,1112048,770228
Guinea,1975,185185,1699371,846797,1136815,785707
Guinea,1976,189076,1714611,859735,1162440,801169
Guinea,1977,193280,1728555,873440,1188895,816959
Guinea,1978,197795,1742270,888390,1216211,833187
Guinea,1979,202577,1757169,905188,1244410,849941
Guinea,1980,207594,1774475,924267,1273476,867612
Guinea,1981,212869,1794935,945738,1303462,886291
Guinea,1982,218376,1818857,969393,1334575,906470
Guinea,1983,224066,1846083,994794,1366750,928122
Guinea,1984,229954,1877002,1021851,1399957,951333
Guinea,1985,236046,1912438,1050726,1434436,976722
Guinea,1986,242281,1952557,1081232,1470155,1004444
Guinea,1987,248597,1996904,1112858,1507637,1034198
Guinea,1988,254905,2044316,1144810,1546927,1065614
Guinea,1989,261096,2092744,1175954,1587974,1098045
Guinea,1990,269488,2161778,1217402,1645380,1140330
Guinea,1991,279398,2246344,1266389,1714757,1190272
Guinea,1992,287108,2315086,1305543,1774095,1232533
Guinea,1993,294364,2383010,1343446,1834164,1273185
Guinea,1994,301483,2451923,1381189,1897154,1313348
Guinea,1995,307968,2518823,1417356,1959383,1349714
Guinea,1996,314539,2589577,1455283,2025478,1385151
Guinea,1997,319390,2628349,1476807,2090695,1416124
Guinea,1998,323916,2660075,1498036,2157722,1442241
Guinea,1999,329170,2709842,1532913,2227290,1465905
Guinea,2000,333704,2746998,1564667,2295184,1488282
Guinea,2001,336795,2752433,1584752,2360751,1505232
Guinea,2002,340442,2769804,1618486,2427443,1517897
Guinea,2003,345487,2822318,1676374,2492632,1533976
Guinea,2004,349994,2870977,1734234,2553382,1554135
Guinea,2005,353824,2912769,1789902,2611630,1577716
Guinea,2006,358024,2959627,1850925,2665767,1606829
Guinea,2007,363069,3020860,1921082,2714895,1642370
Guinea,2008,368454,3091493,1994959,2761550,1682411
Guinea,2009,374047,3167713,2068980,2809037,1723760
Guinea,2010,379507,3250958,2141521,2859870,1764231
Guinea,2011,384993,3342555,2213628,2913017,1802616
Guinea,2012,391161,3440261,2284574,2967122,1838459
Guinea,2013,398070,3544291,2351052,3026230,1872226
Guinea,2014,405129,3657642,2414831,3090572,1904742
Guinea,2015,412830,3780905,2478354,3157839,1937143
Guinea,2016,421584,3913590,2538323,3228312,1971213
Guinea,2017,430729,4054420,2592210,3302000,2006298
Guinea,2018,440311,4202947,2643429,3377723,2040352
Guinea,2019,450575,4360086,2696327,3453650,2073694
Guinea,2020,460533,4523013,2752375,3528751,2106497
Guinea,2021,470432,4689926,2809594,3603186,2137360
Guinea,2022,482217,4863079,2867140,3676314,2166367
Guinea,2023,495679,5039565,2928962,3746669,2194570
Guinea-Bissau,1950,18786,218994,97082,119201,89569
Guinea-Bissau,1951,19340,222454,97118,120623,90211
Guinea-Bissau,1952,19907,225359,97091,121159,90405
Guinea-Bissau,1953,20447,228120,96953,121471,90644
Guinea-Bissau,1954,20934,230811,96773,121386,91080
Guinea-Bissau,1955,21382,233470,96551,121131,91540
Guinea-Bissau,1956,21796,236113,96239,120922,91911
Guinea-Bissau,1957,22154,238759,95856,120664,92319
Guinea-Bissau,1958,22500,241343,95460,120342,92780
Guinea-Bissau,1959,22891,243753,95389,119716,93287
Guinea-Bissau,1960,23350,245949,95444,119042,93850
Guinea-Bissau,1961,23737,247881,94739,120782,95405
Guinea-Bissau,1962,24075,249265,93680,124877,97582
Guinea-Bissau,1963,24406,249033,92600,129386,99001
Guinea-Bissau,1964,24422,242385,88766,133885,99090
Guinea-Bissau,1965,24231,231255,83805,138183,97536
Guinea-Bissau,1966,24151,223021,82192,142562,94989
Guinea-Bissau,1967,24222,220427,84883,147041,92443
Guinea-Bissau,1968,24430,221698,90261,151310,90481
Guinea-Bissau,1969,24590,219820,93747,154643,88826
Guinea-Bissau,1970,24873,217529,97260,156935,87811
Guinea-Bissau,1971,25262,214423,100953,157879,87712
Guinea-Bissau,1972,25749,210454,104508,157757,88164
Guinea-Bissau,1973,26474,209760,110141,157399,89040
Guinea-Bissau,1974,28194,213165,117810,159095,95081
Guinea-Bissau,1975,30847,221605,126336,164416,107766
Guinea-Bissau,1976,33433,232005,132872,173229,122655
Guinea-Bissau,1977,35874,244134,137711,186225,137851
Guinea-Bissau,1978,38081,257793,141368,203691,150759
Guinea-Bissau,1979,38966,266738,144448,214655,155067
Guinea-Bissau,1980,39464,270282,146077,218983,154504
Guinea-Bissau,1981,40740,273799,146522,225442,155926
Guinea-Bissau,1982,41987,277171,147291,231558,157881
Guinea-Bissau,1983,43215,280359,148594,236755,160663
Guinea-Bissau,1984,44386,283392,150637,241186,163913
Guinea-Bissau,1985,45492,286306,153511,245534,166851
Guinea-Bissau,1986,46532,289107,157209,249880,169386
Guinea-Bissau,1987,47519,291860,161664,254168,171646
Guinea-Bissau,1988,48464,294615,166783,258436,173751
Guinea-Bissau,1989,49376,297416,172474,262682,175827
Guinea-Bissau,1990,50259,300263,178614,266934,177593
Guinea-Bissau,1991,50216,305261,186257,272846,180042
Guinea-Bissau,1992,49462,313568,195683,281331,184300
Guinea-Bissau,1993,49004,323586,205213,291359,189571
Guinea-Bissau,1994,48523,333767,213840,301289,194598
Guinea-Bissau,1995,47859,342885,221306,308996,198885
Guinea-Bissau,1996,47083,351311,227813,314697,202619
Guinea-Bissau,1997,46278,359843,233790,319769,205851
Guinea-Bissau,1998,45518,368720,239394,324872,208956
Guinea-Bissau,1999,44853,378218,244785,330273,212065
Guinea-Bissau,2000,44320,388813,250281,336067,215250
Guinea-Bissau,2001,43917,400382,255979,342313,218676
Guinea-Bissau,2002,43598,412458,261903,349034,222311
Guinea-Bissau,2003,43356,424624,268418,356150,226250
Guinea-Bissau,2004,43188,437120,275386,363440,230425
Guinea-Bissau,2005,43092,450543,281916,371202,234826
Guinea-Bissau,2006,43096,464987,288004,379535,239682
Guinea-Bissau,2007,43230,480367,294254,388146,244982
Guinea-Bissau,2008,43482,496506,300765,397073,250223
Guinea-Bissau,2009,43890,513310,307583,406270,255321
Guinea-Bissau,2010,44469,530768,314791,415884,260429
Guinea-Bissau,2011,45225,548790,322350,426111,265599
Guinea-Bissau,2012,46183,567290,330321,436862,270761
Guinea-Bissau,2013,47351,586256,338645,447806,275912
Guinea-Bissau,2014,48745,605738,347087,458759,280788
Guinea-Bissau,2015,50366,625471,355946,469816,284854
Guinea-Bissau,2016,52203,645432,365244,481196,287816
Guinea-Bissau,2017,54225,666053,374663,492787,289339
Guinea-Bissau,2018,56398,687418,384315,504231,289797
Guinea-Bissau,2019,58692,709519,394127,515185,290174
Guinea-Bissau,2020,60779,732080,404193,525214,290986
Guinea-Bissau,2021,62725,754932,414721,534100,292358
Guinea-Bissau,2022,65069,778821,425647,541474,294520
Guinea-Bissau,2023,67669,803933,436717,547722,297297
Guyana,1950,16196,154939,73516,99268,74118
Guyana,1951,15961,157692,74895,103170,77377
Guyana,1952,15830,160826,76234,107647,80695
Guyana,1953,15834,164202,77631,112719,84160
Guyana,1954,15981,167662,79122,118506,87701
Guyana,1955,16253,171127,80966,124678,91340
Guyana,1956,16631,174607,83203,131196,94939
Guyana,1957,17122,178133,85649,138457,98144
Guyana,1958,17696,181727,88370,146317,100960
Guyana,1959,18323,185395,91459,154559,103335
Guyana,1960,19528,189216,93937,161150,105323
Guyana,1961,20598,192181,95871,166637,107290
Guyana,1962,20998,194162,98336,172608,109359
Guyana,1963,21453,196109,101339,178352,111284
Guyana,1964,21961,198007,104974,183890,112937
Guyana,1965,22513,199890,109310,189115,114301
Guyana,1966,23096,201810,114354,194030,115357
Guyana,1967,23698,203845,120015,198552,116199
Guyana,1968,24293,206127,126158,202672,116915
Guyana,1969,24852,208753,132622,206412,117582
Guyana,1970,25431,211280,138474,209423,118097
Guyana,1971,25891,213476,143340,211390,118564
Guyana,1972,26190,215834,147705,212799,119091
Guyana,1973,26495,218527,151744,213965,119406
Guyana,1974,26833,221578,155470,214850,119320
Guyana,1975,27244,225022,158795,215519,118814
Guyana,1976,27710,228864,161714,215992,117967
Guyana,1977,28207,233117,164158,216325,116840
Guyana,1978,28701,237746,166124,216437,115573
Guyana,1979,29139,242687,167604,216209,114416
Guyana,1980,29486,247656,168255,215545,113419
Guyana,1981,29660,252346,168890,213767,111787
Guyana,1982,29666,256778,169937,210831,109495
Guyana,1983,29611,261094,170606,207345,107230
Guyana,1984,29543,265300,170778,203464,105026
Guyana,1985,29503,269235,170466,199296,102974
Guyana,1986,29519,272806,169639,195079,101052
Guyana,1987,29593,275891,168320,190947,99364
Guyana,1988,29677,278432,166511,186926,98119
Guyana,1989,29709,280432,164249,183129,97342
Guyana,1990,29614,281920,161682,179600,97067
Guyana,1991,29587,284546,159273,176786,97667
Guyana,1992,29643,288673,157529,174900,99164
Guyana,1993,29612,292872,156040,173512,100923
Guyana,1994,29518,296904,154288,172597,102504
Guyana,1995,29376,300663,152304,172336,103704
Guyana,1996,29217,304075,150128,172877,104227
Guyana,1997,29118,307147,147802,174008,104161
Guyana,1998,29125,309972,145380,175409,103698
Guyana,1999,29229,312620,142914,177113,102601
Guyana,2000,29396,315149,140453,179028,100799
Guyana,2001,29608,317477,138143,180922,98321
Guyana,2002,29826,319643,136287,182716,95172
Guyana,2003,30178,321991,135146,184302,91477
Guyana,2004,30675,324310,134722,185059,87645
Guyana,2005,31162,326230,134896,184485,84138
Guyana,2006,31665,327776,135826,182396,81301
Guyana,2007,32244,328977,137312,178961,79366
Guyana,2008,32915,329809,139024,174544,78309
Guyana,2009,33671,330260,140962,169294,77892
Guyana,2010,34554,330341,143017,163492,77836
Guyana,2011,35573,330088,144945,157597,77934
Guyana,2012,36641,330428,147282,153566,78356
Guyana,2013,37733,331593,150024,151582,79064
Guyana,2014,38958,333101,152248,150157,79740
Guyana,2015,40287,335152,153617,149286,80415
Guyana,2016,41697,337900,153896,148985,81043
Guyana,2017,43191,341193,153209,149351,81507
Guyana,2018,44961,355539,157453,151155,82422
Guyana,2019,46803,366377,158174,153153,83124
Guyana,2020,48428,368006,153080,154763,83173
Guyana,2021,49561,374631,151176,156774,83308
Guyana,2022,51096,380204,148717,158342,83242
Guyana,2023,53509,384712,145782,159399,82916
Haiti,1950,118030,1226245,599409,800150,521854
Haiti,1951,117533,1243668,611308,813141,529248
Haiti,1952,117531,1260665,625103,824975,537983
Haiti,1953,117858,1277639,640259,837021,547061
Haiti,1954,118336,1295209,655721,849143,557130
Haiti,1955,118946,1313698,670831,862256,568014
Haiti,1956,119745,1333182,685694,877331,578854
Haiti,1957,120694,1353614,700490,893513,589509
Haiti,1958,121933,1375004,715278,910598,599898
Haiti,1959,123753,1397203,729824,928472,610440
Haiti,1960,126264,1420117,743879,947443,620744
Haiti,1961,129414,1443974,756770,968012,630866
Haiti,1962,133171,1468893,768523,989473,641517
Haiti,1963,137304,1493759,780155,1010082,651767
Haiti,1964,141917,1518625,791794,1031484,662425
Haiti,1965,147123,1543939,804530,1053831,674399
Haiti,1966,152729,1569087,819020,1075475,686335
Haiti,1967,158722,1594376,834546,1097196,698163
Haiti,1968,165003,1620176,850951,1119199,709998
Haiti,1969,171390,1646550,868091,1141757,721553
Haiti,1970,177772,1673398,886279,1164522,733154
Haiti,1971,184119,1700339,906003,1187152,745637
Haiti,1972,190344,1727474,926533,1210096,759418
Haiti,1973,196428,1755632,946843,1233482,774359
Haiti,1974,202381,1784022,967883,1257090,790427
Haiti,1975,208165,1813044,989090,1281151,807645
Haiti,1976,213754,1843546,1009524,1306082,825446
Haiti,1977,219125,1875008,1029872,1332142,843333
Haiti,1978,224231,1907579,1050322,1359249,861197
Haiti,1979,229028,1941259,1071247,1387189,878866
Haiti,1980,233474,1976133,1092280,1416271,896335
Haiti,1981,237599,2012351,1113151,1446742,913882
Haiti,1982,241408,2049683,1134394,1478599,931853
Haiti,1983,244935,2088021,1156090,1511644,950409
Haiti,1984,248184,2127575,1178008,1545674,969795
Haiti,1985,251156,2168254,1200404,1580733,990320
Haiti,1986,253898,2210111,1223712,1616524,1011877
Haiti,1987,256462,2253432,1248227,1652839,1034163
Haiti,1988,258849,2298427,1273900,1689774,1057199
Haiti,1989,261022,2345373,1300510,1727407,1080419
Haiti,1990,263028,2394034,1328373,1766041,1102967
Haiti,1991,264893,2443828,1357529,1805839,1123366
Haiti,1992,266690,2494964,1388007,1846805,1140109
Haiti,1993,268580,2547824,1419856,1889189,1152732
Haiti,1994,270784,2602137,1452801,1932559,1161495
Haiti,1995,273553,2658098,1486966,1976540,1167393
Haiti,1996,276940,2716475,1522206,2019897,1172041
Haiti,1997,280920,2777571,1558235,2060729,1176848
Haiti,1998,285551,2841174,1595036,2098450,1181934
Haiti,1999,290942,2907302,1632732,2132982,1187343
Haiti,2000,297136,2976136,1671624,2164215,1194039
Haiti,2001,304193,3047468,1711864,2192079,1200311
Haiti,2002,312203,3121212,1753405,2216648,1204177
Haiti,2003,320942,3197496,1796419,2237523,1207530
Haiti,2004,329778,3275915,1840371,2254543,1209658
Haiti,2005,338760,3357558,1884953,2269811,1210190
Haiti,2006,348196,3443050,1928955,2283631,1212734
Haiti,2007,357902,3531604,1970330,2294979,1218484
Haiti,2008,367897,3622992,2008463,2305548,1225880
Haiti,2009,378118,3717314,2043272,2316123,1234756
Haiti,2010,383758,3798399,2067861,2317189,1236091
Haiti,2011,389192,3882410,2088624,2318048,1236629
Haiti,2012,399399,3986123,2112578,2328229,1243438
Haiti,2013,410269,4093127,2132891,2338831,1247245
Haiti,2014,421268,4203040,2149828,2349490,1249613
Haiti,2015,432625,4314896,2164801,2359397,1251528
Haiti,2016,444848,4426641,2177486,2370914,1251569
Haiti,2017,457709,4537436,2187551,2384197,1250863
Haiti,2018,471255,4647196,2196959,2395602,1251358
Haiti,2019,485336,4756100,2206532,2405776,1251417
Haiti,2020,498574,4863580,2216085,2416143,1249462
Haiti,2021,510065,4967482,2226123,2425491,1245428
Haiti,2022,522346,5071039,2236831,2432952,1240434
Haiti,2023,537434,5177678,2248107,2438628,1235553
High-income countries,1950,53388637,330727135,113660179,120496896,74429920
High-income countries,1951,54534254,334671898,113705144,121838115,75866327
High-income countries,1952,55726590,338651205,113767037,124658447,75905879
High-income countries,1953,56989702,342844565,113863732,127839652,75758886
High-income countries,1954,58256120,347069658,114101804,130911695,75777735
High-income countries,1955,59514055,351311253,114544841,133659863,76035506
High-income countries,1956,60718165,355426906,115081621,136255586,76558621
High-income countries,1957,61998574,359346618,115679929,138941760,77278993
High-income countries,1958,63416866,363089638,116684302,141506329,78084226
High-income countries,1959,64930637,366689919,117823962,144188023,78831793
High-income countries,1960,66520291,370360283,118491913,147467660,79389025
High-income countries,1961,68214324,374051827,119938595,149889177,79866942
High-income countries,1962,69889576,377645765,122943594,150854306,80322768
High-income countries,1963,71486509,380999247,126494280,151608655,80657553
High-income countries,1964,73225388,384709859,129932252,152695244,80922440
High-income countries,1965,75281595,388699370,132893590,153950854,80974505
High-income countries,1966,77360129,392270685,135721326,155339570,80451660
High-income countries,1967,79404590,395304150,138368103,156616660,79817970
High-income countries,1968,81360590,398551087,140945884,157791424,79323140
High-income countries,1969,83252919,402343162,143984221,158977868,78663833
High-income countries,1970,85308374,405707127,147568466,159728121,78120955
High-income countries,1971,87385761,409948066,150539512,159900289,78158443
High-income countries,1972,89522432,415824088,151999413,159867071,78199099
High-income countries,1973,91678523,421990797,153033050,159812126,77756095
High-income countries,1974,93845864,427926616,154229074,159540949,77140799
High-income countries,1975,96042466,433540364,155527388,159232005,76118675
High-income countries,1976,98198921,439079053,156904495,158842833,74815619
High-income countries,1977,100446041,444607708,158266656,158163432,73769913
High-income countries,1978,102768144,450114317,159570625,157079923,73074337
High-income countries,1979,104995700,455845385,160839320,155744486,72628194
High-income countries,1980,106746787,462354578,161798231,154432821,72503926
High-income countries,1981,107789726,469551737,162159793,153381713,72558458
High-income countries,1982,108470741,476967627,162211489,152297748,72599177
High-income countries,1983,108982386,484619577,162195760,151018482,72537982
High-income countries,1984,109969114,491939512,161980225,149804432,72245605
High-income countries,1985,111939757,498406970,161776124,148670421,71716190
High-income countries,1986,114386603,504560843,161579906,147568100,71163680
High-income countries,1987,116929874,510813423,161088602,146616261,70719617
High-income countries,1988,119538972,517156995,160163875,145978232,70481216
High-income countries,1989,122121990,523597496,159131548,145442442,70505498
High-income countries,1990,124742083,529812095,158232675,144930113,70501515
High-income countries,1991,127440727,535863015,157639015,144672695,70484841
High-income countries,1992,130133566,542091417,157018834,144577146,70611716
High-income countries,1993,132748525,548184503,156035995,144471023,70570644
High-income countries,1994,135577289,554036600,155007824,144316343,70172051
High-income countries,1995,138199570,559798250,154116422,144109271,69429903
High-income countries,1996,140509214,565487697,153374869,143926896,68534233
High-income countries,1997,142941400,570866829,152901599,143715620,67719563
High-income countries,1998,145224523,575920202,152464314,143339802,67023704
High-income countries,1999,147521417,581026346,152021269,142880746,66473853
High-income countries,2000,150059091,585985611,152026507,142420512,66160097
High-income countries,2001,152782848,590881998,152271938,141903171,65985404
High-income countries,2002,155527930,596169386,152473020,141356423,65794520
High-income countries,2003,158198376,601697556,152721573,140702807,65627024
High-income countries,2004,161106302,607237270,152954298,139809128,65548316
High-income countries,2005,164332327,612699440,153153513,138828293,65447871
High-income countries,2006,167653222,618180280,153264632,137848381,65431398
High-income countries,2007,170989908,624096062,153381158,136901873,65840057
High-income countries,2008,174429005,629885188,153469806,136178431,66512039
High-income countries,2009,177844389,634998081,153262869,135642081,67111687
High-income countries,2010,180937028,640052959,152810140,135291478,67561168
High-income countries,2011,184780470,644614383,152245513,135244353,67757978
High-income countries,2012,189883540,648133334,151486135,135483008,67630281
High-income countries,2013,195277466,651203063,150535753,135959496,67288800
High-income countries,2014,200583883,654420567,149517582,136586751,66956070
High-income countries,2015,205697682,658164613,148588931,137150781,66772816
High-income countries,2016,210631678,661716446,147865274,137643420,66662383
High-income countries,2017,215537356,664123308,147029674,138232197,66387025
High-income countries,2018,220432011,665775560,146290562,138746293,65880644
High-income countries,2019,225423058,667337293,145907408,139155401,65176395
High-income countries,2020,230214246,667688361,145393155,139331413,64029090
High-income countries,2021,234715403,667143728,144899752,139050299,62619569
High-income countries,2022,239752624,668955551,145165244,138573794,61498442
High-income countries,2023,245498190,671471908,145551032,137712683,60539206
Honduras,1950,61587,544196,288782,379053,285304
Honduras,1951,61085,555550,295421,389246,300175
Honduras,1952,61178,566577,302596,401206,314260
Honduras,1953,61656,577577,309990,415495,327234
Honduras,1954,62230,589125,316939,432972,338543
Honduras,1955,62804,601411,323292,453218,348665
Honduras,1956,63372,614367,329312,474787,358824
Honduras,1957,63915,628008,335204,497401,369048
Honduras,1958,64544,642073,341359,520889,379284
Honduras,1959,65440,656030,348312,545005,389526
Honduras,1960,66659,669626,356455,569507,399812
Honduras,1961,68154,682982,365814,594141,410146
Honduras,1962,69928,696268,376826,618384,420649
Honduras,1963,71860,709569,390094,641859,431496
Honduras,1964,73762,722839,406474,663946,442832
Honduras,1965,75555,736108,425574,685091,454827
Honduras,1966,77245,749591,446019,706484,467406
Honduras,1967,78853,763590,467568,728222,480408
Honduras,1968,80423,778392,490077,750330,493826
Honduras,1969,82021,794231,513320,772969,507737
Honduras,1970,83710,811325,537060,796331,522288
Honduras,1971,85453,829931,561092,820413,537729
Honduras,1972,87226,850574,584830,845099,554341
Honduras,1973,88973,873117,607576,870124,571675
Honduras,1974,90777,899611,628913,893908,586630
Honduras,1975,94188,930789,648233,917588,602436
Honduras,1976,99248,963920,666165,943124,622000
Honduras,1977,104508,998187,683707,969761,642490
Honduras,1978,109766,1033764,700974,997061,663893
Honduras,1979,114686,1070983,718272,1025624,685413
Honduras,1980,119199,1109857,735948,1056728,705433
Honduras,1981,123301,1150379,754122,1090428,723532
Honduras,1982,127043,1192522,772818,1125979,740353
Honduras,1983,130731,1235969,792309,1162859,756288
Honduras,1984,134776,1280162,812905,1200642,771346
Honduras,1985,139368,1324804,834869,1238657,785613
Honduras,1986,144482,1370047,858473,1276397,799476
Honduras,1987,150049,1415996,883623,1314116,813092
Honduras,1988,153922,1460009,911277,1354261,828179
Honduras,1989,155939,1502882,942302,1395675,845008
Honduras,1990,158135,1548243,976901,1434493,862683
Honduras,1991,160537,1595929,1014914,1471109,881271
Honduras,1992,163047,1645777,1055337,1507066,900173
Honduras,1993,165710,1697961,1097460,1542372,919714
Honduras,1994,168778,1752802,1140756,1576509,940367
Honduras,1995,172317,1810886,1184549,1610366,961484
Honduras,1996,176296,1872628,1228141,1644987,981877
Honduras,1997,180706,1937807,1271470,1680808,1000635
Honduras,1998,185025,2004654,1314044,1715756,1014929
Honduras,1999,189480,2075543,1355564,1751835,1028020
Honduras,2000,194389,2153612,1395235,1791127,1043390
Honduras,2001,199499,2237472,1432737,1830362,1057895
Honduras,2002,204903,2326182,1469593,1868039,1070123
Honduras,2003,210490,2419137,1505884,1904568,1079108
Honduras,2004,216081,2516308,1541037,1941445,1084108
Honduras,2005,221647,2617443,1575887,1978693,1084667
Honduras,2006,227355,2721873,1611439,2014197,1081942
Honduras,2007,233399,2829055,1648076,2045617,1078633
Honduras,2008,239935,2938390,1685935,2071814,1076489
Honduras,2009,247127,3049286,1724891,2093061,1075511
Honduras,2010,255089,3161283,1764669,2109754,1075058
Honduras,2011,263998,3274820,1804154,2122217,1075368
Honduras,2012,274330,3390534,1841976,2131789,1076420
Honduras,2013,286383,3507676,1878555,2139257,1077374
Honduras,2014,300441,3625028,1915471,2143874,1078281
Honduras,2015,316135,3743435,1952774,2144584,1080345
Honduras,2016,332726,3864423,1988296,2142723,1084182
Honduras,2017,350084,3988185,2019723,2140920,1089203
Honduras,2018,368118,4114764,2045973,2140135,1096191
Honduras,2019,386768,4243954,2067357,2140434,1105096
Honduras,2020,404161,4374566,2084340,2142399,1114144
Honduras,2021,418845,4504129,2097248,2146913,1122726
Honduras,2022,435978,4636291,2107364,2153350,1130879
Honduras,2023,456936,4772945,2115457,2161658,1137836
Hong Kong,1950,49199,884491,451861,287555,305232
Hong Kong,1951,49806,930954,450366,295450,342909
Hong Kong,1952,50697,978744,447701,314705,372949
Hong Kong,1953,52113,1027610,443420,343790,397387
Hong Kong,1954,54265,1076686,436953,393286,407418
Hong Kong,1955,57405,1126871,427331,452347,414240
Hong Kong,1956,61306,1177714,415199,506113,433920
Hong Kong,1957,65945,1228813,401551,562931,457939
Hong Kong,1958,71373,1279927,388520,621759,483917
Hong Kong,1959,77456,1329586,379399,682313,505790
Hong Kong,1960,84407,1377903,376158,743055,513325
Hong Kong,1961,86021,1329066,362402,785827,513337
Hong Kong,1962,79210,1157572,338436,805942,507922
Hong Kong,1963,68242,954744,323864,821176,494566
Hong Kong,1964,77010,1174051,506514,876594,501712
Hong Kong,1965,95314,1560545,717763,940613,540832
Hong Kong,1966,104039,1635534,729727,974342,571278
Hong Kong,1967,97980,1317356,537865,973610,547032
Hong Kong,1968,98765,1074605,427627,974401,489767
Hong Kong,1969,125226,1255746,564719,1004268,445474
Hong Kong,1970,155832,1452812,693487,1028325,409407
Hong Kong,1971,179836,1592876,788849,1042319,385316
Hong Kong,1972,193108,1653474,850854,1039569,380090
Hong Kong,1973,204985,1704743,904995,1027186,381307
Hong Kong,1974,217801,1764266,954688,1005974,387960
Hong Kong,1975,232277,1830542,1000030,978611,396881
Hong Kong,1976,248600,1900343,1041812,952082,402251
Hong Kong,1977,265705,1973122,1080808,928743,402055
Hong Kong,1978,282828,2050104,1117064,905456,398557
Hong Kong,1979,299951,2131718,1146755,884463,394727
Hong Kong,1980,318312,2218806,1164588,867340,393396
Hong Kong,1981,336164,2306988,1164246,855131,398391
Hong Kong,1982,351850,2394118,1148393,848155,407525
Hong Kong,1983,366682,2485578,1123581,845233,413967
Hong Kong,1984,382233,2578849,1093601,847816,413399
Hong Kong,1985,400697,2671416,1059909,855308,405706
Hong Kong,1986,418939,2754875,1024260,858001,395265
Hong Kong,1987,434745,2826977,988093,852405,384027
Hong Kong,1988,449645,2896739,950459,844507,373385
Hong Kong,1989,463913,2962716,914290,835097,364359
Hong Kong,1990,479088,3021014,880751,826370,353152
Hong Kong,1991,499167,3092058,866886,821465,348262
Hong Kong,1992,524429,3186956,873975,819116,354738
Hong Kong,1993,551642,3289741,881721,819794,359107
Hong Kong,1994,580536,3394605,886818,822059,357524
Hong Kong,1995,613612,3499687,889278,821996,351505
Hong Kong,1996,644678,3589455,897853,819483,349626
Hong Kong,1997,668747,3662665,913307,817726,352587
Hong Kong,1998,693271,3733682,925776,818696,348127
Hong Kong,1999,718577,3807259,933022,824155,331727
Hong Kong,2000,743316,3883395,937827,833583,304868
Hong Kong,2001,768090,3943987,940934,835736,283954
Hong Kong,2002,791575,3985937,941176,825605,275634
Hong Kong,2003,813926,4025138,942141,806137,270096
Hong Kong,2004,834513,4067404,942866,781024,260918
Hong Kong,2005,852729,4114215,939077,757611,243438
Hong Kong,2006,868334,4165499,933503,734608,227724
Hong Kong,2007,881644,4220715,930795,705605,231078
Hong Kong,2008,895832,4277951,927213,672359,245719
Hong Kong,2009,913988,4333769,919263,639097,256679
Hong Kong,2010,935544,4387070,908807,608570,259923
Hong Kong,2011,961609,4432673,901178,582628,263120
Hong Kong,2012,994590,4465745,898121,560610,280079
Hong Kong,2013,1033786,4493633,888883,546095,299790
Hong Kong,2014,1079226,4521118,866730,541582,308446
Hong Kong,2015,1130416,4545016,838087,545927,304233
Hong Kong,2016,1181742,4565712,805835,557211,294333
Hong Kong,2017,1229922,4583275,767809,568308,291825
Hong Kong,2018,1280261,4595260,726021,575247,289890
Hong Kong,2019,1338441,4599111,683215,581062,278533
Hong Kong,2020,1403378,4592577,642920,585837,258849
Hong Kong,2021,1470606,4566172,610364,585888,243602
Hong Kong,2022,1535382,4518711,588301,580198,234423
Hong Kong,2023,1601819,4460915,574519,571772,224529
Hungary,1950,729210,4738355,1542478,1503052,824764
Hungary,1951,748797,4793709,1524676,1500105,855866
Hungary,1952,764992,4844469,1511151,1509961,873335
Hungary,1953,779581,4895500,1499925,1532410,887044
Hungary,1954,793110,4949516,1488200,1559382,914367
Hungary,1955,806772,5010599,1478055,1587313,940456
Hungary,1956,821402,5038065,1442207,1603430,948869
Hungary,1957,837347,5040973,1407444,1611541,940599
Hungary,1958,858226,5065887,1407260,1637390,911892
Hungary,1959,880304,5095546,1421442,1679866,859661
Hungary,1960,902187,5119983,1433610,1727665,799910
Hungary,1961,928993,5138634,1438392,1771909,748559
Hungary,1962,955761,5151178,1455558,1787235,708306
Hungary,1963,984417,5161868,1483120,1774973,679432
Hungary,1964,1017308,5173499,1511965,1752525,659045
Hungary,1965,1049911,5185510,1539692,1721407,644564
Hungary,1966,1083007,5198155,1566586,1684420,638206
Hungary,1967,1115995,5211923,1589576,1641859,647420
Hungary,1968,1145187,5225309,1619866,1586154,667990
Hungary,1969,1169579,5243839,1664850,1513037,690245
Hungary,1970,1190947,5260389,1714877,1438179,710700
Hungary,1971,1212835,5265142,1758691,1380645,726607
Hungary,1972,1239706,5275222,1772974,1350575,735771
Hungary,1973,1269699,5294199,1760026,1344231,739228
Hungary,1974,1301023,5312584,1736575,1347747,755930
Hungary,1975,1331899,5331682,1704381,1355233,792396
Hungary,1976,1358893,5352059,1666315,1366101,830337
Hungary,1977,1386237,5367640,1623679,1385548,859969
Hungary,1978,1410703,5389491,1570478,1410965,878473
Hungary,1979,1431088,5430022,1502332,1449585,875150
Hungary,1980,1430992,5486816,1429892,1503701,843884
Hungary,1981,1399594,5552987,1370274,1554834,801547
Hungary,1982,1357941,5609727,1336630,1592128,759579
Hungary,1983,1314713,5650165,1326098,1614117,717784
Hungary,1984,1294834,5657950,1325532,1626381,679517
Hungary,1985,1304819,5630668,1329120,1629991,652540
Hungary,1986,1321919,5590718,1336047,1626034,636258
Hungary,1987,1341768,5541915,1352278,1613819,625194
Hungary,1988,1362377,5491608,1376461,1589924,620024
Hungary,1989,1377352,5446286,1417341,1544333,617957
Hungary,1990,1392205,5411755,1477782,1483022,616361
Hungary,1991,1410554,5389903,1533726,1427965,615869
Hungary,1992,1424057,5379179,1571742,1381639,614688
Hungary,1993,1435445,5375864,1593309,1342103,609958
Hungary,1994,1448410,5374149,1605003,1309148,603027
Hungary,1995,1463980,5371961,1609416,1284919,592300
Hungary,1996,1477715,5372131,1608182,1269180,574794
Hungary,1997,1489011,5377831,1600039,1257763,553700
Hungary,1998,1501489,5385803,1583120,1247825,533206
Hungary,1999,1510799,5408781,1549974,1236539,513421
Hungary,2000,1518908,5451151,1504244,1219397,496591
Hungary,2001,1527554,5500373,1459314,1194723,484401
Hungary,2002,1535080,5541417,1414720,1168468,478434
Hungary,2003,1542206,5572725,1373774,1142890,477013
Hungary,2004,1550598,5603387,1338526,1115811,477096
Hungary,2005,1562385,5624022,1312342,1088459,478112
Hungary,2006,1576052,5637615,1294315,1061278,480269
Hungary,2007,1592333,5642439,1279629,1036375,482851
Hungary,2008,1610032,5638836,1266587,1015289,485414
Hungary,2009,1630035,5629412,1256651,996317,488417
Hungary,2010,1645784,5623163,1242547,981004,486025
Hungary,2011,1660694,5613700,1222875,971954,476792
Hungary,2012,1684334,5590771,1205234,968393,467184
Hungary,2013,1712240,5563433,1184583,969093,459248
Hungary,2014,1743613,5532034,1159935,972814,453685
Hungary,2015,1775857,5503209,1133614,972299,453515
Hungary,2016,1808251,5473060,1104925,965351,458303
Hungary,2017,1837133,5446633,1078868,958846,463550
Hungary,2018,1869198,5424363,1058432,954851,466982
Hungary,2019,1914590,5394702,1038825,953126,468423
Hungary,2020,1957872,5351888,1019545,950225,469070
Hungary,2021,1979911,5305749,1007235,944691,469283
Hungary,2022,1994610,5277374,1002111,942172,466950
Hungary,2023,2015390,5265344,1001358,941078,462049
Iceland,1950,10743,64042,24209,25640,18045
Iceland,1951,11012,65020,24171,26581,18642
Iceland,1952,11241,65832,23938,27661,19101
Iceland,1953,11461,66938,23781,29046,19521
Iceland,1954,11727,68299,23701,30550,19992
Iceland,1955,12005,69698,23498,32111,20436
Iceland,1956,12375,70882,23274,33609,20948
Iceland,1957,12814,72045,23468,34851,21587
Iceland,1958,13267,73083,24051,35987,22097
Iceland,1959,13714,73892,24707,37148,22544
Iceland,1960,14148,74664,25509,38234,23012
Iceland,1961,14603,75307,26515,39347,23237
Iceland,1962,15024,75939,27668,40479,23245
Iceland,1963,15425,76536,28979,41384,23329
Iceland,1964,15823,77153,30428,42235,23399
Iceland,1965,16234,77793,31939,43093,23281
Iceland,1966,16591,78578,33394,43763,23273
Iceland,1967,16882,79669,34596,44398,23247
Iceland,1968,17234,80851,35626,44978,22827
Iceland,1969,17638,81771,36543,45335,22092
Iceland,1970,18001,82508,37253,45478,21243
Iceland,1971,18368,83498,38141,45529,20632
Iceland,1972,18760,85017,39328,45461,20643
Iceland,1973,19134,86745,40301,45146,21059
Iceland,1974,19540,88529,41178,44714,21307
Iceland,1975,19984,90407,42093,44074,21470
Iceland,1976,20484,92055,42671,43447,21535
Iceland,1977,21015,93533,43031,43139,21118
Iceland,1978,21552,95161,43431,42875,20555
Iceland,1979,22072,96930,43808,42423,20525
Iceland,1980,22505,98827,44040,41908,20858
Iceland,1981,22854,101012,44214,41555,21108
Iceland,1982,23227,103455,44357,41330,21473
Iceland,1983,23650,105866,44262,41281,21902
Iceland,1984,24047,108213,43867,41504,21872
Iceland,1985,24480,110481,43185,41962,21294
Iceland,1986,25064,112465,42640,42343,20670
Iceland,1987,25643,114732,42655,42420,20400
Iceland,1988,26121,117574,43026,42434,20561
Iceland,1989,26590,120081,42836,42393,20944
Iceland,1990,27083,121970,42185,42103,21485
Iceland,1991,27623,124210,41950,41803,22207
Iceland,1992,28185,126360,41748,41920,22850
Iceland,1993,28756,127937,41498,42410,23132
Iceland,1994,29362,129349,41581,42649,23094
Iceland,1995,30017,130243,41896,42599,22735
Iceland,1996,30621,131135,42261,42628,22295
Iceland,1997,31180,132820,42452,42745,21967
Iceland,1998,31666,135258,42497,43010,21658
Iceland,1999,32076,137767,42659,43476,21444
Iceland,2000,32530,140381,42855,44076,21424
Iceland,2001,33043,143090,42817,44719,21363
Iceland,2002,33531,145087,42736,45096,21130
Iceland,2003,33935,146777,42893,44994,20987
Iceland,2004,34323,149077,43050,44705,20986
Iceland,2005,34771,153072,43483,44430,21064
Iceland,2006,35279,158832,44287,44180,21274
Iceland,2007,35953,164413,45493,43979,21791
Iceland,2008,36738,167642,46779,43801,22527
Iceland,2009,37574,167397,47028,43488,23100
Iceland,2010,38584,166122,46834,43147,23444
Iceland,2011,39708,165878,47036,42924,23563
Iceland,2012,40954,166223,47210,42926,23502
Iceland,2013,42304,167646,47216,43356,23335
Iceland,2014,43731,169581,47210,44022,22936
Iceland,2015,45243,171742,47107,44549,22284
Iceland,2016,46683,175026,47089,45046,21691
Iceland,2017,48139,180777,47408,45770,21403
Iceland,2018,49789,187583,47774,46402,21271
Iceland,2019,51539,193094,47957,46759,21317
Iceland,2020,53357,196651,47914,47045,21613
Iceland,2021,55363,199758,48077,47132,22268
Iceland,2022,57428,204002,48980,46988,22917
Iceland,2023,59435,208056,50037,46744,23233
India,1950,10739080,137672718,66517934,79336506,52012383
India,1951,11032932,140495970,67598140,80349479,54392903
India,1952,11448642,143336018,68748614,81413046,56927620
India,1953,11922783,146123873,69852640,82559957,59644280
India,1954,12365131,149016270,70863403,84411601,62029815
India,1955,12751458,152107653,71790098,87094190,63956772
India,1956,13083064,155336720,72646919,90120647,65800963
India,1957,13352418,158534301,73389272,93436744,67540618
India,1958,13612424,161829585,74160783,97033555,69140597
India,1959,13949193,165275057,75064344,100879016,70612619
India,1960,14383143,168639767,76028777,104883767,72054477
India,1961,14908273,172031485,77102771,108985205,73536589
India,1962,15524803,175351537,78185415,113173718,75047211
India,1963,16188762,178586968,79315343,117422847,76624241
India,1964,16832740,181784513,81116228,121208843,78286845
India,1965,17409267,184832296,83662706,124447197,79788230
India,1966,17919795,187717268,86475963,127577966,81048801
India,1967,18388754,190701022,89626584,130635189,82254354
India,1968,18865351,193661253,93006150,133617657,83565982
India,1969,19395021,196475285,96524870,136510929,84973893
India,1970,19983104,199694497,100423564,139318448,86444057
India,1971,20620071,202963238,104405671,142050633,88056112
India,1972,21309561,206213040,108437091,144785217,89736512
India,1973,22038995,209730954,112628139,147610853,91455860
India,1974,22778616,214023124,116440707,150501764,93296292
India,1975,23518715,219323705,119888899,153405562,95171648
India,1976,24253260,224967222,123242760,156370991,97026510
India,1977,24976665,231021431,126528177,159434852,98838672
India,1978,25688208,237305679,129621060,162597336,100514472
India,1979,26404541,243990500,132624344,165913337,102221412
India,1980,27130723,251100375,135571218,169331290,104218688
India,1981,27858182,258252518,138320519,172877983,106385210
India,1982,28591770,265571904,141048471,176489773,108609614
India,1983,29332541,273114614,143877224,180059399,110986810
India,1984,30077136,280834273,146765814,183771065,113424786
India,1985,30827530,288716375,149628117,187777740,115695260
India,1986,31589546,296771927,152535638,191952692,117836902
India,1987,32368507,305005715,155535901,196162502,119854784
India,1988,33175280,313461857,158674891,200417896,121608650
India,1989,34023537,322148531,162004544,204753206,123104858
India,1990,34921311,331035399,165475135,209195658,124339570
India,1991,35868096,339997764,169061379,213686662,125308360
India,1992,36865935,349116444,172699084,218131324,126138812
India,1993,37916332,358493835,176315392,222478156,126909038
India,1994,39016485,367927087,180002654,226613190,127598410
India,1995,40168327,377495458,183974695,230331314,128324816
India,1996,41372416,387402605,188171612,233679456,129045328
India,1997,42625120,397592449,192412512,236781404,129714522
India,1998,43925296,408058214,196697882,239573774,130401446
India,1999,45270403,418785599,201040652,242037700,131082448
India,2000,46651167,429676593,205461380,244280020,131844128
India,2001,48078351,440809611,209940646,246257610,132802584
India,2002,49560627,451990800,214290746,248034588,133713580
India,2003,51065148,463184278,218474596,249754954,134313674
India,2004,52540434,474865138,222564044,251413872,134597232
India,2005,53965985,486955305,226212108,253178130,134353408
India,2006,55370076,499447379,229490394,255117276,133441684
India,2007,56782411,512206548,232533534,256977338,132163320
India,2008,58233667,525047430,235193918,258547710,130894520
India,2009,59767722,538379217,237679640,259801366,129882280
India,2010,61418191,552192971,240118486,260634504,129102058
India,2011,63201477,566234412,242306996,260987662,128478172
India,2012,65110649,580347570,244284096,260943342,127971644
India,2013,67139704,594472806,246222460,260638676,127337544
India,2014,69624940,608271534,248070886,260234562,126055628
India,2015,72611291,621477395,249942872,259500766,124470968
India,2016,75798704,634610111,252031816,258260508,123220138
India,2017,79170929,647727886,254097816,256774658,121860998
India,2018,82716823,660473822,255777476,255154938,120508534
India,2019,86415820,672865132,257010136,253093548,119615562
India,2020,89973922,685197443,257891452,250944246,118580632
India,2021,92545299,696885985,258395278,249266618,117085180
India,2022,95464582,708319096,258307374,247538108,115769540
India,2023,99512179,720314432,257876244,245673340,114664658
Indonesia,1950,1202239,24908851,14345632,17943226,10399052
Indonesia,1951,1278231,25686878,14739235,18056859,10525051
Indonesia,1952,1358115,26498797,15115667,18143506,10760270
Indonesia,1953,1442172,27340381,15471961,18205022,11109502
Indonesia,1954,1530496,28207293,15805464,18236326,11587665
Indonesia,1955,1623161,29096127,16113969,18300708,12139401
Indonesia,1956,1720383,30004623,16395335,18473664,12688402
Indonesia,1957,1822477,30932691,16647507,18747240,13240771
Indonesia,1958,1929526,31876467,16866650,19125397,13794562
Indonesia,1959,2041962,32838776,17052519,19613420,14346022
Indonesia,1960,2160320,33824140,17208303,20212502,14890631
Indonesia,1961,2283793,34828263,17344384,20907894,15426735
Indonesia,1962,2411082,35850831,17456114,21706170,15951465
Indonesia,1963,2542017,36887680,17545215,22613402,16462918
Indonesia,1964,2678571,37938813,17610615,23643272,16962281
Indonesia,1965,2797775,38828115,17647827,24709695,17381541
Indonesia,1966,2919121,39608354,17749786,25745188,17770191
Indonesia,1967,3070230,40472690,17987676,26794475,18201253
Indonesia,1968,3232574,41386521,18363324,27845153,18622380
Indonesia,1969,3402284,42331375,18873310,28879731,19030872
Indonesia,1970,3575718,43277613,19495045,29897806,19411223
Indonesia,1971,3751509,44227022,20208422,30907084,19739546
Indonesia,1972,3931560,45164515,21017601,31896813,20029219
Indonesia,1973,4116709,46082463,21927014,32849676,20312504
Indonesia,1974,4305883,46971386,22949080,33768635,20559907
Indonesia,1975,4498480,47885675,24030816,34648563,20780147
Indonesia,1976,4693035,48889709,25100759,35477537,21012443
Indonesia,1977,4888251,49978715,26161861,36262288,21242249
Indonesia,1978,5081843,51162057,27209306,37021098,21478683
Indonesia,1979,5270982,52446210,28238807,37729208,21749444
Indonesia,1980,5454228,53835456,29253000,38381893,22025776
Indonesia,1981,5630290,55324426,30259967,38994891,22275272
Indonesia,1982,5801661,56910762,31250720,39568113,22520700
Indonesia,1983,5973421,58596333,32209110,40139594,22732717
Indonesia,1984,6148586,60376422,33136081,40710444,22879374
Indonesia,1985,6329087,62242262,34024452,41260519,22919635
Indonesia,1986,6516802,64180180,34861388,41793701,22822756
Indonesia,1987,6714328,66176413,35652580,42318293,22649299
Indonesia,1988,6925078,68222660,36416096,42812713,22478270
Indonesia,1989,7153805,70317989,37128796,43275682,22325103
Indonesia,1990,7404488,72464011,37785384,43642378,22204564
Indonesia,1991,7678160,74661843,38401211,43850553,22186189
Indonesia,1992,7974680,76902735,38977307,43977720,22211011
Indonesia,1993,8293640,79180547,39552726,44071365,22206591
Indonesia,1994,8629474,81495768,40128255,44117486,22220531
Indonesia,1995,8976134,83833663,40682327,44093119,22302476
Indonesia,1996,9331411,86180127,41219284,44036175,22436997
Indonesia,1997,9695255,88536752,41747706,43944197,22611800
Indonesia,1998,10067611,90913127,42245196,43820525,22779929
Indonesia,1999,10445622,93273655,42706405,43727257,22851301
Indonesia,2000,10830451,95621109,43067311,43730787,22827686
Indonesia,2001,11223393,97982403,43267979,43883443,22740222
Indonesia,2002,11622853,100347330,43384783,44116026,22617020
Indonesia,2003,12022818,102738941,43465176,44311472,22509089
Indonesia,2004,12406788,105136402,43491375,44412070,22479481
Indonesia,2005,12781386,107559253,43454137,44482908,22593402
Indonesia,2006,13151948,110029153,43397250,44553050,22819643
Indonesia,2007,13507310,112519964,43307608,44625300,23101504
Indonesia,2008,13847238,115022872,43187675,44705606,23393804
Indonesia,2009,14172486,117513963,43100229,44780395,23652189
Indonesia,2010,14484684,119932280,43112668,44903388,23871480
Indonesia,2011,14792055,122235796,43277449,45062643,24101187
Indonesia,2012,15090261,124497479,43525673,45241727,24342408
Indonesia,2013,15374876,126779922,43738464,45445854,24512292
Indonesia,2014,15638530,129078763,43870536,45706146,24582287
Indonesia,2015,15921021,131309577,43971537,46068697,24527207
Indonesia,2016,16269509,133449503,44056746,46539712,24310678
Indonesia,2017,16676894,135509686,44142686,47076607,23939433
Indonesia,2018,17143108,137480954,44234703,47552526,23539131
Indonesia,2019,17671277,139398257,44320533,47895478,23202327
Indonesia,2020,18158085,141202838,44455681,48074428,22922409
Indonesia,2021,18505670,142841324,44628592,48101378,22679920
Indonesia,2022,19028135,144512345,44817117,47983504,22488311
Indonesia,2023,19818533,146230558,45025985,47765052,22348675
Iran,1950,859530,6403638,3169977,3520611,2556789
Iran,1951,866255,6535986,3211977,3558981,2748062
Iran,1952,873976,6664573,3257931,3613268,2934661
Iran,1953,881336,6789847,3300455,3685626,3120822
Iran,1954,886560,6920211,3330759,3817710,3270946
Iran,1955,889477,7060913,3347801,4016140,3386454
Iran,1956,890476,7209629,3356420,4239888,3507964
Iran,1957,889296,7361396,3358209,4481673,3636254
Iran,1958,887183,7512203,3356879,4739682,3770547
Iran,1959,886074,7671138,3366214,5011457,3911880
Iran,1960,886647,7843540,3396879,5296348,4047004
Iran,1961,888704,8030997,3448661,5593425,4163928
Iran,1962,891584,8233148,3520582,5898987,4263593
Iran,1963,896432,8445687,3613237,6215149,4348489
Iran,1964,904708,8663032,3765378,6507967,4421763
Iran,1965,916031,8879893,3980778,6763078,4497187
Iran,1966,930045,9088975,4213913,7006983,4589342
Iran,1967,946569,9285346,4455146,7242960,4698395
Iran,1968,964846,9475390,4706222,7470177,4820739
Iran,1969,984858,9672971,4969529,7691639,4954467
Iran,1970,1006722,9890052,5248538,7911504,5088264
Iran,1971,1030121,10122730,5539024,8131862,5205313
Iran,1972,1055029,10374176,5839882,8354853,5297218
Iran,1973,1081025,10650516,6155631,8580521,5372122
Iran,1974,1106998,10981349,6449439,8806989,5451658
Iran,1975,1132333,11371291,6707855,9034346,5557125
Iran,1976,1156720,11760803,6943420,9260713,5715604
Iran,1977,1180708,12157590,7167659,9480771,5946429
Iran,1978,1204208,12583226,7392836,9697105,6249136
Iran,1979,1229252,13028810,7614248,9928113,6624510
Iran,1980,1258321,13503939,7837808,10187247,7054986
Iran,1981,1300738,14391190,8265092,10511743,7520529
Iran,1982,1345503,15346814,8685113,10884817,8009871
Iran,1983,1383947,15979701,8891076,11289746,8485047
Iran,1984,1430748,16605835,9079367,11770560,8907464
Iran,1985,1487591,17238327,9267191,12329920,9259233
Iran,1986,1555513,17909262,9479443,12958003,9543799
Iran,1987,1634518,18592242,9694225,13678335,9724145
Iran,1988,1719058,19218965,9876737,14474586,9783318
Iran,1989,1804089,19804670,10053341,15289850,9752937
Iran,1990,1888701,20452838,10291745,16088069,9658711
Iran,1991,1972584,21114609,10571655,16823829,9504220
Iran,1992,2051896,21620888,10810184,17458062,9243917
Iran,1993,2117521,21658402,10866317,17938843,8822427
Iran,1994,2187203,21714643,11062907,18289159,8266643
Iran,1995,2275133,22163752,11598296,18539522,7628821
Iran,1996,2370006,22665774,12242875,18654893,6947696
Iran,1997,2469521,23251119,13035962,18572298,6310679
Iran,1998,2573215,23933291,13957582,18266808,5788905
Iran,1999,2679846,24680542,14906023,17745477,5433428
Iran,2000,2788234,25510735,15833161,17042595,5243856
Iran,2001,2900258,26450852,16692949,16233474,5174377
Iran,2002,3017080,27217627,17281590,15340125,5154788
Iran,2003,3134670,28183987,17714453,14511328,5224790
Iran,2004,3250994,29648055,18120477,13845270,5391390
Iran,2005,3366769,31247039,18360999,13298449,5555056
Iran,2006,3482979,32918741,18416077,12876384,5698405
Iran,2007,3601867,34428833,18243023,12484164,5844583
Iran,2008,3725182,35778737,17869327,12116879,6023881
Iran,2009,3855194,37153202,17358708,11863949,6226569
Iran,2010,3994266,38528201,16747546,11733468,6417145
Iran,2011,4144827,39880176,16072708,11727915,6557734
Iran,2012,4309048,41212868,15372273,11787090,6689046
Iran,2013,4486465,42517023,14672569,11880843,6857515
Iran,2014,4702933,43730770,13986485,12028914,7052652
Iran,2015,4962301,44838673,13327298,12228730,7262047
Iran,2016,5238826,45898837,12754817,12467058,7452345
Iran,2017,5527024,46871000,12310772,12735761,7581826
Iran,2018,5818091,47695849,11968116,13040082,7595446
Iran,2019,6107068,48407983,11719402,13374137,7442589
Iran,2020,6341424,48959878,11566214,13709977,7145535
Iran,2021,6550011,49490048,11583535,14028862,6802753
Iran,2022,6829554,50136265,11769538,14309793,6478845
Iran,2023,7172345,50757049,11985071,14492652,6201274
Iraq,1950,157197,2359619,967415,1283830,885292
Iraq,1951,158466,2398822,988460,1317000,911378
Iraq,1952,159735,2438750,1010993,1347536,955992
Iraq,1953,161705,2478434,1034642,1382333,1007127
Iraq,1954,165801,2517555,1059633,1422066,1054417
Iraq,1955,172466,2556607,1085922,1462982,1088299
Iraq,1956,181587,2595778,1113001,1511211,1105918
Iraq,1957,193203,2635173,1140973,1572134,1091893
Iraq,1958,206615,2674223,1170059,1642343,1048436
Iraq,1959,220943,2714225,1201074,1715069,1019070
Iraq,1960,235970,2757660,1234376,1779088,1014958
Iraq,1961,251715,2803899,1268262,1836116,1034563
Iraq,1962,267997,2852011,1299936,1879126,1114799
Iraq,1963,284896,2902060,1336398,1899957,1244616
Iraq,1964,302594,2954221,1378068,1928119,1366566
Iraq,1965,321242,3008960,1421147,1968222,1482569
Iraq,1966,340791,3065561,1471371,2015126,1592247
Iraq,1967,361106,3124625,1534187,2088769,1670184
Iraq,1968,381814,3186902,1606886,2182908,1726499
Iraq,1969,402501,3251946,1681615,2280755,1786534
Iraq,1970,423040,3320251,1746833,2395674,1849806
Iraq,1971,443272,3389696,1804164,2525999,1914679
Iraq,1972,463108,3458109,1846891,2681364,1980690
Iraq,1973,482581,3534070,1867957,2864854,2046403
Iraq,1974,501112,3615283,1895042,3046728,2109597
Iraq,1975,518575,3697139,1932324,3225616,2169981
Iraq,1976,535439,3789041,1976809,3399117,2227236
Iraq,1977,552145,3900518,2050198,3544763,2283418
Iraq,1978,568638,4028127,2145664,3671370,2339545
Iraq,1979,584041,4156482,2242549,3795517,2391774
Iraq,1980,598503,4273160,2354191,3921566,2444567
Iraq,1981,611337,4372662,2477163,4046724,2498483
Iraq,1982,622681,4446122,2620212,4165035,2552019
Iraq,1983,634484,4511025,2794513,4287005,2613517
Iraq,1984,645890,4596978,2972158,4411716,2683977
Iraq,1985,651238,4664374,3126810,4502180,2738816
Iraq,1986,655619,4749294,3279128,4593309,2796784
Iraq,1987,660747,4887081,3411272,4697309,2864629
Iraq,1988,660569,5031796,3508297,4783742,2924406
Iraq,1989,659525,5200710,3620480,4887219,2996607
Iraq,1990,647947,5303312,3681636,4917802,3030499
Iraq,1991,636568,5399300,3730106,4933248,3068023
Iraq,1992,640795,5604824,3843939,5039416,3171860
Iraq,1993,658902,5929910,4027089,5247477,3337797
Iraq,1994,678118,6275267,4210508,5475453,3500451
Iraq,1995,688574,6551606,4334766,5646410,3604480
Iraq,1996,699138,6831790,4452092,5826554,3691721
Iraq,1997,710060,7116820,4565317,6012458,3771918
Iraq,1998,722352,7415616,4682157,6208259,3855984
Iraq,1999,736470,7732663,4806963,6413307,3947092
Iraq,2000,752309,8066098,4938185,6623828,4043601
Iraq,2001,768799,8400184,5066119,6828234,4134464
Iraq,2002,787532,8751036,5202194,7043873,4221880
Iraq,2003,806970,9099195,5340729,7256852,4298868
Iraq,2004,826909,9438524,5484469,7456615,4371312
Iraq,2005,849666,9796575,5651700,7656338,4453120
Iraq,2006,854608,9937447,5705883,7670198,4448331
Iraq,2007,847395,9922774,5678295,7551804,4391286
Iraq,2008,865468,10188943,5814446,7636686,4465447
Iraq,2009,899675,10637495,6050855,7849332,4620798
Iraq,2010,930919,11050339,6260053,8027573,4776428
Iraq,2011,964834,11500190,6484477,8235448,4976421
Iraq,2012,1007966,12083564,6780364,8538046,5244845
Iraq,2013,1058918,12723888,7101957,8872061,5525106
Iraq,2014,1103904,13254358,7345087,9122631,5724019
Iraq,2015,1143700,13722601,7528564,9338236,5827373
Iraq,2016,1187014,14182094,7682960,9586834,5830666
Iraq,2017,1239351,14647240,7823558,9869951,5757195
Iraq,2018,1301739,15152387,7974620,10172047,5664772
Iraq,2019,1366362,15669201,8128218,10454719,5573606
Iraq,2020,1415228,16200629,8288039,10704110,5508542
Iraq,2021,1456220,16755934,8465152,10903780,5490082
Iraq,2022,1497304,17351949,8656442,11050341,5514479
Iraq,2023,1530993,17976266,8848155,11158281,5560315
Ireland,1950,319215,1334582,425218,523714,309889
Ireland,1951,317424,1339641,436045,533435,310280
Ireland,1952,316096,1339442,439237,538324,308321
Ireland,1953,317183,1334125,432670,539844,305212
Ireland,1954,317737,1327725,423872,544026,301761
Ireland,1955,317279,1320209,412632,550622,298750
Ireland,1956,317503,1310861,399911,558796,296632
Ireland,1957,317678,1300470,388596,566921,295388
Ireland,1958,316761,1288425,381502,573250,294017
Ireland,1959,316082,1272644,379913,577106,293421
Ireland,1960,317010,1252378,384566,577888,295800
Ireland,1961,318286,1236226,395536,575662,298936
Ireland,1962,318272,1230157,408569,573695,300753
Ireland,1963,318026,1227688,419789,573770,303711
Ireland,1964,318963,1225323,428898,576008,307924
Ireland,1965,322083,1221219,437367,580302,312131
Ireland,1966,324224,1217344,447523,584937,314801
Ireland,1967,325264,1218143,458077,589342,314535
Ireland,1968,326778,1221907,466396,595118,312529
Ireland,1969,327801,1226177,473212,602287,311215
Ireland,1970,329514,1230668,479006,609657,312485
Ireland,1971,332197,1239195,488275,616469,316904
Ireland,1972,333815,1254569,502175,623026,323490
Ireland,1973,334586,1273590,515030,630399,330753
Ireland,1974,336480,1293434,525992,639327,336860
Ireland,1975,340568,1313352,536771,649190,340149
Ireland,1976,346033,1333316,548169,659576,341209
Ireland,1977,351887,1354386,559574,670554,341263
Ireland,1978,358053,1376629,572325,680298,341788
Ireland,1979,363280,1397085,585022,686291,344034
Ireland,1980,367269,1414991,595290,689070,348519
Ireland,1981,370475,1432313,602602,690136,353193
Ireland,1982,372623,1450672,606009,690561,355557
Ireland,1983,374265,1469185,607732,692205,354120
Ireland,1984,377583,1486109,610079,695535,346543
Ireland,1985,381980,1502026,613760,698906,334495
Ireland,1986,385829,1517224,616120,699860,322733
Ireland,1987,389853,1528884,613441,696019,312075
Ireland,1988,394232,1536378,605490,688021,300860
Ireland,1989,397832,1546408,597706,679084,289926
Ireland,1990,400689,1564054,597395,671443,280315
Ireland,1991,403523,1587953,603926,665527,273207
Ireland,1992,406092,1614012,611282,658766,268141
Ireland,1993,407664,1639314,617134,648335,263549
Ireland,1994,409226,1665450,622146,634199,259012
Ireland,1995,411433,1696233,629066,619206,254625
Ireland,1996,413795,1731264,636109,605846,251354
Ireland,1997,416781,1770609,640429,592939,251384
Ireland,1998,419870,1813208,642406,580114,255323
Ireland,1999,422222,1858039,642072,569271,261175
Ireland,2000,425293,1908635,640264,560477,267763
Ireland,2001,430192,1965293,639728,553814,273785
Ireland,2002,435962,2022228,640018,550666,279390
Ireland,2003,442401,2075822,637612,551278,285642
Ireland,2004,450289,2135303,634310,554105,291867
Ireland,2005,457439,2206620,634785,558468,297768
Ireland,2006,463867,2288113,646359,565813,304408
Ireland,2007,473339,2366324,661778,577720,314130
Ireland,2008,486427,2420884,661048,591328,326063
Ireland,2009,501829,2451047,639921,602880,337807
Ireland,2010,518456,2471266,607635,612903,348527
Ireland,2011,536282,2484789,580181,622529,355502
Ireland,2012,555461,2488529,567291,632485,356031
Ireland,2013,575309,2489475,565179,643336,351038
Ireland,2014,595667,2495455,568240,654689,343824
Ireland,2015,616135,2511414,572094,665802,336677
Ireland,2016,636209,2533535,577858,675597,329920
Ireland,2017,657258,2554453,590705,683738,323699
Ireland,2018,679454,2577093,606986,689955,318627
Ireland,2019,702202,2602791,620928,693256,313800
Ireland,2020,724949,2624612,630853,693692,307873
Ireland,2021,746216,2643128,642464,692776,303159
Ireland,2022,774050,2680443,660599,694690,299502
Ireland,2023,806826,2723045,677695,694751,293493
Isle of Man,1950,7627,29837,6753,6883,4013
Isle of Man,1951,7715,29771,6631,6876,4094
Isle of Man,1952,7800,29529,6442,6913,3977
Isle of Man,1953,7898,29185,6240,6933,3835
Isle of Man,1954,7983,28821,6018,6915,3729
Isle of Man,1955,8055,28445,5760,6933,3607
Isle of Man,1956,8149,27992,5518,6966,3460
Isle of Man,1957,8243,27470,5339,6973,3302
Isle of Man,1958,8350,26900,5177,6940,3179
Isle of Man,1959,8482,26264,5048,6857,3087
Isle of Man,1960,8616,25549,4977,6719,3024
Isle of Man,1961,8746,25063,5085,6546,3031
Isle of Man,1962,8883,24965,5355,6407,3102
Isle of Man,1963,9034,24989,5603,6344,3199
Isle of Man,1964,9222,24995,5811,6325,3297
Isle of Man,1965,9452,24956,6020,6321,3362
Isle of Man,1966,9707,25028,6272,6376,3389
Isle of Man,1967,9978,25267,6565,6522,3432
Isle of Man,1968,10281,25579,6825,6724,3505
Isle of Man,1969,10621,25892,7036,6955,3586
Isle of Man,1970,10996,26228,7210,7208,3679
Isle of Man,1971,11323,26580,7304,7471,3772
Isle of Man,1972,11558,26933,7320,7730,3850
Isle of Man,1973,11771,27281,7320,7990,3916
Isle of Man,1974,11999,27653,7327,8244,3940
Isle of Man,1975,12237,28029,7366,8487,3865
Isle of Man,1976,12467,28383,7488,8681,3752
Isle of Man,1977,12671,28718,7708,8817,3679
Isle of Man,1978,12865,29034,8003,8897,3623
Isle of Man,1979,13057,29352,8339,8915,3595
Isle of Man,1980,13233,29690,8714,8867,3596
Isle of Man,1981,13326,29944,8987,8748,3613
Isle of Man,1982,13275,30130,9057,8585,3659
Isle of Man,1983,13145,30341,9066,8428,3671
Isle of Man,1984,13110,30432,9103,8301,3601
Isle of Man,1985,13191,30407,9182,8150,3491
Isle of Man,1986,13278,30634,9339,8011,3455
Isle of Man,1987,13339,31264,9542,7919,3553
Isle of Man,1988,13366,32083,9676,7847,3724
Isle of Man,1989,13392,32985,9707,7837,3883
Isle of Man,1990,13424,33907,9676,7936,3993
Isle of Man,1991,13434,34667,9581,8054,4096
Isle of Man,1992,13391,35240,9381,8148,4212
Isle of Man,1993,13325,35764,9160,8245,4296
Isle of Man,1994,13257,36287,8982,8329,4327
Isle of Man,1995,13194,36821,8832,8413,4268
Isle of Man,1996,13124,37469,8715,8517,4236
Isle of Man,1997,13028,38294,8626,8656,4315
Isle of Man,1998,12919,39176,8536,8848,4395
Isle of Man,1999,12826,39998,8497,9064,4412
Isle of Man,2000,12769,40743,8547,9259,4348
Isle of Man,2001,12794,41334,8659,9395,4299
Isle of Man,2002,12905,41774,8794,9473,4327
Isle of Man,2003,13056,42194,8936,9530,4328
Isle of Man,2004,13248,42655,9062,9566,4254
Isle of Man,2005,13470,43149,9194,9526,4171
Isle of Man,2006,13674,43648,9333,9450,4178
Isle of Man,2007,13867,44141,9449,9408,4271
Isle of Man,2008,14092,44594,9563,9373,4394
Isle of Man,2009,14382,44994,9680,9349,4517
Isle of Man,2010,14721,45385,9772,9369,4599
Isle of Man,2011,15152,45419,9799,9343,4644
Isle of Man,2012,15658,45024,9727,9230,4673
Isle of Man,2013,16127,44592,9619,9153,4625
Isle of Man,2014,16528,44220,9507,9137,4478
Isle of Man,2015,16883,43864,9356,9164,4298
Isle of Man,2016,17211,43656,9230,9196,4142
Isle of Man,2017,17526,43689,9142,9197,4019
Isle of Man,2018,17817,43832,9026,9187,3900
Isle of Man,2019,18079,44002,8904,9153,3782
Isle of Man,2020,18330,44142,8817,9097,3641
Isle of Man,2021,18500,44216,8775,9041,3540
Isle of Man,2022,18716,44126,8816,8936,3502
Isle of Man,2023,19076,43897,8930,8748,3479
Israel,1950,51120,604184,220328,227545,186062
Israel,1951,54427,629797,223298,239632,204653
Israel,1952,57758,654826,226898,255501,219236
Israel,1953,61162,679493,230777,275808,229090
Israel,1954,64693,704142,234690,300395,234118
Israel,1955,68524,728996,238747,327481,235744
Israel,1956,72765,754274,243123,354798,235673
Israel,1957,77257,779880,247994,381020,234371
Israel,1958,82217,805731,253945,405179,231925
Israel,1959,88063,831701,261863,426223,228490
Israel,1960,95032,857478,272661,442959,223804
Israel,1961,102382,883717,288164,458028,224597
Israel,1962,109398,910897,309560,474580,236525
Israel,1963,116687,938166,335937,490606,253644
Israel,1964,124667,965188,366080,504619,271289
Israel,1965,133407,992517,399059,517289,289163
Israel,1966,142906,1020914,433749,531042,305208
Israel,1967,152967,1051218,468874,547535,318046
Israel,1968,163579,1084180,503179,565043,329466
Israel,1969,175034,1120318,535711,582199,340862
Israel,1970,187647,1159982,565849,598810,352448
Israel,1971,201693,1203429,593171,614798,364182
Israel,1972,215872,1245403,612671,628598,376833
Israel,1973,229054,1281471,621221,640650,390614
Israel,1974,242098,1315287,624544,654179,403837
Israel,1975,256196,1349759,626266,670408,415410
Israel,1976,270459,1386001,626335,689700,425713
Israel,1977,284763,1423142,625949,710962,434737
Israel,1978,299279,1459962,626864,732843,441364
Israel,1979,314090,1495169,631156,754811,445534
Israel,1980,328177,1530456,638713,776667,447536
Israel,1981,339360,1568604,647841,799935,446391
Israel,1982,347868,1609093,656989,823817,445790
Israel,1983,353557,1647083,666047,842784,450081
Israel,1984,357994,1681848,677958,858412,457431
Israel,1985,365800,1712283,692057,870880,464225
Israel,1986,374017,1738570,708199,877762,470271
Israel,1987,381674,1766925,726711,885968,475416
Israel,1988,390379,1796074,744914,897018,478724
Israel,1989,399739,1828340,764146,907320,481715
Israel,1990,419719,1908275,795729,929806,491192
Israel,1991,447053,2024395,839753,962188,506215
Israel,1992,467726,2108297,878167,984570,518178
Israel,1993,483686,2167845,906008,1000898,527290
Israel,1994,498928,2231023,930488,1018505,537419
Israel,1995,519020,2300830,951844,1033367,549303
Israel,1996,538559,2380171,971061,1047624,561700
Israel,1997,552620,2463159,992094,1064168,573905
Israel,1998,565805,2544073,1013459,1078945,587250
Israel,1999,578596,2635788,1034146,1094381,602467
Israel,2000,593454,2735349,1051830,1111112,618635
Israel,2001,609287,2825889,1063854,1126514,633530
Israel,2002,626184,2900673,1072216,1141601,646083
Israel,2003,642471,2962526,1080590,1157856,658385
Israel,2004,656369,3023008,1089074,1175048,670593
Israel,2005,668597,3087221,1097078,1194083,680272
Israel,2006,679525,3153605,1105849,1214465,689660
Israel,2007,688073,3222609,1114559,1235085,701217
Israel,2008,695839,3293984,1121449,1258346,712040
Israel,2009,707397,3362368,1126889,1283000,725396
Israel,2010,725004,3424529,1133825,1307204,745002
Israel,2011,751325,3477961,1143763,1331617,765068
Israel,2012,785433,3523214,1157051,1357182,783525
Israel,2013,819158,3570400,1173740,1383675,800896
Israel,2014,850925,3624146,1191839,1412645,816023
Israel,2015,885601,3679045,1212228,1444580,829804
Israel,2016,922898,3731914,1234052,1476248,843230
Israel,2017,959316,3782330,1256373,1506736,855382
Israel,2018,994047,3831942,1282230,1534330,865777
Israel,2019,1027053,3884011,1309609,1561856,873010
Israel,2020,1058518,3936737,1335799,1592885,874255
Israel,2021,1088462,3991560,1361526,1623437,875544
Israel,2022,1117437,4059829,1392352,1653168,877830
Israel,2023,1146564,4129342,1421640,1680662,875432
Italy,1950,3753620,22219705,8057611,7992877,4367765
Italy,1951,3839265,22533147,8023536,8001456,4354380
Italy,1952,3918953,22827144,7962033,8073703,4236212
Italy,1953,4018958,23202213,7950459,8112593,4126519
Italy,1954,4132870,23569901,7959806,8111134,4058364
Italy,1955,4240337,23859313,7929080,8067902,4034011
Italy,1956,4323034,24134361,7859946,8044705,4039714
Italy,1957,4399631,24358464,7770130,8060127,4068468
Italy,1958,4496972,24557064,7679962,8095875,4096999
Italy,1959,4604872,24747688,7589795,8151685,4125157
Italy,1960,4706081,24918355,7505273,8227387,4157185
Italy,1961,4809421,25062564,7512464,8238933,4191579
Italy,1962,4910774,25232376,7613469,8159354,4254303
Italy,1963,4999716,25463533,7693593,8065285,4348521
Italy,1964,5103439,25724847,7712912,8011107,4466920
Italy,1965,5223350,25969331,7697201,8016002,4574472
Italy,1966,5352195,26163536,7688374,8067303,4647260
Italy,1967,5488001,26300358,7697501,8163759,4688295
Italy,1968,5614436,26403212,7712939,8298935,4682201
Italy,1969,5745606,26476459,7741737,8463868,4632013
Italy,1970,5901577,26514181,7794271,8630968,4548737
Italy,1971,6070983,26596843,7807843,8772655,4458926
Italy,1972,6233128,26759524,7778325,8891470,4404519
Italy,1973,6384762,26945455,7751319,8991522,4376875
Italy,1974,6545214,27106839,7754748,9067196,4346434
Italy,1975,6706550,27239061,7814438,9101178,4304074
Italy,1976,6856974,27352532,7909040,9117250,4222813
Italy,1977,7010990,27437989,8035062,9130527,4099132
Italy,1978,7176751,27509654,8188748,9113590,3949321
Italy,1979,7340024,27601326,8364385,9051765,3773921
Italy,1980,7452843,27814283,8584800,8962238,3596903
Italy,1981,7502832,28097012,8783915,8819763,3442114
Italy,1982,7492010,28364879,8920930,8629594,3310531
Italy,1983,7418997,28683734,9037634,8423799,3200615
Italy,1984,7368719,29020068,9115936,8196403,3107777
Italy,1985,7478279,29238938,9152582,7951572,3032544
Italy,1986,7675627,29374499,9176393,7688199,2959566
Italy,1987,7884322,29520658,9176938,7423619,2884532
Italy,1988,8107628,29695060,9133540,7158829,2831669
Italy,1989,8319585,29912127,9059003,6886278,2797555
Italy,1990,8531438,30155278,8952185,6612626,2777534
Italy,1991,8746939,30489855,8839168,6300150,2696689
Italy,1992,8961022,30778742,8686729,6021036,2674662
Italy,1993,9156130,30957725,8466392,5853658,2733835
Italy,1994,9593532,31123422,8226979,5736623,2736356
Italy,1995,9780365,31269309,7973844,5650240,2726137
Italy,1996,9730717,31417157,7713554,5582925,2713957
Italy,1997,9923830,31566513,7455989,5552507,2686289
Italy,1998,10088840,31713740,7202874,5559791,2645517
Italy,1999,10253412,31841311,6954484,5559880,2626949
Italy,2000,10427919,31951370,6712245,5550693,2624749
Italy,2001,10603163,32043539,6492349,5540200,2620792
Italy,2002,10788220,32161645,6286053,5543148,2635400
Italy,2003,10994314,32381117,6147225,5537593,2672868
Italy,2004,11237913,32617682,6079818,5522853,2711280
Italy,2005,11482477,32743682,6023946,5520145,2741445
Italy,2006,11704196,32787715,5978350,5511952,2763374
Italy,2007,11885040,32936904,5975262,5512386,2789355
Italy,2008,12023403,33163768,6009422,5537863,2816590
Italy,2009,12156930,33299349,6026444,5579039,2830574
Italy,2010,12296213,33374514,6036045,5616748,2827931
Italy,2011,12475187,33378008,6045365,5646423,2809219
Italy,2012,12695141,33311172,6053601,5674066,2783094
Italy,2013,12922561,33244520,6029818,5696379,2745268
Italy,2014,13146512,33138735,5974227,5703948,2684422
Italy,2015,13327482,33004298,5924194,5690481,2612495
Italy,2016,13476726,32893851,5894114,5658721,2539000
Italy,2017,13608679,32795524,5883988,5621276,2466277
Italy,2018,13733859,32686871,5876439,5574949,2392223
Italy,2019,13879840,32538960,5867321,5512098,2319187
Italy,2020,13992717,32362735,5858486,5438511,2245887
Italy,2021,14115777,32198078,5863465,5357197,2177468
Italy,2022,14246891,32076762,5889297,5266460,2120216
Italy,2023,14389210,31956226,5907310,5157345,2068528
Jamaica,1950,53954,583047,265456,315759,188995
Jamaica,1951,55549,601740,273736,321661,194778
Jamaica,1952,56658,616232,278932,328021,201496
Jamaica,1953,57536,626791,281516,334581,209310
Jamaica,1954,58485,633592,281853,340313,219205
Jamaica,1955,59660,637062,280611,346621,229760
Jamaica,1956,61128,637804,278271,354987,239785
Jamaica,1957,62944,636592,275385,364358,250402
Jamaica,1958,64983,633949,272985,374739,261613
Jamaica,1959,67013,630061,272111,386513,272538
Jamaica,1960,69965,627347,273327,396865,282504
Jamaica,1961,73690,626290,275965,406381,290941
Jamaica,1962,77095,624950,279059,418519,297311
Jamaica,1963,80456,623403,282037,433322,301886
Jamaica,1964,84187,621651,283649,450481,305600
Jamaica,1965,88400,619684,285140,468233,307744
Jamaica,1966,93139,617329,287998,484909,308098
Jamaica,1967,98353,614596,291358,500670,307887
Jamaica,1968,103686,612009,295565,515754,306747
Jamaica,1969,108632,610449,301550,530098,304395
Jamaica,1970,112920,610473,310009,542927,301851
Jamaica,1971,117707,614151,319298,552750,299807
Jamaica,1972,122707,621029,329666,559994,298119
Jamaica,1973,126973,628159,343186,565296,297553
Jamaica,1974,131266,634102,359298,568697,297459
Jamaica,1975,135921,639970,376078,570260,296655
Jamaica,1976,140956,647048,391821,570239,295393
Jamaica,1977,146321,654317,406682,569559,293642
Jamaica,1978,151603,662232,421068,568760,291035
Jamaica,1979,156225,671882,435158,567215,288852
Jamaica,1980,159904,683938,448401,565149,288104
Jamaica,1981,162658,698805,460184,563497,288511
Jamaica,1982,164655,716510,470326,561757,290479
Jamaica,1983,165790,735560,478780,560828,293713
Jamaica,1984,166545,754461,485441,560737,297226
Jamaica,1985,167505,773551,489404,559994,300058
Jamaica,1986,168684,792486,490785,558599,301435
Jamaica,1987,170140,810648,490632,557277,300990
Jamaica,1988,171569,829009,489946,556028,299108
Jamaica,1989,172713,848522,488437,555660,296464
Jamaica,1990,173495,868849,486446,556389,294574
Jamaica,1991,173780,889825,485007,557307,294827
Jamaica,1992,172411,910015,484650,559930,297568
Jamaica,1993,169769,928819,485754,564106,301350
Jamaica,1994,167391,947346,488058,567740,304589
Jamaica,1995,165238,965936,491277,571329,306282
Jamaica,1996,163424,984833,495252,575564,305321
Jamaica,1997,162071,1003949,500213,580033,301522
Jamaica,1998,160918,1024079,505472,583696,295520
Jamaica,1999,159575,1044848,511228,586000,288097
Jamaica,2000,158009,1065559,517362,587366,279487
Jamaica,2001,156389,1086575,522837,587999,270567
Jamaica,2002,154828,1107786,527722,587659,262545
Jamaica,2003,153614,1129078,532254,585656,255986
Jamaica,2004,153076,1150397,536171,581680,250865
Jamaica,2005,153358,1171613,539999,574949,247116
Jamaica,2006,154373,1192921,544444,565245,243959
Jamaica,2007,156053,1214794,549140,553572,240222
Jamaica,2008,158347,1237498,553084,541152,235524
Jamaica,2009,161177,1261090,555883,528783,230041
Jamaica,2010,164444,1285277,558126,516670,224028
Jamaica,2011,167974,1309930,560041,504930,217586
Jamaica,2012,171488,1335135,561232,493580,210961
Jamaica,2013,174699,1360995,560735,482759,204462
Jamaica,2014,176993,1387766,558065,472579,198312
Jamaica,2015,179433,1414715,552428,463203,192714
Jamaica,2016,183028,1441574,543621,453936,187718
Jamaica,2017,186938,1469103,532685,443854,183146
Jamaica,2018,191188,1496247,520842,432919,178866
Jamaica,2019,196130,1521722,508887,421531,174965
Jamaica,2020,202057,1547840,498607,410388,171814
Jamaica,2021,207450,1572026,489267,399490,169409
Jamaica,2022,213958,1590801,478456,388526,167372
Jamaica,2023,223237,1605930,467215,377867,165500
Japan,1950,4234245,34710982,17049773,18501682,11946581
Japan,1951,4334585,35559140,17281329,18630808,12044010
Japan,1952,4469204,36414046,17449619,19292142,11510016
Japan,1953,4605842,37287003,17492377,20124741,10814081
Japan,1954,4745861,38183111,17556747,20783595,10138192
Japan,1955,4877297,39144451,17782564,21082029,9538939
Japan,1956,4997616,40134759,18034572,21147795,9027051
Japan,1957,5103379,41109545,18215511,21075139,8605191
Japan,1958,5221116,42064711,18386847,20872171,8301883
Japan,1959,5379124,43000249,18393878,20699612,8149861
Japan,1960,5535634,43966023,18138345,20725165,8034326
Japan,1961,5683609,44948693,18255439,20381859,7947723
Japan,1962,5838624,45865585,18915291,19501493,7955134
Japan,1963,6001573,46673885,19739785,18549576,7993126
Japan,1964,6183666,47522977,20384128,17762360,8036757
Japan,1965,6387545,48539017,20672926,17126750,8189483
Japan,1966,6625755,49670529,20780622,16627620,8182997
Japan,1967,6885029,50797882,20784425,16274977,8222895
Japan,1968,7114370,51929830,20658733,16048255,8485955
Japan,1969,7334507,52923110,20571759,15993325,8652106
Japan,1970,7536249,53689055,20667389,16042812,8776458
Japan,1971,7771525,54705140,20367884,15923774,9183251
Japan,1972,8071190,56082100,19517403,15896794,9670980
Japan,1973,8373155,57543658,18594141,16112461,9990801
Japan,1974,8671239,58901840,17831026,16326596,10278401
Japan,1975,8975942,60110605,17212375,16643047,10378525
Japan,1976,9308348,61160233,16692987,17077991,10262377
Japan,1977,9659459,62025043,16310526,17593877,9984380
Japan,1978,10022750,62745138,16067850,18150986,9589149
Japan,1979,10385588,63343349,15983506,18661677,9146336
Japan,1980,10732499,63877833,16011953,18997783,8737549
Japan,1981,11068211,64334119,15883670,19338289,8368551
Japan,1982,11398071,64689318,15842615,19516385,8037992
Japan,1983,11704985,65046226,16036468,19397577,7762026
Japan,1984,12077625,65357632,16220253,19193977,7532913
Japan,1985,12504848,65626096,16511381,18851397,7336016
Japan,1986,12912322,65968581,16953526,18368963,7160399
Japan,1987,13360016,66309111,17494394,17785476,6990999
Japan,1988,13845059,66614270,18075982,17138079,6799274
Japan,1989,14390577,66892454,18602286,16483936,6573238
Japan,1990,14999139,67181919,18975516,15894870,6342993
Japan,1991,15657395,67362361,19312626,15383195,6168705
Japan,1992,16346072,67634646,19414960,14934783,6047712
Japan,1993,17029424,68103273,19230179,14524420,5947488
Japan,1994,17719412,68548163,18982379,14130701,5901074
Japan,1995,18418142,68966949,18630192,13756871,5894922
Japan,1996,19143255,69342556,18169434,13426330,5886895
Japan,1997,19896326,69723923,17616446,13133708,5886278
Japan,1998,20640119,70151344,16997592,12842985,5904790
Japan,1999,21373713,70555424,16366894,12578045,5911604
Japan,2000,22136185,70797037,15807554,12354239,5912988
Japan,2001,22926518,70898595,15317596,12172784,5920685
Japan,2002,23683538,70959848,14868457,12036645,5907902
Japan,2003,24346395,71035317,14450269,11936569,5870797
Japan,2004,25044123,70997810,14046444,11879976,5812070
Japan,2005,25904856,70721136,13657834,11868032,5723078
Japan,2006,26810158,70320982,13329338,11871903,5623175
Japan,2007,27655489,69915129,13059219,11864496,5547701
Japan,2008,28469757,69507851,12786377,11849464,5493257
Japan,2009,29127239,69225779,12536563,11799474,5450882
Japan,2010,29553029,69109329,12328116,11713964,5425597
Japan,2011,30240475,68604696,12170052,11627313,5396056
Japan,2012,31298455,67625187,12062912,11542133,5339402
Japan,2013,32394503,66559092,11988206,11447688,5271443
Japan,2014,33369316,65562898,11952889,11340469,5195466
Japan,2015,34197665,64705419,11956174,11229771,5118019
Japan,2016,34910581,64011459,11985332,11128691,5050186
Japan,2017,35469538,63479594,12015059,11039840,4980263
Japan,2018,35885628,63054799,12031706,10963286,4889753
Japan,2019,36172985,62748048,12010527,10890337,4778021
Japan,2020,36413546,62399010,11945195,10805894,4629472
Japan,2021,36601113,61961940,11855491,10686514,4455665
Japan,2022,36632124,61633897,11787705,10529314,4294069
Japan,2023,36646281,61373291,11743019,10346212,4142120
Jersey,1950,7061,30835,7770,7128,4338
Jersey,1951,7215,31350,7790,7271,4413
Jersey,1952,7327,31666,7907,7474,4364
Jersey,1953,7431,31894,8110,7673,4277
Jersey,1954,7532,32102,8363,7818,4203
Jersey,1955,7633,32336,8604,7884,4174
Jersey,1956,7736,32586,8795,7924,4164
Jersey,1957,7858,32830,8922,8011,4161
Jersey,1958,7981,33111,8992,8107,4207
Jersey,1959,8099,33466,9005,8159,4294
Jersey,1960,8246,33918,8925,8148,4431
Jersey,1961,8413,34295,8857,8103,4652
Jersey,1962,8553,34520,8930,8103,4874
Jersey,1963,8668,34670,9128,8154,5021
Jersey,1964,8804,34780,9381,8203,5124
Jersey,1965,8971,34843,9650,8265,5206
Jersey,1966,9109,34867,9940,8378,5258
Jersey,1967,9218,34886,10246,8550,5259
Jersey,1968,9316,34938,10479,8792,5179
Jersey,1969,9429,35098,10579,9043,5050
Jersey,1970,9545,35336,10555,9304,4928
Jersey,1971,9688,35774,10488,9653,4812
Jersey,1972,9866,36406,10564,9984,4678
Jersey,1973,10067,37007,10847,10157,4498
Jersey,1974,10297,37573,11248,10196,4272
Jersey,1975,10538,38180,11657,10139,4009
Jersey,1976,10765,38680,11896,10031,3840
Jersey,1977,10952,38964,11976,9896,3814
Jersey,1978,11110,39139,12119,9697,3840
Jersey,1979,11217,39348,12325,9458,3876
Jersey,1980,11273,39605,12544,9209,3914
Jersey,1981,11289,40029,12804,8944,3998
Jersey,1982,11276,40677,13101,8680,4102
Jersey,1983,11246,41438,13333,8478,4183
Jersey,1984,11256,42222,13478,8346,4224
Jersey,1985,11346,43007,13553,8242,4240
Jersey,1986,11447,43690,13595,8161,4295
Jersey,1987,11533,44231,13619,8143,4386
Jersey,1988,11610,44739,13621,8174,4459
Jersey,1989,11679,45317,13588,8213,4527
Jersey,1990,11749,46294,13227,8247,4687
Jersey,1991,11787,47331,12538,8329,4916
Jersey,1992,11779,48039,11845,8485,5083
Jersey,1993,11762,48637,11251,8681,5162
Jersey,1994,11762,49123,10766,8889,5168
Jersey,1995,11802,49517,10379,9101,5082
Jersey,1996,11849,49887,10081,9321,5048
Jersey,1997,11875,50230,9935,9537,5096
Jersey,1998,11923,50453,9935,9723,5101
Jersey,1999,12012,50604,9996,9873,5052
Jersey,2000,12118,50742,10061,9996,4930
Jersey,2001,12267,50973,10153,10171,4831
Jersey,2002,12463,51302,10355,10340,4841
Jersey,2003,12677,51698,10614,10421,4877
Jersey,2004,12916,52138,10854,10446,4905
Jersey,2005,13157,52678,11054,10403,4957
Jersey,2006,13351,53321,11225,10339,4990
Jersey,2007,13516,54025,11362,10304,4999
Jersey,2008,13716,54746,11437,10278,4997
Jersey,2009,13982,55458,11456,10248,4987
Jersey,2010,14256,56188,11453,10204,4996
Jersey,2011,14623,56653,11486,10175,5077
Jersey,2012,15137,56788,11540,10216,5219
Jersey,2013,15638,56918,11542,10310,5320
Jersey,2014,16084,57132,11545,10411,5379
Jersey,2015,16517,57350,11469,10482,5373
Jersey,2016,16967,57546,11336,10540,5277
Jersey,2017,17391,57735,11192,10643,5136
Jersey,2018,17780,57910,11056,10737,5013
Jersey,2019,18141,58075,10958,10744,4912
Jersey,2020,18481,58214,10873,10755,4782
Jersey,2021,18737,58304,10855,10768,4640
Jersey,2022,18976,58349,10888,10720,4526
Jersey,2023,19307,58354,10925,10627,4430
Jordan,1950,22091,146404,79934,115485,74893
Jordan,1951,23262,155667,87681,122874,81676
Jordan,1952,24509,165692,96187,130910,89149
Jordan,1953,25813,176301,105173,139663,97160
Jordan,1954,27188,187437,114327,148948,105957
Jordan,1955,28601,199103,123374,158993,115502
Jordan,1956,30069,211225,132124,170199,125492
Jordan,1957,31601,223775,140514,182510,135965
Jordan,1958,33135,236662,148434,195769,146831
Jordan,1959,34564,249684,155719,209738,157905
Jordan,1960,35778,262614,162022,224077,168980
Jordan,1961,36714,275253,167235,238472,179925
Jordan,1962,37409,287628,171874,252871,190782
Jordan,1963,37969,300297,176805,267744,201905
Jordan,1964,38676,314727,183041,284873,214328
Jordan,1965,39778,332590,191892,306137,229049
Jordan,1966,41320,354430,204186,332138,246295
Jordan,1967,43216,379727,219683,362580,265980
Jordan,1968,45270,406784,237370,395856,287189
Jordan,1969,47193,432966,255745,429328,307869
Jordan,1970,48744,456101,273547,460521,326258
Jordan,1971,49885,475366,290094,488048,341754
Jordan,1972,50748,491563,305396,512250,354604
Jordan,1973,51451,506366,320063,534645,365569
Jordan,1974,52073,520707,334879,555990,375541
Jordan,1975,52597,534983,350177,576209,385093
Jordan,1976,53043,549764,365909,595389,394075
Jordan,1977,53484,565798,382461,614281,402983
Jordan,1978,53994,583625,400072,633513,412399
Jordan,1979,54658,603759,419002,653774,422699
Jordan,1980,55627,627401,439812,676605,434747
Jordan,1981,56953,655014,462689,702249,448622
Jordan,1982,58599,686467,487689,730329,463849
Jordan,1983,60540,721429,514690,760377,480271
Jordan,1984,62778,759391,543089,791890,497536
Jordan,1985,65316,800484,572458,825156,515402
Jordan,1986,68168,844987,602732,859788,534218
Jordan,1987,71386,893049,633957,895539,553701
Jordan,1988,74996,945074,666431,933094,573447
Jordan,1989,79046,1002174,700999,973564,593854
Jordan,1990,85248,1134834,773048,1014139,614644
Jordan,1991,91868,1289695,847396,1049109,637082
Jordan,1992,97189,1399536,887934,1080344,662693
Jordan,1993,102841,1516168,926142,1111897,690966
Jordan,1994,108664,1630380,957880,1143043,721435
Jordan,1995,114460,1732229,979824,1172383,753197
Jordan,1996,120148,1817192,991463,1205344,778367
Jordan,1997,125860,1887539,996254,1243904,792726
Jordan,1998,131825,1949672,1000122,1284152,798512
Jordan,1999,138210,2008642,1007148,1326198,796249
Jordan,2000,145184,2065793,1018491,1369051,788420
Jordan,2001,152863,2122100,1035008,1410401,778524
Jordan,2002,161182,2179018,1056322,1447891,771660
Jordan,2003,169987,2238528,1081960,1479643,771714
Jordan,2004,179280,2305300,1112905,1507050,777526
Jordan,2005,188781,2377793,1145981,1531498,785537
Jordan,2006,206093,2550407,1230974,1610739,829155
Jordan,2007,223405,2724206,1321678,1680696,877240
Jordan,2008,233148,2804602,1367736,1686195,898184
Jordan,2009,242468,2881611,1411782,1684948,920944
Jordan,2010,252035,2962181,1456229,1680209,946380
Jordan,2011,262928,3056851,1503959,1683424,973255
Jordan,2012,271848,3122838,1531919,1678137,982378
Jordan,2013,281469,3303938,1619898,1761717,1024775
Jordan,2014,294521,3647759,1777202,1956065,1116152
Jordan,2015,316733,3995520,1910012,2136751,1185696
Jordan,2016,341485,4240982,1975762,2241772,1206347
Jordan,2017,360737,4395838,1987036,2291527,1199066
Jordan,2018,381703,4555340,1998344,2334704,1192193
Jordan,2019,403054,4710051,2006886,2370328,1181544
Jordan,2020,423619,4858966,2014313,2396238,1172066
Jordan,2021,443361,5009885,2028554,2414646,1169889
Jordan,2022,466227,5150468,2054086,2418657,1166809
Jordan,2023,494415,5279402,2093341,2408763,1163271
Kazakhstan,1950,438711,2678374,1305051,1472949,891971
Kazakhstan,1951,449968,2788799,1369583,1420260,992180
Kazakhstan,1952,462892,2914276,1435756,1393049,1052685
Kazakhstan,1953,475753,3045460,1496927,1379796,1100383
Kazakhstan,1954,486010,3178424,1554880,1382325,1140224
Kazakhstan,1955,492899,3306238,1602201,1412986,1179138
Kazakhstan,1956,496838,3421463,1638235,1476367,1223626
Kazakhstan,1957,497877,3518339,1671322,1569187,1277002
Kazakhstan,1958,497045,3606713,1674705,1703899,1340095
Kazakhstan,1959,496298,3715809,1633282,1869520,1407086
Kazakhstan,1960,496342,3854256,1569726,2038546,1470946
Kazakhstan,1961,496953,4019933,1518496,2179780,1526776
Kazakhstan,1962,498416,4206167,1493788,2291341,1569109
Kazakhstan,1963,501332,4397399,1484420,2400689,1593533
Kazakhstan,1964,506765,4586553,1491694,2506811,1598409
Kazakhstan,1965,515013,4757373,1527296,2609277,1584166
Kazakhstan,1966,526211,4901220,1594603,2709424,1557472
Kazakhstan,1967,540686,5020265,1690147,2805013,1528264
Kazakhstan,1968,557401,5103317,1826324,2892838,1499255
Kazakhstan,1969,574463,5154290,1987351,2964941,1475128
Kazakhstan,1970,591370,5200099,2146108,3014487,1466947
Kazakhstan,1971,607723,5280323,2276517,3043534,1476674
Kazakhstan,1972,623270,5397977,2376219,3056009,1498281
Kazakhstan,1973,639121,5520651,2469727,3049859,1528716
Kazakhstan,1974,656911,5644781,2558128,3029319,1565386
Kazakhstan,1975,676799,5771427,2644501,3006073,1601997
Kazakhstan,1976,713620,5865308,2762692,3014311,1642752
Kazakhstan,1977,766719,5934560,2907840,3056505,1687583
Kazakhstan,1978,817393,6025290,3038430,3105098,1725239
Kazakhstan,1979,967412,5874104,3210060,3162996,1764074
Kazakhstan,1980,1090649,5768862,3299181,3199300,1794902
Kazakhstan,1981,1082757,5970860,3245156,3211071,1813183
Kazakhstan,1982,1070632,6180791,3178547,3228299,1834269
Kazakhstan,1983,1056651,6389642,3109955,3246416,1862826
Kazakhstan,1984,1043441,6589343,3045869,3264783,1901120
Kazakhstan,1985,1032405,6774383,2993136,3286835,1944261
Kazakhstan,1986,1011776,6993804,2961450,3315009,1980587
Kazakhstan,1987,983296,7252143,2944857,3344334,2003013
Kazakhstan,1988,962473,7503047,2930919,3371526,2013124
Kazakhstan,1989,963792,7690429,2926443,3404482,2011786
Kazakhstan,1990,983924,7795813,2933264,3448058,1992921
Kazakhstan,1991,1009528,7868351,2947704,3499481,1953461
Kazakhstan,1992,1039634,7896952,2960321,3543445,1892195
Kazakhstan,1993,1068891,7869607,2959757,3567124,1809034
Kazakhstan,1994,1089253,7766208,2932594,3545578,1710069
Kazakhstan,1995,1098266,7638446,2893239,3490725,1609791
Kazakhstan,1996,1094846,7530689,2853827,3425847,1510749
Kazakhstan,1997,1076228,7415197,2806021,3339884,1405832
Kazakhstan,1998,1047614,7298660,2762374,3234562,1304477
Kazakhstan,1999,1030996,7278352,2765698,3149430,1231263
Kazakhstan,2000,1037360,7359065,2820566,3089367,1194562
Kazakhstan,2001,1060100,7435515,2886985,3011690,1181042
Kazakhstan,2002,1096423,7501487,2956147,2914977,1187404
Kazakhstan,2003,1136027,7560658,3022761,2815114,1212571
Kazakhstan,2004,1169264,7616776,3082390,2723833,1257649
Kazakhstan,2005,1192755,7680675,3131360,2644324,1318748
Kazakhstan,2006,1203507,7762510,3165857,2578354,1393233
Kazakhstan,2007,1194816,7868286,3182645,2529641,1481574
Kazakhstan,2008,1162296,7998805,3180597,2505966,1578625
Kazakhstan,2009,1121987,8167422,3156257,2507856,1666099
Kazakhstan,2010,1094880,8365382,3104497,2533836,1737982
Kazakhstan,2011,1088442,8559994,3026521,2591560,1799240
Kazakhstan,2012,1103738,8742608,2929683,2682562,1847275
Kazakhstan,2013,1134503,8912980,2828064,2799259,1881441
Kazakhstan,2014,1175080,9068510,2731937,2926274,1914224
Kazakhstan,2015,1222500,9209706,2647153,3056138,1948417
Kazakhstan,2016,1274130,9342879,2579071,3189656,1977610
Kazakhstan,2017,1328460,9470787,2530597,3323876,1997961
Kazakhstan,2018,1382172,9593227,2502543,3442386,2012149
Kazakhstan,2019,1436696,9709197,2490012,3541792,2031605
Kazakhstan,2020,1489880,9810815,2490324,3635000,2055829
Kazakhstan,2021,1535112,9869120,2518262,3726406,2094430
Kazakhstan,2022,1599539,9906459,2592743,3811020,2124541
Kazakhstan,2023,1688682,9937431,2698291,3879014,2126314
Kenya,1950,305513,1725542,1109766,1485046,1143247
Kenya,1951,298143,1769978,1146699,1524187,1154493
Kenya,1952,291016,1816407,1180454,1570851,1174492
Kenya,1953,284062,1863672,1208840,1627581,1199670
Kenya,1954,277458,1914513,1233822,1695998,1226286
Kenya,1955,271258,1970770,1257862,1756589,1272756
Kenya,1956,265426,2030979,1281947,1808634,1340639
Kenya,1957,260028,2094973,1306289,1871789,1411738
Kenya,1958,254892,2160093,1329268,1945690,1484799
Kenya,1959,250167,2229879,1355893,2027604,1559151
Kenya,1960,246216,2307763,1391856,2115052,1634371
Kenya,1961,243067,2389623,1435620,2208776,1710631
Kenya,1962,241022,2472953,1486765,2310246,1788271
Kenya,1963,240334,2556155,1547372,2416951,1867103
Kenya,1964,240619,2640787,1618866,2525235,1947971
Kenya,1965,241502,2729597,1683143,2652026,2031753
Kenya,1966,243072,2820626,1738237,2798985,2116841
Kenya,1967,245439,2912705,1802813,2949368,2200672
Kenya,1968,248417,3007342,1877553,3102487,2282965
Kenya,1969,251729,3106342,1958902,3258133,2364528
Kenya,1970,255238,3209394,2042847,3416078,2445189
Kenya,1971,258596,3305982,2125458,3574375,2524446
Kenya,1972,262391,3398273,2211378,3731517,2602468
Kenya,1973,267417,3496543,2303936,3888062,2678856
Kenya,1974,273606,3599869,2397914,4045370,2753299
Kenya,1975,280587,3690333,2508978,4204250,2827509
Kenya,1976,287990,3764981,2637811,4363710,2903118
Kenya,1977,296985,3851873,2774855,4522524,2982578
Kenya,1978,307974,3956219,2921435,4679577,3068918
Kenya,1979,319559,4071533,3072308,4834729,3162535
Kenya,1980,331613,4204219,3229954,4990288,3262386
Kenya,1981,344230,4350749,3390064,5148118,3368344
Kenya,1982,357840,4509603,3549208,5309417,3480105
Kenya,1983,373086,4689640,3711839,5476291,3595512
Kenya,1984,389145,4885832,3876277,5649114,3714536
Kenya,1985,405489,5091783,4039776,5827435,3837284
Kenya,1986,422187,5305482,4200393,6012867,3960705
Kenya,1987,439435,5528761,4357210,6206655,4084023
Kenya,1988,457377,5770152,4514149,6408838,4205698
Kenya,1989,475590,6030414,4671923,6620478,4320025
Kenya,1990,493555,6305543,4830959,6840451,4422142
Kenya,1991,510737,6579022,4984838,7064690,4507219
Kenya,1992,527820,6851700,5136461,7292460,4574014
Kenya,1993,545582,7130278,5292322,7519465,4629535
Kenya,1994,564412,7415870,5454031,7740504,4682308
Kenya,1995,583984,7703912,5619251,7951481,4743116
Kenya,1996,603357,7988699,5786546,8146445,4819156
Kenya,1997,622435,8278480,5962849,8324754,4913235
Kenya,1998,641641,8576251,6149916,8490972,5029274
Kenya,1999,661805,8899967,6357672,8649602,5164356
Kenya,2000,682592,9255117,6585624,8807748,5311798
Kenya,2001,703468,9644227,6828626,8970307,5472511
Kenya,2002,723260,10051028,7074843,9137253,5643366
Kenya,2003,741243,10467199,7313851,9317668,5812191
Kenya,2004,758650,10909993,7548747,9516199,5979760
Kenya,2005,775756,11367817,7769707,9735231,6147852
Kenya,2006,792727,11843170,7972413,9983251,6312316
Kenya,2007,809088,12334559,8155609,10260746,6476211
Kenya,2008,825411,12847884,8328588,10560783,6643532
Kenya,2009,843337,13386049,8495474,10877731,6806130
Kenya,2010,869727,13930329,8650579,11200814,6946903
Kenya,2011,911058,14479994,8796820,11522007,7048214
Kenya,2012,959437,15039194,8942102,11847974,7098985
Kenya,2013,1013166,15602772,9098042,12172548,7099356
Kenya,2014,1078659,16161767,9263946,12482663,7063140
Kenya,2015,1148750,16720317,9441076,12765442,7011240
Kenya,2016,1199865,17291059,9657351,13019026,6970314
Kenya,2017,1247485,17859989,9910194,13229045,6948728
Kenya,2018,1324639,18404636,10164917,13373517,6936737
Kenya,2019,1403465,18944776,10437566,13480099,6933900
Kenya,2020,1453278,19502681,10745046,13574934,6938210
Kenya,2021,1496838,20066485,11063493,13639653,6949496
Kenya,2022,1550601,20649423,11394702,13672625,6981962
Kenya,2023,1609222,21265373,11738569,13686173,7036696
Kiribati,1950,2699,14405,6621,8094,6051
Kiribati,1951,2652,14601,6680,8361,6351
Kiribati,1952,2605,14809,6736,8668,6631
Kiribati,1953,2556,15030,6794,9036,6869
Kiribati,1954,2508,15256,6863,9470,7054
Kiribati,1955,2466,15498,6945,9931,7221
Kiribati,1956,2423,15752,7048,10395,7391
Kiribati,1957,2385,16002,7175,10865,7565
Kiribati,1958,2342,16256,7331,11334,7742
Kiribati,1959,2298,16522,7518,11800,7923
Kiribati,1960,2267,16786,7743,12264,8118
Kiribati,1961,2239,17058,8003,12714,8333
Kiribati,1962,2221,17332,8303,13150,8556
Kiribati,1963,2215,17606,8662,13554,8774
Kiribati,1964,2231,17886,9087,13914,8988
Kiribati,1965,2255,18183,9539,14277,9198
Kiribati,1966,2316,18344,9786,14568,9434
Kiribati,1967,2395,18352,9807,14821,9641
Kiribati,1968,2468,18361,9808,15176,9733
Kiribati,1969,2497,18552,9977,15586,9768
Kiribati,1970,2497,18913,10295,16008,9816
Kiribati,1971,2493,19281,10597,16458,9842
Kiribati,1972,2487,19686,10864,16938,9821
Kiribati,1973,2470,20129,11127,17381,9730
Kiribati,1974,2430,20350,11393,17540,9523
Kiribati,1975,2375,20336,11641,17394,9265
Kiribati,1976,2314,20303,11844,17163,9059
Kiribati,1977,2236,20258,12004,16857,8929
Kiribati,1978,2144,20212,12174,16472,8876
Kiribati,1979,2125,20407,12528,16155,8976
Kiribati,1980,2178,20836,13028,15929,9199
Kiribati,1981,2215,21268,13515,15696,9443
Kiribati,1982,2255,21732,13954,15485,9720
Kiribati,1983,2295,22234,14307,15330,10017
Kiribati,1984,2329,22783,14536,15300,10296
Kiribati,1985,2370,23417,14680,15436,10607
Kiribati,1986,2416,24167,14786,15744,10966
Kiribati,1987,2456,24972,14827,16202,11291
Kiribati,1988,2489,25832,14795,16747,11582
Kiribati,1989,2530,26723,14712,17363,11837
Kiribati,1990,2566,27642,14590,18019,12054
Kiribati,1991,2606,28465,14408,18649,12257
Kiribati,1992,2644,29137,14198,19245,12431
Kiribati,1993,2696,29757,14038,19809,12554
Kiribati,1994,2754,30323,14013,20303,12640
Kiribati,1995,2816,30840,14133,20770,12693
Kiribati,1996,2880,31369,14388,21253,12747
Kiribati,1997,2932,31930,14792,21687,12820
Kiribati,1998,2983,32462,15287,22044,12895
Kiribati,1999,3011,32988,15856,22335,12948
Kiribati,2000,3030,33552,16479,22610,12960
Kiribati,2001,3076,34178,17185,22930,12981
Kiribati,2002,3142,34900,17940,23301,12997
Kiribati,2003,3212,35685,18675,23668,12950
Kiribati,2004,3301,36526,19337,24018,12913
Kiribati,2005,3402,37413,19958,24320,12953
Kiribati,2006,3509,38330,20563,24546,13080
Kiribati,2007,3628,39318,21100,24700,13336
Kiribati,2008,3740,40376,21557,24814,13748
Kiribati,2009,3836,41514,21956,24927,14246
Kiribati,2010,3923,42655,22343,25052,14744
Kiribati,2011,3993,43756,22675,25040,15197
Kiribati,2012,4049,44822,22939,24931,15552
Kiribati,2013,4117,45862,23180,24901,15787
Kiribati,2014,4202,46910,23364,24958,15904
Kiribati,2015,4310,47988,23448,25156,15924
Kiribati,2016,4438,49093,23468,25620,15870
Kiribati,2017,4566,50199,23428,26291,15804
Kiribati,2018,4701,51294,23296,27017,15789
Kiribati,2019,4829,52420,23138,27707,15834
Kiribati,2020,4963,53759,23027,28401,15960
Kiribati,2021,5086,55167,22987,29038,16108
Kiribati,2022,5246,56478,22987,29553,16217
Kiribati,2023,5462,57724,23061,30012,16280
Kosovo,1950,42627,271922,151616,186521,125763
Kosovo,1951,41804,277160,156188,190323,128830
Kosovo,1952,41296,282972,159989,194812,131931
Kosovo,1953,41097,289461,163316,200121,134783
Kosovo,1954,41070,296905,166384,205736,137769
Kosovo,1955,41222,305219,169121,211412,141052
Kosovo,1956,41409,313980,171525,217591,144187
Kosovo,1957,41524,323511,173670,224586,147148
Kosovo,1958,41588,334111,175542,232515,149867
Kosovo,1959,41634,345767,178734,239790,152492
Kosovo,1960,41742,358179,183406,246116,155394
Kosovo,1961,41995,370228,187861,252715,158614
Kosovo,1962,42379,381035,192391,259032,162105
Kosovo,1963,43047,391441,197641,264781,165824
Kosovo,1964,43983,402559,203379,270627,169721
Kosovo,1965,45132,414672,209563,277002,173802
Kosovo,1966,46497,427682,216718,283647,178039
Kosovo,1967,48009,441555,225152,290433,182516
Kosovo,1968,49502,446715,229911,297763,190314
Kosovo,1969,50892,442929,230269,306443,200927
Kosovo,1970,52329,438258,231735,317131,210099
Kosovo,1971,53904,440627,237092,328517,212881
Kosovo,1972,55547,450896,244864,339766,210504
Kosovo,1973,57279,461623,252756,351407,208113
Kosovo,1974,59066,473817,261519,362910,205813
Kosovo,1975,60850,487822,270968,373391,204658
Kosovo,1976,62594,503844,280675,380708,207057
Kosovo,1977,64224,522059,290564,385841,211773
Kosovo,1978,65725,542757,300888,390921,215955
Kosovo,1979,67041,565669,311660,395708,219716
Kosovo,1980,68247,590040,322744,400170,223623
Kosovo,1981,69350,612544,333158,404038,227474
Kosovo,1982,70206,631748,342614,407024,231574
Kosovo,1983,70916,650486,351997,409045,236805
Kosovo,1984,71625,670352,361506,410573,242755
Kosovo,1985,72312,691736,370751,413274,247945
Kosovo,1986,73098,714221,377531,419622,252505
Kosovo,1987,74197,737472,382470,428827,257627
Kosovo,1988,76305,749445,387677,441394,263058
Kosovo,1989,79144,750138,394093,455747,267215
Kosovo,1990,81794,751595,403731,466970,269693
Kosovo,1991,84063,764589,413442,474716,268550
Kosovo,1992,86465,790207,421131,482025,259889
Kosovo,1993,89651,817396,428108,490733,246779
Kosovo,1994,93427,844804,433820,499304,233902
Kosovo,1995,97462,872114,439583,506107,222243
Kosovo,1996,101495,898261,444473,510191,214327
Kosovo,1997,105488,923549,448351,508418,211477
Kosovo,1998,106234,866354,408821,494621,202940
Kosovo,1999,104773,754890,348998,474593,188271
Kosovo,2000,106846,717328,340085,460124,178105
Kosovo,2001,111500,727302,360677,449283,171251
Kosovo,2002,115300,735992,379235,431079,167860
Kosovo,2003,117871,742136,391384,407858,167187
Kosovo,2004,119835,749575,398652,388118,166599
Kosovo,2005,121184,759086,400181,371705,166202
Kosovo,2006,121911,769900,396391,360701,164171
Kosovo,2007,122136,781106,387533,355965,160358
Kosovo,2008,122108,792368,376130,353368,156885
Kosovo,2009,121954,802559,365079,350343,154746
Kosovo,2010,121477,811091,355148,346987,154044
Kosovo,2011,122530,822656,350682,342434,153636
Kosovo,2012,125489,840185,350914,337276,152663
Kosovo,2013,128548,856162,348686,332592,151171
Kosovo,2014,131431,861856,340532,327380,147775
Kosovo,2015,134093,855426,328127,320309,141059
Kosovo,2016,137312,856086,322953,311913,133497
Kosovo,2017,141304,869756,325601,304080,127381
Kosovo,2018,145496,879127,324368,297646,121109
Kosovo,2019,149879,880704,318212,291698,114552
Kosovo,2020,152744,887498,315352,285769,110047
Kosovo,2021,154815,890810,310383,278189,107247
Kosovo,2022,158725,884995,300608,269010,104608
Kosovo,2023,163948,880757,293318,259774,102238
Kuwait,1950,4432,59654,32364,33214,24308
Kuwait,1951,4574,62196,31628,34479,25585
Kuwait,1952,4693,64787,30817,35992,26881
Kuwait,1953,4790,67364,30040,37729,28179
Kuwait,1954,4866,69851,29479,39517,29543
Kuwait,1955,5068,76658,31564,41696,31140
Kuwait,1956,5397,88055,36063,44309,33398
Kuwait,1957,5670,98399,39582,46875,36525
Kuwait,1958,5987,108263,43963,50712,41290
Kuwait,1959,6455,119282,50119,56152,47524
Kuwait,1960,7030,131160,56408,62268,54199
Kuwait,1961,7726,144294,63184,69670,61079
Kuwait,1962,8389,157864,71185,79459,68108
Kuwait,1963,8953,171679,80369,91117,75584
Kuwait,1964,9524,186603,89913,103641,83443
Kuwait,1965,10097,202735,99711,116964,91672
Kuwait,1966,10865,219367,109320,131744,101302
Kuwait,1967,11844,236431,118885,148371,112571
Kuwait,1968,12849,254655,129175,166375,124672
Kuwait,1969,13822,273592,139635,185317,137095
Kuwait,1970,14716,292316,149034,204281,148771
Kuwait,1971,15464,311180,158861,221497,158079
Kuwait,1972,16120,330938,170533,236873,165893
Kuwait,1973,16817,351549,183251,252028,174019
Kuwait,1974,17629,373229,197569,267479,182448
Kuwait,1975,18617,396798,214556,283319,191577
Kuwait,1976,19242,427642,232996,297756,201079
Kuwait,1977,19430,466097,251100,311024,210378
Kuwait,1978,19661,507516,268513,325077,219555
Kuwait,1979,19972,550854,284453,339820,228424
Kuwait,1980,20407,594382,297946,355273,236780
Kuwait,1981,20962,638523,310026,369677,244238
Kuwait,1982,21607,685227,321479,382800,251375
Kuwait,1983,22326,734764,332270,396069,258872
Kuwait,1984,23319,781920,339433,410008,266013
Kuwait,1985,24527,828139,345374,424432,271781
Kuwait,1986,26496,876214,348201,444803,276805
Kuwait,1987,29482,923295,347545,472165,280519
Kuwait,1988,32909,969026,351039,500268,281464
Kuwait,1989,36835,1013222,358831,528136,280446
Kuwait,1990,30462,772774,274357,404370,202869
Kuwait,1991,27619,621087,228057,323127,151513
Kuwait,1992,35453,751297,282608,386349,179260
Kuwait,1993,34909,780502,291209,376447,189091
Kuwait,1994,28017,807513,273161,351948,203731
Kuwait,1995,22821,838749,258936,350266,210744
Kuwait,1996,22591,863805,272643,362481,208733
Kuwait,1997,24304,887178,298827,371336,206045
Kuwait,1998,26188,913587,325249,374253,205026
Kuwait,1999,28177,944773,349170,372940,204972
Kuwait,2000,30165,982261,368093,369208,204983
Kuwait,2001,32036,1026994,380026,364685,204383
Kuwait,2002,33685,1079002,383874,360541,202878
Kuwait,2003,35059,1137423,379677,357452,200273
Kuwait,2004,36159,1200611,368668,355623,196263
Kuwait,2005,37742,1269554,372231,358937,198328
Kuwait,2006,40344,1347326,398413,368275,210378
Kuwait,2007,43434,1434860,425302,379208,225081
Kuwait,2008,46637,1532782,443112,390411,238482
Kuwait,2009,49886,1642134,451391,402315,249749
Kuwait,2010,53381,1762967,450102,416032,260865
Kuwait,2011,58434,1934738,435511,431533,272571
Kuwait,2012,65177,2116242,419527,450576,285482
Kuwait,2013,72663,2251702,412023,472205,299147
Kuwait,2014,81287,2371347,409016,491671,312437
Kuwait,2015,92363,2493594,412311,520289,315897
Kuwait,2016,105639,2608864,424245,554005,311214
Kuwait,2017,121189,2704801,440248,580645,307793
Kuwait,2018,140210,2815252,456694,607613,303610
Kuwait,2019,160077,2887925,471211,628368,294612
Kuwait,2020,175817,2840996,476031,628187,279107
Kuwait,2021,149279,2862842,472610,604343,271667
Kuwait,2022,126047,3097232,484309,610744,271173
Kuwait,2023,142869,3289991,505760,634062,266086
Kyrgyzstan,1950,138306,723215,353682,326653,209251
Kyrgyzstan,1951,139844,735381,360928,320387,230958
Kyrgyzstan,1952,141672,751034,366735,315885,249253
Kyrgyzstan,1953,143340,768635,370861,312759,266932
Kyrgyzstan,1954,144384,786215,372218,314793,284533
Kyrgyzstan,1955,144647,803451,371301,326603,298403
Kyrgyzstan,1956,144223,820209,371216,344784,309190
Kyrgyzstan,1957,143107,835735,368427,369954,321096
Kyrgyzstan,1958,141579,850695,356816,407047,334717
Kyrgyzstan,1959,140132,868814,340355,450043,349951
Kyrgyzstan,1960,139100,892043,329706,488623,366038
Kyrgyzstan,1961,138395,920395,326996,520641,382239
Kyrgyzstan,1962,137913,954093,326793,550972,397519
Kyrgyzstan,1963,137827,989999,328025,582693,410693
Kyrgyzstan,1964,138409,1023044,333902,616050,420735
Kyrgyzstan,1965,139709,1052504,348914,646526,427398
Kyrgyzstan,1966,141799,1080836,369576,673977,431429
Kyrgyzstan,1967,144763,1103599,396480,701545,433772
Kyrgyzstan,1968,148202,1116318,434515,728695,435150
Kyrgyzstan,1969,151403,1124344,477139,754246,437698
Kyrgyzstan,1970,154079,1136903,513657,776984,443510
Kyrgyzstan,1971,156166,1154765,541567,796746,452193
Kyrgyzstan,1972,157602,1173900,566250,813468,462725
Kyrgyzstan,1973,158789,1193232,592039,826868,473944
Kyrgyzstan,1974,160372,1212008,619553,838205,483886
Kyrgyzstan,1975,162433,1233907,644472,849385,491171
Kyrgyzstan,1976,165004,1258262,666643,860887,496213
Kyrgyzstan,1977,168192,1282962,689964,872770,500245
Kyrgyzstan,1978,171439,1309646,714179,884517,504751
Kyrgyzstan,1979,173820,1338525,737523,896232,510094
Kyrgyzstan,1980,175102,1370757,759018,908742,515752
Kyrgyzstan,1981,175305,1406012,778141,922237,522761
Kyrgyzstan,1982,174435,1444429,794492,936786,532680
Kyrgyzstan,1983,172882,1486869,807964,952608,545444
Kyrgyzstan,1984,173470,1528673,815708,961337,560158
Kyrgyzstan,1985,177363,1569034,816539,962260,577195
Kyrgyzstan,1986,182806,1611752,812663,965025,596348
Kyrgyzstan,1987,189894,1655042,806344,971680,615510
Kyrgyzstan,1988,199243,1695017,799396,983308,631058
Kyrgyzstan,1989,208757,1732345,798502,1000817,641577
Kyrgyzstan,1990,216715,1763177,806661,1023760,649232
Kyrgyzstan,1991,224735,1784867,819553,1049455,653509
Kyrgyzstan,1992,233973,1802090,833227,1077083,653935
Kyrgyzstan,1993,243691,1795839,832145,1105550,649583
Kyrgyzstan,1994,252943,1789225,831966,1136725,638330
Kyrgyzstan,1995,260260,1808683,853865,1165996,624833
Kyrgyzstan,1996,264574,1837345,882832,1185854,612275
Kyrgyzstan,1997,266933,1873426,910643,1198654,598338
Kyrgyzstan,1998,267582,1915029,937634,1205069,582473
Kyrgyzstan,1999,267744,1959957,962999,1210489,567398
Kyrgyzstan,2000,269200,2001839,985751,1215042,553312
Kyrgyzstan,2001,271836,2038772,1008867,1210484,541994
Kyrgyzstan,2002,275031,2073508,1034231,1196170,537305
Kyrgyzstan,2003,278180,2106542,1059072,1177382,538238
Kyrgyzstan,2004,280804,2139397,1082286,1159009,541544
Kyrgyzstan,2005,282010,2172664,1104206,1139702,547748
Kyrgyzstan,2006,280017,2202500,1127156,1117770,555005
Kyrgyzstan,2007,273874,2230569,1152344,1093507,563075
Kyrgyzstan,2008,263546,2263340,1175950,1068388,571304
Kyrgyzstan,2009,251500,2316804,1192252,1050637,586817
Kyrgyzstan,2010,244286,2390390,1195669,1042868,618547
Kyrgyzstan,2011,246190,2462820,1184064,1043726,657734
Kyrgyzstan,2012,255796,2528613,1159872,1058201,694035
Kyrgyzstan,2013,268424,2589801,1134189,1079239,725642
Kyrgyzstan,2014,282809,2646526,1112593,1107180,749215
Kyrgyzstan,2015,298085,2700343,1094705,1149459,759283
Kyrgyzstan,2016,310282,2755386,1084865,1199654,758272
Kyrgyzstan,2017,318418,2816333,1083733,1250499,751162
Kyrgyzstan,2018,326685,2882456,1082310,1296677,753603
Kyrgyzstan,2019,335991,2966506,1073890,1341893,775753
Kyrgyzstan,2020,343119,3063908,1066278,1391247,799587
Kyrgyzstan,2021,348579,3152770,1067871,1442867,808394
Kyrgyzstan,2022,361660,3221836,1082305,1486919,803071
Kyrgyzstan,2023,383884,3271612,1106987,1523433,787605
Land-locked developing countries (LLDC),1950,4003071,38418628,20282313,24880867,16810957
Land-locked developing countries (LLDC),1951,4067948,39280213,20699823,25168132,17413407
Land-locked developing countries (LLDC),1952,4139327,40193405,21103716,25529242,17968304
Land-locked developing countries (LLDC),1953,4212476,41130883,21482186,25943808,18530280
Land-locked developing countries (LLDC),1954,4282087,42075356,21830041,26454766,19093719
Land-locked developing countries (LLDC),1955,4346995,43021672,22152774,27105218,19640058
Land-locked developing countries (LLDC),1956,4408493,43964636,22464219,27866392,20202841
Land-locked developing countries (LLDC),1957,4462179,44885809,22766878,28723391,20758588
Land-locked developing countries (LLDC),1958,4511252,45783637,23021058,29690059,21308222
Land-locked developing countries (LLDC),1959,4573504,46737282,23228075,30765575,21932220
Land-locked developing countries (LLDC),1960,4653085,47779564,23443423,31895717,22626672
Land-locked developing countries (LLDC),1961,4743610,48902624,23721580,33012384,23340968
Land-locked developing countries (LLDC),1962,4843401,50089636,24080561,34103785,24055635
Land-locked developing countries (LLDC),1963,4951389,51291373,24493974,35236651,24737586
Land-locked developing countries (LLDC),1964,5071698,52499692,25016348,36422819,25364173
Land-locked developing countries (LLDC),1965,5204728,53686296,25678291,37626659,25936889
Land-locked developing countries (LLDC),1966,5347620,54834243,26436304,38848752,26456329
Land-locked developing countries (LLDC),1967,5503244,55956962,27296530,40092598,26960356
Land-locked developing countries (LLDC),1968,5668071,57045428,28280321,41343666,27481564
Land-locked developing countries (LLDC),1969,5830480,58094086,29349363,42573779,28022285
Land-locked developing countries (LLDC),1970,5985692,59140676,30435892,43768019,28609772
Land-locked developing countries (LLDC),1971,6133202,60242336,31483631,44932874,29257551
Land-locked developing countries (LLDC),1972,6270845,61384181,32471668,46070462,29941834
Land-locked developing countries (LLDC),1973,6410974,62593129,33506069,47174902,30663396
Land-locked developing countries (LLDC),1974,6562274,63922298,34621413,48242816,31422398
Land-locked developing countries (LLDC),1975,6719913,65314064,35739483,49287379,32200831
Land-locked developing countries (LLDC),1976,6902052,66712549,36908042,50368458,33033604
Land-locked developing countries (LLDC),1977,7102287,68076360,38096620,51432575,33871720
Land-locked developing countries (LLDC),1978,7303653,69485740,39243193,52489949,34694672
Land-locked developing countries (LLDC),1979,7589280,70538304,40332131,53531155,35487198
Land-locked developing countries (LLDC),1980,7812561,71405011,41243774,54463055,36151379
Land-locked developing countries (LLDC),1981,7897255,72649260,42007172,55411198,36814462
Land-locked developing countries (LLDC),1982,7994043,74302967,42883504,56574544,37666395
Land-locked developing countries (LLDC),1983,8098819,76248388,43855267,57926989,38626926
Land-locked developing countries (LLDC),1984,8209724,78278884,44778810,59411628,39623267
Land-locked developing countries (LLDC),1985,8343453,80343735,45687292,60959224,40660174
Land-locked developing countries (LLDC),1986,8485311,82464051,46614571,62484269,41718237
Land-locked developing countries (LLDC),1987,8663053,84723592,47604209,64088578,42890553
Land-locked developing countries (LLDC),1988,8869689,87111793,48666056,65835634,44114235
Land-locked developing countries (LLDC),1989,9091958,89514429,49799638,67719622,45328222
Land-locked developing countries (LLDC),1990,9342724,91728385,50943659,69649883,46487764
Land-locked developing countries (LLDC),1991,9629717,94083777,52256719,71712389,47602396
Land-locked developing countries (LLDC),1992,9958821,96641993,53703880,74159521,48797017
Land-locked developing countries (LLDC),1993,10289615,98787385,54986506,76681833,49984868
Land-locked developing countries (LLDC),1994,10555139,100228091,56029996,78560348,50762013
Land-locked developing countries (LLDC),1995,10785727,101868426,57256875,80400704,51431213
Land-locked developing countries (LLDC),1996,11029582,104189119,58919811,82841617,52384494
Land-locked developing countries (LLDC),1997,11246381,106546302,60632778,85272728,53222075
Land-locked developing countries (LLDC),1998,11439242,108893991,62319047,87380343,53850086
Land-locked developing countries (LLDC),1999,11661808,111436769,64129341,89295096,54511886
Land-locked developing countries (LLDC),2000,11933629,113996274,65935096,91023611,55166962
Land-locked developing countries (LLDC),2001,12238227,116625693,67788419,92664538,55844732
Land-locked developing countries (LLDC),2002,12585046,119669807,69902085,94523385,56840016
Land-locked developing countries (LLDC),2003,12940329,122975755,72114037,96463158,58016196
Land-locked developing countries (LLDC),2004,13268359,126295463,74238213,98271886,59175595
Land-locked developing countries (LLDC),2005,13579477,129748158,76338399,100091256,60409330
Land-locked developing countries (LLDC),2006,13874445,133413549,78478550,101964541,61727583
Land-locked developing countries (LLDC),2007,14118374,137118096,80553145,103707432,62988417
Land-locked developing countries (LLDC),2008,14310056,141075449,82647935,105532739,64316437
Land-locked developing countries (LLDC),2009,14482941,145410195,84743754,107601455,65672261
Land-locked developing countries (LLDC),2010,14689349,149970553,86741146,109745965,66960959
Land-locked developing countries (LLDC),2011,14972936,154761800,88722157,112078763,68302506
Land-locked developing countries (LLDC),2012,15329370,159584875,90608583,114609290,69589269
Land-locked developing countries (LLDC),2013,15734389,164412319,92395427,117224892,70763859
Land-locked developing countries (LLDC),2014,16184728,169247853,94142360,119893832,71894194
Land-locked developing countries (LLDC),2015,16675957,174079919,95869493,122540718,72930056
Land-locked developing countries (LLDC),2016,17202109,179001460,97645809,125175443,73856448
Land-locked developing countries (LLDC),2017,17765791,184011554,99482239,127812041,74733936
Land-locked developing countries (LLDC),2018,18379733,189426188,101527911,130425983,75676577
Land-locked developing countries (LLDC),2019,19045058,195479711,103747656,133025194,76749143
Land-locked developing countries (LLDC),2020,19684062,201905290,106038180,135604033,77905560
Land-locked developing countries (LLDC),2021,20259118,208051491,108451132,138019824,79106636
Land-locked developing countries (LLDC),2022,20950640,213809329,110893371,140197921,80274189
Land-locked developing countries (LLDC),2023,21828370,219856936,113569211,142422741,81503999
Laos,1950,35972,645424,322339,406128,274692
Laos,1951,37655,660473,326797,416309,284012
Laos,1952,39437,675583,331630,427008,292529
Laos,1953,41314,690695,336825,437838,301147
Laos,1954,43289,705692,342285,447451,311418
Laos,1955,45351,720550,348003,459072,320250
Laos,1956,47504,735277,354155,473885,326416
Laos,1957,49763,749871,360934,488787,332786
Laos,1958,52096,764463,368433,503741,339295
Laos,1959,54442,778874,376542,518483,346143
Laos,1960,56793,793136,385364,532907,353316
Laos,1961,59166,807710,395002,547089,360834
Laos,1962,61574,823095,405325,561136,368788
Laos,1963,64011,838608,415716,575573,377160
Laos,1964,66515,853630,424756,592038,385889
Laos,1965,69149,868698,435769,607517,395067
Laos,1966,71892,883990,449892,620738,404577
Laos,1967,74767,899696,464160,634587,414508
Laos,1968,77732,916086,478537,649003,425020
Laos,1969,80697,933345,492763,664079,436082
Laos,1970,83608,951650,506717,679881,447847
Laos,1971,86496,971098,520476,696400,460166
Laos,1972,89340,991556,534136,713762,472863
Laos,1973,92171,1012327,548061,731996,486024
Laos,1974,95020,1030968,563236,750937,499599
Laos,1975,97861,1048212,575842,770589,513020
Laos,1976,100563,1063686,584206,790683,525744
Laos,1977,103192,1075334,591702,811130,537569
Laos,1978,105874,1085457,599714,832273,548435
Laos,1979,108667,1096630,609834,854493,558576
Laos,1980,111714,1111062,623093,877832,568873
Laos,1981,115039,1129781,639586,901946,580286
Laos,1982,118572,1152573,658880,926428,593568
Laos,1983,122234,1178552,680060,950912,609247
Laos,1984,125963,1206971,702295,975385,627232
Laos,1985,129754,1237805,725493,1000073,646860
Laos,1986,133580,1271136,749339,1025526,667141
Laos,1987,137424,1306803,773473,1052340,687584
Laos,1988,141249,1344516,797861,1080762,708221
Laos,1989,145099,1383771,822480,1110761,728861
Laos,1990,148934,1424083,847035,1142208,749699
Laos,1991,152771,1465141,871161,1174934,771112
Laos,1992,156632,1506761,894640,1209213,792403
Laos,1993,160460,1548934,917413,1245620,812635
Laos,1994,164151,1591506,939619,1284046,829900
Laos,1995,167670,1634420,961508,1324195,841617
Laos,1996,171072,1677688,983759,1365551,847615
Laos,1997,174205,1717425,1005077,1406616,848691
Laos,1998,177094,1753519,1026062,1446466,845131
Laos,1999,179945,1789421,1048910,1483508,838999
Laos,2000,182880,1826434,1074275,1515577,832048
Laos,2001,186016,1865331,1102440,1542773,824920
Laos,2002,189398,1905182,1133116,1565466,817726
Laos,2003,192874,1944919,1166187,1582968,810997
Laos,2004,196296,1983902,1200973,1595143,805313
Laos,2005,199921,2028106,1240069,1601674,799760
Laos,2006,205942,2088036,1282129,1595012,792079
Laos,2007,214137,2160252,1320688,1577055,784106
Laos,2008,222435,2236667,1353120,1557837,778915
Laos,2009,230880,2317196,1377980,1539586,776006
Laos,2010,239542,2401285,1394598,1522825,775946
Laos,2011,248414,2488300,1404103,1509321,776445
Laos,2012,257364,2577941,1407691,1500174,775767
Laos,2013,266266,2669728,1407199,1493011,775044
Laos,2014,275261,2762124,1405182,1486102,774146
Laos,2015,280455,2850304,1409916,1482654,777790
Laos,2016,282860,2935061,1420099,1483993,786261
Laos,2017,287463,3020628,1426804,1488535,794282
Laos,2018,293928,3106229,1430770,1496006,800776
Laos,2019,302102,3191157,1433815,1505134,805176
Laos,2020,311425,3275905,1436998,1516218,805805
Laos,2021,321705,3359420,1441293,1527497,803148
Laos,2022,333804,3441760,1446342,1537428,799583
Laos,2023,347584,3525001,1450111,1546549,795693
Latin America and the Caribbean (UN),1950,5415274,61030908,32292581,41108870,27932681
Latin America and the Caribbean (UN),1951,5520022,62613628,32876599,42223968,28942940
Latin America and the Caribbean (UN),1952,5651934,64244430,33450602,43444146,29950317
Latin America and the Caribbean (UN),1953,5799564,65916783,34022229,44798007,30927360
Latin America and the Caribbean (UN),1954,5958072,67617742,34623450,46293799,31858089
Latin America and the Caribbean (UN),1955,6124526,69336531,35271530,47896698,32777809
Latin America and the Caribbean (UN),1956,6300831,71072160,35976006,49561945,33723322
Latin America and the Caribbean (UN),1957,6484661,72826477,36744956,51293421,34684120
Latin America and the Caribbean (UN),1958,6678075,74590119,37580525,53093635,35654009
Latin America and the Caribbean (UN),1959,6885432,76359591,38502106,54956069,36634134
Latin America and the Caribbean (UN),1960,7099407,78158817,39508358,56873926,37626256
Latin America and the Caribbean (UN),1961,7326701,80012305,40592206,58841895,38617462
Latin America and the Caribbean (UN),1962,7581048,81900248,41783206,60824605,39606324
Latin America and the Caribbean (UN),1963,7857313,83814521,43097502,62788432,40592896
Latin America and the Caribbean (UN),1964,8147244,85770801,44544894,64723569,41546275
Latin America and the Caribbean (UN),1965,8452607,87769058,46096175,66663578,42430345
Latin America and the Caribbean (UN),1966,8775080,89821024,47710695,68631617,43228399
Latin America and the Caribbean (UN),1967,9110456,91937735,49393924,70615059,43927062
Latin America and the Caribbean (UN),1968,9453583,94112886,51147778,72608915,44530484
Latin America and the Caribbean (UN),1969,9800016,96350166,52964234,74582138,45081595
Latin America and the Caribbean (UN),1970,10148522,98651775,54834876,76482050,45623043
Latin America and the Caribbean (UN),1971,10513471,101033339,56747659,78284610,46196540
Latin America and the Caribbean (UN),1972,10901910,103541364,58672742,79990825,46817160
Latin America and the Caribbean (UN),1973,11299381,106211022,60577361,81611242,47474084
Latin America and the Caribbean (UN),1974,11709666,109055744,62445122,83154735,48141292
Latin America and the Caribbean (UN),1975,12143340,112033553,64306536,84620423,48805474
Latin America and the Caribbean (UN),1976,12596797,115106465,66181708,86028206,49473753
Latin America and the Caribbean (UN),1977,13065279,118311473,68075378,87386955,50154130
Latin America and the Caribbean (UN),1978,13542442,121663272,69990916,88698827,50851031
Latin America and the Caribbean (UN),1979,14017728,125148387,71893883,89974372,51551557
Latin America and the Caribbean (UN),1980,14478054,128773965,73753643,91246797,52239048
Latin America and the Caribbean (UN),1981,14949320,132636285,75485914,92473522,52863576
Latin America and the Caribbean (UN),1982,15443442,136738835,77055805,93700339,53431464
Latin America and the Caribbean (UN),1983,15946397,141007446,78520291,95021007,53979129
Latin America and the Caribbean (UN),1984,16466623,145426998,79896913,96390970,54485055
Latin America and the Caribbean (UN),1985,17012933,149955392,81190012,97778382,54926072
Latin America and the Caribbean (UN),1986,17600155,154560446,82418492,99161754,55297095
Latin America and the Caribbean (UN),1987,18233172,159243152,83614618,100523619,55596838
Latin America and the Caribbean (UN),1988,18905289,164004417,84802272,101849249,55856504
Latin America and the Caribbean (UN),1989,19613560,168800807,86001036,103118478,56096856
Latin America and the Caribbean (UN),1990,20324920,173659653,87276189,104277524,56334718
Latin America and the Caribbean (UN),1991,21035633,178547388,88609329,105323304,56551275
Latin America and the Caribbean (UN),1992,21773908,183450883,89968469,106313274,56701947
Latin America and the Caribbean (UN),1993,22544263,188380532,91327904,107249863,56799715
Latin America and the Caribbean (UN),1994,23354181,193316593,92669981,108109453,56863333
Latin America and the Caribbean (UN),1995,24192777,198298912,94027402,108891569,56891081
Latin America and the Caribbean (UN),1996,25052685,203345969,95376843,109580383,56868240
Latin America and the Caribbean (UN),1997,25938026,208467847,96720992,110136965,56823671
Latin America and the Caribbean (UN),1998,26834147,213680016,98075387,110596270,56772692
Latin America and the Caribbean (UN),1999,27739247,218928523,99413711,110999793,56669835
Latin America and the Caribbean (UN),2000,28663992,224183711,100633168,111307859,56513812
Latin America and the Caribbean (UN),2001,29630015,229459930,101714550,111484984,56314351
Latin America and the Caribbean (UN),2002,30646288,234770337,102690160,111571170,56040968
Latin America and the Caribbean (UN),2003,31694865,240143161,103549922,111615832,55661868
Latin America and the Caribbean (UN),2004,32779099,245555087,104329070,111589065,55219280
Latin America and the Caribbean (UN),2005,33906823,250993604,105044683,111469793,54774601
Latin America and the Caribbean (UN),2006,35074326,256466721,105685751,111259445,54345274
Latin America and the Caribbean (UN),2007,36256095,262005241,106248401,110972970,53961098
Latin America and the Caribbean (UN),2008,37448142,267582549,106746002,110591426,53655800
Latin America and the Caribbean (UN),2009,38681910,273123208,107187691,110111771,53414326
Latin America and the Caribbean (UN),2010,39957765,278588419,107573617,109575219,53185000
Latin America and the Caribbean (UN),2011,41296444,284017634,107888938,109008752,53001584
Latin America and the Caribbean (UN),2012,42735470,289384759,108130318,108429550,52865956
Latin America and the Caribbean (UN),2013,44275406,294648837,108328725,107829583,52722574
Latin America and the Caribbean (UN),2014,45927742,299797641,108451862,107236163,52567832
Latin America and the Caribbean (UN),2015,47673690,304817339,108471108,106667340,52377475
Latin America and the Caribbean (UN),2016,49461831,309760212,108430037,106177217,52056097
Latin America and the Caribbean (UN),2017,51314825,314549911,108294437,105758686,51619024
Latin America and the Caribbean (UN),2018,53275286,319150086,108019093,105373897,51153619
Latin America and the Caribbean (UN),2019,55318953,323588989,107632683,105029342,50583087
Latin America and the Caribbean (UN),2020,57185104,327775011,107219051,104676073,49830300
Latin America and the Caribbean (UN),2021,58764935,331576154,106807412,104234760,49039002
Latin America and the Caribbean (UN),2022,60573340,335366827,106381761,103712575,48291044
Latin America and the Caribbean (UN),2023,62847982,339368645,105945465,103158867,47528723
Latvia,1950,194093,906161,338990,324155,155297
Latvia,1951,196331,919384,342281,319697,156194
Latvia,1952,199025,934419,344976,315157,155930
Latvia,1953,201989,950776,347258,310713,154433
Latvia,1954,204950,967613,349287,306920,153236
Latvia,1955,207776,984636,349583,305390,153055
Latvia,1956,210565,1001633,347856,306417,153012
Latvia,1957,213693,1018313,345656,308544,153886
Latvia,1958,217286,1035162,343240,310769,156809
Latvia,1959,221334,1065674,340547,307372,162033
Latvia,1960,225611,1094457,337424,307112,166546
Latvia,1961,229931,1109415,333697,314432,169681
Latvia,1962,233007,1126616,330334,320073,172235
Latvia,1963,236458,1144484,327805,324370,172657
Latvia,1964,241686,1163027,326068,327683,171258
Latvia,1965,248358,1180167,324778,331274,168162
Latvia,1966,255134,1196674,322751,335500,164266
Latvia,1967,262043,1211714,321529,339728,161036
Latvia,1968,269542,1222265,322176,344111,159157
Latvia,1969,276951,1229691,325013,347247,158729
Latvia,1970,283632,1233038,332093,345953,162807
Latvia,1971,290169,1233564,341352,343638,168298
Latvia,1972,297156,1234767,349340,342809,171732
Latvia,1973,302849,1240185,356934,341074,174655
Latvia,1974,308245,1248502,364194,339302,176664
Latvia,1975,313169,1256061,370419,338209,177834
Latvia,1976,317321,1262334,376126,337350,177320
Latvia,1977,321539,1268326,381790,337074,175786
Latvia,1978,325001,1274635,386251,337377,174003
Latvia,1979,326445,1280172,387190,338845,172775
Latvia,1980,324313,1287838,384313,342331,172856
Latvia,1981,318925,1299746,380878,345942,174371
Latvia,1982,312586,1314745,378243,348762,177565
Latvia,1983,308290,1331197,373828,350897,182642
Latvia,1984,305543,1347506,368831,352431,188334
Latvia,1985,302698,1364007,365431,353577,193393
Latvia,1986,302508,1380075,364048,354064,198962
Latvia,1987,305308,1394519,366135,355273,204609
Latvia,1988,309705,1406170,369115,359535,207600
Latvia,1989,312368,1410919,370107,362967,208349
Latvia,1990,311840,1407411,369760,362687,208301
Latvia,1991,318223,1396720,364417,369677,199769
Latvia,1992,328213,1371126,354803,376066,184503
Latvia,1993,333038,1339291,347020,374909,169449
Latvia,1994,336050,1314701,341297,374399,154685
Latvia,1995,338948,1296922,336111,373054,140817
Latvia,1996,342852,1286139,331391,370440,126991
Latvia,1997,347352,1277098,329361,364877,114447
Latvia,1998,350703,1268362,332199,354347,104516
Latvia,1999,352736,1262716,337211,339857,98210
Latvia,2000,354915,1254783,340116,322964,95441
Latvia,2001,357577,1240650,341650,303374,94941
Latvia,2002,362149,1225563,344922,282922,95687
Latvia,2003,367901,1211492,348493,263237,97743
Latvia,2004,373001,1196494,349860,245057,99646
Latvia,2005,377422,1183125,348942,229206,100967
Latvia,2006,382041,1172132,346037,215555,103142
Latvia,2007,385275,1163877,341045,203993,106448
Latvia,2008,385835,1155982,329926,196036,109793
Latvia,2009,385060,1143626,310771,191088,111350
Latvia,2010,382797,1128567,288897,187773,109646
Latvia,2011,380424,1117000,269007,187256,106096
Latvia,2012,379818,1110816,251600,189441,102801
Latvia,2013,380890,1103934,234663,193166,100186
Latvia,2014,383543,1095199,219185,196318,99743
Latvia,2015,386006,1086748,205961,196991,102008
Latvia,2016,387423,1076399,193965,196628,105300
Latvia,2017,388594,1065355,184066,197096,107350
Latvia,2018,389207,1055145,177911,198244,106946
Latvia,2019,390513,1043717,174763,200523,104615
Latvia,2020,392859,1030314,173663,203471,100666
Latvia,2021,392915,1015286,175457,205832,95941
Latvia,2022,395063,1005654,180584,207923,91657
Latvia,2023,401359,998053,187404,208136,87250
Least developed countries,1950,6592776,72252604,37604387,48738299,33571854
Least developed countries,1951,6614432,73758422,38310148,49788268,34180623
Least developed countries,1952,6645753,75296240,39033657,50864741,34868566
Least developed countries,1953,6687222,76836279,39748523,51900792,35705841
Least developed countries,1954,6742628,78395203,40451834,52938322,36675377
Least developed countries,1955,6814277,80000485,41168949,54073899,37683606
Least developed countries,1956,6901593,81642491,41911994,55300484,38715244
Least developed countries,1957,7001624,83310234,42681296,56602812,39738036
Least developed countries,1958,7111773,84956174,43467032,57965664,40748920
Least developed countries,1959,7241806,86653751,44327634,59409206,41835295
Least developed countries,1960,7393267,88466709,45298707,60941643,43016157
Least developed countries,1961,7557473,90355282,46335766,62544374,44260582
Least developed countries,1962,7732401,92306364,47405239,64233539,45565095
Least developed countries,1963,7918568,94288874,48435794,66095208,46889238
Least developed countries,1964,8121515,96311610,49477974,68133168,48221043
Least developed countries,1965,8342210,98390809,50621622,70257240,49561528
Least developed countries,1966,8578442,100520692,51843713,72447730,50903327
Least developed countries,1967,8834579,102725220,53152223,74716016,52288107
Least developed countries,1968,9108785,105015542,54550633,77043312,53730786
Least developed countries,1969,9392437,107332585,55989926,79410131,55211295
Least developed countries,1970,9676700,109603595,57425621,81791927,56682033
Least developed countries,1971,9900972,111667151,58841946,84174154,58012230
Least developed countries,1972,10138477,113758536,60337668,86647085,59443373
Least developed countries,1973,10458835,116109841,62111246,89273296,61130171
Least developed countries,1974,10792811,118502525,64080763,91930983,62822027
Least developed countries,1975,11128316,120854017,66019892,94463166,64466762
Least developed countries,1976,11469489,123218174,67912454,96939542,66107175
Least developed countries,1977,11815316,125627860,69786946,99472243,67681918
Least developed countries,1978,12179638,128315524,71767148,102175047,69323382
Least developed countries,1979,12563670,131281176,73828037,105017120,71121202
Least developed countries,1980,12928789,133976209,75668336,107687591,72844696
Least developed countries,1981,13281463,136560903,77444350,110319864,74540279
Least developed countries,1982,13660757,139723992,79570266,113241841,76465941
Least developed countries,1983,14052252,143410656,81932124,116374800,78475929
Least developed countries,1984,14439818,147238724,84326076,119652766,80395750
Least developed countries,1985,14828034,151145554,86728843,123034466,82237777
Least developed countries,1986,15215082,155157716,89166436,126401633,84012955
Least developed countries,1987,15626925,159301761,91719358,129719278,85821350
Least developed countries,1988,16028025,163531774,94315653,133045179,87595334
Least developed countries,1989,16403224,167871825,96931408,136507362,89396453
Least developed countries,1990,16776777,172274426,99545387,140021350,91197664
Least developed countries,1991,17147319,176853124,102253862,143596202,92869468
Least developed countries,1992,17535395,181967918,105294556,147536483,94697710
Least developed countries,1993,17941493,187456133,108570139,151790788,96860464
Least developed countries,1994,18331436,193064400,111986277,155792541,98985470
Least developed countries,1995,18714903,198670322,115484598,159726641,101146402
Least developed countries,1996,19123674,204017778,118895354,163957950,103548482
Least developed countries,1997,19556265,209420006,122341972,168180323,105907030
Least developed countries,1998,20019533,215274863,125954110,172198318,108093934
Least developed countries,1999,20517048,221344525,129632330,176037968,110226436
Least developed countries,2000,21039947,227402005,133245662,179761562,112323778
Least developed countries,2001,21585647,233505379,136801938,183663256,114467650
Least developed countries,2002,22176764,239920689,140481222,187997855,116838750
Least developed countries,2003,22796915,246577736,144202269,192444934,119242126
Least developed countries,2004,23418237,253323291,147819874,196824002,121488470
Least developed countries,2005,24063836,260368998,151446863,201345980,123675602
Least developed countries,2006,24746515,267698151,155085363,206017246,125846232
Least developed countries,2007,25450936,275093914,158667431,210581922,127889168
Least developed countries,2008,26180750,282723740,162419357,215172756,129942866
Least developed countries,2009,26956337,290646743,166348586,219882614,132028124
Least developed countries,2010,27788551,298802896,170359661,224541402,134034744
Least developed countries,2011,28694580,307362756,174600730,229243806,135966060
Least developed countries,2012,29672388,316268807,178992269,234019638,137918358
Least developed countries,2013,30663321,325518276,183476393,238797276,140004404
Least developed countries,2014,31668463,335055136,188051072,243521174,142181712
Least developed countries,2015,32736684,344789831,192708794,248044328,144425414
Least developed countries,2016,33894864,354910192,197555204,252418794,146835944
Least developed countries,2017,35149041,365207129,202492188,256914928,149433288
Least developed countries,2018,36489921,375654345,207375874,261619618,152176646
Least developed countries,2019,37904363,386684199,212153706,266429308,155051094
Least developed countries,2020,39266412,398351960,216915532,271312994,158002396
Least developed countries,2021,40526641,410031747,221761276,276145108,160928206
Least developed countries,2022,41919480,421818091,226622576,280741136,163706272
Least developed countries,2023,43526928,434215035,231571208,285313876,166423838
Lebanon,1950,97655,529026,256769,277695,188195
Lebanon,1951,98311,539669,260388,281251,207947
Lebanon,1952,98755,551499,263226,286429,227169
Lebanon,1953,99107,564204,265321,294369,245009
Lebanon,1954,99563,577253,266701,305608,261284
Lebanon,1955,100136,590377,267549,323160,272843
Lebanon,1956,100851,603561,268114,346301,280316
Lebanon,1957,101797,616798,268676,370745,287906
Lebanon,1958,102794,629637,269341,396275,295503
Lebanon,1959,103700,642632,270593,422631,303214
Lebanon,1960,104531,656239,272998,449480,311157
Lebanon,1961,105395,670920,277060,477107,319604
Lebanon,1962,106258,686761,283064,505072,328424
Lebanon,1963,107076,702577,291748,531772,337141
Lebanon,1964,107959,717391,303469,556687,345034
Lebanon,1965,108912,730821,321099,576646,351355
Lebanon,1966,110099,744224,344435,592877,356615
Lebanon,1967,111447,757087,368868,608698,360629
Lebanon,1968,113041,770334,394517,624657,363822
Lebanon,1969,114893,784555,421261,640639,366810
Lebanon,1970,116709,797957,447712,654465,369270
Lebanon,1971,118751,812973,474577,667556,372455
Lebanon,1972,120962,830379,501583,680221,376579
Lebanon,1973,123264,849802,527080,691514,381265
Lebanon,1974,125841,871023,550735,701203,386375
Lebanon,1975,128355,894653,568576,709804,391800
Lebanon,1976,127275,913092,578764,715432,391904
Lebanon,1977,126594,933382,590371,719766,392044
Lebanon,1978,129480,963485,606046,725489,398177
Lebanon,1979,131456,994777,621037,730321,405040
Lebanon,1980,132479,1028423,635293,734832,413735
Lebanon,1981,132648,1064369,648417,739797,423750
Lebanon,1982,129898,1095087,656758,743848,429337
Lebanon,1983,126771,1124372,662267,748387,433200
Lebanon,1984,126401,1160110,669429,756451,440350
Lebanon,1985,127366,1198487,677052,767216,447254
Lebanon,1986,129994,1244011,687701,783567,455097
Lebanon,1987,133438,1290972,698285,801010,461850
Lebanon,1988,136875,1332548,704925,814869,465428
Lebanon,1989,141360,1373813,710417,829758,469937
Lebanon,1990,146649,1413931,714592,844952,475047
Lebanon,1991,152713,1456720,720403,860086,478991
Lebanon,1992,159632,1502788,729627,874652,480670
Lebanon,1993,166861,1547671,739857,887823,478434
Lebanon,1994,174284,1592116,750491,900957,471949
Lebanon,1995,182008,1638751,762692,913913,463370
Lebanon,1996,189959,1687676,776679,924839,455623
Lebanon,1997,197909,1736973,791440,932378,449701
Lebanon,1998,205774,1786525,806756,936195,446028
Lebanon,1999,213607,1836804,823072,936572,445212
Lebanon,2000,221367,1886979,839733,934406,446848
Lebanon,2001,229076,1937092,855589,930821,449331
Lebanon,2002,236362,1984601,868068,924194,450268
Lebanon,2003,243746,2034808,880136,916720,450086
Lebanon,2004,251611,2092388,895162,910803,449304
Lebanon,2005,259247,2151669,909080,904726,446364
Lebanon,2006,267324,2217097,921876,901928,442899
Lebanon,2007,276191,2290428,934076,903079,440319
Lebanon,2008,284577,2359950,940596,902929,437279
Lebanon,2009,292421,2423246,940582,900743,435268
Lebanon,2010,299637,2476030,934194,895182,436209
Lebanon,2011,307808,2528910,927225,889626,442403
Lebanon,2012,322042,2622188,934545,897734,459181
Lebanon,2013,360910,2899421,1005267,967393,510386
Lebanon,2014,408611,3226221,1089180,1051638,571269
Lebanon,2015,439374,3279896,1083471,1073973,595672
Lebanon,2016,463260,3156118,1034887,1075248,593460
Lebanon,2017,483303,3017158,999639,1083216,576720
Lebanon,2018,498387,2866037,976232,1094531,548838
Lebanon,2019,508650,2705818,962856,1105259,511915
Lebanon,2020,520162,2627452,961054,1111358,482266
Lebanon,2021,531938,2639038,968865,1111536,466644
Lebanon,2022,546393,2657435,978896,1105236,456425
Lebanon,2023,567090,2676288,987551,1090533,451904
Lesotho,1950,36798,200172,90695,143380,108504
Lesotho,1951,36073,200311,95716,149093,109075
Lesotho,1952,35328,200763,101050,155015,109787
Lesotho,1953,34589,201583,106670,161570,110063
Lesotho,1954,33883,202796,112531,169168,109519
Lesotho,1955,33243,204416,118559,175107,110858
Lesotho,1956,32737,206464,124658,178912,114542
Lesotho,1957,32465,211481,128750,183508,118466
Lesotho,1958,32440,219530,130668,189162,122519
Lesotho,1959,32613,228138,132271,195455,126468
Lesotho,1960,32974,237220,133781,202190,130338
Lesotho,1961,33473,246503,135574,209136,134144
Lesotho,1962,34072,255816,138022,216046,137858
Lesotho,1963,34742,265109,141732,222327,141460
Lesotho,1964,35454,274305,147278,227426,144974
Lesotho,1965,36185,283380,152122,233873,148529
Lesotho,1966,37046,296940,152170,243309,152410
Lesotho,1967,38008,312238,154521,253115,156096
Lesotho,1968,38909,325090,162739,261772,159591
Lesotho,1969,39767,338616,171765,269608,163441
Lesotho,1970,40592,352857,181366,276989,167465
Lesotho,1971,41400,367773,191301,284002,171769
Lesotho,1972,42224,383406,201281,290692,176462
Lesotho,1973,43093,400178,210629,297197,181604
Lesotho,1974,44041,418492,218700,303659,187524
Lesotho,1975,45122,435884,227811,310308,194520
Lesotho,1976,46360,449003,238505,316788,202557
Lesotho,1977,47739,458692,248429,323841,211260
Lesotho,1978,49296,467910,257176,332654,220205
Lesotho,1979,51042,477962,265007,343180,228978
Lesotho,1980,52983,488794,272396,355250,237102
Lesotho,1981,55111,500403,279563,368585,244406
Lesotho,1982,57386,512806,286610,382850,251076
Lesotho,1983,59772,525890,293649,397780,257321
Lesotho,1984,62216,539574,300811,413200,263186
Lesotho,1985,64645,553751,308265,428927,268790
Lesotho,1986,66942,568745,319633,435880,274937
Lesotho,1987,69085,581890,329264,441741,281412
Lesotho,1988,71143,592439,333742,455684,286836
Lesotho,1989,73117,602843,338914,469754,290805
Lesotho,1990,75011,613231,344902,483349,293200
Lesotho,1991,76811,623444,351883,496239,294002
Lesotho,1992,78555,633271,359877,508999,292574
Lesotho,1993,80255,642535,368830,521150,289025
Lesotho,1994,81894,651082,378754,531390,284583
Lesotho,1995,83464,658895,389499,539480,280097
Lesotho,1996,84953,665387,400548,545412,276116
Lesotho,1997,86473,670824,411086,546989,272758
Lesotho,1998,88016,675256,421276,543798,269694
Lesotho,1999,89481,678073,431154,538178,266343
Lesotho,2000,90758,679540,439967,530968,262675
Lesotho,2001,91724,679710,447392,522805,259217
Lesotho,2002,92302,678657,453903,513271,256541
Lesotho,2003,92462,676547,459055,502055,254929
Lesotho,2004,92263,673457,461680,489856,253864
Lesotho,2005,91733,669576,461592,477555,252611
Lesotho,2006,90844,669740,463382,468995,252092
Lesotho,2007,89540,676381,468161,466275,252902
Lesotho,2008,87914,686333,471088,466715,254483
Lesotho,2009,86170,698441,471334,468001,256924
Lesotho,2010,84522,712486,469770,469263,260200
Lesotho,2011,83114,728291,467079,470622,264892
Lesotho,2012,82079,746355,463019,473022,269871
Lesotho,2013,81630,766109,457430,477380,273941
Lesotho,2014,81939,786010,451125,483230,277767
Lesotho,2015,82044,806490,445199,489523,281335
Lesotho,2016,81788,827564,441040,496335,283676
Lesotho,2017,81967,848286,439619,502836,284383
Lesotho,2018,82550,868067,440500,508737,283732
Lesotho,2019,83491,886770,442154,515244,281728
Lesotho,2020,84682,905404,444280,522551,278781
Lesotho,2021,85580,923867,447031,530222,274822
Lesotho,2022,86690,942060,450414,536623,270300
Lesotho,2023,88432,960329,455440,540912,266337
Less developed regions,1950,64559298,656025303,316827582,383303724,258963424
Less developed regions,1951,64855277,667467922,322745496,388942092,270225604
Less developed regions,1952,65504445,679476236,328739050,395905756,282557528
Less developed regions,1953,66423807,692221256,334223518,404185004,295580960
Less developed regions,1954,67422620,705581283,339140246,414865316,307609168
Less developed regions,1955,68332935,719706504,343769378,428612580,318574980
Less developed regions,1956,69184363,734315623,348554158,444044536,328142572
Less developed regions,1957,70137370,749080520,353130000,461783904,337099136
Less developed regions,1958,71263211,764409690,357028062,481530848,345019568
Less developed regions,1959,72328139,779858745,360950268,501752300,348481984
Less developed regions,1960,73121315,794580334,365429124,522158784,347047836
Less developed regions,1961,74090361,809423662,370896204,541482144,345130152
Less developed regions,1962,75714084,825223054,377674516,561234908,349018840
Less developed regions,1963,77744361,841537624,385798460,580574060,362271704
Less developed regions,1964,79830268,857808028,396217132,595811828,379824632
Less developed regions,1965,82003603,873916853,409403760,607370576,397082132
Less developed regions,1966,84363684,890029506,424093432,617361552,414200520
Less developed regions,1967,86906080,906378945,441105756,630317648,425893536
Less developed regions,1968,89647855,922798116,460084168,649960944,431212920
Less developed regions,1969,92557643,939503462,479731976,670781676,436804008
Less developed regions,1970,95584973,957226281,500419508,689117208,443860424
Less developed regions,1971,98654494,975715259,520216908,707225240,450832344
Less developed regions,1972,101796747,995424525,539821260,723763040,457944744
Less developed regions,1973,105169552,1016912046,558819940,741915648,463446400
Less developed regions,1974,108748125,1040480816,573920424,764655916,466086808
Less developed regions,1975,112400539,1067067967,585574364,789069164,466643592
Less developed regions,1976,116029587,1095578182,595708636,813578536,466280520
Less developed regions,1977,119728499,1126425301,608710508,832925832,465951872
Less developed regions,1978,123687000,1159178008,628142580,844317200,465762880
Less developed regions,1979,128006841,1192823038,648761820,853258952,467818672
Less developed regions,1980,132304872,1228419743,667079232,861666432,473121576
Less developed regions,1981,136436013,1265181420,685259908,869028008,481010328
Less developed regions,1982,140641153,1303581350,701848032,876617992,491826832
Less developed regions,1983,144858661,1342548991,719740128,882652328,503145128
Less developed regions,1984,149187082,1379276323,742021584,888173016,513003928
Less developed regions,1985,153815582,1414718932,766061836,895063904,522663192
Less developed regions,1986,158664194,1450172198,790385076,903387784,532459360
Less developed regions,1987,163654227,1490397149,809758432,914354200,542013448
Less developed regions,1988,168854453,1538406138,821182656,925894576,551434024
Less developed regions,1989,174422353,1588022966,830089840,938246064,560893376
Less developed regions,1990,180235270,1636700624,838623288,953455376,569419376
Less developed regions,1991,186039656,1685517888,846038920,971378928,573779184
Less developed regions,1992,192099927,1733592848,853486200,992357168,573119920
Less developed regions,1993,198624621,1783146840,859049600,1013959648,571011768
Less developed regions,1994,205388792,1833900866,864070320,1033858448,567873736
Less developed regions,1995,212431137,1884831078,870870760,1052844592,563264896
Less developed regions,1996,219694553,1936129900,879394504,1068432920,560244936
Less developed regions,1997,227154405,1987064000,890816864,1078429448,559667928
Less developed regions,1998,235066361,2038492472,903151896,1086242920,559577016
Less developed regions,1999,243256222,2089409586,916306672,1092847048,559870832
Less developed regions,2000,251541377,2138699766,932387176,1097104688,561240472
Less developed regions,2001,259916861,2186905698,951044192,1099039608,563606280
Less developed regions,2002,268340690,2233966610,971492632,1098609096,566365216
Less developed regions,2003,276740392,2281088118,992004216,1097253304,569459960
Less developed regions,2004,284892242,2330586720,1011377008,1095358840,572867424
Less developed regions,2005,293000671,2382253772,1029915240,1093171472,575896248
Less developed regions,2006,301300598,2436017222,1044722240,1093411592,578867488
Less developed regions,2007,309506605,2492430794,1054065424,1096147480,582867224
Less developed regions,2008,317514399,2549321600,1061704208,1099758208,588205232
Less developed regions,2009,325743914,2606258756,1068709448,1104237624,594549920
Less developed regions,2010,334642985,2664609218,1073823208,1109332096,601038248
Less developed regions,2011,344475940,2724123314,1076519200,1115359784,607254552
Less developed regions,2012,355397239,2784755572,1076516824,1122871136,613753760
Less developed regions,2013,367391774,2844843016,1075353328,1132144456,619546256
Less developed regions,2014,380790660,2903502792,1073608696,1142848408,623635752
Less developed regions,2015,396228690,2960891540,1071424952,1153152464,626387160
Less developed regions,2016,412969277,3014652720,1071427608,1163050512,628461176
Less developed regions,2017,431201993,3063088672,1074279352,1174594288,629140456
Less developed regions,2018,450747301,3108695496,1078290016,1186778088,627268168
Less developed regions,2019,470955495,3153001792,1083091792,1198052544,623657304
Less developed regions,2020,491202157,3195957248,1089067648,1208305200,617922672
Less developed regions,2021,509114297,3237384568,1096370584,1217462008,609848304
Less developed regions,2022,528241378,3278581096,1104806000,1225048816,600782536
Less developed regions,2023,549221144,3321122776,1114428160,1229204384,593076672
"Less developed regions, excluding China",1950,36907187,422989553,216828936,269768442,179369866
"Less developed regions, excluding China",1951,37539344,432203490,220982840,274323024,185297672
"Less developed regions, excluding China",1952,38399613,441896207,225329064,279230278,191682924
"Less developed regions, excluding China",1953,39394837,451876219,229647214,284448626,198795948
"Less developed regions, excluding China",1954,40409641,462206132,233793720,290881566,205880220
"Less developed regions, excluding China",1955,41417178,472984958,237781682,298947242,212541292
"Less developed regions, excluding China",1956,42413312,484079831,241679454,307945978,219312664
"Less developed regions, excluding China",1957,43377793,495279820,245476516,317814902,226170492
"Less developed regions, excluding China",1958,44366907,506623038,249231914,328663706,232871648
"Less developed regions, excluding China",1959,45499785,518314941,253184288,340428034,239439576
"Less developed regions, excluding China",1960,46800641,530174664,257437488,352828218,245980404
"Less developed regions, excluding China",1961,48269863,542195832,262031172,365479904,252569152
"Less developed regions, excluding China",1962,49915789,554342876,266886844,378512830,259200112
"Less developed regions, excluding China",1963,51666324,566552693,272019408,392167098,265837852
"Less developed regions, excluding China",1964,53450427,578803821,278322428,405697044,272351884
"Less developed regions, excluding China",1965,55203368,590776848,286041940,418784380,278309224
"Less developed regions, excluding China",1966,56940144,602556083,294538746,431913220,283882768
"Less developed regions, excluding China",1967,58723990,614699859,304023032,445128116,289365444
"Less developed regions, excluding China",1968,60571098,627041113,314472520,458348844,294721116
"Less developed regions, excluding China",1969,62491867,639419239,325687524,471307292,300158464
"Less developed regions, excluding China",1970,64483801,652366300,337706048,483800908,305729564
"Less developed regions, excluding China",1971,66475458,665464109,349939320,495917244,311404596
"Less developed regions, excluding China",1972,68552305,679006732,362471934,507836320,317364396
"Less developed regions, excluding China",1973,70782784,693517221,375757394,519704232,323678828
"Less developed regions, excluding China",1974,73075847,709329389,389014834,531474624,330055452
"Less developed regions, excluding China",1975,75433887,726772949,401939420,543012916,336452172
"Less developed regions, excluding China",1976,77854206,745030841,414892516,554546464,343035260
"Less developed regions, excluding China",1977,80313454,764304348,427926984,566142800,349606088
"Less developed regions, excluding China",1978,82810019,784824391,440905728,577819908,356202348
"Less developed regions, excluding China",1979,85447834,806402168,453664984,589757992,363273944
"Less developed regions, excluding China",1980,88038962,829307601,466093356,601829408,370864200
"Less developed regions, excluding China",1981,90513703,853768809,478248720,614103828,378833560
"Less developed regions, excluding China",1982,93066872,879586176,490150304,626771440,387217632
"Less developed regions, excluding China",1983,95664428,906413627,501726136,639807968,395740328
"Less developed regions, excluding China",1984,98322011,934037851,513097908,653492536,403959216
"Less developed regions, excluding China",1985,101086514,962409092,524347128,667905124,411512240
"Less developed regions, excluding China",1986,103966420,991509084,535721416,682693172,418385440
"Less developed regions, excluding China",1987,106989531,1021481523,547262972,697716728,424693192
"Less developed regions, excluding China",1988,110142968,1052245630,558816980,712928332,430329168
"Less developed regions, excluding China",1989,113431085,1083488476,570541516,728422956,435501824
"Less developed regions, excluding China",1990,116840652,1115188223,582512740,743696912,440107160
"Less developed regions, excluding China",1991,120377231,1147197025,594661948,758743768,444215240
"Less developed regions, excluding China",1992,124122842,1179476191,607036856,774079376,448254280
"Less developed regions, excluding China",1993,128045011,1212307513,619402960,789094832,452177112
"Less developed regions, excluding China",1994,132119066,1245033793,632473620,803028784,455646832
"Less developed regions, excluding China",1995,136355622,1278007871,646685300,815991344,458961312
"Less developed regions, excluding China",1996,140749058,1311699483,661487736,828369952,462230976
"Less developed regions, excluding China",1997,145303706,1346226775,676787436,839739600,465223176
"Less developed regions, excluding China",1998,149987407,1382346828,692591596,849687472,468082304
"Less developed regions, excluding China",1999,154809136,1419278938,708683504,858458784,471038832
"Less developed regions, excluding China",2000,159778289,1456559176,724713264,866554168,474319176
"Less developed regions, excluding China",2001,164911811,1494353552,740431552,874325208,478107104
"Less developed regions, excluding China",2002,170247036,1532332490,755288608,881960728,482242160
"Less developed regions, excluding China",2003,175697110,1571236593,769340240,889411616,486359632
"Less developed regions, excluding China",2004,181142384,1611971271,782849520,896582272,490329960
"Less developed regions, excluding China",2005,186559574,1654137522,795382632,903997824,493913776
"Less developed regions, excluding China",2006,191978700,1698048184,806982400,911776520,497135472
"Less developed regions, excluding China",2007,197376953,1743659486,817805768,919358064,500514464
"Less developed regions, excluding China",2008,202748505,1790148608,827682248,926857912,504614768
"Less developed regions, excluding China",2009,208257230,1837364282,836822512,934439448,509328584
"Less developed regions, excluding China",2010,214115443,1885104366,845645664,941866816,514278248
"Less developed regions, excluding China",2011,220443455,1933263424,854071712,949462544,519265312
"Less developed regions, excluding China",2012,227302739,1981651062,861961136,957616448,524125752
"Less developed regions, excluding China",2013,234628347,2029970574,869385456,966563896,528462976
"Less developed regions, excluding China",2014,242736218,2077870358,876554504,976108536,531785576
"Less developed regions, excluding China",2015,251800181,2125109584,883918096,985360056,534271312
"Less developed regions, excluding China",2016,261399178,2171722366,891387704,994199776,536200648
"Less developed regions, excluding China",2017,271620559,2217250436,898926904,1003410240,537050416
"Less developed regions, excluding China",2018,282620646,2261771674,906687528,1012856240,537081304
"Less developed regions, excluding China",2019,294314519,2305881528,914571352,1021703824,536976992
"Less developed regions, excluding China",2020,305667906,2349782482,922865232,1030099016,536143360
"Less developed regions, excluding China",2021,315287569,2392431300,931676584,1037830840,534828584
"Less developed regions, excluding China",2022,326135109,2435829296,940732496,1043962880,534082200
"Less developed regions, excluding China",2023,339636612,2480769566,950045096,1048592968,534004736
"Less developed regions, excluding least developed countries",1950,57966527,583772700,279223186,334565428,225391576
"Less developed regions, excluding least developed countries",1951,58240844,593709499,284435350,339153816,236044980
"Less developed regions, excluding least developed countries",1952,58858697,604180004,289705388,345041012,247688964
"Less developed regions, excluding least developed countries",1953,59736578,615384974,294474990,352284198,259875116
"Less developed regions, excluding least developed countries",1954,60679997,627186082,298688412,361926992,270933796
"Less developed regions, excluding least developed countries",1955,61518658,639706029,302600428,374538680,280891376
"Less developed regions, excluding least developed countries",1956,62282771,652673131,306642162,388744048,289427336
"Less developed regions, excluding least developed countries",1957,63135747,665770287,310448700,405181096,297361100
"Less developed regions, excluding least developed countries",1958,64151443,679453512,313561024,423565180,304270652
"Less developed regions, excluding least developed countries",1959,65086334,693204996,316622634,442343092,306646680
"Less developed regions, excluding least developed countries",1960,65728054,706113629,320130420,461217156,304031680
"Less developed regions, excluding least developed countries",1961,66532894,719068381,324560438,478937776,300869556
"Less developed regions, excluding least developed countries",1962,67981680,732916690,330269274,497001368,303453736
"Less developed regions, excluding least developed countries",1963,69825791,747248754,337362670,514478848,315382480
"Less developed regions, excluding least developed countries",1964,71708757,761496422,346739158,527678668,331603576
"Less developed regions, excluding least developed countries",1965,73661393,775526042,358782140,537113332,347520596
"Less developed regions, excluding least developed countries",1966,75785248,789508810,372249710,544913836,363297188
"Less developed regions, excluding least developed countries",1967,78071498,803653733,387953532,555601628,373605424
"Less developed regions, excluding least developed countries",1968,80539073,817782572,405533542,572917628,377482136
"Less developed regions, excluding least developed countries",1969,83165204,832170860,423742056,591371540,381592712
"Less developed regions, excluding least developed countries",1970,85908276,847622687,442993888,607325272,387178400
"Less developed regions, excluding least developed countries",1971,88753523,864048112,461374948,623051088,392820144
"Less developed regions, excluding least developed countries",1972,91658270,881666001,479483596,637115944,398501376
"Less developed regions, excluding least developed countries",1973,94710719,900802210,496708696,652642336,402316216
"Less developed regions, excluding least developed countries",1974,97955319,921978294,509839664,672724940,403264768
"Less developed regions, excluding least developed countries",1975,101272225,946213945,519554480,694606008,402176816
"Less developed regions, excluding least developed countries",1976,104560090,972360004,527796184,716639016,400173352
"Less developed regions, excluding least developed countries",1977,107913186,1000797444,538923552,733453584,398269968
"Less developed regions, excluding least developed countries",1978,111507356,1030862472,556375440,742142152,396439496
"Less developed regions, excluding least developed countries",1979,115443167,1061541868,574933808,748241840,396697480
"Less developed regions, excluding least developed countries",1980,119376083,1094443545,591410896,753978856,400276872
"Less developed regions, excluding least developed countries",1981,123154550,1128620527,607815568,758708112,406470048
"Less developed regions, excluding least developed countries",1982,126980387,1163857353,622277752,763376168,415360888
"Less developed regions, excluding least developed countries",1983,130806413,1199138348,637807992,766277528,424669192
"Less developed regions, excluding least developed countries",1984,134747264,1232037587,657695504,768520256,432608176
"Less developed regions, excluding least developed countries",1985,138987550,1263573372,679332988,772029448,440425392
"Less developed regions, excluding least developed countries",1986,143449118,1295014480,701218648,776986160,448446392
"Less developed regions, excluding least developed countries",1987,148027295,1331095388,718039072,784634920,456192088
"Less developed regions, excluding least developed countries",1988,152826432,1374874368,726867008,792849392,463838696
"Less developed regions, excluding least developed countries",1989,158019121,1420151150,733158408,801738712,471496920
"Less developed regions, excluding least developed countries",1990,163458488,1464426195,739077928,813434016,478221704
"Less developed regions, excluding least developed countries",1991,168892338,1508664757,743785064,827782704,480909712
"Less developed regions, excluding least developed countries",1992,174564529,1551624952,748191640,844820688,478422184
"Less developed regions, excluding least developed countries",1993,180683130,1595690716,750479456,862168856,474151320
"Less developed regions, excluding least developed countries",1994,187057353,1640836460,752084024,878065896,468888264
"Less developed regions, excluding least developed countries",1995,193716237,1686160738,755386168,893117952,462118480
"Less developed regions, excluding least developed countries",1996,200570879,1732112132,760499120,904474952,456696464
"Less developed regions, excluding least developed countries",1997,207598136,1777643996,768474880,910249120,453760880
"Less developed regions, excluding least developed countries",1998,215046833,1823217594,777197776,914044616,451483064
"Less developed regions, excluding least developed countries",1999,222739176,1868065046,786674344,916809080,449644392
"Less developed regions, excluding least developed countries",2000,230501430,1911297728,799141520,917343120,448916712
"Less developed regions, excluding least developed countries",2001,238331207,1953400318,814242248,915376360,449138648
"Less developed regions, excluding least developed countries",2002,246163929,1994045904,831011416,910611256,449526456
"Less developed regions, excluding least developed countries",2003,253943469,2034510372,847801952,904808400,450217840
"Less developed regions, excluding least developed countries",2004,261473998,2077263456,863557128,898534840,451378944
"Less developed regions, excluding least developed countries",2005,268936832,2121884780,878468376,891825488,452220648
"Less developed regions, excluding least developed countries",2006,276554087,2168319036,889636888,887394352,453021248
"Less developed regions, excluding least developed countries",2007,284055662,2217336858,895398016,885565576,454978056
"Less developed regions, excluding least developed countries",2008,291333648,2266597872,899284824,884585432,458262344
"Less developed regions, excluding least developed countries",2009,298787588,2315612030,902360872,884354976,462521808
"Less developed regions, excluding least developed countries",2010,306854437,2365806320,903463560,884790704,467003504
"Less developed regions, excluding least developed countries",2011,315781360,2416760526,901918472,886115960,471288496
"Less developed regions, excluding least developed countries",2012,325724857,2468486780,897524568,888851520,475835416
"Less developed regions, excluding least developed countries",2013,336728445,2519324732,891876936,893347160,479541856
"Less developed regions, excluding least developed countries",2014,349122193,2568447646,885557640,899327248,481454024
"Less developed regions, excluding least developed countries",2015,363492011,2616101672,878716144,905108136,481961752
"Less developed regions, excluding least developed countries",2016,379074409,2659742520,873872408,910631720,481625224
"Less developed regions, excluding least developed countries",2017,396052943,2697881512,871787144,917679376,479707176
"Less developed regions, excluding least developed countries",2018,414257379,2733041140,870914136,925158472,475091520
"Less developed regions, excluding least developed countries",2019,433051133,2766317576,870938080,931623208,468606192
"Less developed regions, excluding least developed countries",2020,451935748,2797605316,872152136,936992192,459920288
"Less developed regions, excluding least developed countries",2021,468587666,2827352832,874609336,941316872,448920096
"Less developed regions, excluding least developed countries",2022,486321903,2856762988,878183424,944307672,437076264
"Less developed regions, excluding least developed countries",2023,505694220,2886907732,882856944,943890520,426652832
Liberia,1950,27211,328225,179023,236842,147609
Liberia,1951,27632,335788,182572,241261,149160
Liberia,1952,28058,343597,186398,245033,151889
Liberia,1953,28514,351534,190442,247839,156063
Liberia,1954,29002,359708,194751,249943,161367
Liberia,1955,29543,368310,199321,252400,166823
Liberia,1956,30138,377254,204031,255576,172158
Liberia,1957,30779,386473,208815,259189,177692
Liberia,1958,31454,395709,213565,263175,183351
Liberia,1959,32159,405264,218366,267604,189168
Liberia,1960,32911,415505,223223,272656,195224
Liberia,1961,33696,426196,227806,278545,201477
Liberia,1962,34506,437234,231745,285645,207911
Liberia,1963,35344,448593,234726,294213,214542
Liberia,1964,36208,460282,236993,303993,221273
Liberia,1965,37097,472347,239555,314116,228040
Liberia,1966,38026,484601,242711,324326,234725
Liberia,1967,38985,497012,246222,334940,241282
Liberia,1968,39981,509701,250110,345967,247773
Liberia,1969,41008,522584,254402,357367,254252
Liberia,1970,42084,535651,259321,369125,260494
Liberia,1971,43191,548464,264937,381111,266379
Liberia,1972,44331,560835,271696,393273,272538
Liberia,1973,45533,572869,280024,405721,279443
Liberia,1974,46821,584555,289535,418407,287045
Liberia,1975,48193,596666,299375,431049,295633
Liberia,1976,49627,609312,309208,443458,305465
Liberia,1977,51169,622902,319690,456099,316167
Liberia,1978,52808,637699,330914,469376,327457
Liberia,1979,54485,653109,342450,483311,339355
Liberia,1980,56210,669297,354358,498004,351389
Liberia,1981,57955,685965,366334,513598,363008
Liberia,1982,59705,702969,378219,530109,374070
Liberia,1983,61565,722085,391084,547732,384644
Liberia,1984,63606,743388,404814,566549,394951
Liberia,1985,65714,765298,418197,586218,405116
Liberia,1986,67908,787785,431025,606529,415261
Liberia,1987,70250,811078,443818,626971,425105
Liberia,1988,72679,835560,457161,647077,434453
Liberia,1989,75146,861266,471148,667069,443223
Liberia,1990,66577,759838,416176,592256,388810
Liberia,1991,58772,666762,366612,524561,339809
Liberia,1992,62522,706396,390204,555706,357633
Liberia,1993,65232,734734,408344,576888,369934
Liberia,1994,65181,733137,410700,573551,367358
Liberia,1995,65920,739578,418107,575949,369613
Liberia,1996,68040,760605,433883,589724,380034
Liberia,1997,73878,821786,472258,633976,411096
Liberia,1998,82219,909317,524858,697797,455936
Liberia,1999,87422,960996,556525,733436,483310
Liberia,2000,91301,997637,578823,757511,502844
Liberia,2001,94648,1028343,596475,777477,518398
Liberia,2002,97790,1057030,611345,797035,531590
Liberia,2003,99104,1067522,614110,804538,534257
Liberia,2004,100824,1082712,618023,816607,538724
Liberia,2005,106000,1134354,641829,856610,562222
Liberia,2006,112555,1201112,673852,908489,594782
Liberia,2007,118698,1263679,703215,957316,626141
Liberia,2008,123943,1319426,728694,997703,651236
Liberia,2009,128210,1366071,748767,1030974,669006
Liberia,2010,132233,1410179,767521,1065525,683430
Liberia,2011,137164,1480938,801532,1104228,697295
Liberia,2012,141374,1546132,831904,1142878,710726
Liberia,2013,143787,1581262,846362,1177495,721316
Liberia,2014,145930,1615730,863465,1210148,729013
Liberia,2015,148391,1651252,884224,1241041,734522
Liberia,2016,151360,1686875,907341,1270680,739348
Liberia,2017,154567,1720302,931020,1301351,741685
Liberia,2018,158086,1754882,957118,1331638,743002
Liberia,2019,161911,1791490,986223,1357534,746561
Liberia,2020,165886,1832996,1019907,1378785,751896
Liberia,2021,170033,1878164,1057122,1395956,758051
Liberia,2022,174772,1927151,1096044,1410457,764872
Liberia,2023,180041,1981223,1134735,1424103,772932
Libya,1950,58943,423077,206005,261207,182234
Libya,1951,59400,426210,206646,266920,186210
Libya,1952,59880,430754,208462,272394,190988
Libya,1953,60379,436906,211493,277052,197468
Libya,1954,60908,444754,215715,282100,204704
Libya,1955,61432,454235,221347,290984,213388
Libya,1956,61968,464960,228030,303616,224384
Libya,1957,62594,476721,235137,317960,236443
Libya,1958,63278,489557,242685,334215,249470
Libya,1959,63971,503527,250612,352568,263285
Libya,1960,64641,518618,259006,372830,277796
Libya,1961,65303,534730,267927,394721,293019
Libya,1962,65960,551705,276992,418381,308919
Libya,1963,66590,569150,285589,443930,325198
Libya,1964,67157,585211,293635,467689,339997
Libya,1965,67666,590153,297978,490073,358144
Libya,1966,68114,586849,299642,515738,378722
Libya,1967,68489,587064,303392,545047,394209
Libya,1968,68820,592013,310074,577227,404653
Libya,1969,69193,602700,320422,611470,410507
Libya,1970,69645,618240,335697,645385,413628
Libya,1971,70197,632746,354680,675739,420172
Libya,1972,70907,645024,376586,701764,431821
Libya,1973,71699,672254,409547,722012,438683
Libya,1974,72580,711332,450388,743576,454340
Libya,1975,73623,750181,490453,771838,485465
Libya,1976,74869,793353,531762,803260,517998
Libya,1977,76324,840511,574915,836977,552809
Libya,1978,78034,891926,616933,874927,590706
Libya,1979,80043,947504,658169,920363,627765
Libya,1980,82374,1008545,699874,970616,662960
Libya,1981,85034,1076437,738656,1024772,696583
Libya,1982,87864,1127282,748127,1061469,700027
Libya,1983,90784,1154777,732872,1074783,665745
Libya,1984,94112,1195601,742497,1099552,641869
Libya,1985,98046,1251909,774701,1137147,636936
Libya,1986,102455,1306675,806949,1170436,630883
Libya,1987,107259,1360426,839129,1198330,624593
Libya,1988,112442,1414033,872145,1218716,620412
Libya,1989,118047,1468749,906886,1233270,615969
Libya,1990,124084,1525509,942625,1245313,607705
Libya,1991,130435,1584247,979155,1253502,597059
Libya,1992,137052,1644970,1016850,1256726,584752
Libya,1993,143901,1707938,1055283,1254404,571519
Libya,1994,150831,1772996,1093194,1246518,558491
Libya,1995,157865,1839785,1128661,1233575,546955
Libya,1996,165175,1907929,1159339,1217102,537847
Libya,1997,172801,1976942,1184244,1198693,531949
Libya,1998,180548,2047073,1201656,1181399,530022
Libya,1999,188172,2119957,1213789,1163998,532112
Libya,2000,195694,2183127,1231186,1154087,540914
Libya,2001,203391,2237281,1251887,1154943,556122
Libya,2002,210597,2297504,1267722,1158601,573973
Libya,2003,216760,2364245,1279246,1165178,593959
Libya,2004,223201,2436368,1286846,1174332,615934
Libya,2005,230414,2511774,1292102,1185993,638492
Libya,2006,235969,2604114,1290209,1191265,658638
Libya,2007,241952,2711952,1282631,1191736,676090
Libya,2008,248777,2819483,1277458,1198091,691605
Libya,2009,255105,2925837,1271278,1210029,704418
Libya,2010,261696,3031397,1260911,1226925,716887
Libya,2011,267040,2969219,1160136,1232997,713795
Libya,2012,271581,2893520,1067921,1242260,704021
Libya,2013,276949,2976969,1077089,1267753,705848
Libya,2014,283889,3054842,1086890,1291756,709852
Libya,2015,292476,3119231,1093544,1315492,711049
Libya,2016,301166,3180895,1103068,1340833,706132
Libya,2017,309087,3247648,1119191,1360988,701818
Libya,2018,315663,3319584,1140581,1374803,698388
Libya,2019,321445,3389466,1162903,1387359,689821
Libya,2020,327318,3456136,1186131,1396952,678822
Libya,2021,333333,3520856,1211078,1401851,668022
Libya,2022,342995,3585019,1236228,1402601,656920
Libya,2023,356336,3646776,1259755,1398507,644240
Liechtenstein,1950,1089,6697,1978,2517,1505
Liechtenstein,1951,1114,6785,1995,2652,1480
Liechtenstein,1952,1138,6856,2024,2775,1458
Liechtenstein,1953,1161,6930,2071,2879,1448
Liechtenstein,1954,1183,7009,2144,2945,1455
Liechtenstein,1955,1204,7087,2251,2972,1478
Liechtenstein,1956,1225,7171,2371,2985,1513
Liechtenstein,1957,1244,7269,2491,2993,1565
Liechtenstein,1958,1260,7383,2599,3011,1625
Liechtenstein,1959,1279,7505,2698,3025,1682
Liechtenstein,1960,1312,7623,2806,3040,1730
Liechtenstein,1961,1355,7741,2943,3086,1757
Liechtenstein,1962,1389,7883,3095,3176,1756
Liechtenstein,1963,1409,8039,3242,3277,1757
Liechtenstein,1964,1435,8218,3383,3346,1788
Liechtenstein,1965,1467,8430,3489,3414,1831
Liechtenstein,1966,1504,8655,3575,3481,1875
Liechtenstein,1967,1535,8903,3665,3531,1940
Liechtenstein,1968,1573,9174,3738,3606,2014
Liechtenstein,1969,1627,9459,3785,3709,2070
Liechtenstein,1970,1674,9760,3816,3815,2105
Liechtenstein,1971,1729,10018,3864,3896,2111
Liechtenstein,1972,1785,10283,3920,3963,2071
Liechtenstein,1973,1835,10566,3979,4039,2002
Liechtenstein,1974,1905,10848,4029,4106,1938
Liechtenstein,1975,1983,11109,4106,4141,1884
Liechtenstein,1976,2054,11379,4183,4142,1852
Liechtenstein,1977,2119,11690,4212,4135,1838
Liechtenstein,1978,2190,12014,4247,4117,1799
Liechtenstein,1979,2250,12351,4281,4093,1773
Liechtenstein,1980,2291,12714,4298,4042,1768
Liechtenstein,1981,2309,13058,4326,4019,1775
Liechtenstein,1982,2314,13365,4382,4007,1802
Liechtenstein,1983,2344,13650,4492,3939,1836
Liechtenstein,1984,2397,13923,4616,3856,1860
Liechtenstein,1985,2457,14204,4720,3783,1872
Liechtenstein,1986,2548,14472,4785,3733,1867
Liechtenstein,1987,2650,14753,4815,3712,1853
Liechtenstein,1988,2733,15070,4825,3674,1864
Liechtenstein,1989,2817,15421,4794,3642,1881
Liechtenstein,1990,2889,15802,4709,3650,1861
Liechtenstein,1991,2959,16174,4630,3661,1879
Liechtenstein,1992,3037,16540,4557,3688,1928
Liechtenstein,1993,3097,16947,4447,3756,1950
Liechtenstein,1994,3153,17349,4327,3828,1965
Liechtenstein,1995,3203,17743,4244,3856,2008
Liechtenstein,1996,3243,18128,4196,3890,2038
Liechtenstein,1997,3275,18487,4174,3926,2059
Liechtenstein,1998,3330,18842,4129,3971,2068
Liechtenstein,1999,3408,19165,4093,4014,2070
Liechtenstein,2000,3463,19478,4088,4060,2045
Liechtenstein,2001,3523,19730,4086,4123,2005
Liechtenstein,2002,3619,19885,4112,4170,1982
Liechtenstein,2003,3732,20038,4177,4189,1952
Liechtenstein,2004,3845,20210,4238,4188,1927
Liechtenstein,2005,3982,20392,4259,4176,1903
Liechtenstein,2006,4147,20565,4269,4155,1865
Liechtenstein,2007,4322,20690,4281,4115,1840
Liechtenstein,2008,4531,20753,4293,4058,1829
Liechtenstein,2009,4769,20795,4320,4015,1837
Liechtenstein,2010,4984,20873,4359,3963,1839
Liechtenstein,2011,5178,20961,4403,3915,1835
Liechtenstein,2012,5407,21057,4441,3868,1842
Liechtenstein,2013,5672,21170,4435,3808,1839
Liechtenstein,2014,5916,21247,4400,3798,1825
Liechtenstein,2015,6126,21312,4378,3789,1814
Liechtenstein,2016,6346,21363,4334,3773,1815
Liechtenstein,2017,6580,21405,4301,3776,1807
Liechtenstein,2018,6816,21497,4245,3785,1812
Liechtenstein,2019,7032,21605,4189,3807,1826
Liechtenstein,2020,7238,21748,4148,3797,1859
Liechtenstein,2021,7453,21830,4113,3788,1875
Liechtenstein,2022,7721,21841,4102,3798,1870
Liechtenstein,2023,7989,21851,4092,3817,1867
Lithuania,1950,181446,1078166,469982,466623,236087
Lithuania,1951,178502,1100351,473989,462634,242780
Lithuania,1952,177204,1123461,475774,460151,249362
Lithuania,1953,177251,1147409,476025,459289,254769
Lithuania,1954,178529,1171864,475213,460627,258166
Lithuania,1955,181024,1196357,473605,463206,260862
Lithuania,1956,184611,1220282,471940,466001,264286
Lithuania,1957,189310,1243283,470685,469701,268596
Lithuania,1958,195520,1265393,468950,474634,274264
Lithuania,1959,206147,1299418,467338,475095,274514
Lithuania,1960,218592,1333036,465629,475208,276461
Lithuania,1961,228422,1355365,461296,480784,286551
Lithuania,1962,235142,1378695,456093,489153,294016
Lithuania,1963,243425,1399300,453013,499355,295795
Lithuania,1964,253137,1419389,452457,510685,292986
Lithuania,1965,264209,1437636,452563,523741,286896
Lithuania,1966,275713,1456266,450262,537833,280064
Lithuania,1967,285545,1477240,445842,551767,274760
Lithuania,1968,296204,1494189,443242,564362,272029
Lithuania,1969,306467,1504872,447121,574868,269859
Lithuania,1970,316746,1513694,456615,580351,268237
Lithuania,1971,328206,1522014,468968,582459,268833
Lithuania,1972,341416,1527437,484362,581831,269623
Lithuania,1973,354785,1534393,501045,577305,268461
Lithuania,1974,365357,1547828,516211,569685,267041
Lithuania,1975,371890,1566761,529632,561830,265367
Lithuania,1976,376946,1586304,542558,556000,262496
Lithuania,1977,382133,1605017,554335,551301,260182
Lithuania,1978,386202,1623632,564395,547147,258387
Lithuania,1979,388208,1642284,572852,543916,257151
Lithuania,1980,387346,1662949,578648,542497,256614
Lithuania,1981,384200,1686329,583387,541277,256734
Lithuania,1982,380131,1713256,586111,539922,257767
Lithuania,1983,375404,1745023,584111,538083,262385
Lithuania,1984,371974,1776728,579554,536141,269271
Lithuania,1985,371186,1805838,574874,534209,275829
Lithuania,1986,373688,1834234,570162,531742,283503
Lithuania,1987,378954,1860169,566022,530523,291266
Lithuania,1988,399382,1881617,562441,533698,295074
Lithuania,1989,406372,1897976,558299,539436,293559
Lithuania,1990,400606,1905975,554224,543998,289741
Lithuania,1991,409764,1907922,550110,548539,284609
Lithuania,1992,419508,1903691,544463,551566,277890
Lithuania,1993,429493,1891781,538305,551439,268790
Lithuania,1994,437683,1880015,530836,549574,256423
Lithuania,1995,445440,1870658,520414,548224,241964
Lithuania,1996,453768,1861660,509392,548127,226462
Lithuania,1997,462419,1852170,500066,547600,210880
Lithuania,1998,471188,1840479,495612,541848,198374
Lithuania,1999,478165,1828231,496101,529346,190800
Lithuania,2000,484224,1819931,497525,514047,184413
Lithuania,2001,494419,1807843,499290,494495,176685
Lithuania,2002,506991,1793797,502561,471853,168581
Lithuania,2003,517953,1781459,503418,451095,161089
Lithuania,2004,526984,1763928,499248,432177,154108
Lithuania,2005,532990,1740274,489443,411499,147804
Lithuania,2006,538132,1717156,481420,388699,144147
Lithuania,2007,543300,1698882,479777,365722,143433
Lithuania,2008,546789,1685464,476319,345156,144481
Lithuania,2009,546361,1674560,466197,329448,146427
Lithuania,2010,545251,1643182,446788,314694,147554
Lithuania,2011,544554,1609063,425511,300945,148317
Lithuania,2012,543025,1595103,409606,290334,150012
Lithuania,2013,542838,1585480,396430,282288,151073
Lithuania,2014,545431,1575769,383924,277002,150800
Lithuania,2015,548386,1564720,367796,273640,150994
Lithuania,2016,549955,1549152,346813,271878,151090
Lithuania,2017,551634,1533096,322563,272071,149747
Lithuania,2018,552761,1525864,301975,273421,148262
Lithuania,2019,554808,1527826,289874,275677,146658
Lithuania,2020,557073,1533786,282074,279707,142884
Lithuania,2021,557152,1536337,278486,285247,137000
Lithuania,2022,559169,1547561,285981,291771,132148
Lithuania,2023,566386,1564962,297533,296967,127928
Low-income countries,1950,3620645,39740706,21319909,28286914,19448757
Low-income countries,1951,3620829,40239860,21612133,28835750,19547271
Low-income countries,1952,3643540,40874741,21991852,29410877,19660620
Low-income countries,1953,3683355,41608293,22433017,29966736,19923711
Low-income countries,1954,3732271,42399805,22897978,30509366,20320091
Low-income countries,1955,3788540,43250063,23380902,31078356,20795816
Low-income countries,1956,3850235,44140260,23880849,31613605,21371145
Low-income countries,1957,3913649,45054588,24393626,32123728,22015810
Low-income countries,1958,3977102,45970276,24905044,32684503,22655496
Low-income countries,1959,4050178,46933933,25438029,33327052,23296876
Low-income countries,1960,4133565,47974053,26013527,34041995,23962505
Low-income countries,1961,4220316,49075326,26613954,34789828,24655794
Low-income countries,1962,4308685,50228297,27215965,35605426,25354137
Low-income countries,1963,4399454,51411902,27780157,36558724,26055116
Low-income countries,1964,4496747,52631679,28332844,37608072,26800592
Low-income countries,1965,4601573,53882411,28910736,38714061,27589885
Low-income countries,1966,4711948,55157482,29454911,39921274,28414197
Low-income countries,1967,4831164,56475908,29989349,41223056,29309813
Low-income countries,1968,4959420,57838241,30590804,42571603,30240003
Low-income countries,1969,5091312,59218602,31251029,43936567,31168496
Low-income countries,1970,5226113,60623828,31954495,45323672,32118129
Low-income countries,1971,5363336,62043663,32664587,46775717,33065890
Low-income countries,1972,5499647,63424594,33401477,48282407,33973306
Low-income countries,1973,5641580,64814702,34302259,49850359,34862260
Low-income countries,1974,5793044,66259003,35330043,51468877,35711570
Low-income countries,1975,5950811,67717446,36393146,53103766,36522140
Low-income countries,1976,6115266,69132638,37535622,54780871,37363178
Low-income countries,1977,6278552,70485307,38728489,56434079,38197869
Low-income countries,1978,6455332,72088268,40063261,58105985,39156444
Low-income countries,1979,6641016,73835191,41428848,59738146,40251499
Low-income countries,1980,6799862,75225425,42531734,61082298,41213261
Low-income countries,1981,6948317,76451469,43538317,62278576,42117601
Low-income countries,1982,7125728,78118715,44809192,63663547,43223107
Low-income countries,1983,7320212,80160586,46248882,65245069,44411466
Low-income countries,1984,7518993,82240499,47710921,66952953,45566997
Low-income countries,1985,7727904,84320681,49206728,68725255,46738086
Low-income countries,1986,7944177,86393909,50701666,70491540,47950051
Low-income countries,1987,8194354,88539864,52246879,72253147,49304023
Low-income countries,1988,8442685,90809404,53755316,74077432,50721614
Low-income countries,1989,8670839,93222663,55204398,76093746,52207736
Low-income countries,1990,8899720,95604404,56582453,78167138,53693480
Low-income countries,1991,9133060,98134055,57981907,80324419,55078400
Low-income countries,1992,9389974,101174286,59577214,82886357,56641907
Low-income countries,1993,9660616,104387092,61240022,85818366,58489899
Low-income countries,1994,9915413,107552495,62927355,88501743,60221697
Low-income countries,1995,10157509,110780115,64665677,91156387,61945318
Low-income countries,1996,10410580,113874752,66359116,94267327,63887140
Low-income countries,1997,10678322,116876234,68036166,97512406,65717492
Low-income countries,1998,10970515,120143631,69914475,100723693,67328814
Low-income countries,1999,11296907,123577085,72019818,103892263,68913663
Low-income countries,2000,11643833,126876194,74143535,106978719,70436561
Low-income countries,2001,12011358,130271091,76406755,110115685,71951395
Low-income countries,2002,12415736,134024502,78987510,113513020,73728971
Low-income countries,2003,12840662,137950593,81704139,116967553,75612912
Low-income countries,2004,13265426,141954804,84406412,120347639,77407163
Low-income countries,2005,13695529,146209941,87177944,123852104,79218593
Low-income countries,2006,14141714,150859763,90133286,127477241,81130772
Low-income countries,2007,14587986,155729448,93222797,130980601,83028887
Low-income countries,2008,15025251,160559548,96337345,134483750,84998552
Low-income countries,2009,15464657,165489424,99493568,138113688,87021690
Low-income countries,2010,15928004,170667013,102735829,141731953,88989256
Low-income countries,2011,16423893,176050660,106029785,145424009,90878264
Low-income countries,2012,16939259,181393705,109182426,149252682,92681436
Low-income countries,2013,17445652,186442458,112069492,153166368,94400502
Low-income countries,2014,17945019,191508608,114992614,157111258,96026764
Low-income countries,2015,18462992,196941279,118193111,160982927,97593060
Low-income countries,2016,18982542,203083173,121765252,164833118,99201300
Low-income countries,2017,19515113,209837826,125560010,168712100,100929616
Low-income countries,2018,20119504,217144157,129481752,172580755,102857468
Low-income countries,2019,20803767,224928260,133532774,176412743,105038170
Low-income countries,2020,21503974,232919061,137548055,180205316,107381750
Low-income countries,2021,22179776,240946698,141458446,183884199,109743642
Low-income countries,2022,22934337,249108606,145373853,187454020,111992578
Low-income countries,2023,23829952,257821576,149495955,191092556,114223860
Lower-middle-income countries,1950,25350912,275982542,136483019,164468117,108438658
Lower-middle-income countries,1951,25768407,281978286,138845358,166656686,112800802
Lower-middle-income countries,1952,26339680,288132491,141295456,168944836,117458726
Lower-middle-income countries,1953,26997487,294314242,143669827,171407052,122495262
Lower-middle-income countries,1954,27648799,300639430,145868243,175046095,127137070
Lower-middle-income countries,1955,28274448,307212924,147895298,180171098,131140098
Lower-middle-income countries,1956,28873961,313944982,149816918,185997277,135083174
Lower-middle-income countries,1957,29434785,320633820,151626790,192450847,139006534
Lower-middle-income countries,1958,29967059,327156141,153451591,199797471,142853510
Lower-middle-income countries,1959,30617626,333890371,155433544,207669424,146603722
Lower-middle-income countries,1960,31460527,340871152,157485413,215628740,150339762
Lower-middle-income countries,1961,32451319,347965723,159730403,223646196,154050072
Lower-middle-income countries,1962,33552489,355191284,162084668,231826470,157711278
Lower-middle-income countries,1963,34724253,362427493,164558809,240307556,161422464
Lower-middle-income countries,1964,35909630,369585412,168102967,248357762,165102096
Lower-middle-income countries,1965,37095638,376495359,172885256,255857968,168441222
Lower-middle-income countries,1966,38234744,383204684,178226162,263337260,171509518
Lower-middle-income countries,1967,39324974,389957176,184306839,270803748,174504740
Lower-middle-income countries,1968,40479272,396552818,191049545,278224020,177543984
Lower-middle-income countries,1969,41690168,403040490,198191125,285446976,180760534
Lower-middle-income countries,1970,42905007,409940215,205822025,292323702,184206000
Lower-middle-income countries,1971,44094628,416802516,213484390,298949914,187790100
Lower-middle-income countries,1972,45376731,423925615,221328624,305530754,191624408
Lower-middle-income countries,1973,46780684,431722177,229671126,312165822,195830288
Lower-middle-income countries,1974,48231655,440572840,237674682,318823886,200220276
Lower-middle-income countries,1975,49731610,450812614,245192366,325430880,204799340
Lower-middle-income countries,1976,51272156,461623315,252555202,332209948,209505652
Lower-middle-income countries,1977,52855604,473088345,259881670,339249302,214116152
Lower-middle-income countries,1978,54440376,485113993,267068424,346460438,218608928
Lower-middle-income countries,1979,56000206,497994066,274105098,354099402,223414336
Lower-middle-income countries,1980,57502015,512126814,281277392,362312188,228799656
Lower-middle-income countries,1981,58921468,527270967,288485934,371033684,234536008
Lower-middle-income countries,1982,60317601,542856047,295375496,380001344,240484196
Lower-middle-income countries,1983,61771997,558491058,301981308,389072244,246615696
Lower-middle-income countries,1984,63300365,574424624,308503576,398575876,252680424
Lower-middle-income countries,1985,64859398,590923393,315013726,408689700,258353764
Lower-middle-income countries,1986,66484720,607899592,321765876,419157404,263582236
Lower-middle-income countries,1987,68210821,625286067,328746776,429868128,268236792
Lower-middle-income countries,1988,70034876,643007662,336005790,440835176,272158384
Lower-middle-income countries,1989,71928202,660932234,343572402,451971252,275550352
Lower-middle-income countries,1990,73882235,679594139,351621800,463200216,278568108
Lower-middle-income countries,1991,75900318,698382325,360060624,474349008,281165512
Lower-middle-income countries,1992,78000399,716913817,368573370,485355428,283369568
Lower-middle-income countries,1993,80185342,735390512,377242546,495876324,285178324
Lower-middle-income countries,1994,82483213,754032380,386421516,505677692,286597684
Lower-middle-income countries,1995,84774629,773503584,396376080,514767276,287858244
Lower-middle-income countries,1996,87088043,793577782,406914344,523033712,288937304
Lower-middle-income countries,1997,89532935,814315405,417978540,530372860,289979012
Lower-middle-income countries,1998,91966864,836106896,429496376,536529420,291255352
Lower-middle-income countries,1999,94376547,858616183,441028180,541591320,292830944
Lower-middle-income countries,2000,96898945,881659356,452408260,545977128,294957796
Lower-middle-income countries,2001,99596406,905056157,463478636,549884432,297727636
Lower-middle-income countries,2002,102459459,928055360,473639128,553454952,300676864
Lower-middle-income countries,2003,105396455,951557714,483169276,556972992,303578452
Lower-middle-income countries,2004,108255853,976664250,492425744,560593464,306312096
Lower-middle-income countries,2005,110959774,1002709976,500832284,564560504,308386616
Lower-middle-income countries,2006,113633739,1029952772,508387000,569140328,309874620
Lower-middle-income countries,2007,116358818,1058316635,515221652,573942424,311365320
Lower-middle-income countries,2008,119001677,1087092544,521020616,578556752,313205052
Lower-middle-income countries,2009,121753130,1116487502,526107080,583067108,315535016
Lower-middle-income countries,2010,124760446,1146509286,530898176,587465448,318205872
Lower-middle-income countries,2011,128051705,1176839962,535204596,591907488,320850828
Lower-middle-income countries,2012,131761653,1207051553,539044884,596526712,323289288
Lower-middle-income countries,2013,135727062,1237402605,542713404,601584976,325340684
Lower-middle-income countries,2014,140338824,1267290036,546342668,607091708,326546880
Lower-middle-income countries,2015,145801318,1295975887,550064084,612186416,327139620
Lower-middle-income countries,2016,151634620,1324451548,554023104,616623140,327684032
Lower-middle-income countries,2017,157832373,1352641712,558188156,621176264,327611316
Lower-middle-income countries,2018,164412833,1379957692,562480460,625945220,326775080
Lower-middle-income countries,2019,171313526,1406851466,566856356,630195004,325786344
Lower-middle-income countries,2020,177911992,1433962448,571579800,634183808,324220360
Lower-middle-income countries,2021,183216129,1460313458,576840768,638070184,322120744
Lower-middle-income countries,2022,188879518,1484539032,581925512,640511024,320328268
Lower-middle-income countries,2023,196269085,1509241954,587120980,641639620,319132636
Luxembourg,1950,28830,159901,48067,39971,19809
Luxembourg,1951,29381,161094,47974,39698,20012
Luxembourg,1952,29939,162431,47426,39628,20483
Luxembourg,1953,30443,163863,46528,39717,21140
Luxembourg,1954,30928,165363,45522,39713,21962
Luxembourg,1955,31429,166841,44553,39726,22764
Luxembourg,1956,31893,168286,43570,39982,23222
Luxembourg,1957,32307,169711,42554,40437,23429
Luxembourg,1958,32782,171093,41612,41040,23512
Luxembourg,1959,33026,171844,41713,41575,23883
Luxembourg,1960,33322,172072,41847,42298,24347
Luxembourg,1961,34086,172604,41624,43401,24630
Luxembourg,1962,34841,173294,42031,44597,24899
Luxembourg,1963,35578,173960,42490,45708,25120
Luxembourg,1964,36542,174649,42843,46847,25351
Luxembourg,1965,37569,175246,43275,47980,25639
Luxembourg,1966,38609,175575,44012,49057,25831
Luxembourg,1967,39668,175584,44595,49946,25730
Luxembourg,1968,40565,175461,45056,50595,25336
Luxembourg,1969,41413,175195,45858,51096,24707
Luxembourg,1970,42335,174707,46885,51470,23939
Luxembourg,1971,43178,175248,48441,51798,23294
Luxembourg,1972,44061,177072,50338,51955,22656
Luxembourg,1973,45022,178445,51770,52082,21883
Luxembourg,1974,45828,179249,53010,52088,21254
Luxembourg,1975,46483,180284,54263,51815,20838
Luxembourg,1976,46960,181684,55350,51455,20426
Luxembourg,1977,47522,183482,56131,51000,20113
Luxembourg,1978,48222,185628,56622,50325,20246
Luxembourg,1979,48876,187420,56973,49165,20459
Luxembourg,1980,49310,188995,57106,47710,20585
Luxembourg,1981,49257,190886,57120,46316,20903
Luxembourg,1982,48949,192838,57086,44998,21185
Luxembourg,1983,48471,195178,56817,43736,21286
Luxembourg,1984,48195,197464,56302,42683,21255
Luxembourg,1985,48514,199372,55691,41932,21150
Luxembourg,1986,49047,201703,55023,41526,21104
Luxembourg,1987,49413,204532,54131,41507,21202
Luxembourg,1988,49891,207450,52976,41831,21632
Luxembourg,1989,50436,210515,51691,42397,22338
Luxembourg,1990,51044,213768,50612,42960,23315
Luxembourg,1991,51978,217060,49782,43686,24306
Luxembourg,1992,53029,220126,49042,44605,25163
Luxembourg,1993,54136,222853,48561,45654,25997
Luxembourg,1994,55402,225441,48231,46752,26760
Luxembourg,1995,56787,228046,48154,47913,27326
Luxembourg,1996,58124,230779,48101,48954,27809
Luxembourg,1997,59182,233695,47851,49937,28292
Luxembourg,1998,60015,236478,47936,51280,28435
Luxembourg,1999,60848,239256,48520,52826,28442
Luxembourg,2000,61193,242595,49722,54179,28434
Luxembourg,2001,61599,245871,50719,55232,28312
Luxembourg,2002,62561,248587,51007,56136,28076
Luxembourg,2003,63413,251637,51946,56837,27984
Luxembourg,2004,64436,254952,53378,57531,27981
Luxembourg,2005,65626,258868,54663,58353,27831
Luxembourg,2006,66571,263617,55742,59076,27831
Luxembourg,2007,67467,268558,56653,59568,27994
Luxembourg,2008,68571,274387,57779,59930,28288
Luxembourg,2009,69812,280493,58979,60284,28584
Luxembourg,2010,70953,286512,60314,60608,28985
Luxembourg,2011,72344,293776,62397,60581,29437
Luxembourg,2012,74105,301651,64533,60702,29910
Luxembourg,2013,76157,309482,65762,61234,30669
Luxembourg,2014,78519,317798,66748,61783,31378
Luxembourg,2015,80792,326418,67945,62473,31851
Luxembourg,2016,83047,335547,69442,63372,32042
Luxembourg,2017,85287,343995,70633,64373,32158
Luxembourg,2018,87377,351692,71109,65448,32423
Luxembourg,2019,89678,359509,71571,66558,32786
Luxembourg,2020,91903,366046,71841,67616,33118
Luxembourg,2021,94140,372021,72003,68542,33487
Luxembourg,2022,96877,379913,72695,69843,33895
Luxembourg,2023,100367,386793,72620,71029,34189
Macao,1950,6120,93860,41307,31859,23523
Macao,1951,6209,94511,39865,31240,28295
Macao,1952,6362,93651,37509,31028,31867
Macao,1953,6561,92414,35029,31752,33849
Macao,1954,6813,90810,32495,33315,34446
Macao,1955,7143,88856,29977,36204,33274
Macao,1956,7528,86444,27579,39905,30734
Macao,1957,7939,83564,25386,43156,28156
Macao,1958,8321,80355,23564,45625,25815
Macao,1959,8655,76705,22449,47181,23442
Macao,1960,9006,73080,21714,48370,21163
Macao,1961,9230,71778,22196,49520,20607
Macao,1962,9377,72405,24327,50391,21323
Macao,1963,9585,72958,27035,50670,21893
Macao,1964,9872,73791,30454,76314,35239
Macao,1965,10256,74676,35408,100486,44806
Macao,1966,10517,75467,41552,97252,38157
Macao,1967,10678,76396,47720,93119,32513
Macao,1968,10920,77565,53358,87821,28275
Macao,1969,11227,79110,58020,82583,24373
Macao,1970,11573,80575,63247,80286,21723
Macao,1971,11581,83398,71354,78412,18725
Macao,1972,10820,90531,83779,73984,14072
Macao,1973,17232,74517,55981,69648,32957
Macao,1974,23900,55273,25379,67363,49477
Macao,1975,23274,59132,34417,65774,41350
Macao,1976,22677,64134,42781,62100,35692
Macao,1977,22036,70460,50192,56609,32242
Macao,1978,21251,78404,55948,58041,22566
Macao,1979,20361,88195,59590,58161,14845
Macao,1980,19494,99718,60870,50394,15627
Macao,1981,19169,109592,60891,46547,16314
Macao,1982,19506,116571,60909,46397,17669
Macao,1983,19975,123402,60774,46743,19623
Macao,1984,20419,130645,60549,46860,22084
Macao,1985,20846,138141,60523,46736,25038
Macao,1986,21284,145881,60638,46866,28007
Macao,1987,21670,154134,60426,47742,30653
Macao,1988,22012,163017,62442,46520,32918
Macao,1989,22416,171908,64332,46166,34401
Macao,1990,22947,180358,63580,49624,34615
Macao,1991,23648,187965,62840,53874,33946
Macao,1992,24492,194018,62015,58355,33373
Macao,1993,25398,199350,61184,62548,32851
Macao,1994,26277,204915,60635,66197,32102
Macao,1995,27138,210637,60374,69122,31428
Macao,1996,28003,216338,60492,71596,30596
Macao,1997,28824,221899,61314,73798,29232
Macao,1998,29645,230227,60035,75310,27590
Macao,1999,30447,238611,59396,75932,25862
Macao,2000,31224,244193,62309,75686,23897
Macao,2001,31984,250149,66381,74714,21888
Macao,2002,32676,257323,72264,73266,20487
Macao,2003,33306,265628,79240,71083,19792
Macao,2004,33903,274707,86082,67997,19504
Macao,2005,34417,284498,92362,64514,19610
Macao,2006,34919,295009,97677,61062,20068
Macao,2007,35559,306634,101722,57656,20690
Macao,2008,36397,319462,104199,54368,21486
Macao,2009,37550,333344,104796,51473,22302
Macao,2010,39168,348454,103410,48852,22898
Macao,2011,41261,363400,100308,46967,23677
Macao,2012,43738,375096,96528,46751,25302
Macao,2013,46618,384247,92802,47615,27430
Macao,2014,49941,392993,89153,48555,29621
Macao,2015,53529,401103,86180,49387,31938
Macao,2016,57267,408734,84013,50374,33876
Macao,2017,61371,416067,81911,52261,34895
Macao,2018,65949,422818,79286,55472,35193
Macao,2019,71208,428587,76442,59525,35158
Macao,2020,77197,433304,74325,63597,34577
Macao,2021,83485,437963,72823,66836,33218
Macao,2022,89690,442666,71393,69238,31312
Macao,2023,96191,446613,70442,71240,29383
Madagascar,1950,128624,1556383,735380,883248,652439
Madagascar,1951,131919,1578210,746561,894768,705745
Madagascar,1952,135379,1600477,757687,909046,758253
Madagascar,1953,139016,1623382,768268,928583,808286
Madagascar,1954,142807,1647258,777435,965326,844494
Madagascar,1955,146725,1672185,785006,1018900,867303
Madagascar,1956,150849,1698217,791400,1077153,888804
Madagascar,1957,155275,1725448,797032,1138076,910805
Madagascar,1958,159919,1753511,802809,1201451,933162
Madagascar,1959,164668,1781831,809944,1266931,955722
Madagascar,1960,169543,1810048,819269,1333904,978270
Madagascar,1961,174545,1838495,830934,1402020,1000168
Madagascar,1962,179637,1867410,845222,1470943,1020940
Madagascar,1963,184998,1896346,864425,1538736,1040683
Madagascar,1964,190381,1925084,899577,1594718,1060105
Madagascar,1965,195959,1953199,950429,1638832,1080696
Madagascar,1966,202161,1980703,1005905,1681389,1104122
Madagascar,1967,208840,2008220,1064070,1723586,1131777
Madagascar,1968,216122,2036006,1124667,1765340,1164365
Madagascar,1969,224224,2064199,1187313,1807090,1201893
Madagascar,1970,233086,2093436,1251427,1850057,1243998
Madagascar,1971,242753,2124041,1316624,1895163,1290291
Madagascar,1972,253096,2156288,1382529,1943106,1339384
Madagascar,1973,263476,2192928,1447391,1994754,1389502
Madagascar,1974,272863,2245098,1501216,2050957,1439598
Madagascar,1975,280765,2312926,1543960,2112565,1489122
Madagascar,1976,287260,2386230,1585245,2180488,1537612
Madagascar,1977,292303,2463629,1626211,2254651,1585444
Madagascar,1978,296213,2545125,1666836,2334073,1633614
Madagascar,1979,299591,2630491,1707693,2417818,1681992
Madagascar,1980,302784,2719418,1749995,2504856,1728985
Madagascar,1981,305642,2812083,1794576,2594056,1772658
Madagascar,1982,308270,2908822,1842239,2684744,1813601
Madagascar,1983,311094,3009305,1893638,2776470,1852535
Madagascar,1984,314533,3112636,1949261,2868125,1890000
Madagascar,1985,318808,3218272,2009911,2957828,1928317
Madagascar,1986,324025,3325795,2076494,3043439,1967104
Madagascar,1987,330361,3434889,2149013,3125983,2007045
Madagascar,1988,337580,3545834,2226532,3207261,2052245
Madagascar,1989,345226,3659382,2308114,3287997,2104274
Madagascar,1990,353119,3776486,2392813,3369048,2164171
Madagascar,1991,361280,3897911,2479651,3448514,2234045
Madagascar,1992,369702,4024665,2567892,3527337,2311261
Madagascar,1993,378708,4158126,2657234,3610180,2393091
Madagascar,1994,388573,4298890,2746822,3699501,2480058
Madagascar,1995,399195,4447226,2834799,3798242,2571800
Madagascar,1996,410620,4603903,2919224,3908457,2668490
Madagascar,1997,422932,4768663,3000971,4028142,2770091
Madagascar,1998,435855,4940858,3081657,4157914,2873060
Madagascar,1999,448960,5120287,3161996,4299778,2969465
Madagascar,2000,462012,5306398,3242522,4454146,3051239
Madagascar,2001,475026,5496857,3320378,4623101,3117553
Madagascar,2002,488033,5690618,3396226,4804235,3170786
Madagascar,2003,500888,5890065,3475706,4991278,3213906
Madagascar,2004,513462,6097940,3562746,5177270,3255174
Madagascar,2005,525822,6315655,3661573,5354531,3302116
Madagascar,2006,538144,6541126,3773493,5522150,3355985
Madagascar,2007,550581,6772556,3895144,5682112,3418171
Madagascar,2008,563438,7010113,4026624,5833712,3489922
Madagascar,2009,576974,7253657,4169626,5977137,3569847
Madagascar,2010,591348,7503379,4324489,6111919,3652170
Madagascar,2011,606883,7757303,4493321,6238185,3726574
Madagascar,2012,623811,8015960,4673853,6359558,3789222
Madagascar,2013,643306,8282226,4859919,6479934,3843865
Madagascar,2014,671781,8551467,5044576,6605605,3890888
Madagascar,2015,708919,8825605,5220169,6738076,3933893
Madagascar,2016,748146,9111504,5385843,6868487,3985927
Madagascar,2017,788444,9408426,5543695,6994560,4053210
Madagascar,2018,829889,9717609,5693081,7121154,4133151
Madagascar,2019,872495,10041269,5834205,7247346,4224194
Madagascar,2020,913022,10379431,5966964,7371413,4322682
Madagascar,2021,952242,10730807,6091507,7496328,4420159
Madagascar,2022,994534,11097399,6211126,7624425,4509736
Madagascar,2023,1040394,11480904,6329697,7756764,4588132
Malawi,1950,90488,965136,554801,782314,557561
Malawi,1951,92348,988020,569311,803149,550059
Malawi,1952,94173,1011880,584297,822965,546069
Malawi,1953,95992,1036682,599630,837623,549315
Malawi,1954,97828,1062297,615084,849242,557087
Malawi,1955,99673,1088733,630695,858670,568773
Malawi,1956,101574,1116187,646678,865207,585653
Malawi,1957,103568,1144739,663202,872609,603626
Malawi,1958,105614,1174472,680487,880696,622678
Malawi,1959,107660,1205424,698799,888967,643316
Malawi,1960,109682,1237466,718160,897659,665168
Malawi,1961,111699,1270779,737947,907868,687249
Malawi,1962,113678,1305647,756877,920702,709405
Malawi,1963,115717,1341790,771201,940091,731713
Malawi,1964,117999,1378440,782702,964627,753538
Malawi,1965,120499,1415401,792084,993561,774611
Malawi,1966,123270,1452955,798705,1027108,795888
Malawi,1967,126401,1491270,805962,1061661,817722
Malawi,1968,129622,1530540,813609,1097294,839987
Malawi,1969,132433,1571025,821048,1133984,862690
Malawi,1970,134757,1613201,828767,1171326,885893
Malawi,1971,136585,1657466,838265,1209437,909684
Malawi,1972,138015,1703002,850691,1248679,934087
Malawi,1973,139543,1746284,869730,1289245,959129
Malawi,1974,141769,1788944,894315,1331075,985233
Malawi,1975,144973,1831334,923684,1374181,1013192
Malawi,1976,149069,1873546,958113,1418992,1043659
Malawi,1977,154120,1921942,995705,1466018,1077190
Malawi,1978,163824,1974812,1039074,1517440,1114960
Malawi,1979,178797,2029525,1088199,1574147,1158041
Malawi,1980,195274,2088041,1140478,1634952,1206715
Malawi,1981,212626,2150531,1194659,1699384,1259153
Malawi,1982,231060,2216585,1250547,1767433,1313113
Malawi,1983,250230,2287049,1308079,1839719,1366433
Malawi,1984,269173,2362896,1366718,1917070,1416703
Malawi,1985,287264,2443726,1425727,1999925,1463564
Malawi,1986,302763,2527471,1482705,2085799,1507395
Malawi,1987,338459,2638298,1573121,2187958,1554901
Malawi,1988,367821,2777662,1671911,2311744,1623598
Malawi,1989,368984,2917380,1741979,2440114,1707189
Malawi,1990,369141,3039645,1801490,2554816,1780167
Malawi,1991,367285,3138074,1848018,2650168,1840083
Malawi,1992,365739,3232091,1894686,2743023,1898966
Malawi,1993,359520,3278642,1918715,2799211,1927404
Malawi,1994,344347,3237477,1898775,2782180,1901641
Malawi,1995,333434,3227085,1905383,2789511,1894291
Malawi,1996,330506,3283567,1958264,2854560,1924969
Malawi,1997,328177,3339915,2015685,2922462,1955484
Malawi,1998,326716,3399568,2077070,2997727,1991530
Malawi,1999,343396,3446313,2150573,3076197,2031065
Malawi,2000,374315,3482704,2234080,3153759,2070755
Malawi,2001,401409,3526943,2316963,3233170,2114159
Malawi,2002,427720,3576376,2399333,3314408,2162096
Malawi,2003,453997,3633125,2482830,3396789,2214226
Malawi,2004,480076,3700302,2564967,3481535,2273146
Malawi,2005,504761,3780840,2642342,3569267,2342008
Malawi,2006,527074,3875113,2717320,3659650,2418624
Malawi,2007,544323,3984790,2791358,3757086,2497784
Malawi,2008,546155,4120089,2861493,3869982,2577659
Malawi,2009,537857,4275022,2930430,3999183,2652276
Malawi,2010,532603,4436066,3003252,4139632,2713933
Malawi,2011,529766,4602255,3079971,4290064,2762039
Malawi,2012,528512,4773812,3162501,4445565,2798311
Malawi,2013,526830,4956266,3251280,4600207,2826419
Malawi,2014,525283,5148649,3347188,4751881,2847781
Malawi,2015,523823,5349412,3449851,4900089,2861720
Malawi,2016,522199,5563514,3558817,5042407,2870172
Malawi,2017,522065,5788970,3674911,5174367,2878823
Malawi,2018,523246,6021273,3797913,5293808,2891321
Malawi,2019,525617,6260892,3930470,5397286,2911006
Malawi,2020,528491,6508525,4073817,5480102,2942532
Malawi,2021,531654,6761168,4226617,5543286,2984181
Malawi,2022,537201,7022267,4383781,5594003,3031172
Malawi,2023,546872,7298413,4539375,5639733,3079812
Malaysia,1950,300505,2211098,1100350,1493352,992934
Malaysia,1951,285872,2254521,1135777,1522161,1059052
Malaysia,1952,274809,2299901,1175780,1551410,1120927
Malaysia,1953,266133,2346954,1217014,1584900,1178929
Malaysia,1954,258193,2395765,1254761,1628125,1235521
Malaysia,1955,250470,2447126,1287911,1691010,1283436
Malaysia,1956,243011,2500357,1318773,1770455,1324028
Malaysia,1957,235596,2554766,1349303,1856523,1366627
Malaysia,1958,229217,2606416,1374099,1945385,1407763
Malaysia,1959,225362,2657257,1390180,2037675,1445302
Malaysia,1960,224146,2712605,1403686,2135553,1480208
Malaysia,1961,225439,2773718,1417080,2236195,1512014
Malaysia,1962,229383,2841961,1432574,2335940,1540315
Malaysia,1963,235079,2914402,1454455,2433697,1564533
Malaysia,1964,241171,2985940,1487848,2530254,1583199
Malaysia,1965,247225,3055328,1542183,2617127,1594550
Malaysia,1966,252990,3124404,1614764,2694211,1598323
Malaysia,1967,258172,3192247,1694546,2767385,1594755
Malaysia,1968,263702,3258062,1781223,2834781,1587511
Malaysia,1969,271362,3322465,1875989,2895277,1582506
Malaysia,1970,281683,3388793,1977345,2946954,1584022
Malaysia,1971,295117,3466555,2078567,2988894,1594326
Malaysia,1972,311950,3557439,2174256,3020626,1612563
Malaysia,1973,330528,3656344,2266362,3045054,1637329
Malaysia,1974,348699,3763725,2356281,3066771,1665421
Malaysia,1975,365662,3887695,2436829,3088919,1692798
Malaysia,1976,381425,4027264,2509276,3111323,1720794
Malaysia,1977,395939,4174004,2581528,3133260,1750972
Malaysia,1978,409932,4327644,2652016,3157996,1780555
Malaysia,1979,424744,4487433,2718244,3187752,1809673
Malaysia,1980,441218,4665563,2792690,3236748,1847124
Malaysia,1981,459089,4864187,2873809,3307284,1894817
Malaysia,1982,478087,5073352,2946317,3386380,1948637
Malaysia,1983,498000,5294618,3012646,3471639,2008987
Malaysia,1984,518123,5528101,3075248,3561317,2076197
Malaysia,1985,538170,5772357,3135195,3657029,2149474
Malaysia,1986,558265,6026158,3192370,3761288,2222304
Malaysia,1987,578208,6289228,3247979,3873345,2287927
Malaysia,1988,597991,6560446,3305780,3990398,2341939
Malaysia,1989,617307,6836823,3369544,4115038,2376227
Malaysia,1990,636089,7116816,3442098,4251813,2386293
Malaysia,1991,655493,7395894,3521273,4384223,2385517
Malaysia,1992,676226,7671109,3599640,4487610,2399906
Malaysia,1993,699634,7945080,3671443,4570139,2436289
Malaysia,1994,725213,8222320,3738681,4648416,2485727
Malaysia,1995,750701,8507899,3804524,4727498,2539882
Malaysia,1996,776574,8802840,3868279,4812621,2589660
Malaysia,1997,803968,9105778,3930290,4904572,2630486
Malaysia,1998,831937,9416719,3996437,5003178,2658289
Malaysia,1999,859577,9730152,4079068,5100786,2665776
Malaysia,2000,890145,10024877,4204928,5193974,2653701
Malaysia,2001,927428,10290491,4386179,5284254,2637973
Malaysia,2002,971369,10548633,4591160,5362367,2628725
Malaysia,2003,1019074,10819587,4795118,5421749,2623829
Malaysia,2004,1068073,11110010,4996778,5460371,2621255
Malaysia,2005,1118453,11427130,5189227,5481032,2619891
Malaysia,2006,1171280,11775665,5360365,5493051,2617122
Malaysia,2007,1227232,12156728,5503424,5499111,2611349
Malaysia,2008,1286462,12569497,5620118,5493410,2599884
Malaysia,2009,1349965,13009840,5712902,5476202,2575038
Malaysia,2010,1417114,13454960,5776063,5467123,2539536
Malaysia,2011,1484481,13876956,5807631,5479394,2512456
Malaysia,2012,1552727,14285482,5822500,5495904,2504964
Malaysia,2013,1624586,14697218,5835429,5496826,2518825
Malaysia,2014,1700644,15108424,5851292,5482152,2552150
Malaysia,2015,1781409,15515607,5870994,5466287,2596991
Malaysia,2016,1867678,15919224,5894267,5458682,2648308
Malaysia,2017,1960814,16320132,5918163,5465484,2689456
Malaysia,2018,2060734,16717450,5944209,5482309,2704563
Malaysia,2019,2165891,17111074,5977503,5503240,2681047
Malaysia,2020,2277061,17500516,5989715,5522898,2597388
Malaysia,2021,2383617,17901813,5975232,5544787,2474989
Malaysia,2022,2491186,18321887,5958259,5562320,2359933
Malaysia,2023,2615304,18745420,5934610,5557773,2271174
Maldives,1950,2339,25462,15558,20607,10494
Maldives,1951,2400,26186,16128,20602,10415
Maldives,1952,2458,26920,16716,20453,10530
Maldives,1953,2513,27678,17297,20154,10867
Maldives,1954,2573,28474,17831,19647,11486
Maldives,1955,2632,29326,18292,19197,12171
Maldives,1956,2688,30229,18673,18962,12764
Maldives,1957,2752,31184,18981,18827,13394
Maldives,1958,2812,32186,19217,18792,14048
Maldives,1959,2872,33221,19384,18876,14721
Maldives,1960,2926,34269,19468,19105,15435
Maldives,1961,2985,35338,19447,19518,16177
Maldives,1962,3049,36413,19286,20147,16921
Maldives,1963,3109,37482,18969,21022,17654
Maldives,1964,3162,38513,18448,22191,18359
Maldives,1965,3028,39545,18046,24172,19325
Maldives,1966,2685,40559,18028,26953,20303
Maldives,1967,2448,41458,18315,29450,20871
Maldives,1968,2460,42277,18874,31047,21434
Maldives,1969,2597,43064,19585,32159,22176
Maldives,1970,2739,43861,20407,33246,22986
Maldives,1971,2888,44679,21361,34300,23825
Maldives,1972,3043,45520,22478,35349,24589
Maldives,1973,3202,46415,23740,36455,25159
Maldives,1974,3368,47323,24976,37647,25680
Maldives,1975,3535,48220,26071,38890,26452
Maldives,1976,3715,49144,27175,40107,27397
Maldives,1977,3916,50141,28389,41299,28197
Maldives,1978,4057,51032,29599,42653,28828
Maldives,1979,4138,51807,30835,44117,29476
Maldives,1980,4237,52636,32239,45478,30253
Maldives,1981,4336,53556,33800,46687,31164
Maldives,1982,4431,54585,35480,47681,32162
Maldives,1983,4523,55807,37184,48590,33037
Maldives,1984,4622,57215,38819,49593,33964
Maldives,1985,4790,58863,40040,51008,35481
Maldives,1986,5037,60740,40800,52928,37441
Maldives,1987,5301,62739,41484,55144,39292
Maldives,1988,5549,64816,42242,57678,40614
Maldives,1989,5797,66914,43121,60736,41182
Maldives,1990,6095,69068,44042,64110,41456
Maldives,1991,6440,71318,44929,67450,41671
Maldives,1992,6799,73676,45855,70685,41543
Maldives,1993,7157,76105,46919,73770,40940
Maldives,1994,7512,78574,48234,76724,39787
Maldives,1995,7888,81282,49817,79118,38552
Maldives,1996,8309,84312,51590,80689,37450
Maldives,1997,8805,87433,53543,81665,36261
Maldives,1998,9360,90563,55746,82108,34953
Maldives,1999,9973,93660,58271,82076,33438
Maldives,2000,10611,96764,61284,81560,31801
Maldives,2001,11262,99954,64695,80548,30317
Maldives,2002,11947,103286,68099,79130,29166
Maldives,2003,12656,106813,71345,77284,28398
Maldives,2004,13371,110590,74446,75014,27992
Maldives,2005,14083,114745,77282,72493,27828
Maldives,2006,14683,120351,80960,69965,27906
Maldives,2007,15114,127946,85662,67366,28400
Maldives,2008,15468,136922,89719,64717,29352
Maldives,2009,15769,147134,92398,62350,30631
Maldives,2010,16039,158602,93566,60459,32135
Maldives,2011,16282,171274,93216,59166,33743
Maldives,2012,16494,184999,91431,58664,35232
Maldives,2013,16713,199533,88408,59060,36363
Maldives,2014,16955,214208,85139,60323,36996
Maldives,2015,17198,227744,83845,62253,37123
Maldives,2016,17436,240575,84021,64467,36815
Maldives,2017,17730,253942,83676,66747,36199
Maldives,2018,18132,268009,82545,69005,35412
Maldives,2019,18696,282856,80487,71150,34543
Maldives,2020,19432,298409,77615,73052,33614
Maldives,2021,20280,314395,74289,74550,32644
Maldives,2022,21398,325841,70051,75182,31641
Maldives,2023,22858,331704,65985,74818,30641
Mali,1950,131153,1845582,855315,1074488,790377
Mali,1951,132199,1875725,860125,1095152,803502
Mali,1952,133339,1904928,865180,1117861,815058
Mali,1953,134555,1932403,870699,1139893,827249
Mali,1954,135799,1958510,878061,1158377,842164
Mali,1955,137084,1983827,889827,1175513,855686
Mali,1956,138491,2008329,905991,1192117,867056
Mali,1957,140108,2032100,924469,1207615,878841
Mali,1958,141886,2053932,943589,1222980,891080
Mali,1959,143869,2075129,963027,1239776,903847
Mali,1960,146151,2097279,982266,1259280,917573
Mali,1961,148674,2119573,1001560,1280235,932247
Mali,1962,151395,2141813,1022757,1300462,947495
Mali,1963,154445,2163847,1043176,1321986,963154
Mali,1964,158093,2186044,1060038,1346781,979174
Mali,1965,162450,2210470,1075507,1371242,995815
Mali,1966,167457,2236858,1090113,1394441,1013338
Mali,1967,173112,2263695,1103477,1418553,1032071
Mali,1968,179337,2290683,1116985,1443839,1052143
Mali,1969,185822,2316460,1131828,1470387,1073199
Mali,1970,192508,2340804,1149405,1498632,1095127
Mali,1971,199379,2363778,1168001,1528791,1117997
Mali,1972,206439,2388136,1185993,1561084,1142078
Mali,1973,213731,2413657,1206103,1595849,1167775
Mali,1974,221206,2436975,1229149,1632903,1195203
Mali,1975,228874,2460600,1251171,1672020,1224600
Mali,1976,236626,2484421,1270852,1713355,1255725
Mali,1977,244537,2508994,1291758,1757554,1288142
Mali,1978,252668,2535585,1314808,1805037,1321555
Mali,1979,260937,2562553,1339178,1855873,1356731
Mali,1980,269359,2591306,1365939,1910192,1393725
Mali,1981,277872,2621174,1394857,1967772,1431090
Mali,1982,286472,2651782,1425695,2028204,1468042
Mali,1983,295207,2684702,1459337,2091486,1503668
Mali,1984,303624,2716441,1493718,2158128,1536688
Mali,1985,311223,2742203,1526259,2227603,1567373
Mali,1986,317916,2760392,1556864,2298439,1597661
Mali,1987,323808,2772655,1587590,2369623,1627490
Mali,1988,329158,2784522,1622371,2440284,1657665
Mali,1989,334294,2801990,1664678,2510499,1688474
Mali,1990,339260,2826793,1714722,2580608,1717444
Mali,1991,343728,2853899,1768712,2650566,1745980
Mali,1992,347741,2883584,1825942,2719762,1776512
Mali,1993,351429,2919268,1887479,2788126,1808483
Mali,1994,354800,2961169,1953623,2854512,1842928
Mali,1995,357792,3008023,2023222,2917075,1879255
Mali,1996,360368,3058664,2093870,2978734,1915639
Mali,1997,362997,3118106,2166831,3042329,1956235
Mali,1998,366040,3194591,2244674,3108735,2005538
Mali,1999,369261,3288112,2325846,3178703,2065497
Mali,2000,372558,3393424,2406876,3249543,2136890
Mali,2001,376176,3510018,2487759,3321043,2217166
Mali,2002,380254,3637591,2567774,3398561,2303871
Mali,2003,384909,3773531,2645337,3485066,2396109
Mali,2004,390537,3917326,2719043,3583655,2491853
Mali,2005,398097,4066642,2786915,3695786,2591207
Mali,2006,407620,4219578,2852086,3817489,2693370
Mali,2007,418172,4377189,2917884,3949008,2795524
Mali,2008,429032,4537806,2984093,4092887,2896967
Mali,2009,439303,4699572,3050758,4248959,2996945
Mali,2010,448391,4864604,3116990,4419251,3095965
Mali,2011,457007,5033110,3182984,4601142,3194808
Mali,2012,465259,5175288,3239279,4786428,3290785
Mali,2013,473305,5320513,3306979,4976330,3382494
Mali,2014,481083,5494919,3402660,5170524,3471081
Mali,2015,489609,5668936,3511533,5367052,3555892
Mali,2016,499847,5852092,3633816,5567152,3638390
Mali,2017,510456,6045991,3768258,5768048,3720263
Mali,2018,521005,6242991,3913003,5964341,3800689
Mali,2019,531559,6444188,4068119,6154102,3870438
Mali,2020,540810,6657342,4240843,6340308,3934536
Mali,2021,549357,6881628,4427684,6524429,4005540
Mali,2022,559794,7110904,4615464,6707178,4079299
Mali,2023,571728,7350129,4804088,6885011,4158173
Malta,1950,21461,124307,45564,60481,42871
Malta,1951,21230,126160,46667,63898,42507
Malta,1952,21158,127420,47384,66872,42080
Malta,1953,21146,128634,48076,69815,41678
Malta,1954,21250,129800,48680,72720,41303
Malta,1955,21501,130932,49229,75463,41023
Malta,1956,21851,132022,49928,77974,40689
Malta,1957,22252,133095,50904,80042,40410
Malta,1958,22710,133947,51704,80915,40137
Malta,1959,23206,134621,52373,80635,39524
Malta,1960,23733,135277,53446,79784,38588
Malta,1961,24238,135832,54887,78489,37409
Malta,1962,24705,136201,56533,77115,35945
Malta,1963,25164,136259,58308,75803,34280
Malta,1964,25608,135927,60223,74407,32629
Malta,1965,26019,135256,62196,72909,31028
Malta,1966,26425,134441,64019,71330,29461
Malta,1967,26891,133774,65529,69675,27951
Malta,1968,27381,134405,66934,68004,26791
Malta,1969,27913,136399,68053,66302,26093
Malta,1970,28530,138779,68517,64483,25707
Malta,1971,29170,141499,68472,62531,25626
Malta,1972,29769,144510,68051,60455,25831
Malta,1973,30360,147749,67370,58448,26130
Malta,1974,30967,151128,66520,56650,26421
Malta,1975,31552,154521,65565,55038,26782
Malta,1976,32072,157786,64577,53688,27168
Malta,1977,32505,160833,63606,52684,27541
Malta,1978,32849,163644,62626,52059,27891
Malta,1979,33108,166264,61587,51816,28199
Malta,1980,33294,168761,60434,51927,28466
Malta,1981,33394,171199,59094,52381,28688
Malta,1982,33486,173614,57581,53116,28857
Malta,1983,33641,175953,56023,54017,28963
Malta,1984,33898,178141,54544,54983,28989
Malta,1985,34303,180167,53237,55959,28901
Malta,1986,34864,182520,52220,56826,28652
Malta,1987,35588,185159,51547,57525,28269
Malta,1988,36484,187587,51210,58066,27878
Malta,1989,37499,189776,51220,58447,27586
Malta,1990,38547,191735,51609,58597,27423
Malta,1991,39560,193461,52436,58443,27431
Malta,1992,40552,194998,53518,58173,27560
Malta,1993,41443,196562,54631,57999,27582
Malta,1994,42293,198127,55877,57894,27271
Malta,1995,43249,199665,57080,57877,26682
Malta,1996,44245,201547,58056,57917,25853
Malta,1997,45223,203825,58972,57760,24895
Malta,1998,46290,206249,59750,57382,24097
Malta,1999,47427,208841,60280,56831,23502
Malta,2000,48603,211645,60473,56167,23003
Malta,2001,49948,214483,60329,55511,22500
Malta,2002,51446,217216,60120,54823,21945
Malta,2003,52920,219904,60089,53946,21354
Malta,2004,54377,222683,60155,52738,20827
Malta,2005,55697,225660,60162,51439,20346
Malta,2006,56618,228599,60204,50009,20011
Malta,2007,57172,231673,60063,48357,19907
Malta,2008,58129,234452,59671,46755,19926
Malta,2009,60510,235727,59147,45310,20065
Malta,2010,63761,236149,58457,44011,20227
Malta,2011,67100,236469,57728,42824,20459
Malta,2012,70654,236210,57093,41766,20829
Malta,2013,74268,235867,56192,41021,21028
Malta,2014,77865,238784,55427,41020,21296
Malta,2015,81433,245083,55022,41435,21884
Malta,2016,84795,251545,54347,41989,22453
Malta,2017,87860,260365,53862,42817,22831
Malta,2018,90677,272769,54078,43622,23235
Malta,2019,93483,287402,54639,44605,23714
Malta,2020,95706,298759,54489,45524,23570
Malta,2021,98271,303934,52653,46318,23039
Malta,2022,101683,306470,50081,47123,22658
Malta,2023,105338,308967,48372,47818,22280
Marshall Islands,1950,774,4659,1672,3385,2529
Marshall Islands,1951,769,4671,1734,3447,2513
Marshall Islands,1952,773,4682,1809,3477,2499
Marshall Islands,1953,780,4683,1890,3481,2498
Marshall Islands,1954,790,4685,1961,3467,2510
Marshall Islands,1955,804,4701,2016,3455,2532
Marshall Islands,1956,814,4716,2048,3459,2557
Marshall Islands,1957,829,4730,2043,3480,2576
Marshall Islands,1958,841,4769,2036,3564,2616
Marshall Islands,1959,853,4832,2084,3742,2706
Marshall Islands,1960,866,4898,2174,3961,2828
Marshall Islands,1961,878,4962,2288,4167,2944
Marshall Islands,1962,903,5036,2415,4368,3060
Marshall Islands,1963,928,5111,2555,4570,3161
Marshall Islands,1964,964,5190,2713,4781,3232
Marshall Islands,1965,1001,5278,2886,4986,3279
Marshall Islands,1966,1047,5363,3070,5173,3293
Marshall Islands,1967,1050,5614,3296,5363,3355
Marshall Islands,1968,976,6198,3562,5576,3576
Marshall Islands,1969,867,6960,3842,5804,3854
Marshall Islands,1970,794,7503,4117,6038,4100
Marshall Islands,1971,816,7558,4360,6292,4365
Marshall Islands,1972,887,7350,4598,6575,4605
Marshall Islands,1973,961,7183,4824,6886,4753
Marshall Islands,1974,991,7227,5003,7146,4951
Marshall Islands,1975,983,7458,5136,7361,5239
Marshall Islands,1976,981,7699,5240,7606,5514
Marshall Islands,1977,980,7963,5317,7892,5776
Marshall Islands,1978,977,8243,5372,8213,6026
Marshall Islands,1979,981,8534,5421,8580,6241
Marshall Islands,1980,995,8845,5528,8956,6469
Marshall Islands,1981,1024,9182,5743,9314,6777
Marshall Islands,1982,1057,9540,6016,9689,7116
Marshall Islands,1983,1097,9910,6289,10106,7429
Marshall Islands,1984,1129,10308,6551,10575,7719
Marshall Islands,1985,1157,10732,6796,11113,7980
Marshall Islands,1986,1185,11181,7023,11720,8198
Marshall Islands,1987,1210,11658,7233,12366,8379
Marshall Islands,1988,1236,12152,7454,12996,8500
Marshall Islands,1989,1256,12590,7723,13468,8573
Marshall Islands,1990,1255,12967,8031,13795,8600
Marshall Islands,1991,1256,13354,8338,14102,8537
Marshall Islands,1992,1254,13742,8642,14386,8381
Marshall Islands,1993,1250,14140,8947,14609,8165
Marshall Islands,1994,1242,14548,9267,14774,7900
Marshall Islands,1995,1233,14969,9587,14849,7645
Marshall Islands,1996,1217,15411,9902,14784,7479
Marshall Islands,1997,1188,15875,10209,14588,7417
Marshall Islands,1998,1151,16353,10502,14281,7445
Marshall Islands,1999,1137,16795,10798,13900,7591
Marshall Islands,2000,1146,17175,11089,13499,7812
Marshall Islands,2001,1159,17525,11344,13134,7975
Marshall Islands,2002,1167,17884,11523,12838,8029
Marshall Islands,2003,1166,18263,11606,12629,7994
Marshall Islands,2004,1155,18658,11581,12540,7869
Marshall Islands,2005,1141,19073,11439,12571,7704
Marshall Islands,2006,1124,19467,11181,12651,7588
Marshall Islands,2007,1110,19813,10834,12748,7545
Marshall Islands,2008,1098,20111,10457,12861,7522
Marshall Islands,2009,1093,20340,10113,12978,7514
Marshall Islands,2010,1079,20525,9821,13101,7539
Marshall Islands,2011,1085,20659,9561,13154,7468
Marshall Islands,2012,1137,20731,9314,13055,7201
Marshall Islands,2013,1212,20718,9092,12837,6837
Marshall Islands,2014,1295,20628,8890,12586,6416
Marshall Islands,2015,1372,20456,8711,12335,5948
Marshall Islands,2016,1439,20166,8560,12060,5505
Marshall Islands,2017,1492,19748,8442,11706,5155
Marshall Islands,2018,1545,19246,8364,11255,4896
Marshall Islands,2019,1581,18690,8315,10714,4729
Marshall Islands,2020,1588,18102,8279,10113,4646
Marshall Islands,2021,1607,17358,8177,9677,4567
Marshall Islands,2022,1653,16528,8037,9428,4448
Marshall Islands,2023,1709,15736,7925,9190,4289
Martinique,1950,13721,88495,37800,51587,40479
Martinique,1951,13472,89492,39018,54129,41380
Martinique,1952,13169,90456,40280,57055,41876
Martinique,1953,12993,91638,41490,60229,42325
Martinique,1954,12962,93005,42651,63649,42890
Martinique,1955,13002,94558,43356,66442,43691
Martinique,1956,13070,96253,43606,68637,44680
Martinique,1957,13122,98020,43789,70932,45819
Martinique,1958,13179,99913,43963,73294,46882
Martinique,1959,13328,101961,44296,75586,47730
Martinique,1960,13551,104149,44998,77606,48475
Martinique,1961,13824,106435,46131,79109,49096
Martinique,1962,14079,108081,47274,80834,49490
Martinique,1963,14311,108916,48438,82947,49627
Martinique,1964,14584,109533,49931,84809,49605
Martinique,1965,14894,110005,51648,86704,49519
Martinique,1966,15241,110276,53612,88612,49337
Martinique,1967,15617,110285,55726,90322,48979
Martinique,1968,16006,110188,57316,91515,48509
Martinique,1969,16411,110159,58311,92149,47813
Martinique,1970,16839,110323,59158,92520,46686
Martinique,1971,17338,110857,59808,92670,45319
Martinique,1972,17903,111517,60498,92587,43835
Martinique,1973,18468,112146,61332,92268,42158
Martinique,1974,19073,112850,62455,91626,40374
Martinique,1975,19795,114105,64431,90649,38361
Martinique,1976,20632,115877,67090,89394,35979
Martinique,1977,21477,117690,69867,87814,33426
Martinique,1978,22354,119738,72229,85845,30993
Martinique,1979,23249,122165,74023,83403,28943
Martinique,1980,24091,125038,75426,80306,27424
Martinique,1981,24838,128328,76595,76629,26602
Martinique,1982,25505,131800,78363,72818,26557
Martinique,1983,26249,136048,79900,69287,27166
Martinique,1984,27228,141287,79957,66267,28076
Martinique,1985,28385,146950,79027,63770,29017
Martinique,1986,29599,152893,77450,61771,29858
Martinique,1987,30813,159020,75434,60255,30610
Martinique,1988,32096,165063,73055,59292,31281
Martinique,1989,33558,171157,69929,59024,31887
Martinique,1990,35638,180263,62378,60044,32661
Martinique,1991,37510,188101,56532,62040,33112
Martinique,1992,38659,191826,56307,64131,32996
Martinique,1993,39806,195409,56320,66223,32766
Martinique,1994,40937,198777,56736,68112,32488
Martinique,1995,42009,202093,57512,69720,32146
Martinique,1996,42981,205599,58530,70919,31777
Martinique,1997,43929,209318,59672,71721,31425
Martinique,1998,44959,212734,60986,72081,31023
Martinique,1999,46148,213852,62664,70907,30289
Martinique,2000,47650,212750,63042,68502,29407
Martinique,2001,49355,211109,61950,65995,28709
Martinique,2002,51043,209107,60909,63352,28029
Martinique,2003,52279,208019,59072,61391,27614
Martinique,2004,53031,207639,56546,60417,27423
Martinique,2005,53731,206598,54552,59746,27169
Martinique,2006,54545,206034,53735,58908,27179
Martinique,2007,55430,206229,53725,57957,27410
Martinique,2008,56476,206237,53439,57031,27449
Martinique,2009,57901,205971,52467,55918,27196
Martinique,2010,59469,205359,51009,54872,26599
Martinique,2011,61052,204384,49256,54155,25639
Martinique,2012,62740,203279,47517,53486,24618
Martinique,2013,64536,202364,46090,52703,23663
Martinique,2014,66401,201155,44880,51715,22748
Martinique,2015,68385,199147,43844,50284,21937
Martinique,2016,70506,196506,42694,48313,20720
Martinique,2017,72853,193317,41104,45478,18592
Martinique,2018,75394,189650,39531,42518,16825
Martinique,2019,77615,186504,38425,40700,16178
Martinique,2020,79247,183182,38473,39486,16026
Martinique,2021,80400,179941,38279,38461,16004
Martinique,2022,81879,176985,37141,37426,15837
Martinique,2023,84139,172721,36819,36248,15870
Mauritania,1950,9518,228263,129958,174402,115582
Mauritania,1951,10333,234646,132725,178945,114242
Mauritania,1952,11177,241100,135613,183564,113358
Mauritania,1953,12049,247626,138565,188021,113132
Mauritania,1954,12954,254241,141493,191633,114357
Mauritania,1955,13885,260959,144695,193802,117390
Mauritania,1956,14848,267790,148225,195393,121359
Mauritania,1957,15840,274757,151836,197323,125598
Mauritania,1958,16856,281872,155604,199541,130124
Mauritania,1959,17902,289127,159607,202026,134948
Mauritania,1960,18976,296522,163892,204849,140068
Mauritania,1961,20081,304113,168402,208090,145488
Mauritania,1962,21218,311948,173012,211847,151166
Mauritania,1963,22378,320006,177498,216443,157101
Mauritania,1964,23554,328212,181204,222666,163321
Mauritania,1965,24745,336858,183561,230883,169802
Mauritania,1966,25944,345993,185374,240300,176549
Mauritania,1967,27165,355400,187511,250268,183513
Mauritania,1968,28397,365122,189921,260800,190508
Mauritania,1969,29655,375182,192579,271914,197430
Mauritania,1970,30941,385574,195528,283558,204214
Mauritania,1971,32233,396235,198838,295709,210693
Mauritania,1972,33549,407079,202611,308268,216850
Mauritania,1973,34891,417887,207171,321074,222819
Mauritania,1974,36249,427943,213277,334016,228709
Mauritania,1975,37620,436918,221268,347004,234527
Mauritania,1976,39003,445619,230362,359890,240468
Mauritania,1977,40374,454300,239770,372596,246731
Mauritania,1978,41733,463029,249562,385111,253281
Mauritania,1979,43118,472230,259982,397486,259946
Mauritania,1980,44525,481999,270987,409689,266847
Mauritania,1981,45952,492416,282568,421789,274158
Mauritania,1982,47404,503534,294635,434000,281609
Mauritania,1983,48876,515358,307003,446432,289080
Mauritania,1984,50380,527959,319565,459001,296790
Mauritania,1985,51924,541480,332243,471849,304613
Mauritania,1986,53510,555995,344893,485311,312135
Mauritania,1987,55146,571489,357450,499352,319579
Mauritania,1988,56842,588038,369895,513819,327267
Mauritania,1989,58413,601423,379965,528288,334969
Mauritania,1990,60030,615617,390121,543107,343005
Mauritania,1991,61870,634937,402692,558377,351864
Mauritania,1992,64204,665942,421041,574598,362352
Mauritania,1993,66677,701202,440373,591205,374864
Mauritania,1994,68806,729948,454608,607694,388392
Mauritania,1995,70619,751623,464294,623971,401508
Mauritania,1996,72108,764198,469529,639559,412795
Mauritania,1997,73872,780888,478313,655992,422247
Mauritania,1998,75963,803601,491228,674632,429224
Mauritania,1999,78198,828485,505689,695379,433948
Mauritania,2000,80572,855760,521612,717026,438481
Mauritania,2001,82811,878714,535013,738079,444150
Mauritania,2002,84977,897790,546417,757434,452041
Mauritania,2003,87276,918030,558939,775513,462290
Mauritania,2004,89616,938832,572599,792878,474746
Mauritania,2005,92180,960392,587241,810328,488921
Mauritania,2006,95017,983210,602551,828550,504332
Mauritania,2007,97950,1007608,618806,847332,521368
Mauritania,2008,103603,1038572,636211,863892,541000
Mauritania,2009,111927,1075863,653538,880411,562712
Mauritania,2010,120217,1114114,669189,902029,585410
Mauritania,2011,128399,1153245,682867,929364,608930
Mauritania,2012,136363,1193146,695072,962284,632158
Mauritania,2013,140034,1233241,711403,997782,651847
Mauritania,2014,139804,1273905,732669,1034062,668049
Mauritania,2015,140106,1316000,754762,1071742,683318
Mauritania,2016,140991,1359542,777937,1110516,697635
Mauritania,2017,142514,1404575,802386,1150101,710989
Mauritania,2018,144645,1451271,828216,1188413,725104
Mauritania,2019,147364,1499672,855576,1224639,740428
Mauritania,2020,149940,1549729,884850,1260008,755575
Mauritania,2021,152506,1601150,916113,1294561,770514
Mauritania,2022,156409,1655661,949842,1328433,785270
Mauritania,2023,161458,1713556,985933,1361546,799917
Mauritius,1950,17279,190555,92616,125436,99675
Mauritius,1951,17669,195172,93305,134648,100378
Mauritius,1952,18047,199852,94117,144296,100875
Mauritius,1953,18326,204134,94827,153838,100800
Mauritius,1954,18516,208103,95485,162349,101034
Mauritius,1955,18696,212233,96678,169767,102218
Mauritius,1956,18920,216455,98936,176457,103795
Mauritius,1957,19187,220722,102605,182073,105826
Mauritius,1958,19481,225045,107776,186499,108356
Mauritius,1959,19792,229541,114409,189858,111242
Mauritius,1960,20424,234999,118658,191758,114493
Mauritius,1961,21470,241249,118343,194816,116656
Mauritius,1962,22585,246876,117708,200878,117237
Mauritius,1963,23549,251385,120702,206810,117912
Mauritius,1964,24408,255313,126734,211191,118898
Mauritius,1965,25330,259187,133727,214627,119797
Mauritius,1966,26288,263091,141375,217609,120289
Mauritius,1967,27239,267181,149215,220876,119750
Mauritius,1968,28148,271602,156851,224610,118076
Mauritius,1969,29013,276406,164330,228374,115619
Mauritius,1970,29849,281544,171872,231793,112642
Mauritius,1971,30669,286947,179524,234609,109365
Mauritius,1972,31571,292972,187042,236099,105926
Mauritius,1973,32661,300362,193638,235705,102783
Mauritius,1974,33890,309155,198803,234031,100589
Mauritius,1975,35096,318941,202792,231508,99691
Mauritius,1976,36212,329382,206122,227974,100166
Mauritius,1977,37327,340013,209425,223531,101853
Mauritius,1978,38577,350501,213134,218605,104465
Mauritius,1979,39973,360747,217217,213805,107647
Mauritius,1980,41370,371049,221143,209777,110877
Mauritius,1981,42686,381802,224196,207094,113438
Mauritius,1982,43964,392890,226128,206224,114397
Mauritius,1983,45209,404588,226875,207397,113301
Mauritius,1984,46431,417503,226110,210223,110976
Mauritius,1985,47780,431097,223949,213890,108346
Mauritius,1986,49346,444789,220819,217585,105804
Mauritius,1987,51118,458659,217069,220522,103740
Mauritius,1988,53154,472547,213320,222261,102305
Mauritius,1989,55465,486123,210056,222309,102024
Mauritius,1990,57973,499404,207496,220867,103284
Mauritius,1991,60494,512490,206076,218701,105280
Mauritius,1992,62775,525153,206126,216019,107594
Mauritius,1993,64728,537241,207547,213212,109657
Mauritius,1994,66419,548840,209951,210554,110784
Mauritius,1995,67844,560106,212793,208561,110510
Mauritius,1996,68948,571117,215602,207531,109182
Mauritius,1997,69919,581858,217773,207698,107049
Mauritius,1998,71132,592406,218765,208935,103864
Mauritius,1999,72700,602991,218547,210362,101295
Mauritius,2000,74425,613705,217248,211342,99904
Mauritius,2001,76074,624563,214964,211783,98413
Mauritius,2002,77573,635771,212032,211623,97082
Mauritius,2003,78956,647407,208990,210183,96547
Mauritius,2004,80336,659230,206109,208466,95645
Mauritius,2005,81733,670882,203915,206616,94054
Mauritius,2006,83097,682027,202683,203713,92251
Mauritius,2007,84538,692167,202649,200236,89917
Mauritius,2008,86464,700812,203686,196531,87127
Mauritius,2009,89103,707951,204920,193105,83883
Mauritius,2010,92189,714140,205781,190189,80393
Mauritius,2011,95480,719989,206263,187010,77508
Mauritius,2012,99194,724075,206637,183924,75318
Mauritius,2013,103583,726349,206183,181499,73342
Mauritius,2014,108746,728228,205254,178264,71472
Mauritius,2015,114704,729874,203907,174118,69627
Mauritius,2016,121124,731418,201545,169942,67716
Mauritius,2017,127592,732971,198835,165402,65779
Mauritius,2018,133905,734373,196242,160244,63981
Mauritius,2019,140035,735075,194032,154487,62536
Mauritius,2020,146197,734918,192138,148317,61550
Mauritius,2021,152187,733901,190197,142113,61119
Mauritius,2022,158081,733172,187282,136556,60934
Mauritius,2023,164708,732844,183299,132060,60561
Mayotte,1950,1360,7465,3589,4430,3705
Mayotte,1951,1334,7522,3587,4587,3918
Mayotte,1952,1308,7571,3595,4785,4101
Mayotte,1953,1283,7630,3614,5040,4248
Mayotte,1954,1261,7704,3642,5348,4360
Mayotte,1955,1239,7781,3680,5689,4460
Mayotte,1956,1220,7853,3723,6051,4564
Mayotte,1957,1201,7929,3775,6426,4672
Mayotte,1958,1183,8021,3844,6805,4787
Mayotte,1959,1171,8109,3944,7179,4909
Mayotte,1960,1163,8204,4072,7542,5034
Mayotte,1961,1154,8310,4235,7891,5165
Mayotte,1962,1147,8425,4441,8216,5300
Mayotte,1963,1144,8553,4705,8510,5446
Mayotte,1964,1143,8702,5029,8772,5603
Mayotte,1965,1145,8864,5387,9030,5777
Mayotte,1966,1151,9035,5763,9297,5977
Mayotte,1967,1159,9209,6146,9569,6200
Mayotte,1968,1170,9310,6484,9842,6450
Mayotte,1969,1185,9365,6780,10121,6714
Mayotte,1970,1199,9443,7070,10422,6982
Mayotte,1971,1217,9546,7360,10747,7262
Mayotte,1972,1239,9697,7646,11108,7544
Mayotte,1973,1264,9914,7913,11502,7821
Mayotte,1974,1289,10183,8158,11929,8110
Mayotte,1975,1323,10478,8393,12376,8415
Mayotte,1976,1356,10779,8636,12852,8734
Mayotte,1977,1393,11081,8885,13356,9062
Mayotte,1978,1430,11510,9197,13896,9407
Mayotte,1979,1472,12200,9655,14484,9793
Mayotte,1980,1518,13090,10197,15120,10238
Mayotte,1981,1565,14087,10758,15786,10753
Mayotte,1982,1621,15160,11334,16464,11342
Mayotte,1983,1680,16281,11908,17151,11994
Mayotte,1984,1747,17421,12463,17869,12689
Mayotte,1985,1817,18677,13048,18663,13400
Mayotte,1986,1906,20252,13781,19570,14127
Mayotte,1987,2013,22106,14625,20576,14909
Mayotte,1988,2129,24102,15475,21673,15753
Mayotte,1989,2240,26213,16326,22848,16655
Mayotte,1990,2351,28392,17161,24079,17623
Mayotte,1991,2475,30637,17987,25375,18640
Mayotte,1992,2604,33199,18913,26799,19690
Mayotte,1993,2745,36136,19949,28375,20779
Mayotte,1994,2889,39251,21013,30075,21920
Mayotte,1995,3034,42492,22109,31850,23105
Mayotte,1996,3183,45768,23203,33684,24340
Mayotte,1997,3327,48826,24188,35545,25559
Mayotte,1998,3445,51468,24989,37437,26649
Mayotte,1999,3561,53934,25780,39410,27533
Mayotte,2000,3694,56442,26680,41502,28192
Mayotte,2001,3838,58912,27672,43683,28613
Mayotte,2002,3979,60928,28573,45834,28779
Mayotte,2003,4098,61945,29167,47819,28673
Mayotte,2004,4202,62623,30325,49148,28755
Mayotte,2005,4304,63710,32049,49921,29631
Mayotte,2006,4407,65160,33442,50747,31249
Mayotte,2007,4544,66969,34417,51856,32986
Mayotte,2008,4742,69207,34828,53512,34133
Mayotte,2009,4974,71683,34947,55536,34768
Mayotte,2010,5203,74168,35132,57615,35320
Mayotte,2011,5436,76569,35470,59635,35885
Mayotte,2012,5633,78928,36300,61554,36592
Mayotte,2013,5818,81571,37789,63605,37857
Mayotte,2014,6021,84632,39427,65945,39759
Mayotte,2015,6280,88000,40872,68474,41967
Mayotte,2016,6593,91635,42145,71264,44241
Mayotte,2017,6889,95364,43280,74085,45552
Mayotte,2018,7093,98778,44137,75594,44102
Mayotte,2019,7289,102084,45229,77105,43209
Mayotte,2020,7531,105590,46793,79760,44706
Mayotte,2021,7779,109325,48453,82584,46289
Mayotte,2022,8048,113352,50240,85627,48010
Mayotte,2023,8431,116897,53044,87771,49883
Mexico,1950,827860,9391918,5187457,7055505,5125172
Mexico,1951,846261,9587353,5290376,7304155,5292267
Mexico,1952,863715,9793385,5394045,7576530,5462368
Mexico,1953,880106,10012824,5501500,7881147,5623469
Mexico,1954,897245,10242963,5624665,8203508,5784368
Mexico,1955,916097,10480168,5768797,8525364,5959842
Mexico,1956,936533,10723070,5936061,8847155,6144712
Mexico,1957,957569,10970345,6124097,9175651,6334571
Mexico,1958,979811,11221024,6327541,9515357,6530771
Mexico,1959,1004141,11472798,6547791,9868241,6733637
Mexico,1960,1021311,11740887,6775700,10236816,6949195
Mexico,1961,1034885,12039133,7014180,10621158,7180071
Mexico,1962,1056576,12351333,7281768,11013301,7425563
Mexico,1963,1083184,12670253,7580525,11401198,7688292
Mexico,1964,1113395,13001904,7895905,11792712,7967584
Mexico,1965,1149132,13349126,8211111,12206494,8258132
Mexico,1966,1190127,13717835,8526940,12640301,8553495
Mexico,1967,1234356,14106802,8849810,13091025,8847273
Mexico,1968,1280969,14505102,9182686,13562875,9136402
Mexico,1969,1327705,14907542,9526147,14054813,9416772
Mexico,1970,1374292,15314164,9877177,14565980,9683192
Mexico,1971,1422500,15728441,10234447,15092960,9934110
Mexico,1972,1473945,16162644,10596831,15632037,10164645
Mexico,1973,1528924,16630070,10956361,16185036,10366852
Mexico,1974,1587033,17124547,11321522,16748432,10538587
Mexico,1975,1648666,17632545,11710564,17312143,10678468
Mexico,1976,1713248,18159054,12119987,17866597,10786613
Mexico,1977,1779743,18710386,12546676,18399727,10871954
Mexico,1978,1847980,19286413,12996559,18901258,10946832
Mexico,1979,1917471,19889729,13470572,19366035,11005047
Mexico,1980,1987237,20520042,13967460,19787584,11038000
Mexico,1981,2083387,21265649,14427786,20086255,11029008
Mexico,1982,2207204,22124129,14828133,20282458,10991306
Mexico,1983,2334654,23000504,15208835,20464905,10962290
Mexico,1984,2466848,23890243,15574341,20619993,10955326
Mexico,1985,2605609,24789151,15923248,20748479,10976763
Mexico,1986,2753258,25695250,16263686,20863375,11008761
Mexico,1987,2910190,26607686,16611582,20955806,11048032
Mexico,1988,3073458,27524056,16964959,21019665,11108136
Mexico,1989,3240805,28434521,17324310,21067923,11172383
Mexico,1990,3385498,29381460,17713241,21080816,11250511
Mexico,1991,3503683,30398980,18093530,21078451,11347164
Mexico,1992,3625232,31462036,18396655,21122217,11430737
Mexico,1993,3756169,32556850,18609239,21227304,11497469
Mexico,1994,3896079,33670058,18762670,21372321,11552289
Mexico,1995,4045331,34790422,18892328,21550795,11578364
Mexico,1996,4204884,35917923,19006340,21753293,11564902
Mexico,1997,4375227,37048212,19112941,21949446,11528894
Mexico,1998,4553968,38165416,19221852,22137658,11487543
Mexico,1999,4740570,39253958,19356416,22316154,11436717
Mexico,2000,4931097,40349855,19482144,22442236,11406131
Mexico,2001,5133312,41444802,19593308,22495612,11417522
Mexico,2002,5349571,42514974,19715710,22506240,11448265
Mexico,2003,5567620,43586808,19829855,22503915,11477582
Mexico,2004,5784292,44658018,19963109,22490700,11486374
Mexico,2005,5996669,45727721,20143251,22472934,11460066
Mexico,2006,6200624,46814563,20356173,22466133,11405892
Mexico,2007,6386339,47948092,20597591,22481400,11351222
Mexico,2008,6559424,49110534,20870890,22513617,11310633
Mexico,2009,6735702,50282778,21148121,22534181,11290212
Mexico,2010,6919879,51462814,21404722,22540362,11287782
Mexico,2011,7117834,52648068,21616613,22550322,11302653
Mexico,2012,7332305,53814914,21764655,22571073,11327599
Mexico,2013,7559188,54957460,21875298,22593104,11351226
Mexico,2014,7796356,56081959,21946711,22607332,11344958
Mexico,2015,8045689,57173002,21973662,22596627,11276683
Mexico,2016,8308617,58234418,21984658,22568432,11148805
Mexico,2017,8589822,59278306,22003125,22543856,10978817
Mexico,2018,8893854,60314481,22037958,22527678,10793770
Mexico,2019,9218175,61339187,22065040,22500631,10633857
Mexico,2020,9486467,62278994,22079943,22430984,10516854
Mexico,2021,9678314,63105987,22102964,22320272,10435846
Mexico,2022,9957159,63955191,22142815,22178199,10375478
Mexico,2023,10357178,64861857,22187531,22019093,10309425
Micronesia (country),1950,1313,11649,5941,7885,5340
Micronesia (country),1951,1321,11877,6082,8076,5668
Micronesia (country),1952,1329,12113,6227,8269,6014
Micronesia (country),1953,1339,12374,6380,8473,6368
Micronesia (country),1954,1350,12638,6537,8781,6637
Micronesia (country),1955,1366,12911,6698,9192,6831
Micronesia (country),1956,1383,13202,6864,9619,7031
Micronesia (country),1957,1393,13507,7034,10063,7243
Micronesia (country),1958,1413,13808,7215,10526,7462
Micronesia (country),1959,1440,14131,7406,11009,7697
Micronesia (country),1960,1471,14493,7620,11536,7960
Micronesia (country),1961,1521,14886,7858,12120,8243
Micronesia (country),1962,1567,15300,8100,12737,8534
Micronesia (country),1963,1603,15689,8314,13345,8811
Micronesia (country),1964,1629,16034,8597,13858,9079
Micronesia (country),1965,1658,16397,8986,14308,9351
Micronesia (country),1966,1689,16779,9397,14773,9638
Micronesia (country),1967,1717,17140,9815,15250,9943
Micronesia (country),1968,1753,17482,10240,15740,10265
Micronesia (country),1969,1788,17836,10688,16242,10608
Micronesia (country),1970,1827,18208,11161,16765,10982
Micronesia (country),1971,1864,18498,11622,17302,11368
Micronesia (country),1972,1898,18713,12076,17854,11752
Micronesia (country),1973,1939,18937,12566,18427,12131
Micronesia (country),1974,1976,19259,13002,19031,12494
Micronesia (country),1975,2011,19705,13400,19542,12787
Micronesia (country),1976,2037,20213,13821,19959,13038
Micronesia (country),1977,2064,20753,14240,20393,13324
Micronesia (country),1978,2108,21339,14677,20952,13695
Micronesia (country),1979,2161,21983,15142,21650,14132
Micronesia (country),1980,2213,22667,15613,22378,14549
Micronesia (country),1981,2265,23396,16088,23149,14912
Micronesia (country),1982,2313,24160,16580,23955,15227
Micronesia (country),1983,2366,24962,17087,24781,15502
Micronesia (country),1984,2423,25797,17624,25605,15746
Micronesia (country),1985,2485,26659,18199,26400,15978
Micronesia (country),1986,2552,27552,18816,27156,16199
Micronesia (country),1987,2617,28488,19465,27881,16409
Micronesia (country),1988,2671,29253,20032,28571,16583
Micronesia (country),1989,2722,29852,20522,29218,16704
Micronesia (country),1990,2774,30460,21064,29824,16781
Micronesia (country),1991,2819,31094,21671,30370,16810
Micronesia (country),1992,3042,32317,21966,30762,16735
Micronesia (country),1993,3448,34033,21970,31001,16630
Micronesia (country),1994,3795,35460,22134,31126,16575
Micronesia (country),1995,3899,36387,22461,31053,16445
Micronesia (country),1996,3807,37010,22822,30854,16229
Micronesia (country),1997,3707,37642,23122,30610,16005
Micronesia (country),1998,3606,38256,23385,30291,15856
Micronesia (country),1999,3525,38805,23668,29864,15831
Micronesia (country),2000,3543,39321,23967,29326,15910
Micronesia (country),2001,3672,39838,24158,28774,15936
Micronesia (country),2002,3805,40353,24153,28396,15756
Micronesia (country),2003,3888,40852,23961,28244,15353
Micronesia (country),2004,3906,41399,23641,28184,14809
Micronesia (country),2005,3866,41988,23250,28094,14222
Micronesia (country),2006,3784,42515,22874,27866,13700
Micronesia (country),2007,3692,42888,22623,27404,13288
Micronesia (country),2008,3605,43092,22469,26820,12961
Micronesia (country),2009,3525,43124,22406,26161,12752
Micronesia (country),2010,3508,43162,22522,25711,12655
Micronesia (country),2011,3571,43283,22712,25511,12636
Micronesia (country),2012,3684,43374,22948,25247,12655
Micronesia (country),2013,3844,43434,23284,24932,12639
Micronesia (country),2014,4043,43564,23546,24694,12560
Micronesia (country),2015,4262,43797,23701,24526,12441
Micronesia (country),2016,4493,44097,23713,24451,12336
Micronesia (country),2017,4722,44508,23561,24447,12256
Micronesia (country),2018,4979,44946,23403,24396,12201
Micronesia (country),2019,5272,45305,23250,24308,12159
Micronesia (country),2020,5593,45803,23189,24207,12139
Micronesia (country),2021,5908,46316,23144,24129,12139
Micronesia (country),2022,6195,46756,22938,24098,12137
Micronesia (country),2023,6462,47309,22687,24058,12130
Moldova,1950,123234,1078477,515517,510544,300543
Moldova,1951,123911,1103770,520695,500235,324081
Moldova,1952,125219,1129957,524792,494458,345307
Moldova,1953,127008,1157074,528200,494803,362370
Moldova,1954,129349,1184809,530929,502236,374173
Moldova,1955,132290,1212788,532085,515327,383018
Moldova,1956,135653,1240260,531149,533724,390381
Moldova,1957,139031,1267198,527671,558315,395684
Moldova,1958,142611,1294078,520874,588324,398566
Moldova,1959,146703,1325668,511857,620876,402151
Moldova,1960,151935,1361857,500685,655386,406210
Moldova,1961,158314,1398016,489398,690598,407481
Moldova,1962,165201,1434307,482201,722387,405344
Moldova,1963,172648,1470585,480872,748304,399325
Moldova,1964,180664,1506369,486328,769025,387809
Moldova,1965,189415,1540245,498607,784471,373195
Moldova,1966,198805,1570920,517301,794117,359487
Moldova,1967,208103,1598139,541585,798858,347484
Moldova,1968,217054,1621951,570650,798662,338736
Moldova,1969,225715,1642472,603991,793625,334157
Moldova,1970,232209,1654403,639834,783754,333284
Moldova,1971,236652,1660497,675267,770246,335225
Moldova,1972,241575,1670753,707409,753834,340383
Moldova,1973,247808,1687920,733079,735594,348173
Moldova,1974,255524,1712692,752438,715807,357348
Moldova,1975,264659,1743905,765048,696713,366576
Moldova,1976,274952,1779976,770096,680907,375046
Moldova,1977,285458,1819698,768314,669707,382352
Moldova,1978,295178,1862357,759715,664831,388153
Moldova,1979,297374,1892715,751145,675302,393783
Moldova,1980,297244,1918456,743718,690249,398981
Moldova,1981,300983,1953890,733508,698214,402880
Moldova,1982,303833,1990316,721624,707670,406560
Moldova,1983,307308,2026639,707912,719395,410761
Moldova,1984,312503,2062887,691390,732448,416593
Moldova,1985,319683,2098053,673505,745416,424396
Moldova,1986,328862,2130006,658493,756957,434965
Moldova,1987,339509,2158017,649909,765633,445912
Moldova,1988,350919,2181812,647100,776503,451359
Moldova,1989,362558,2193826,646824,787474,448617
Moldova,1990,373547,2193784,649377,795118,439224
Moldova,1991,383631,2189848,654054,804467,424493
Moldova,1992,394164,2181648,658196,814569,407013
Moldova,1993,404980,2168887,662626,822496,389127
Moldova,1994,414020,2153849,669161,826446,370859
Moldova,1995,420462,2139103,676523,825617,352386
Moldova,1996,424518,2126782,682485,820284,333458
Moldova,1997,426570,2117717,687442,809897,313786
Moldova,1998,427017,2110280,695283,792478,293531
Moldova,1999,426860,2102724,706484,768205,273820
Moldova,2000,427609,2094214,718664,737965,256380
Moldova,2001,429194,2084218,732038,701546,242628
Moldova,2002,430168,2073132,745693,660719,233082
Moldova,2003,429128,2062587,757408,617690,228466
Moldova,2004,425821,2053433,762414,575971,228894
Moldova,2005,422534,2041885,754084,538917,231104
Moldova,2006,420618,2025946,735702,507330,231576
Moldova,2007,418041,2009135,714239,479470,230359
Moldova,2008,411937,1995561,689637,454413,227787
Moldova,2009,401417,1986101,661493,432965,224054
Moldova,2010,387748,1978605,630069,415177,220192
Moldova,2011,374876,1968795,595890,400078,217418
Moldova,2012,364933,1952989,560873,387089,216507
Moldova,2013,361619,1925593,526975,376291,218013
Moldova,2014,370200,1890038,488812,371410,222002
Moldova,2015,384657,1854713,448240,372500,226815
Moldova,2016,397997,1820285,413264,375752,230274
Moldova,2017,409506,1789267,383061,381326,230128
Moldova,2018,419480,1761789,357458,389192,225649
Moldova,2019,429357,1730912,336424,398515,217132
Moldova,2020,438377,1695672,321254,407812,205781
Moldova,2021,444180,1657971,312209,415627,193549
Moldova,2022,459306,1650797,317207,427091,185336
Moldova,2023,478649,1645171,329809,434363,178813
Monaco,1950,3073,11787,1974,1761,1094
Monaco,1951,3235,12200,1998,1870,1067
Monaco,1952,3316,12207,1956,1924,1174
Monaco,1953,3415,12194,1928,1966,1183
Monaco,1954,3520,12182,1916,1986,1083
Monaco,1955,3622,12171,1921,1991,900
Monaco,1956,3722,12172,1944,2006,900
Monaco,1957,3820,12193,1994,2035,1078
Monaco,1958,3918,12214,2068,2039,1188
Monaco,1959,4028,12239,2159,2025,1220
Monaco,1960,4136,12258,2267,2043,1125
Monaco,1961,4261,12277,2375,2075,939
Monaco,1962,4383,12272,2475,2075,895
Monaco,1963,4509,12243,2555,2083,1021
Monaco,1964,4639,12219,2612,2099,1140
Monaco,1965,4770,12214,2652,2119,1209
Monaco,1966,4903,12231,2678,2152,1186
Monaco,1967,5036,12273,2696,2203,1052
Monaco,1968,5138,12357,2718,2233,1015
Monaco,1969,5223,12486,2746,2256,1143
Monaco,1970,5321,12621,2798,2249,1262
Monaco,1971,5440,12768,2828,2237,1330
Monaco,1972,5563,12907,2816,2286,1311
Monaco,1973,5697,13048,2807,2357,1185
Monaco,1974,5838,13194,2796,2414,1017
Monaco,1975,5931,13347,2785,2459,1000
Monaco,1976,5956,13518,2821,2479,1143
Monaco,1977,5969,13702,2879,2477,1265
Monaco,1978,5982,13914,2932,2468,1330
Monaco,1979,6006,14139,2986,2476,1303
Monaco,1980,6037,14418,2998,2499,1191
Monaco,1981,6082,14692,3011,2478,1051
Monaco,1982,6113,14905,3094,2406,1064
Monaco,1983,6126,15084,3168,2360,1242
Monaco,1984,6145,15273,3188,2377,1391
Monaco,1985,6183,15470,3204,2409,1485
Monaco,1986,6250,15687,3193,2456,1528
Monaco,1987,6335,15928,3167,2541,1492
Monaco,1988,6438,16166,3153,2638,1402
Monaco,1989,6545,16414,3173,2660,1305
Monaco,1990,6632,16637,3202,2638,1258
Monaco,1991,6689,16795,3203,2623,1328
Monaco,1992,6725,16957,3150,2611,1449
Monaco,1993,6768,17137,3082,2612,1550
Monaco,1994,6818,17293,3026,2626,1618
Monaco,1995,6877,17468,2946,2678,1649
Monaco,1996,6934,17641,2874,2761,1631
Monaco,1997,7003,17793,2833,2837,1605
Monaco,1998,7075,17927,2812,2878,1580
Monaco,1999,7155,18090,2756,2911,1508
Monaco,2000,7213,18164,2724,2934,1429
Monaco,2001,7231,18078,2741,2949,1453
Monaco,2002,7244,17950,2744,2966,1522
Monaco,2003,7275,17824,2742,2969,1567
Monaco,2004,7324,17689,2743,2943,1607
Monaco,2005,7374,17552,2758,2922,1599
Monaco,2006,7416,17424,2767,2933,1509
Monaco,2007,7443,17298,2765,2947,1368
Monaco,2008,7643,17174,2774,2951,1279
Monaco,2009,8187,17067,2818,2950,1324
Monaco,2010,8917,16980,2865,2947,1436
Monaco,2011,9662,16901,2898,2930,1535
Monaco,2012,10380,16821,2942,2904,1612
Monaco,2013,11046,16751,2991,2887,1649
Monaco,2014,11668,16690,3042,2891,1642
Monaco,2015,12263,16627,3092,2886,1628
Monaco,2016,12718,16566,3130,2888,1658
Monaco,2017,13041,16507,3160,2909,1711
Monaco,2018,13438,16462,3187,2943,1752
Monaco,2019,13430,16329,3182,2980,1806
Monaco,2020,13485,16152,3165,3027,1845
Monaco,2021,13982,16079,3156,3116,1812
Monaco,2022,14037,16210,3279,3231,1795
Monaco,2023,13790,16278,3391,3324,1812
Mongolia,1950,30879,358683,135532,158099,98498
Mongolia,1951,32327,360814,137083,159591,104514
Mongolia,1952,33686,363111,138739,161042,110516
Mongolia,1953,35014,365501,140404,162562,116797
Mongolia,1954,36413,367860,141963,163864,123924
Mongolia,1955,37915,370164,143361,167429,129817
Mongolia,1956,40354,374540,144951,173428,135214
Mongolia,1957,43799,380856,146602,179478,142505
Mongolia,1958,47486,387132,147864,186258,150557
Mongolia,1959,51434,393685,148784,194387,159129
Mongolia,1960,55606,400496,149406,204410,167684
Mongolia,1961,59974,407385,149826,216771,175335
Mongolia,1962,64557,414241,150300,231156,181192
Mongolia,1963,67169,419177,152073,244536,188409
Mongolia,1964,67752,422339,154954,257112,198075
Mongolia,1965,68520,425909,157609,271799,207340
Mongolia,1966,69566,430077,160052,288717,215341
Mongolia,1967,70890,434745,162532,307741,221081
Mongolia,1968,72432,439627,165545,328954,223367
Mongolia,1969,73852,443771,171965,349113,223587
Mongolia,1970,74912,447088,182567,365853,224852
Mongolia,1971,75718,450536,195308,380152,228359
Mongolia,1972,76392,454537,209780,391990,234125
Mongolia,1973,77030,459371,225760,401700,241640
Mongolia,1974,77707,465274,243087,410414,249568
Mongolia,1975,78427,472364,261462,418943,257100
Mongolia,1976,79110,480767,280374,427487,264210
Mongolia,1977,79687,490566,299224,436572,270193
Mongolia,1978,80101,501852,317390,446735,273397
Mongolia,1979,80718,512991,335163,456619,275166
Mongolia,1980,81509,524281,352204,465713,277630
Mongolia,1981,82051,537784,367508,474953,280555
Mongolia,1982,82444,553681,380977,483876,284380
Mongolia,1983,82783,572047,392553,491851,289852
Mongolia,1984,83128,592870,402232,499733,296387
Mongolia,1985,83461,615891,410277,508242,303642
Mongolia,1986,83715,640667,417196,517007,312375
Mongolia,1987,83806,666744,423574,526247,322426
Mongolia,1988,83648,693724,430028,536232,332690
Mongolia,1989,83354,718721,437115,545537,339457
Mongolia,1990,82979,741325,445161,554330,340777
Mongolia,1991,82502,763893,454075,564665,337626
Mongolia,1992,82030,786542,463427,576630,330488
Mongolia,1993,81687,809281,472664,589303,320567
Mongolia,1994,81597,832149,481223,601150,309611
Mongolia,1995,81765,855317,488705,611003,298916
Mongolia,1996,82128,879032,495139,618301,288860
Mongolia,1997,82570,903524,501021,622577,279429
Mongolia,1998,82999,928955,507128,623358,270344
Mongolia,1999,83306,955361,514475,620082,260812
Mongolia,2000,84125,983621,523740,611284,252405
Mongolia,2001,85503,1013143,534879,597408,246758
Mongolia,2002,86873,1042287,547212,580682,243005
Mongolia,2003,88407,1070745,559655,562278,240709
Mongolia,2004,90217,1098353,571079,543100,240036
Mongolia,2005,92317,1125208,580341,525002,240587
Mongolia,2006,94591,1151853,586481,509287,242537
Mongolia,2007,96861,1179151,588943,495630,247375
Mongolia,2008,98999,1207806,587544,483770,256296
Mongolia,2009,100918,1238133,582317,473668,270282
Mongolia,2010,102645,1270592,573659,465757,289073
Mongolia,2011,104219,1308481,563461,462355,306652
Mongolia,2012,105937,1351167,551876,464701,321765
Mongolia,2013,108143,1394429,537926,472888,338480
Mongolia,2014,110902,1436800,522461,488434,354420
Mongolia,2015,114219,1476858,506403,511965,367058
Mongolia,2016,118116,1513419,490723,539135,379395
Mongolia,2017,122722,1546000,476221,569766,389632
Mongolia,2018,128250,1574713,463552,607626,393539
Mongolia,2019,134881,1599746,453318,649764,394372
Mongolia,2020,141672,1622574,448247,689671,388580
Mongolia,2021,148072,1643041,449076,723275,376170
Mongolia,2022,156274,1661503,454717,749300,364182
Mongolia,2023,166884,1678642,466279,767104,352993
Montenegro,1950,31574,145580,82584,93413,49362
Montenegro,1951,31283,148699,85066,91944,53087
Montenegro,1952,31086,152218,87271,91101,57231
Montenegro,1953,30970,155969,88872,90917,60756
Montenegro,1954,30867,159814,89663,91371,62654
Montenegro,1955,30777,163757,89913,92627,63516
Montenegro,1956,30705,167759,89760,94495,63971
Montenegro,1957,30666,171833,89222,97103,63922
Montenegro,1958,30643,175978,88311,100360,63512
Montenegro,1959,30648,180209,87093,103793,63159
Montenegro,1960,30728,184450,85751,107255,63016
Montenegro,1961,30951,188780,84496,110633,62969
Montenegro,1962,31277,193249,83692,113581,62641
Montenegro,1963,31634,197697,83648,115785,62021
Montenegro,1964,32112,201999,84291,117288,61243
Montenegro,1965,32920,205827,85508,118301,60336
Montenegro,1966,33977,209015,87313,118915,59413
Montenegro,1967,34892,211779,89848,119039,58536
Montenegro,1968,35530,214245,93317,118604,57610
Montenegro,1969,36163,216169,97671,117643,56790
Montenegro,1970,37019,217499,102473,116412,56269
Montenegro,1971,37966,219443,106463,115457,55779
Montenegro,1972,38768,222934,108968,114845,55185
Montenegro,1973,39465,227380,110526,114182,54711
Montenegro,1974,40370,232145,111433,113508,54284
Montenegro,1975,41676,236810,111893,112921,53850
Montenegro,1976,43225,241200,112371,112169,53667
Montenegro,1977,44654,245591,113030,111078,53737
Montenegro,1978,45689,250467,113656,109778,53928
Montenegro,1979,46201,255918,114071,108467,54354
Montenegro,1980,46257,261707,114424,107309,55128
Montenegro,1981,45936,267825,114213,106512,55426
Montenegro,1982,45341,274243,112972,106146,54927
Montenegro,1983,44760,280570,111229,106096,54301
Montenegro,1984,44509,286373,109505,106206,53661
Montenegro,1985,44707,291449,107936,106458,52951
Montenegro,1986,45254,295949,106503,106594,52497
Montenegro,1987,46003,300040,105268,106449,52414
Montenegro,1988,46940,303667,104273,106314,52390
Montenegro,1989,48146,306691,103566,106272,52364
Montenegro,1990,49653,309056,103156,106303,52330
Montenegro,1991,51460,311317,102665,106256,51856
Montenegro,1992,53497,313764,101916,106023,50820
Montenegro,1993,55683,315907,101264,105609,49634
Montenegro,1994,57889,317654,100871,104985,48481
Montenegro,1995,60006,319107,100698,104148,47417
Montenegro,1996,62044,320368,100687,103013,46503
Montenegro,1997,64032,321434,100866,101492,45703
Montenegro,1998,66045,322142,101309,99661,44929
Montenegro,1999,68154,322447,101824,97713,44128
Montenegro,2000,70343,322534,102186,95825,43295
Montenegro,2001,72549,322549,102284,94026,42574
Montenegro,2002,74812,322506,102147,92167,42116
Montenegro,2003,77193,322413,101755,90262,41920
Montenegro,2004,79565,323016,100620,88675,41860
Montenegro,2005,81649,324423,98872,87499,41594
Montenegro,2006,83132,326252,97003,86587,40882
Montenegro,2007,83933,328621,95080,85781,39951
Montenegro,2008,84322,331267,93074,84949,39219
Montenegro,2009,84452,333892,91210,83884,38982
Montenegro,2010,84166,336535,89840,82253,39266
Montenegro,2011,84276,339136,89004,80566,39674
Montenegro,2012,85334,340862,88036,79464,39812
Montenegro,2013,86671,341270,86744,78814,39660
Montenegro,2014,88375,339976,85233,78487,39260
Montenegro,2015,90539,337137,83542,78170,38714
Montenegro,2016,92509,333965,81911,77461,38358
Montenegro,2017,94455,330747,80200,76619,38053
Montenegro,2018,96691,327070,78469,76074,37452
Montenegro,2019,99059,323101,76814,75884,36769
Montenegro,2020,101116,319538,75137,75918,36174
Montenegro,2021,102073,316340,73750,76010,35621
Montenegro,2022,105322,320739,74986,77547,35988
Montenegro,2023,110585,328985,77761,79361,36789
Montserrat,1950,1032,4321,1988,3413,2210
Montserrat,1951,1009,4359,1968,3443,2089
Montserrat,1952,987,4381,1956,3470,1979
Montserrat,1953,976,4372,1946,3489,1892
Montserrat,1954,966,4351,1937,3469,1858
Montserrat,1955,960,4317,1937,3427,1864
Montserrat,1956,961,4250,1939,3399,1863
Montserrat,1957,967,4175,1952,3376,1855
Montserrat,1958,983,4080,1980,3359,1828
Montserrat,1959,1002,3969,2014,3355,1795
Montserrat,1960,1019,3898,2056,3331,1753
Montserrat,1961,1021,3891,2110,3262,1700
Montserrat,1962,1023,3904,2148,3179,1657
Montserrat,1963,1029,3911,2163,3089,1633
Montserrat,1964,1038,3917,2161,3016,1619
Montserrat,1965,1051,3905,2145,2965,1601
Montserrat,1966,1078,3884,2118,2931,1589
Montserrat,1967,1110,3840,2078,2918,1580
Montserrat,1968,1147,3783,2038,2925,1571
Montserrat,1969,1189,3700,2001,2952,1557
Montserrat,1970,1221,3654,1998,2972,1513
Montserrat,1971,1244,3667,2039,2972,1439
Montserrat,1972,1254,3711,2086,2952,1369
Montserrat,1973,1277,3753,2129,2916,1313
Montserrat,1974,1306,3795,2164,2873,1270
Montserrat,1975,1332,3847,2194,2822,1239
Montserrat,1976,1362,3887,2220,2764,1208
Montserrat,1977,1393,3939,2238,2716,1172
Montserrat,1978,1420,3991,2252,2668,1126
Montserrat,1979,1446,4045,2259,2626,1061
Montserrat,1980,1452,4091,2269,2560,991
Montserrat,1981,1431,4148,2291,2454,950
Montserrat,1982,1400,4223,2306,2331,940
Montserrat,1983,1376,4305,2306,2209,950
Montserrat,1984,1353,4365,2296,2083,981
Montserrat,1985,1333,4425,2267,1972,1021
Montserrat,1986,1322,4481,2223,1891,1050
Montserrat,1987,1328,4529,2163,1837,1063
Montserrat,1988,1343,4575,2084,1807,1063
Montserrat,1989,1358,4597,1999,1807,1037
Montserrat,1990,1374,4610,1902,1836,978
Montserrat,1991,1371,4581,1770,1846,896
Montserrat,1992,1338,4471,1616,1786,802
Montserrat,1993,1278,4320,1470,1683,703
Montserrat,1994,1211,4152,1328,1566,610
Montserrat,1995,1143,3961,1198,1422,533
Montserrat,1996,1068,3748,1082,1266,462
Montserrat,1997,987,3515,963,1117,397
Montserrat,1998,899,3266,842,964,350
Montserrat,1999,831,2993,726,813,322
Montserrat,2000,752,2706,609,675,311
Montserrat,2001,688,2497,532,594,305
Montserrat,2002,655,2447,521,582,295
Montserrat,2003,635,2467,536,592,285
Montserrat,2004,624,2479,560,603,275
Montserrat,2005,619,2494,572,621,268
Montserrat,2006,615,2513,574,639,265
Montserrat,2007,615,2532,578,654,270
Montserrat,2008,621,2556,582,663,278
Montserrat,2009,626,2589,587,671,286
Montserrat,2010,639,2616,601,670,293
Montserrat,2011,655,2623,619,655,294
Montserrat,2012,661,2613,632,632,284
Montserrat,2013,668,2593,631,609,273
Montserrat,2014,674,2586,625,594,259
Montserrat,2015,681,2571,610,585,246
Montserrat,2016,701,2549,598,577,240
Montserrat,2017,721,2518,583,563,239
Montserrat,2018,748,2489,564,556,238
Montserrat,2019,774,2465,537,546,242
Montserrat,2020,800,2441,514,527,250
Montserrat,2021,829,2419,489,514,254
Montserrat,2022,851,2394,470,509,252
Montserrat,2023,852,2372,468,501,247
More developed regions,1950,61744804,386133943,140054924,141075574,84389677
More developed regions,1951,63018805,391839026,139958121,141081225,86778517
More developed regions,1952,64285494,397710861,139949002,142691293,87251258
More developed regions,1953,65729608,403814381,139924872,144631168,87356242
More developed regions,1954,67182446,409894933,139928801,146948671,87306418
More developed regions,1955,68547430,415871565,139998651,149458917,87326546
More developed regions,1956,69940640,421446138,140066103,152068229,87633354
More developed regions,1957,71430957,426511470,139875009,155401346,88154190
More developed regions,1958,73100343,430896432,139601568,159557017,88828892
More developed regions,1959,74869243,434892574,139433766,164067525,89302242
More developed regions,1960,76739035,439348303,138694733,168789273,89548612
More developed regions,1961,78759666,444284943,139014110,171939968,89834596
More developed regions,1962,80681492,449677500,141093595,173088148,89953804
More developed regions,1963,82558137,455025045,143626091,173867012,89790502
More developed regions,1964,84621645,460171453,146230377,174608866,89347580
More developed regions,1965,87104561,464977207,148726476,175431148,88501078
More developed regions,1966,89650109,469255820,151501420,176447494,87120608
More developed regions,1967,92111461,472721033,154917066,177258634,85784769
More developed regions,1968,94581743,475354348,158932981,177845146,84750005
More developed regions,1969,96982086,477807293,163410831,178188866,83703776
More developed regions,1970,99431740,479964595,168264436,177697412,83095960
More developed regions,1971,101933797,483621377,171829724,176595646,83200312
More developed regions,1972,104594006,489459573,173374772,175445408,83269200
More developed regions,1973,107253342,495651482,174474682,174217154,82918656
More developed regions,1974,109969837,501789728,175459566,172780093,82496798
More developed regions,1975,112766070,507634759,176344798,171389266,81814486
More developed regions,1976,115530358,513247887,177318128,170133280,80808586
More developed regions,1977,118426402,518685041,178207296,168852981,79915009
More developed regions,1978,121337622,524037586,178956684,167374382,79265904
More developed regions,1979,123996168,529666580,179423946,165915389,78827884
More developed regions,1980,125948535,536160312,179384644,164753515,78724518
More developed regions,1981,126759663,543597141,178814572,163983368,78661174
More developed regions,1982,126952731,551405338,177964399,163213103,78573016
More developed regions,1983,127159207,559267796,176965797,162270224,78665494
More developed regions,1984,127983683,566665487,175728560,161414651,78662726
More developed regions,1985,129724918,573289194,174534452,160576235,78431965
More developed regions,1986,132001659,579540454,173463022,159538215,78392001
More developed regions,1987,134547395,585593544,172288878,158583591,78480064
More developed regions,1988,137330370,591256990,170951106,158226586,78373674
More developed regions,1989,140281326,596612025,169568175,158054635,78152949
More developed regions,1990,143384436,601715195,168488136,157962228,77725944
More developed regions,1991,146626197,606200050,167933831,158171005,76953012
More developed regions,1992,149898259,609913344,167236609,158379099,75805946
More developed regions,1993,153055473,613319407,166382291,158567783,74324352
More developed regions,1994,156373629,616872332,165745135,158689220,72672465
More developed regions,1995,159290170,620701820,165137340,158506609,70889196
More developed regions,1996,161703523,624670994,164462332,158084383,69119630
More developed regions,1997,164172582,628463391,164023791,157228767,67639764
More developed regions,1998,166230571,632148856,163898429,155587342,66533089
More developed regions,1999,167998578,635996779,163860005,153552151,65758963
More developed regions,2000,170119459,639639312,164147988,151365832,65295213
More developed regions,2001,172728334,642907181,164683116,148868930,65062525
More developed regions,2002,175683628,646328451,165336282,146375799,65047552
More developed regions,2003,178695958,649855193,165789200,144016324,65265326
More developed regions,2004,181820769,653254671,165744986,141670614,65600996
More developed regions,2005,185035432,656704750,165367868,139485605,65924713
More developed regions,2006,188124244,660141927,164737283,137602391,66300295
More developed regions,2007,190922165,664124544,163837729,136161946,67003939
More developed regions,2008,193279956,668696047,162476089,135329287,67917596
More developed regions,2009,195434887,673092721,160775639,134941456,68751186
More developed regions,2010,197414061,677451014,158931252,134849456,69353236
More developed regions,2011,200506181,680760308,156770072,135142330,69708948
More developed regions,2012,205300162,682426076,154242939,135832665,69786138
More developed regions,2013,210456407,683618507,151706525,136819942,69575676
More developed regions,2014,215717678,684570108,149346167,137931174,69308396
More developed regions,2015,220999276,685623948,147262783,138950517,69199814
More developed regions,2016,226041879,686774625,145703226,139937253,69154982
More developed regions,2017,231047083,687491556,144536867,141055489,68787612
More developed regions,2018,235979968,687813265,143852519,142051328,68013869
More developed regions,2019,241004660,687669783,143606427,142850308,66960248
More developed regions,2020,245642786,686296300,143294984,143324297,65508321
More developed regions,2021,249623126,683864347,143101906,143330606,63843263
More developed regions,2022,253891803,681147732,143394562,142673119,62315697
More developed regions,2023,259145167,678727092,143958076,141350037,60951645
Morocco,1950,255651,3123762,1960091,2138622,1457325
Morocco,1951,260804,3218472,1980841,2154902,1544269
Morocco,1952,264258,3320810,1994285,2177986,1637538
Morocco,1953,267278,3425602,2000698,2213702,1732286
Morocco,1954,271549,3528563,2002334,2280916,1809952
Morocco,1955,277705,3628923,2001269,2373053,1877176
Morocco,1956,285532,3726489,1998911,2474642,1948444
Morocco,1957,295061,3820610,1997137,2590169,2017574
Morocco,1958,305832,3909265,1996335,2717701,2084608
Morocco,1959,317068,3995281,1998759,2854146,2151752
Morocco,1960,328035,4077331,2005740,2995861,2217960
Morocco,1961,339553,4159401,2016783,3130780,2284575
Morocco,1962,352096,4247427,2033445,3265118,2355004
Morocco,1963,365465,4333567,2057122,3398084,2423256
Morocco,1964,380158,4415396,2104586,3514275,2484463
Morocco,1965,395868,4495682,2173528,3634359,2539732
Morocco,1966,412286,4575429,2250508,3769078,2589757
Morocco,1967,429267,4655075,2340601,3909307,2633926
Morocco,1968,446075,4735897,2442913,4048084,2674924
Morocco,1969,461664,4819807,2555245,4181129,2716402
Morocco,1970,475501,4908268,2676494,4309288,2759894
Morocco,1971,487878,5000765,2804856,4427897,2805822
Morocco,1972,498771,5098786,2933102,4541259,2852769
Morocco,1973,507682,5206933,3058090,4652145,2901417
Morocco,1974,514359,5338934,3171936,4756356,2952255
Morocco,1975,518983,5488717,3282536,4856855,3003687
Morocco,1976,521764,5643950,3401173,4953593,3053696
Morocco,1977,523159,5811275,3528453,5050981,3100879
Morocco,1978,524075,5991056,3662967,5153391,3145881
Morocco,1979,525683,6180824,3797113,5258545,3193408
Morocco,1980,528988,6380366,3934146,5368545,3247882
Morocco,1981,534157,6590259,4070942,5479551,3310480
Morocco,1982,541381,6810177,4203151,5586519,3379077
Morocco,1983,551482,7039157,4331895,5695405,3442737
Morocco,1984,565591,7275468,4454370,5809267,3489061
Morocco,1985,584317,7519412,4570362,5926710,3513132
Morocco,1986,607576,7767624,4672830,6042880,3509872
Morocco,1987,635263,8020234,4761192,6153369,3484310
Morocco,1988,667371,8278144,4849172,6255792,3450027
Morocco,1989,703774,8537752,4939861,6344728,3413276
Morocco,1990,744049,8800510,5033848,6416217,3380908
Morocco,1991,788304,9063894,5124040,6468688,3354061
Morocco,1992,836640,9328353,5211640,6508487,3327318
Morocco,1993,887701,9595851,5301698,6535903,3293400
Morocco,1994,939442,9866741,5395349,6544028,3255227
Morocco,1995,991058,10143910,5491728,6537574,3235121
Morocco,1996,1042319,10425094,5586761,6530505,3223389
Morocco,1997,1092278,10709428,5679629,6525379,3206581
Morocco,1998,1140307,10999611,5769064,6518319,3194290
Morocco,1999,1185965,11294169,5853329,6513014,3180661
Morocco,2000,1228750,11591382,5929322,6508858,3165072
Morocco,2001,1270216,11890353,6002287,6499166,3152568
Morocco,2002,1313148,12188535,6076367,6484539,3135497
Morocco,2003,1356631,12485985,6149749,6468506,3110481
Morocco,2004,1397321,12799052,6224814,6433453,3098313
Morocco,2005,1436853,13143291,6293179,6378358,3106395
Morocco,2006,1481009,13502709,6340175,6322340,3124877
Morocco,2007,1530443,13863755,6366531,6267099,3158569
Morocco,2008,1579318,14229651,6374496,6217054,3206176
Morocco,2009,1626263,14600008,6363170,6181768,3259497
Morocco,2010,1675908,14972477,6336620,6168625,3313306
Morocco,2011,1731454,15345248,6299075,6177459,3359279
Morocco,2012,1792415,15714781,6258750,6199289,3389941
Morocco,2013,1856931,16075585,6221493,6232031,3401461
Morocco,2014,1927519,16425804,6176628,6282323,3392433
Morocco,2015,2007900,16766636,6119609,6346357,3367007
Morocco,2016,2099762,17100027,6072342,6413667,3337574
Morocco,2017,2203048,17418833,6031435,6481501,3311482
Morocco,2018,2314596,17712823,5980300,6542125,3289807
Morocco,2019,2433326,17981557,5935095,6587387,3273419
Morocco,2020,2549989,18229171,5927506,6619131,3258288
Morocco,2021,2667419,18456792,5953186,6639094,3237842
Morocco,2022,2803229,18674995,5994251,6645880,3210598
Morocco,2023,2951139,18891059,6051647,6638944,3179581
Mozambique,1950,186023,2310532,971853,1434486,1007325
Mozambique,1951,187415,2339217,980591,1458953,1011967
Mozambique,1952,188744,2368952,993127,1478575,1021352
Mozambique,1953,190111,2398628,1006153,1496603,1031609
Mozambique,1954,191628,2428959,1019925,1512284,1044173
Mozambique,1955,193376,2460267,1035284,1524727,1060805
Mozambique,1956,195395,2491110,1053900,1535411,1079208
Mozambique,1957,197703,2520118,1076687,1545690,1097972
Mozambique,1958,200297,2546320,1102802,1555656,1116464
Mozambique,1959,203139,2571132,1130600,1568569,1136946
Mozambique,1960,206202,2598797,1157023,1589507,1162152
Mozambique,1961,209344,2633316,1178935,1619953,1193371
Mozambique,1962,212521,2672974,1198200,1657220,1228437
Mozambique,1963,215786,2714172,1218709,1697852,1263291
Mozambique,1964,219094,2756909,1238899,1744129,1296018
Mozambique,1965,222561,2802316,1257204,1798288,1326033
Mozambique,1966,226362,2850484,1275639,1856148,1354342
Mozambique,1967,230568,2900851,1295664,1915527,1381929
Mozambique,1968,235276,2952908,1318368,1976702,1409339
Mozambique,1969,240578,3005399,1345058,2038794,1437107
Mozambique,1970,246573,3058141,1376900,2102529,1466345
Mozambique,1971,253437,3113878,1417016,2172179,1499798
Mozambique,1972,261209,3173882,1469610,2247973,1540240
Mozambique,1973,269876,3238626,1531420,2327458,1586850
Mozambique,1974,279415,3308796,1598714,2410939,1638213
Mozambique,1975,289902,3384771,1671364,2497519,1697249
Mozambique,1976,301253,3467949,1744232,2586763,1766991
Mozambique,1977,313316,3560227,1819526,2680853,1851036
Mozambique,1978,326014,3662644,1896780,2784164,1948629
Mozambique,1979,339283,3772857,1966061,2898049,2052539
Mozambique,1980,350715,3857532,1997794,2995869,2134289
Mozambique,1981,360618,3925370,2011077,3078704,2192336
Mozambique,1982,370748,4001061,2043756,3162617,2246171
Mozambique,1983,380084,4071053,2090241,3243283,2289146
Mozambique,1984,387909,4131492,2148453,3327380,2320699
Mozambique,1985,394084,4182379,2215545,3412280,2344644
Mozambique,1986,399243,4224533,2287747,3487725,2371316
Mozambique,1987,398397,4206439,2333750,3508961,2375010
Mozambique,1988,394455,4167403,2370963,3504648,2363072
Mozambique,1989,393926,4176179,2432241,3533617,2370864
Mozambique,1990,395236,4215580,2503593,3588519,2391590
Mozambique,1991,398267,4283757,2580297,3667112,2422642
Mozambique,1992,401270,4361126,2650547,3747999,2452356
Mozambique,1993,409507,4504385,2753930,3869711,2513651
Mozambique,1994,433700,4831391,2966599,4130117,2672024
Mozambique,1995,456078,5147241,3168979,4368856,2819354
Mozambique,1996,466212,5339672,3288662,4499260,2898656
Mozambique,1997,474110,5498592,3381506,4620871,2974888
Mozambique,1998,479744,5625819,3454680,4732855,3047341
Mozambique,1999,484536,5748190,3530025,4846747,3124978
Mozambique,2000,489683,5860746,3610491,4962498,3206210
Mozambique,2001,497437,5968819,3702278,5083866,3285309
Mozambique,2002,507300,6076536,3802422,5213034,3359020
Mozambique,2003,517676,6193847,3902508,5349979,3428440
Mozambique,2004,528913,6323838,3997606,5494771,3495155
Mozambique,2005,541357,6463390,4092413,5645645,3561744
Mozambique,2006,555232,6605671,4194608,5799700,3631847
Mozambique,2007,570506,6745766,4304189,5955375,3711771
Mozambique,2008,586854,6888141,4417325,6111851,3814831
Mozambique,2009,603928,7038655,4533247,6270527,3945359
Mozambique,2010,621445,7201032,4652642,6432428,4091650
Mozambique,2011,639448,7386043,4783348,6595669,4244498
Mozambique,2012,658669,7592434,4926366,6763157,4397183
Mozambique,2013,680226,7810687,5076748,6948223,4535686
Mozambique,2014,703562,8043285,5234947,7156807,4649829
Mozambique,2015,728009,8290997,5398307,7380381,4749835
Mozambique,2016,754213,8555188,5564693,7613383,4849585
Mozambique,2017,782033,8840312,5735374,7855826,4952805
Mozambique,2018,810729,9137498,5903886,8106062,5060419
Mozambique,2019,839455,9442350,6068936,8357794,5175787
Mozambique,2020,865301,9769407,6239494,8611375,5298057
Mozambique,2021,884808,10115901,6413366,8871149,5422529
Mozambique,2022,905548,10482391,6588192,9132961,5547106
Mozambique,2023,930568,10873799,6777385,9384759,5668611
Myanmar,1950,569858,7227907,3498042,3823418,2617881
Myanmar,1951,585293,7359638,3526095,3861110,2738271
Myanmar,1952,601659,7496797,3547258,3908519,2863757
Myanmar,1953,618869,7637461,3561323,3965994,2996237
Myanmar,1954,636676,7780586,3569590,4062931,3106855
Myanmar,1955,655201,7926527,3574568,4205636,3188543
Myanmar,1956,674404,8074638,3577261,4368478,3264431
Myanmar,1957,694464,8224926,3579680,4545443,3338182
Myanmar,1958,715388,8374050,3585156,4733205,3408614
Myanmar,1959,737057,8521964,3600661,4928846,3475481
Myanmar,1960,759657,8670124,3631156,5129686,3539620
Myanmar,1961,782850,8817263,3674688,5334240,3601525
Myanmar,1962,806388,8963724,3727620,5544300,3662672
Myanmar,1963,830813,9108733,3789960,5758847,3725029
Myanmar,1964,856782,9250639,3889862,5949872,3790136
Myanmar,1965,884482,9390660,4033776,6110500,3859990
Myanmar,1966,914003,9529705,4196779,6263440,3932536
Myanmar,1967,945441,9669601,4373087,6413622,4004648
Myanmar,1968,978155,9813431,4559855,6561955,4076237
Myanmar,1969,1011158,9963662,4753748,6709530,4146975
Myanmar,1970,1043938,10122832,4952419,6858378,4215407
Myanmar,1971,1076525,10288299,5153065,7006866,4282420
Myanmar,1972,1109037,10458770,5358172,7153500,4348814
Myanmar,1973,1140647,10617787,5558399,7298272,4411254
Myanmar,1974,1171355,10789445,5727634,7441883,4467828
Myanmar,1975,1202413,10997790,5870553,7586113,4519681
Myanmar,1976,1233540,11219445,6007531,7730213,4568080
Myanmar,1977,1264556,11457206,6146492,7872458,4615251
Myanmar,1978,1296431,11712374,6289231,8011179,4663755
Myanmar,1979,1330490,11975479,6431748,8143784,4715046
Myanmar,1980,1367176,12247042,6576496,8268640,4767844
Myanmar,1981,1406502,12524051,6720580,8388331,4819318
Myanmar,1982,1448404,12796700,6857220,8504425,4876213
Myanmar,1983,1492744,13096627,7005300,8620790,4947246
Myanmar,1984,1537480,13432280,7167159,8738397,5023982
Myanmar,1985,1580683,13776126,7325481,8852383,5088135
Myanmar,1986,1622459,14126223,7478891,8961636,5125642
Myanmar,1987,1662535,14484314,7625814,9075119,5123787
Myanmar,1988,1701981,14852713,7766640,9201002,5078557
Myanmar,1989,1743012,15226919,7898554,9332797,5013309
Myanmar,1990,1786340,15603080,8018356,9454259,4955188
Myanmar,1991,1831156,15971941,8125665,9548791,4916582
Myanmar,1992,1877627,16334324,8225779,9610659,4901934
Myanmar,1993,1925756,16700918,8326137,9641373,4908223
Myanmar,1994,1974640,17076571,8429644,9655267,4919014
Myanmar,1995,2023587,17461614,8533863,9664956,4921309
Myanmar,1996,2073420,17856439,8637357,9670818,4916808
Myanmar,1997,2124321,18263429,8749828,9664426,4906782
Myanmar,1998,2174625,18678849,8876296,9636691,4891314
Myanmar,1999,2221944,19095057,9005985,9592289,4872434
Myanmar,2000,2264917,19505103,9119816,9544620,4856376
Myanmar,2001,2304562,19907954,9202028,9508698,4847880
Myanmar,2002,2341742,20304726,9248169,9489792,4848209
Myanmar,2003,2376176,20698681,9260823,9484672,4846821
Myanmar,2004,2407327,21094576,9256585,9479707,4830569
Myanmar,2005,2435583,21489462,9248218,9468909,4796176
Myanmar,2006,2462171,21882033,9236804,9458591,4745531
Myanmar,2007,2488727,22283434,9216377,9451280,4685216
Myanmar,2008,2509380,22677071,9172984,9420965,4610381
Myanmar,2009,2533787,23084593,9120149,9372769,4549152
Myanmar,2010,2571187,23524201,9082142,9327250,4519586
Myanmar,2011,2614335,23962673,9067980,9275376,4499447
Myanmar,2012,2661597,24391993,9077638,9223445,4482759
Myanmar,2013,2712345,24805186,9101093,9172863,4471146
Myanmar,2014,2782772,25190889,9119089,9123827,4465025
Myanmar,2015,2876201,25549567,9123294,9072945,4467012
Myanmar,2016,2978888,25898519,9123418,9013269,4481560
Myanmar,2017,3088372,26238725,9122568,8944333,4500889
Myanmar,2018,3204090,26563112,9109730,8879964,4515297
Myanmar,2019,3325921,26877464,9080176,8835958,4521144
Myanmar,2020,3450161,27190917,9043989,8817155,4514246
Myanmar,2021,3569644,27496305,9008325,8819744,4493027
Myanmar,2022,3696879,27793599,8973224,8829587,4463439
Myanmar,2023,3837553,28087738,8937141,8839394,4431899
Namibia,1950,21180,197243,95567,118678,81930
Namibia,1951,21812,198713,95195,121703,82977
Namibia,1952,22465,200207,94903,124853,84211
Namibia,1953,23120,201647,94790,127937,85741
Namibia,1954,23705,202877,94988,131143,87304
Namibia,1955,24200,203935,95611,134409,88935
Namibia,1956,24614,204890,96693,137577,90790
Namibia,1957,24956,205857,98277,140816,92688
Namibia,1958,25269,206903,100390,144086,94690
Namibia,1959,25615,208120,103002,147376,96817
Namibia,1960,26023,209602,106054,150695,99097
Namibia,1961,26479,211439,109478,154105,101573
Namibia,1962,26986,213655,113104,157728,104285
Namibia,1963,27552,216297,116743,161731,107269
Namibia,1964,28164,219426,120557,165912,110480
Namibia,1965,28815,223108,124457,170313,113876
Namibia,1966,29505,227281,128267,175115,117495
Namibia,1967,30245,232074,132180,180198,121353
Namibia,1968,31011,237422,136078,185621,125418
Namibia,1969,31766,243337,139930,191369,129722
Namibia,1970,32502,249846,143772,197454,134300
Namibia,1971,33217,256750,147582,203920,139117
Namibia,1972,33922,263982,151521,210798,144185
Namibia,1973,34613,271140,155627,218081,149469
Namibia,1974,35327,278502,159787,225788,154918
Namibia,1975,36102,286281,164238,233947,160469
Namibia,1976,36909,292986,168409,242437,165829
Namibia,1977,37761,298990,172391,251275,170698
Namibia,1978,38628,300064,174103,260048,174429
Namibia,1979,39505,300759,176433,269183,176938
Namibia,1980,40314,303151,180594,278788,178587
Namibia,1981,41031,301077,183169,288077,179149
Namibia,1982,41753,302899,188907,297516,179236
Namibia,1983,42473,310208,198200,306971,179664
Namibia,1984,43174,318263,207953,315435,181164
Namibia,1985,43882,327736,218360,322988,183924
Namibia,1986,44583,339210,229550,329930,187802
Namibia,1987,45257,352378,241120,335788,193348
Namibia,1988,45916,368568,253660,341106,200442
Namibia,1989,46698,406409,276891,348282,210668
Namibia,1990,47592,444855,297762,355504,223587
Namibia,1991,48503,463928,305578,361297,236374
Namibia,1992,49445,482669,312491,368804,247908
Namibia,1993,50428,502196,319638,379189,257238
Namibia,1994,51403,522191,326596,392379,263735
Namibia,1995,52340,542143,333243,409030,265413
Namibia,1996,53261,561924,339946,427991,262971
Namibia,1997,54194,581510,346370,446917,260270
Namibia,1998,55141,600782,352931,464810,259068
Namibia,1999,56135,619689,360225,480783,259522
Namibia,2000,57180,638073,368243,493990,261148
Namibia,2001,58262,655417,376597,503416,263348
Namibia,2002,59340,671526,384953,509266,264871
Namibia,2003,60449,686647,393209,513023,264118
Namibia,2004,61649,700830,402457,515382,261746
Namibia,2005,62977,714518,414650,514375,260037
Namibia,2006,64453,728163,428729,510028,260491
Namibia,2007,66113,741672,442541,504724,263531
Namibia,2008,67951,755582,455256,499338,268903
Namibia,2009,69954,770408,466097,494925,275985
Namibia,2010,72094,786320,474471,492929,283966
Namibia,2011,74316,803965,480711,494569,292734
Namibia,2012,76570,827203,486744,500955,303149
Namibia,2013,78840,855868,493204,510387,314169
Namibia,2014,81278,886578,499201,520603,324443
Namibia,2015,83857,920535,503052,532948,333869
Namibia,2016,86416,956896,504478,548213,343169
Namibia,2017,89000,993546,505079,565785,353395
Namibia,2018,91716,1030593,505776,585333,363856
Namibia,2019,94598,1067958,507851,606122,373916
Namibia,2020,97505,1104984,512772,627703,385745
Namibia,2021,99599,1140897,520134,650408,399465
Namibia,2022,101767,1176154,528861,673933,408907
Namibia,2023,105777,1213802,538469,695544,409462
Nauru,1950,303,1151,546,880,544
Nauru,1951,285,1217,605,906,519
Nauru,1952,267,1282,662,920,499
Nauru,1953,252,1333,715,923,491
Nauru,1954,242,1394,754,908,503
Nauru,1955,224,1483,782,889,527
Nauru,1956,219,1590,803,875,554
Nauru,1957,210,1698,818,867,588
Nauru,1958,198,1802,822,873,622
Nauru,1959,191,1921,816,894,651
Nauru,1960,184,2034,801,931,675
Nauru,1961,178,2144,793,987,697
Nauru,1962,170,2241,810,1055,724
Nauru,1963,167,2335,836,1139,769
Nauru,1964,164,2453,847,1236,835
Nauru,1965,160,2585,851,1337,918
Nauru,1966,156,2682,838,1431,953
Nauru,1967,150,2754,823,1500,930
Nauru,1968,110,2800,819,1673,946
Nauru,1969,74,2826,848,1906,950
Nauru,1970,70,2846,936,2023,858
Nauru,1971,72,2859,1054,2057,738
Nauru,1972,78,2861,1183,2076,633
Nauru,1973,81,2868,1318,2073,546
Nauru,1974,87,2880,1450,2014,513
Nauru,1975,93,2910,1570,1913,527
Nauru,1976,95,2951,1679,1800,559
Nauru,1977,113,3041,1740,1662,628
Nauru,1978,153,3170,1733,1530,730
Nauru,1979,206,3312,1684,1454,832
Nauru,1980,267,3442,1596,1440,925
Nauru,1981,325,3563,1476,1498,1004
Nauru,1982,378,3671,1335,1615,1060
Nauru,1983,413,3731,1247,1747,1102
Nauru,1984,415,3728,1264,1835,1156
Nauru,1985,407,3709,1328,1899,1230
Nauru,1986,392,3699,1394,1965,1315
Nauru,1987,371,3703,1464,2031,1402
Nauru,1988,342,3716,1528,2116,1481
Nauru,1989,303,3766,1569,2232,1542
Nauru,1990,259,3824,1600,2374,1588
Nauru,1991,209,3891,1627,2535,1611
Nauru,1992,176,3956,1643,2668,1599
Nauru,1993,174,3988,1670,2736,1555
Nauru,1994,183,3993,1713,2762,1512
Nauru,1995,187,3997,1764,2763,1476
Nauru,1996,192,3997,1825,2743,1449
Nauru,1997,194,3999,1893,2706,1426
Nauru,1998,188,4008,1951,2667,1406
Nauru,1999,177,4013,2002,2633,1382
Nauru,2000,171,4015,2043,2605,1353
Nauru,2001,162,4026,2053,2593,1313
Nauru,2002,154,4043,2053,2588,1267
Nauru,2003,152,4061,2073,2558,1241
Nauru,2004,156,4079,2109,2497,1243
Nauru,2005,155,4098,2139,2423,1256
Nauru,2006,157,4119,2161,2342,1282
Nauru,2007,156,4136,2165,2265,1319
Nauru,2008,154,4162,2152,2202,1362
Nauru,2009,149,4185,2117,2174,1416
Nauru,2010,141,4223,2052,2161,1490
Nauru,2011,132,4252,1983,2169,1580
Nauru,2012,136,4324,1953,2224,1652
Nauru,2013,146,4436,1958,2314,1685
Nauru,2014,153,4537,1971,2415,1689
Nauru,2015,169,4623,1992,2522,1668
Nauru,2016,192,4705,2019,2629,1628
Nauru,2017,209,4788,2050,2724,1579
Nauru,2018,228,4872,2078,2799,1522
Nauru,2019,242,4933,2075,2857,1502
Nauru,2020,252,4957,2028,2924,1504
Nauru,2021,265,4980,1998,2990,1493
Nauru,2022,293,4997,2004,3036,1491
Nauru,2023,324,5003,2036,3047,1490
Nepal,1950,230150,3143643,1602912,2050476,1369425
Nepal,1951,235395,3216053,1630207,2092626,1398378
Nepal,1952,240928,3286404,1655764,2140070,1424132
Nepal,1953,246846,3353121,1679021,2195543,1443691
Nepal,1954,253601,3416916,1700814,2252499,1463943
Nepal,1955,261257,3479174,1728407,2300980,1488167
Nepal,1956,269189,3540180,1763989,2342741,1511790
Nepal,1957,277147,3600519,1802638,2383319,1534422
Nepal,1958,285071,3658840,1841561,2424238,1556543
Nepal,1959,293149,3718765,1880631,2467759,1578611
Nepal,1960,301543,3783518,1920107,2515049,1603446
Nepal,1961,310221,3850873,1960967,2563413,1632925
Nepal,1962,319254,3920050,2007819,2608173,1665827
Nepal,1963,328633,3990237,2062899,2647314,1700734
Nepal,1964,338510,4061833,2119924,2687768,1738353
Nepal,1965,348987,4141966,2169839,2735080,1777538
Nepal,1966,359941,4231701,2213654,2786755,1816661
Nepal,1967,371291,4326243,2256381,2841602,1857198
Nepal,1968,383002,4423968,2299640,2899196,1900464
Nepal,1969,395052,4522233,2344743,2959953,1945047
Nepal,1970,407435,4620666,2393096,3024585,1990405
Nepal,1971,419966,4718523,2440997,3093300,2037279
Nepal,1972,432686,4820972,2484702,3166746,2083992
Nepal,1973,445694,4933033,2524109,3245403,2126997
Nepal,1974,458829,5046130,2564302,3328075,2171094
Nepal,1975,472199,5156130,2610024,3412891,2219443
Nepal,1976,485807,5265291,2658505,3499366,2268677
Nepal,1977,499977,5379783,2711848,3587565,2319999
Nepal,1978,514929,5501714,2770588,3675464,2377007
Nepal,1979,530398,5625912,2832139,3765517,2436631
Nepal,1980,546476,5753807,2898073,3860357,2494387
Nepal,1981,562786,5881977,2967111,3958053,2552486
Nepal,1982,579043,6009228,3039162,4057746,2612808
Nepal,1983,595444,6140767,3117013,4159835,2676055
Nepal,1984,611656,6270786,3196417,4265224,2741153
Nepal,1985,627581,6396268,3273524,4372375,2807941
Nepal,1986,643473,6519472,3349148,4481451,2874579
Nepal,1987,659327,6635339,3421314,4594767,2939761
Nepal,1988,675560,6750205,3492586,4716261,3004046
Nepal,1989,692878,6879076,3573795,4843778,3068283
Nepal,1990,711690,7031956,3671495,4973774,3135660
Nepal,1991,731918,7208270,3781799,5106454,3208058
Nepal,1992,754026,7418038,3906987,5243735,3286899
Nepal,1993,776255,7624276,4024319,5382958,3372318
Nepal,1994,797972,7809724,4127093,5522331,3460338
Nepal,1995,819884,7989094,4224877,5666141,3545430
Nepal,1996,841776,8157084,4315949,5813412,3613636
Nepal,1997,864510,8327172,4412247,5963608,3651915
Nepal,1998,888060,8495428,4517127,6120393,3659344
Nepal,1999,912205,8661584,4626660,6281356,3643394
Nepal,2000,936628,8823149,4735120,6441246,3610365
Nepal,2001,961592,8982521,4845510,6589238,3567891
Nepal,2002,989148,9157334,4946621,6709761,3526122
Nepal,2003,1019108,9346540,5035738,6804066,3483309
Nepal,2004,1049587,9534063,5120788,6878385,3433825
Nepal,2005,1084076,9713752,5204569,6932668,3374387
Nepal,2006,1123878,9884668,5287206,6961995,3307670
Nepal,2007,1166013,10050069,5368542,6961480,3242377
Nepal,2008,1209118,10214138,5458578,6928210,3179971
Nepal,2009,1251916,10378088,5557945,6865039,3120019
Nepal,2010,1293382,10541158,5664065,6775507,3067810
Nepal,2011,1335024,10657373,5777567,6670121,3024376
Nepal,2012,1379834,10715650,5883175,6566687,2989531
Nepal,2013,1429051,10760353,5972169,6464330,2964051
Nepal,2014,1478535,10824787,6061676,6358393,2948935
Nepal,2015,1525411,10940516,6163047,6250847,2943761
Nepal,2016,1572679,11060103,6236584,6144990,2941062
Nepal,2017,1621088,11153426,6256381,6048969,2931338
Nepal,2018,1669765,11280170,6250036,5965908,2913747
Nepal,2019,1718477,11714816,6189428,5908852,2882431
Nepal,2020,1763578,12407619,6083339,5874331,2837653
Nepal,2021,1801126,12949390,6070309,5840176,2813957
Nepal,2022,1841561,13218863,6056124,5792621,2806206
Nepal,2023,1888691,13338838,5940623,5734326,2792075
Netherlands,1950,782748,4756713,1611053,1756290,1206919
Netherlands,1951,806706,4823476,1609791,1826837,1197691
Netherlands,1952,831223,4871991,1603770,1921398,1153873
Netherlands,1953,855369,4917220,1598959,1996086,1125855
Netherlands,1954,878673,4968623,1601057,2054998,1112332
Netherlands,1955,901593,5027475,1607508,2104419,1110186
Netherlands,1956,924630,5085487,1615392,2150050,1114158
Netherlands,1957,948557,5139105,1626074,2194499,1118589
Netherlands,1958,976006,5196399,1650551,2235041,1129312
Netherlands,1959,1005211,5247010,1687652,2263860,1144313
Netherlands,1960,1033788,5287789,1721453,2289114,1154698
Netherlands,1961,1064242,5331954,1789485,2286277,1167340
Netherlands,1962,1093785,5381575,1891651,2257561,1182901
Netherlands,1963,1120631,5431544,1976121,2244503,1196273
Netherlands,1964,1148722,5486496,2041895,2247300,1207379
Netherlands,1965,1177310,5550389,2097149,2260466,1215716
Netherlands,1966,1205576,5613683,2148497,2280704,1215708
Netherlands,1967,1236952,5663149,2196719,2302076,1208813
Netherlands,1968,1268111,5715813,2234177,2322536,1200075
Netherlands,1969,1297620,5788825,2263007,2347371,1193667
Netherlands,1970,1327052,5866143,2297143,2371201,1190382
Netherlands,1971,1355617,5976088,2303417,2389437,1183621
Netherlands,1972,1383558,6109527,2279218,2402480,1167811
Netherlands,1973,1412853,6223263,2269274,2411911,1136236
Netherlands,1974,1445030,6326026,2278609,2423283,1086493
Netherlands,1975,1475976,6432164,2304186,2438171,1029284
Netherlands,1976,1502222,6534150,2334442,2438674,976882
Netherlands,1977,1531541,6625501,2359937,2419389,931943
Netherlands,1978,1564592,6716745,2386673,2383596,901992
Netherlands,1979,1597194,6810850,2421382,2332838,887559
Netherlands,1980,1627293,6913357,2458093,2277777,885772
Netherlands,1981,1653300,7016391,2483297,2219945,889319
Netherlands,1982,1677092,7110726,2499170,2158279,888151
Netherlands,1983,1697993,7205171,2514860,2092970,885380
Netherlands,1984,1718363,7309548,2529433,2019744,885158
Netherlands,1985,1748035,7414684,2538477,1950716,886432
Netherlands,1986,1784681,7519311,2534706,1896171,890951
Netherlands,1987,1819893,7633877,2516122,1851376,902957
Netherlands,1988,1855857,7750805,2479201,1820455,918819
Netherlands,1989,1888924,7866049,2424494,1806913,933911
Netherlands,1990,1917517,7989201,2363923,1807560,951842
Netherlands,1991,1944809,8116345,2304713,1817919,970422
Netherlands,1992,1971430,8239286,2246339,1834925,983873
Netherlands,1993,1995500,8357877,2187274,1853380,994722
Netherlands,1994,2019049,8472987,2118058,1870834,1003545
Netherlands,1995,2045375,8579306,2046783,1889333,1003238
Netherlands,1996,2070771,8673317,1989490,1910435,994997
Netherlands,1997,2095790,8759309,1944209,1934506,988760
Netherlands,1998,2120130,8838101,1916847,1960633,990325
Netherlands,1999,2141873,8907007,1907341,1985528,997340
Netherlands,2000,2163733,8968381,1911558,2004676,1009299
Netherlands,2001,2186526,9026188,1928541,2016232,1024072
Netherlands,2002,2208898,9072083,1949893,2022181,1033829
Netherlands,2003,2234476,9101389,1966035,2027846,1035974
Netherlands,2004,2267785,9118296,1976406,2033030,1028808
Netherlands,2005,2306950,9127083,1985725,2033446,1011208
Netherlands,2006,2346373,9133384,1995042,2029280,988427
Netherlands,2007,2388087,9141407,2009281,2024647,966522
Netherlands,2008,2439077,9154520,2030857,2022895,948418
Netherlands,2009,2499898,9171268,2053427,2020158,937827
Netherlands,2010,2560835,9189709,2070755,2014601,933679
Netherlands,2011,2648987,9180677,2080976,2007827,930862
Netherlands,2012,2762117,9143130,2085304,1997049,925767
Netherlands,2013,2862139,9113929,2090707,1982706,915655
Netherlands,2014,2953092,9102094,2100807,1967875,904174
Netherlands,2015,3035601,9109930,2113407,1952158,894219
Netherlands,2016,3110944,9137277,2129914,1937470,886945
Netherlands,2017,3187365,9171061,2147354,1923931,883496
Netherlands,2018,3264514,9205423,2161746,1906475,880967
Netherlands,2019,3341320,9250961,2173191,1891874,877978
Netherlands,2020,3413993,9291175,2174472,1880554,874226
Netherlands,2021,3483673,9326766,2171719,1868821,877110
Netherlands,2022,3560654,9404959,2187750,1862547,885957
Netherlands,2023,3644283,9499154,2201639,1854886,889979
New Caledonia,1950,3188,26319,11414,13919,8967
New Caledonia,1951,3068,26712,11565,14165,9235
New Caledonia,1952,2965,27124,11729,14462,9475
New Caledonia,1953,2866,27553,11907,14789,9708
New Caledonia,1954,2778,28004,12100,15131,9954
New Caledonia,1955,2711,28450,12305,15501,10205
New Caledonia,1956,2672,28983,12554,15937,10487
New Caledonia,1957,2664,29710,12886,16487,10820
New Caledonia,1958,2681,30579,13268,17125,11201
New Caledonia,1959,2707,31490,13666,17791,11626
New Caledonia,1960,2739,32440,14083,18470,12099
New Caledonia,1961,2788,33437,14539,19154,12617
New Caledonia,1962,2844,34474,15042,19848,13141
New Caledonia,1963,2908,35460,15527,20548,13623
New Caledonia,1964,2984,36302,16006,21253,14072
New Caledonia,1965,3051,37102,16541,21994,14485
New Caledonia,1966,3131,37944,17103,22810,14847
New Caledonia,1967,3222,38820,17691,23689,15175
New Caledonia,1968,3316,39744,18300,24587,15509
New Caledonia,1969,3393,40853,19142,25565,15910
New Caledonia,1970,3534,42328,20064,26837,16585
New Caledonia,1971,3762,44091,20832,28338,17498
New Caledonia,1972,4006,45997,21649,29849,18445
New Caledonia,1973,4275,48006,22564,31368,19385
New Caledonia,1974,4569,50103,23615,32937,20235
New Caledonia,1975,4893,52271,24805,34586,20917
New Caledonia,1976,5183,54013,25821,35900,21190
New Caledonia,1977,5397,55078,26459,36652,21028
New Caledonia,1978,5585,55930,26970,37185,20733
New Caledonia,1979,5751,56818,27490,37643,20440
New Caledonia,1980,5893,57742,28039,37988,20166
New Caledonia,1981,6016,58696,28631,38207,19909
New Caledonia,1982,6113,59658,29272,38313,19658
New Caledonia,1983,6230,60833,30060,38459,19437
New Caledonia,1984,6403,62381,31001,38626,19190
New Caledonia,1985,6613,64164,31933,38648,18894
New Caledonia,1986,6831,66053,32815,38499,18714
New Caledonia,1987,7070,68034,33641,38203,18711
New Caledonia,1988,7330,70114,34404,37820,18852
New Caledonia,1989,7421,71915,35383,37833,19490
New Caledonia,1990,7519,74121,36444,38028,20356
New Caledonia,1991,7830,77101,37251,38077,20992
New Caledonia,1992,8170,80212,37885,38303,21515
New Caledonia,1993,8532,83419,38383,38756,21769
New Caledonia,1994,8933,86741,38778,39273,21900
New Caledonia,1995,9366,90161,39078,39782,22005
New Caledonia,1996,9817,93545,39249,40408,22029
New Caledonia,1997,10300,96696,39268,41154,22151
New Caledonia,1998,10842,99687,39239,41947,22348
New Caledonia,1999,11399,102634,39216,42751,22531
New Caledonia,2000,11996,105526,39198,43614,22774
New Caledonia,2001,12620,108359,39320,44475,22939
New Caledonia,2002,13289,111125,39653,45278,22891
New Caledonia,2003,14002,113850,40232,45858,22741
New Caledonia,2004,14737,116438,40890,46237,22561
New Caledonia,2005,15417,118651,41569,46470,22282
New Caledonia,2006,16185,120952,42017,46370,22030
New Caledonia,2007,17112,123530,42048,46116,21922
New Caledonia,2008,18107,125961,42007,45918,21835
New Caledonia,2009,19110,128414,42179,45759,21794
New Caledonia,2010,20018,131206,42742,45662,21950
New Caledonia,2011,20896,134355,43364,45640,22289
New Caledonia,2012,21847,137650,43793,45690,22655
New Caledonia,2013,22887,141008,44102,45835,22994
New Caledonia,2014,23946,143952,44244,45952,23134
New Caledonia,2015,24911,145707,44025,45695,22835
New Caledonia,2016,25769,146717,43547,45082,22311
New Caledonia,2017,26611,147722,42975,44405,21833
New Caledonia,2018,27452,148639,42357,43700,21399
New Caledonia,2019,28338,149447,41743,43045,21038
New Caledonia,2020,29141,150226,41433,42521,20859
New Caledonia,2021,29975,150948,41464,42057,20775
New Caledonia,2022,30988,151847,41804,41753,20731
New Caledonia,2023,32143,152979,42351,41638,20760
New Zealand,1950,173379,909227,273563,324409,230640
New Zealand,1951,177935,922966,273059,341273,235940
New Zealand,1952,182471,940018,274704,361299,239232
New Zealand,1953,186845,958461,277958,381431,243026
New Zealand,1954,190706,974988,282182,399246,247993
New Zealand,1955,194096,989192,288362,414425,253569
New Zealand,1956,197193,1002877,296884,428864,258996
New Zealand,1957,199808,1017699,306541,444603,265007
New Zealand,1958,202219,1032567,316301,461263,272615
New Zealand,1959,204452,1044858,326017,477083,281044
New Zealand,1960,206486,1055239,337180,491453,289092
New Zealand,1961,208713,1067534,352330,504903,296229
New Zealand,1962,211208,1082464,371109,517315,302272
New Zealand,1963,213760,1097952,390503,528741,307125
New Zealand,1964,216326,1113607,408282,540624,309893
New Zealand,1965,219448,1130048,423648,554089,309221
New Zealand,1966,223231,1147333,437369,568927,305687
New Zealand,1967,227382,1162046,449743,582956,301246
New Zealand,1968,231235,1171614,460694,593306,297626
New Zealand,1969,234972,1180860,472637,599397,296485
New Zealand,1970,239602,1195337,486092,603383,297720
New Zealand,1971,245066,1216266,498010,607961,299816
New Zealand,1972,251088,1243353,509030,613270,302470
New Zealand,1973,257484,1275493,522608,618278,305072
New Zealand,1974,264388,1309776,538175,623452,305379
New Zealand,1975,271685,1339723,552216,628789,301566
New Zealand,1976,278776,1360181,562863,631105,293651
New Zealand,1977,285620,1373215,570723,627389,283114
New Zealand,1978,292673,1382170,575947,619203,272173
New Zealand,1979,299626,1390515,579121,609085,263160
New Zealand,1980,305914,1403666,580710,599288,256647
New Zealand,1981,312317,1423116,581066,591308,251930
New Zealand,1982,318677,1448779,584303,583524,249727
New Zealand,1983,324077,1479395,590799,574751,250130
New Zealand,1984,329605,1508775,595219,564842,251246
New Zealand,1985,335837,1533825,592816,553741,251659
New Zealand,1986,342601,1558282,585958,541704,252809
New Zealand,1987,349743,1583062,581098,528679,256697
New Zealand,1988,356764,1604177,576254,516796,261861
New Zealand,1989,364038,1623977,569028,509433,267163
New Zealand,1990,374893,1663217,568457,513467,276758
New Zealand,1991,388321,1712477,572912,520122,286902
New Zealand,1992,398778,1746575,571508,522784,292392
New Zealand,1993,406940,1775761,565892,529380,295420
New Zealand,1994,414920,1809882,560254,539077,296668
New Zealand,1995,422443,1848852,555376,551098,296425
New Zealand,1996,429200,1890460,550401,564455,294621
New Zealand,1997,435321,1928640,543995,576545,292200
New Zealand,1998,441509,1958045,536667,585464,289433
New Zealand,1999,447329,1979601,530906,591229,286227
New Zealand,2000,453292,1996253,529707,594634,283405
New Zealand,2001,459998,2015617,536613,597588,281645
New Zealand,2002,467152,2047303,552710,602349,281292
New Zealand,2003,475255,2086580,571237,606813,282387
New Zealand,2004,484668,2122443,584862,607732,283882
New Zealand,2005,496759,2152565,594878,605631,284827
New Zealand,2006,510912,2178724,602401,602169,287377
New Zealand,2007,524042,2201853,605368,598287,293347
New Zealand,2008,535726,2223204,606602,595278,300624
New Zealand,2009,548636,2243366,610373,594056,307473
New Zealand,2010,564054,2259968,616255,593704,313360
New Zealand,2011,582156,2269242,620997,593599,316254
New Zealand,2012,603629,2273738,624056,594580,315202
New Zealand,2013,626886,2287480,629199,597805,311981
New Zealand,2014,649381,2321868,639077,603646,308469
New Zealand,2015,671042,2374441,650810,611321,305873
New Zealand,2016,693028,2437023,658535,620573,305032
New Zealand,2017,714978,2501040,659880,631050,305191
New Zealand,2018,737336,2558727,657662,641183,305309
New Zealand,2019,762816,2613234,656439,650734,305542
New Zealand,2020,791255,2659469,654226,658623,305620
New Zealand,2021,818836,2677739,646998,660499,302847
New Zealand,2022,843194,2686276,644902,657335,299234
New Zealand,2023,868185,2702151,651228,652425,298070
Nicaragua,1950,36148,440405,260392,345504,248996
Nicaragua,1951,37283,450793,265359,353760,262459
Nicaragua,1952,38480,461486,270568,362774,275715
Nicaragua,1953,39698,472588,276135,373708,287777
Nicaragua,1954,40828,484102,282123,387818,297389
Nicaragua,1955,41867,496044,288486,404501,305348
Nicaragua,1956,42828,508438,295128,422187,313397
Nicaragua,1957,43706,521292,302113,440480,321878
Nicaragua,1958,44559,534601,309497,459330,330758
Nicaragua,1959,45456,548323,317244,478860,339912
Nicaragua,1960,46412,562415,325306,499131,349107
Nicaragua,1961,47444,576927,333618,520288,358180
Nicaragua,1962,48560,591906,342640,541949,367270
Nicaragua,1963,49763,607409,353456,562997,376537
Nicaragua,1964,51059,623573,367351,582103,386097
Nicaragua,1965,52465,640428,383783,599914,396097
Nicaragua,1966,54015,657897,401264,617868,406776
Nicaragua,1967,55685,675992,419367,636273,418252
Nicaragua,1968,57461,694638,438011,655221,430506
Nicaragua,1969,59320,713681,457229,674627,443543
Nicaragua,1970,61257,732972,477038,694505,457293
Nicaragua,1971,63273,752368,497536,714886,471765
Nicaragua,1972,65030,770839,517618,734640,485455
Nicaragua,1973,66875,790871,536951,755118,499467
Nicaragua,1974,69147,815204,555015,777671,515036
Nicaragua,1975,71500,841880,571714,801116,530733
Nicaragua,1976,73944,869322,588418,825701,546463
Nicaragua,1977,76483,897015,605333,851495,562203
Nicaragua,1978,78954,923851,622050,878322,577144
Nicaragua,1979,81256,948242,637771,906029,591224
Nicaragua,1980,83806,974026,654647,934561,605362
Nicaragua,1981,86671,1002679,673396,963795,619136
Nicaragua,1982,89561,1031274,692435,993401,632072
Nicaragua,1983,92473,1059025,711579,1022992,644216
Nicaragua,1984,95448,1085257,730674,1052557,655170
Nicaragua,1985,98569,1110716,750310,1082095,664787
Nicaragua,1986,101887,1136383,771406,1111090,673393
Nicaragua,1987,105394,1162294,794035,1139389,681052
Nicaragua,1988,109113,1189750,818719,1166628,688103
Nicaragua,1989,113042,1220384,845924,1192505,694622
Nicaragua,1990,117066,1253516,874520,1217124,700335
Nicaragua,1991,121164,1288796,903930,1240366,705374
Nicaragua,1992,125315,1326356,933877,1262127,709351
Nicaragua,1993,129478,1366216,963769,1282673,711592
Nicaragua,1994,133638,1408398,993494,1301591,712191
Nicaragua,1995,137766,1452559,1022866,1318389,711350
Nicaragua,1996,143923,1500217,1047464,1330341,708029
Nicaragua,1997,152159,1551042,1066781,1337224,702362
Nicaragua,1998,160351,1602773,1083893,1341331,695304
Nicaragua,1999,168606,1655490,1098777,1342997,688143
Nicaragua,2000,177154,1709151,1111830,1342486,682007
Nicaragua,2001,185992,1763437,1123060,1339951,675373
Nicaragua,2002,195200,1818625,1132766,1335479,667834
Nicaragua,2003,204741,1874732,1141744,1328735,661008
Nicaragua,2004,214551,1932008,1150052,1320589,655698
Nicaragua,2005,224053,1992478,1159788,1312938,652839
Nicaragua,2006,231149,2052486,1173794,1307713,653701
Nicaragua,2007,236329,2110557,1189543,1303185,657617
Nicaragua,2008,241576,2170190,1204193,1298086,662536
Nicaragua,2009,246829,2231139,1217379,1294140,667101
Nicaragua,2010,252092,2293682,1228611,1292442,670605
Nicaragua,2011,257383,2358102,1238205,1292131,673213
Nicaragua,2012,263076,2424243,1245884,1292772,675294
Nicaragua,2013,269893,2491425,1250952,1295020,676538
Nicaragua,2014,278604,2558544,1254025,1298345,676949
Nicaragua,2015,288717,2625875,1255775,1302470,676555
Nicaragua,2016,299127,2694776,1255494,1307699,675538
Nicaragua,2017,309579,2765231,1253016,1314381,673999
Nicaragua,2018,320467,2836442,1250012,1321266,671854
Nicaragua,2019,331633,2907720,1248171,1326907,669191
Nicaragua,2020,338780,2979319,1249816,1330905,666410
Nicaragua,2021,343103,3050817,1253751,1333606,663437
Nicaragua,2022,352619,3124241,1258340,1335255,660178
Nicaragua,2023,367038,3199467,1264321,1335552,657210
Niger,1950,23742,772788,500477,751078,549730
Niger,1951,23695,803144,517841,775854,564216
Niger,1952,23654,832783,535348,798071,582035
Niger,1953,23804,861659,553088,818792,601851
Niger,1954,24492,889707,571181,839730,621779
Niger,1955,25798,917051,589684,861675,641077
Niger,1956,27679,943994,608675,885008,659399
Niger,1957,30125,970850,628458,908688,677725
Niger,1958,32992,997986,649405,932451,696393
Niger,1959,36063,1025862,671589,956478,715476
Niger,1960,39216,1054868,694555,981326,735092
Niger,1961,42477,1085260,717289,1007811,755334
Niger,1962,45832,1117078,738070,1037562,775979
Niger,1963,49243,1150339,757724,1069693,796879
Niger,1964,52692,1185100,777708,1102474,817847
Niger,1965,56139,1221334,798668,1135215,838346
Niger,1966,59595,1258980,820929,1167582,858465
Niger,1967,63033,1298260,843520,1200220,878560
Niger,1968,66456,1339316,866182,1233141,898545
Niger,1969,69920,1381904,889061,1266160,918679
Niger,1970,73448,1425577,912661,1298976,939610
Niger,1971,77004,1469198,937583,1331552,960890
Niger,1972,80643,1511712,965448,1364219,982824
Niger,1973,84444,1554507,995612,1396989,1006316
Niger,1974,88392,1598983,1026443,1429800,1031338
Niger,1975,92508,1646074,1057449,1462983,1058010
Niger,1976,96839,1696238,1088425,1496927,1086534
Niger,1977,101415,1748886,1119985,1532120,1117316
Niger,1978,106242,1803967,1152155,1569058,1151518
Niger,1979,111321,1861573,1184806,1608400,1189457
Niger,1980,116601,1921173,1217318,1650757,1230120
Niger,1981,122027,1982001,1249533,1696159,1272292
Niger,1982,127574,2044206,1281711,1744665,1314578
Niger,1983,133247,2108403,1313937,1797254,1355805
Niger,1984,139041,2174932,1346457,1854121,1395422
Niger,1985,144971,2244860,1380055,1914595,1433977
Niger,1986,151113,2319270,1415513,1978070,1471848
Niger,1987,157457,2397398,1452728,2043501,1510070
Niger,1988,163985,2478691,1491749,2110336,1548991
Niger,1989,170676,2563427,1533307,2178291,1589082
Niger,1990,177530,2650919,1577671,2247280,1632666
Niger,1991,184502,2740281,1624410,2317182,1680524
Niger,1992,191597,2831632,1673617,2388430,1732356
Niger,1993,198886,2925269,1726529,2460689,1789415
Niger,1994,206506,3021466,1783633,2534235,1852425
Niger,1995,214543,3121904,1844994,2611686,1921409
Niger,1996,222861,3223230,1907901,2694211,1996643
Niger,1997,231398,3322433,1969893,2782625,2077628
Niger,1998,240324,3424647,2033514,2878716,2164216
Niger,1999,249583,3530490,2098589,2983319,2255432
Niger,2000,259172,3639480,2164609,3097544,2348830
Niger,2001,269231,3753032,2232282,3222854,2443249
Niger,2002,279800,3870252,2301305,3359054,2538740
Niger,2003,291039,3992367,2371477,3506660,2635437
Niger,2004,303120,4119943,2443210,3665670,2733900
Niger,2005,316055,4252345,2518709,3833601,2835481
Niger,2006,329921,4389363,2599468,4009594,2940237
Niger,2007,344848,4530555,2686622,4193783,3047796
Niger,2008,360963,4676001,2781569,4385522,3157865
Niger,2009,378126,4826130,2885290,4584383,3269744
Niger,2010,396022,4981740,2999048,4789348,3382674
Niger,2011,414188,5143636,3124170,4998757,3495535
Niger,2012,431960,5320230,3264246,5212588,3607743
Niger,2013,449527,5505601,3415898,5429472,3719395
Niger,2014,467665,5694000,3576057,5648505,3829685
Niger,2015,487264,5895956,3747570,5870823,3937877
Niger,2016,508395,6110434,3928086,6094866,4043969
Niger,2017,530242,6328970,4112456,6318285,4145486
Niger,2018,552797,6553528,4301087,6541628,4239028
Niger,2019,576164,6787324,4495397,6764432,4324445
Niger,2020,599197,7033453,4695945,6984861,4404157
Niger,2021,621637,7294687,4902946,7202385,4480489
Niger,2022,645643,7572138,5114886,7414586,4564724
Niger,2023,672580,7870074,5331037,7619019,4667152
Nigeria,1950,1116815,13599916,7011123,9292120,6263043
Nigeria,1951,1153611,13871771,7160179,9484395,6324125
Nigeria,1952,1190500,14144435,7314321,9658946,6408004
Nigeria,1953,1227495,14411965,7468861,9798289,6533199
Nigeria,1954,1265139,14679099,7622960,9914460,6694663
Nigeria,1955,1303515,14952040,7778647,10046158,6855275
Nigeria,1956,1342268,15229828,7936803,10198225,7008932
Nigeria,1957,1381241,15512435,8099089,10355035,7169675
Nigeria,1958,1420494,15791868,8262739,10514716,7334832
Nigeria,1959,1460249,16082146,8436161,10680212,7502913
Nigeria,1960,1500026,16397033,8624131,10855392,7677201
Nigeria,1961,1540057,16730413,8813593,11046544,7858700
Nigeria,1962,1580576,17080702,8988850,11265173,8049995
Nigeria,1963,1620210,17443923,9131573,11527427,8250438
Nigeria,1964,1657144,17817833,9251304,11825963,8459771
Nigeria,1965,1691254,18204541,9384343,12129665,8676950
Nigeria,1966,1722402,18599865,9532422,12433689,8899850
Nigeria,1967,1748625,18992567,9677379,12750794,9123687
Nigeria,1968,1774377,19393055,9823212,13083098,9359026
Nigeria,1969,1803497,19809170,9975411,13430264,9613559
Nigeria,1970,1835216,20244052,10140439,13791681,9882431
Nigeria,1971,1870085,20684122,10319205,14167461,10173796
Nigeria,1972,1908372,21117474,10523113,14561266,10491503
Nigeria,1973,1949948,21543298,10775605,14978590,10834674
Nigeria,1974,1994350,21975471,11072556,15423341,11213410
Nigeria,1975,2041697,22451748,11386596,15896469,11634285
Nigeria,1976,2092372,22967826,11705291,16404852,12087632
Nigeria,1977,2146793,23521273,12045666,16952857,12567971
Nigeria,1978,2204712,24105867,12403115,17540976,13071828
Nigeria,1979,2266335,24712331,12770424,18179772,13569344
Nigeria,1980,2331722,25361856,13160248,18878272,14032508
Nigeria,1981,2400463,26023836,13554344,19624946,14464485
Nigeria,1982,2472314,26678748,13946142,20410662,14870784
Nigeria,1983,2537885,27232781,14294402,21168174,15204965
Nigeria,1984,2603944,27802101,14667053,21944467,15508827
Nigeria,1985,2677814,28487473,15117385,22785484,15829761
Nigeria,1986,2750508,29162591,15584714,23612639,16125448
Nigeria,1987,2822972,29855346,16087275,24425573,16400490
Nigeria,1988,2896502,30586230,16637172,25230829,16669293
Nigeria,1989,2971114,31348479,17240159,25998784,16972414
Nigeria,1990,3046336,32145511,17902696,26703144,17323166
Nigeria,1991,3120485,32946563,18598494,27349836,17704709
Nigeria,1992,3194442,33773949,19330763,27950690,18122857
Nigeria,1993,3270682,34649786,20108288,28524181,18569057
Nigeria,1994,3348288,35557010,20903017,29102977,19024340
Nigeria,1995,3426536,36493403,21693374,29699860,19506170
Nigeria,1996,3505102,37457724,22465150,30306398,20020317
Nigeria,1997,3583924,38472953,23226689,30930969,20540163
Nigeria,1998,3664352,39554358,23988072,31578794,21060589
Nigeria,1999,3748586,40699623,24713019,32272631,21613367
Nigeria,2000,3838470,41899571,25367967,33043618,22232768
Nigeria,2001,3933927,43155553,25969528,33887041,22916448
Nigeria,2002,4035248,44469103,26530884,34782877,23653785
Nigeria,2003,4142860,45839516,27062418,35717238,24440517
Nigeria,2004,4255380,47258225,27599981,36704272,25239088
Nigeria,2005,4370870,48697554,28152582,37787505,26008643
Nigeria,2006,4489346,50148968,28712473,38969057,26757385
Nigeria,2007,4613429,51635416,29299177,40218096,27501031
Nigeria,2008,4744454,53160192,29915251,41522318,28252690
Nigeria,2009,4881516,54703430,30578970,42872465,29012968
Nigeria,2010,5023115,56270057,31328386,44259687,29761521
Nigeria,2011,5165480,57872572,32161656,45686695,30493072
Nigeria,2012,5302908,59504298,33048746,47156370,31188175
Nigeria,2013,5427383,61174583,33965739,48674513,31807089
Nigeria,2014,5542355,62878743,34913904,50207574,32354200
Nigeria,2015,5663352,64574023,35927377,51692727,32814258
Nigeria,2016,5795325,66321964,37053332,53136645,33136281
Nigeria,2017,5934266,68172275,38275012,54542683,33330184
Nigeria,2018,6079314,70036650,39523292,55878494,33420839
Nigeria,2019,6231787,71910569,40789167,57154501,33399441
Nigeria,2020,6379724,73867575,42103276,58348206,33297235
Nigeria,2021,6534599,75889545,43460139,59396909,33247925
Nigeria,2022,6712082,77965299,44856118,60290026,33327208
Nigeria,2023,6900487,80119535,46309032,61027089,33526624
Niue,1950,214,1633,904,1102,666
Niue,1951,217,1660,896,1120,672
Niue,1952,213,1662,881,1121,704
Niue,1953,216,1646,864,1110,764
Niue,1954,218,1629,853,1112,808
Niue,1955,225,1619,842,1128,835
Niue,1956,232,1610,834,1156,858
Niue,1957,234,1602,829,1181,892
Niue,1958,237,1594,820,1205,929
Niue,1959,242,1580,808,1243,953
Niue,1960,239,1563,790,1294,961
Niue,1961,238,1545,772,1355,960
Niue,1962,239,1557,763,1412,974
Niue,1963,244,1592,761,1468,990
Niue,1964,247,1629,764,1523,987
Niue,1965,251,1665,768,1590,953
Niue,1966,254,1684,776,1652,893
Niue,1967,260,1671,786,1676,869
Niue,1968,259,1624,804,1664,883
Niue,1969,254,1569,821,1644,895
Niue,1970,250,1518,839,1628,898
Niue,1971,248,1468,848,1614,881
Niue,1972,243,1420,844,1575,832
Niue,1973,243,1375,829,1509,762
Niue,1974,247,1319,803,1440,688
Niue,1975,253,1247,774,1362,617
Niue,1976,254,1181,745,1277,556
Niue,1977,255,1150,736,1208,519
Niue,1978,248,1140,740,1155,493
Niue,1979,238,1136,732,1107,460
Niue,1980,231,1130,714,1059,416
Niue,1981,225,1116,698,1009,365
Niue,1982,228,1099,677,931,346
Niue,1983,228,1070,639,835,357
Niue,1984,227,1042,586,751,368
Niue,1985,224,1007,518,685,369
Niue,1986,220,983,457,645,353
Niue,1987,216,982,434,625,327
Niue,1988,212,990,443,612,302
Niue,1989,213,997,445,603,279
Niue,1990,210,1003,442,589,262
Niue,1991,213,1005,436,572,250
Niue,1992,216,1011,425,552,239
Niue,1993,211,1021,407,531,233
Niue,1994,205,1025,394,509,229
Niue,1995,205,1025,388,480,228
Niue,1996,207,1018,384,454,227
Niue,1997,210,1001,370,436,225
Niue,1998,204,992,355,420,216
Niue,1999,204,987,342,400,205
Niue,2000,193,977,322,381,195
Niue,2001,186,971,297,363,190
Niue,2002,184,971,276,350,184
Niue,2003,191,957,258,347,175
Niue,2004,203,937,242,341,168
Niue,2005,208,924,225,327,165
Niue,2006,213,913,216,313,163
Niue,2007,220,901,220,304,165
Niue,2008,220,895,224,300,166
Niue,2009,228,890,217,302,164
Niue,2010,226,884,210,305,161
Niue,2011,226,881,205,308,156
Niue,2012,228,887,208,309,152
Niue,2013,223,882,218,311,152
Niue,2014,229,879,220,314,150
Niue,2015,232,884,221,317,149
Niue,2016,238,883,221,321,143
Niue,2017,242,876,225,325,135
Niue,2018,248,872,230,325,130
Niue,2019,257,868,237,324,128
Niue,2020,269,867,238,322,126
Niue,2021,279,876,239,318,124
Niue,2022,291,874,244,311,124
Niue,2023,297,859,257,304,124
North Korea,1950,304152,3622321,2251624,3186272,1752361
North Korea,1951,274536,3395241,2199385,3146053,1568359
North Korea,1952,264777,3287992,2220372,3112442,1368057
North Korea,1953,270012,3277093,2300001,3074183,1256131
North Korea,1954,281634,3313850,2402976,3025522,1218824
North Korea,1955,297248,3386705,2514016,2984298,1221059
North Korea,1956,314085,3479739,2624013,2892950,1289600
North Korea,1957,332008,3590646,2726588,2754017,1451424
North Korea,1958,350282,3718454,2812675,2651666,1630675
North Korea,1959,367949,3864348,2875094,2599292,1746309
North Korea,1960,384740,4026704,2918022,2583838,1809646
North Korea,1961,400721,4204696,2947589,2578629,1859080
North Korea,1962,415898,4399390,2958638,2614126,1874835
North Korea,1963,430486,4606822,2944194,2708830,1876724
North Korea,1964,444808,4819483,2910249,2800527,1914706
North Korea,1965,458959,5032461,2877728,2872864,1977363
North Korea,1966,472955,5244733,2795118,2994235,2062056
North Korea,1967,486919,5454510,2665255,3170243,2181421
North Korea,1968,500692,5660024,2569510,3347882,2287490
North Korea,1969,513911,5860096,2521581,3503049,2368983
North Korea,1970,526519,6057614,2509338,3633710,2445588
North Korea,1971,538692,6257568,2507220,3772508,2496462
North Korea,1972,550377,6456040,2544818,3912526,2511292
North Korea,1973,562017,6642194,2640237,4025456,2480453
North Korea,1974,574187,6814201,2733183,4149946,2401589
North Korea,1975,586940,6987565,2807544,4294087,2294899
North Korea,1976,600386,7110979,2929744,4434329,2167995
North Korea,1977,614715,7185291,3105229,4572306,2015233
North Korea,1978,629683,7288069,3282416,4652765,1883045
North Korea,1979,645034,7431393,3437832,4662418,1806763
North Korea,1980,661318,7605673,3569478,4639195,1761089
North Korea,1981,679791,7789672,3709291,4570506,1752008
North Korea,1982,701073,8007880,3850524,4440244,1776598
North Korea,1983,725217,8267800,3965434,4285090,1810452
North Korea,1984,751905,8509359,4091905,4137801,1844025
North Korea,1985,780427,8732725,4237816,3992588,1876784
North Korea,1986,810668,8952812,4379976,3863051,1904288
North Korea,1987,842731,9175748,4519922,3740734,1926286
North Korea,1988,876720,9426727,4603077,3647170,1949399
North Korea,1989,912747,9694207,4616167,3607894,1973273
North Korea,1990,951064,9966956,4596490,3597581,1999960
North Korea,1991,992159,10256289,4531524,3617816,2030756
North Korea,1992,1036095,10580519,4405283,3665671,2063243
North Korea,1993,1082845,10917920,4253653,3723520,2095304
North Korea,1994,1135044,11240802,4108629,3781252,2128121
North Korea,1995,1187353,11539813,3962296,3835594,2144140
North Korea,1996,1238298,11808221,3828757,3882780,2137607
North Korea,1997,1294704,12067898,3702459,3924074,2121628
North Korea,1998,1358372,12287686,3604620,3962226,2098603
North Korea,1999,1431140,12441163,3560318,3994693,2070226
North Korea,2000,1511285,12556003,3544367,4020113,2034089
North Korea,2001,1597691,12632426,3558063,4037957,1989174
North Korea,2002,1690481,12672410,3598245,4046717,1936070
North Korea,2003,1794975,12708771,3649160,4049654,1887767
North Korea,2004,1906105,12756347,3700994,4046895,1844540
North Korea,2005,2012056,12806033,3753471,4029168,1795634
North Korea,2006,2111896,12863961,3803355,3995223,1749993
North Korea,2007,2204801,12931623,3847713,3948922,1713236
North Korea,2008,2290810,13004450,3889332,3894488,1685441
North Korea,2009,2370669,13085608,3925889,3831221,1664842
North Korea,2010,2447877,13174319,3956246,3756005,1652693
North Korea,2011,2526880,13267113,3980114,3678052,1645594
North Korea,2012,2605063,13365527,3996088,3605582,1639343
North Korea,2013,2674989,13475655,4002975,3540321,1635370
North Korea,2014,2736076,13598464,4000444,3477946,1638176
North Korea,2015,2799398,13724459,3983275,3418474,1649578
North Korea,2016,2823185,13894350,3950177,3367210,1663214
North Korea,2017,2807055,14102630,3904984,3325556,1677274
North Korea,2018,2810947,14283399,3851789,3294937,1689846
North Korea,2019,2844295,14425346,3789687,3277992,1700048
North Korea,2020,2897886,14535915,3715786,3277947,1708500
North Korea,2021,2959402,14634170,3639433,3285281,1713963
North Korea,2022,3052014,14699331,3568445,3293878,1714872
North Korea,2023,3177403,14721751,3504370,3303086,1711253
North Macedonia,1950,81475,460415,255621,273275,177844
North Macedonia,1951,79018,472731,259720,274227,185289
North Macedonia,1952,77089,485758,262902,278286,190453
North Macedonia,1953,75625,499754,265448,286196,192397
North Macedonia,1954,74433,511438,265643,295041,193407
North Macedonia,1955,73458,520684,263856,303025,194610
North Macedonia,1956,72647,530299,262073,311639,194218
North Macedonia,1957,71851,539921,260049,320996,192397
North Macedonia,1958,71203,549739,257854,330409,190875
North Macedonia,1959,70746,559706,255244,340582,190766
North Macedonia,1960,70467,569565,253336,350848,190815
North Macedonia,1961,70467,580104,254727,358766,191084
North Macedonia,1962,70773,588609,258735,363592,190011
North Macedonia,1963,71566,596354,266559,365131,189117
North Macedonia,1964,72810,606169,276726,366739,188441
North Macedonia,1965,74463,616257,286198,369304,187236
North Macedonia,1966,76545,626862,296352,370127,187456
North Macedonia,1967,79007,638207,307454,368943,188880
North Macedonia,1968,81670,650417,318784,368267,189786
North Macedonia,1969,84293,663029,330984,368201,189841
North Macedonia,1970,86973,676219,343118,368120,189774
North Macedonia,1971,89829,690578,352107,368993,189708
North Macedonia,1972,92873,706691,357607,370164,190056
North Macedonia,1973,96262,726177,359828,370972,190577
North Macedonia,1974,99976,746705,361848,370664,191349
North Macedonia,1975,103945,766606,364715,369958,192740
North Macedonia,1976,108094,787225,365857,370551,194097
North Macedonia,1977,112114,808779,364984,372890,194371
North Macedonia,1978,115630,830949,364590,374671,194004
North Macedonia,1979,118324,854040,364744,375667,193740
North Macedonia,1980,120093,877974,364879,377311,192778
North Macedonia,1981,121137,901852,366054,379009,191009
North Macedonia,1982,121936,921974,365698,379882,189463
North Macedonia,1983,122835,937831,363091,379918,188219
North Macedonia,1984,124217,952924,359516,380066,186669
North Macedonia,1985,126478,966710,355882,380160,185095
North Macedonia,1986,129615,977843,353940,379412,183909
North Macedonia,1987,133389,986321,354152,377905,183384
North Macedonia,1988,137529,994194,354220,376242,183543
North Macedonia,1989,142079,1001906,353906,374241,183508
North Macedonia,1990,147087,1007995,354135,371373,183089
North Macedonia,1991,152355,1008140,350851,363420,181223
North Macedonia,1992,157611,1002660,342709,352151,177373
North Macedonia,1993,162755,995683,332537,342292,173575
North Macedonia,1994,168018,990952,325120,336743,171824
North Macedonia,1995,173642,993902,324053,336146,170775
North Macedonia,1996,178775,1002410,326437,336496,168419
North Macedonia,1997,183513,1011758,328842,336951,164685
North Macedonia,1998,189060,1020557,330834,337131,159980
North Macedonia,1999,195059,1030210,332463,335952,154388
North Macedonia,2000,200778,1041245,333430,332791,148996
North Macedonia,2001,206272,1052491,334050,328348,145121
North Macedonia,2002,211044,1062546,334455,324035,142384
North Macedonia,2003,214796,1071730,334386,320001,140487
North Macedonia,2004,218545,1081463,333454,315560,137543
North Macedonia,2005,222374,1091555,331852,310866,133143
North Macedonia,2006,226050,1099679,329145,305656,128684
North Macedonia,2007,229398,1103705,324231,300413,124210
North Macedonia,2008,232460,1105124,318472,294833,119930
North Macedonia,2009,235493,1106249,313668,286953,118215
North Macedonia,2010,238242,1106945,309510,277250,119539
North Macedonia,2011,240927,1105791,305097,268033,120568
North Macedonia,2012,244718,1102001,299717,260100,120725
North Macedonia,2013,250800,1095046,293295,253350,120761
North Macedonia,2014,258223,1087296,285998,246187,120108
North Macedonia,2015,265426,1080026,277516,238874,118494
North Macedonia,2016,272669,1071941,267843,232232,116553
North Macedonia,2017,280583,1062004,257718,226118,114423
North Macedonia,2018,289562,1049997,247022,221629,111487
North Macedonia,2019,299013,1036108,235292,219227,107965
North Macedonia,2020,305964,1020117,223691,217910,104294
North Macedonia,2021,309534,1006745,215980,217572,101225
North Macedonia,2022,313660,997768,212251,217984,98512
North Macedonia,2023,320531,988787,209764,217486,95162
Northern America (UN),1950,13352986,83639427,24808812,27365107,18838823
Northern America (UN),1951,13718187,84623759,24576494,28309517,19398703
Northern America (UN),1952,14080908,85582876,24435462,29622786,19618095
Northern America (UN),1953,14443733,86495419,24367458,30940266,19883466
Northern America (UN),1954,14817110,87354941,24345429,32205643,20297422
Northern America (UN),1955,15199180,88176523,24366874,33480770,20771364
Northern America (UN),1956,15568607,88957702,24534649,34719154,21271985
Northern America (UN),1957,15941503,89669331,24966819,35836461,21795347
Northern America (UN),1958,16325517,90282985,25608307,36886557,22286988
Northern America (UN),1959,16772968,90891029,26315672,38094509,22660297
Northern America (UN),1960,17283308,91529745,27001024,39503233,22931266
Northern America (UN),1961,17781108,92198924,28000891,40694915,23153871
Northern America (UN),1962,18243309,92938920,29455670,41534579,23244378
Northern America (UN),1963,18669072,93718491,30970441,42354762,23157613
Northern America (UN),1964,19101603,94503185,32435627,43229974,22953579
Northern America (UN),1965,19618857,95239141,33896842,44090752,22578484
Northern America (UN),1966,20115335,96100085,35313709,44890443,21986324
Northern America (UN),1967,20537163,97248937,36601230,45499043,21310988
Northern America (UN),1968,20959034,98543673,37802879,45862183,20667719
Northern America (UN),1969,21389197,99793023,39091115,46004849,20151347
Northern America (UN),1970,21887826,101036873,40569960,45919925,19914997
Northern America (UN),1971,22387713,102700690,41905731,45600177,19821632
Northern America (UN),1972,22856608,104794133,42878425,45031321,19606849
Northern America (UN),1973,23349795,106902804,43803569,44274597,19281857
Northern America (UN),1974,23872382,108942424,44781134,43490519,18907754
Northern America (UN),1975,24450264,110957851,45722739,42800515,18439912
Northern America (UN),1976,25058822,113005701,46575482,42079271,17997469
Northern America (UN),1977,25695111,115123033,47217799,41163588,17881693
Northern America (UN),1978,26361746,117313592,47598798,40127924,18063375
Northern America (UN),1979,27055098,119590687,47755468,39125183,18375359
Northern America (UN),1980,27746160,121968419,47663015,38315936,18787641
Northern America (UN),1981,28380384,124398917,47347789,37765963,19241720
Northern America (UN),1982,28999881,126854213,46836211,37476006,19644162
Northern America (UN),1983,29638118,129345547,46181587,37366417,19953422
Northern America (UN),1984,30294138,131815107,45526032,37313087,20161017
Northern America (UN),1985,30954705,134250664,44962416,37249359,20284653
Northern America (UN),1986,31634110,136651877,44332820,37241048,20387902
Northern America (UN),1987,32326894,138992078,43468265,37495999,20501214
Northern America (UN),1988,32982945,141278129,42477154,37976692,20688308
Northern America (UN),1989,33625978,143497957,41502761,38498947,20997432
Northern America (UN),1990,34270774,145684677,40841713,39128569,21318257
Northern America (UN),1991,34860538,147771253,40543313,39887062,21646282
Northern America (UN),1992,35419751,149687314,40494968,40621077,21961393
Northern America (UN),1993,35922885,151554188,40629914,41325024,22109210
Northern America (UN),1994,36351432,153475660,40801345,42007953,22062488
Northern America (UN),1995,36758317,155525665,40968194,42666222,21822574
Northern America (UN),1996,37116808,157614822,41195845,43279999,21496316
Northern America (UN),1997,37421783,159540408,41666880,43773470,21200718
Northern America (UN),1998,37673395,161332721,42364646,44172631,20982213
Northern America (UN),1999,37896715,163101094,43115034,44480499,20868214
Northern America (UN),2000,38136878,164873753,43908913,44662528,20870691
Northern America (UN),2001,38417423,166767255,44668280,44741063,20976059
Northern America (UN),2002,38745334,168814935,45276241,44741184,21119164
Northern America (UN),2003,39126826,170890627,45850860,44675178,21277748
Northern America (UN),2004,39571314,173010920,46428551,44537758,21446103
Northern America (UN),2005,40065030,175223424,47006654,44349367,21586522
Northern America (UN),2006,40684214,177379904,47553429,44167265,21777033
Northern America (UN),2007,41551186,179351768,47982076,44039992,22081833
Northern America (UN),2008,42591891,181171859,48322195,44029424,22372530
Northern America (UN),2009,43668450,182960643,48593425,44142214,22551150
Northern America (UN),2010,44730509,184841652,48783490,44373215,22594100
Northern America (UN),2011,45976831,186584198,48901489,44754255,22505143
Northern America (UN),2012,47542609,188032453,48938986,45264847,22318746
Northern America (UN),2013,49180820,189478585,48906092,45794964,22102219
Northern America (UN),2014,50779292,191027576,48808297,46233388,21958688
Northern America (UN),2015,52374334,192654670,48667461,46521626,21927793
Northern America (UN),2016,54013991,194308549,48582480,46731337,21953530
Northern America (UN),2017,55745010,195835606,48598841,46950299,21940583
Northern America (UN),2018,57571625,197150093,48720315,47116138,21850155
Northern America (UN),2019,59512702,198255364,48942122,47239555,21678981
Northern America (UN),2020,61366351,198750018,49032633,47181914,21332375
Northern America (UN),2021,63089957,198703032,49073724,46877115,20924696
Northern America (UN),2022,65082013,198871804,49321078,46449294,20680778
Northern America (UN),2023,67422376,199319362,49611582,45939721,20529849
Northern Mariana Islands,1950,217,2627,1336,1804,1146
Northern Mariana Islands,1951,220,2637,1339,1803,1258
Northern Mariana Islands,1952,220,2629,1338,1813,1352
Northern Mariana Islands,1953,222,2615,1349,1847,1429
Northern Mariana Islands,1954,219,2611,1348,1932,1480
Northern Mariana Islands,1955,228,2600,1342,2058,1521
Northern Mariana Islands,1956,239,2574,1334,2195,1578
Northern Mariana Islands,1957,244,2530,1331,2336,1654
Northern Mariana Islands,1958,252,2518,1348,2471,1712
Northern Mariana Islands,1959,257,2555,1392,2595,1715
Northern Mariana Islands,1960,264,2625,1447,2721,1702
Northern Mariana Islands,1961,266,2685,1500,2865,1701
Northern Mariana Islands,1962,273,2745,1553,3016,1713
Northern Mariana Islands,1963,280,2820,1614,3155,1748
Northern Mariana Islands,1964,288,2893,1693,3271,1802
Northern Mariana Islands,1965,292,2956,1789,3382,1857
Northern Mariana Islands,1966,301,3025,1914,3498,1898
Northern Mariana Islands,1967,302,3035,2017,3536,1879
Northern Mariana Islands,1968,295,2943,2035,3414,1804
Northern Mariana Islands,1969,276,2784,1986,3204,1756
Northern Mariana Islands,1970,280,2853,2057,3167,1835
Northern Mariana Islands,1971,305,3264,2305,3382,2032
Northern Mariana Islands,1972,343,3798,2583,3700,2235
Northern Mariana Islands,1973,380,4303,2834,4009,2379
Northern Mariana Islands,1974,406,4643,3013,4167,2448
Northern Mariana Islands,1975,420,4878,3116,4211,2458
Northern Mariana Islands,1976,441,5141,3181,4256,2437
Northern Mariana Islands,1977,465,5416,3220,4297,2415
Northern Mariana Islands,1978,486,5703,3231,4325,2405
Northern Mariana Islands,1979,499,5997,3244,4341,2427
Northern Mariana Islands,1980,514,6535,3622,4486,2488
Northern Mariana Islands,1981,531,7473,4497,4759,2587
Northern Mariana Islands,1982,545,8652,5496,4958,2723
Northern Mariana Islands,1983,557,10016,6447,5064,2876
Northern Mariana Islands,1984,577,11569,7285,5123,3044
Northern Mariana Islands,1985,598,13299,7969,5171,3244
Northern Mariana Islands,1986,623,15202,8453,5262,3461
Northern Mariana Islands,1987,656,17283,8715,5427,3672
Northern Mariana Islands,1988,699,19534,8768,5669,3867
Northern Mariana Islands,1989,740,21971,8619,5960,4037
Northern Mariana Islands,1990,777,23734,8267,6259,4327
Northern Mariana Islands,1991,812,24430,7838,6564,4769
Northern Mariana Islands,1992,845,24824,7468,6880,5187
Northern Mariana Islands,1993,871,25157,7182,7232,5530
Northern Mariana Islands,1994,904,25430,6974,7641,5804
Northern Mariana Islands,1995,927,25976,7159,8103,6027
Northern Mariana Islands,1996,952,27709,8330,8524,6209
Northern Mariana Islands,1997,970,30586,9882,8878,6291
Northern Mariana Islands,1998,1000,33979,10928,9225,6224
Northern Mariana Islands,1999,1037,37895,11426,9562,6013
Northern Mariana Islands,2000,1089,40573,10970,9806,5935
Northern Mariana Islands,2001,1167,41047,9790,9933,6066
Northern Mariana Islands,2002,1251,40668,8715,10021,6146
Northern Mariana Islands,2003,1320,40005,7903,10101,6109
Northern Mariana Islands,2004,1385,39086,7334,10155,5986
Northern Mariana Islands,2005,1443,37968,6976,10246,5740
Northern Mariana Islands,2006,1478,36684,6790,10319,5417
Northern Mariana Islands,2007,1512,35295,6730,10272,5149
Northern Mariana Islands,2008,1544,33817,6752,10085,4966
Northern Mariana Islands,2009,1582,32262,6840,9800,4861
Northern Mariana Islands,2010,1660,31064,7051,9473,4860
Northern Mariana Islands,2011,1781,30418,7350,9193,4890
Northern Mariana Islands,2012,1912,29926,7584,8987,4843
Northern Mariana Islands,2013,2059,29452,7700,8851,4713
Northern Mariana Islands,2014,2200,29020,7685,8777,4517
Northern Mariana Islands,2015,2331,28625,7568,8746,4268
Northern Mariana Islands,2016,2458,28254,7378,8703,4002
Northern Mariana Islands,2017,2571,27894,7159,8598,3759
Northern Mariana Islands,2018,2671,27504,6962,8414,3547
Northern Mariana Islands,2019,2757,27053,6831,8156,3357
Northern Mariana Islands,2020,2950,26642,6794,7907,3264
Northern Mariana Islands,2021,3263,26076,6749,7678,3237
Northern Mariana Islands,2022,3595,25268,6660,7408,3170
Northern Mariana Islands,2023,3950,24401,6614,7120,3080
Norway,1950,312293,1722209,439086,471793,319769
Norway,1951,318640,1737038,429375,495578,315283
Norway,1952,326247,1750501,422058,521285,307694
Norway,1953,333991,1762115,417786,542997,304082
Norway,1954,341232,1773111,415888,561059,303036
Norway,1955,348478,1784116,416354,575653,303854
Norway,1956,357035,1790931,416127,590525,306383
Norway,1957,366016,1794341,418331,604659,308561
Norway,1958,375088,1796100,428410,614398,308939
Norway,1959,384696,1794670,445057,619131,309203
Norway,1960,394887,1791447,466293,619713,308706
Norway,1961,405528,1788050,491890,616807,307312
Norway,1962,415810,1786389,517767,612284,306519
Norway,1963,425427,1784928,539623,609886,306563
Norway,1964,435054,1783837,557620,609599,308134
Norway,1965,445679,1783538,572292,609770,311817
Norway,1966,457246,1782066,586377,611067,315950
Norway,1967,468848,1782594,599673,612813,320103
Norway,1968,479615,1787965,610061,613570,324790
Norway,1969,489268,1798198,615268,615874,328608
Norway,1970,498331,1811896,616063,619368,329601
Norway,1971,507483,1829535,613944,622822,328874
Norway,1972,516933,1850108,610758,627230,327779
Norway,1973,526644,1867911,609130,632739,324065
Norway,1974,537372,1882293,609455,638686,317366
Norway,1975,548460,1894653,610676,643948,309512
Norway,1976,559306,1906089,612537,648482,299676
Norway,1977,570885,1917527,614567,652612,287531
Norway,1978,582316,1929611,616120,653974,276501
Norway,1979,592836,1941389,619194,651263,267665
Norway,1980,602793,1953500,623476,644659,261012
Norway,1981,612305,1967386,628120,634364,257336
Norway,1982,622681,1981002,633314,621139,256432
Norway,1983,633527,1993336,639018,606438,255828
Norway,1984,642243,2007014,645031,591084,254397
Norway,1985,652643,2018234,650580,576710,254015
Norway,1986,664596,2028117,656052,563262,254990
Norway,1987,673864,2042651,662212,550356,257486
Norway,1988,681599,2059651,665554,539332,263067
Norway,1989,687934,2076017,661623,529857,271204
Norway,1990,691634,2093254,652954,523156,280152
Norway,1991,694031,2114650,642826,520813,288999
Norway,1992,695803,2140193,630624,522830,296487
Norway,1993,695421,2168735,617237,528670,301466
Norway,1994,694658,2198355,603007,536595,303510
Norway,1995,694256,2225855,589281,545647,303604
Norway,1996,693461,2252179,576407,555566,303166
Norway,1997,692166,2280123,564064,565345,302918
Norway,1998,689358,2309593,554319,575273,302379
Norway,1999,685015,2340651,547179,586377,302174
Norway,2000,680468,2368931,542508,596893,301669
Norway,2001,676850,2390986,541051,605695,298657
Norway,2002,674168,2411021,544101,613825,294474
Norway,2003,673382,2429925,550499,618682,291738
Norway,2004,675451,2447435,558475,619898,290017
Norway,2005,679481,2466535,568555,619797,288264
Norway,2006,683376,2489774,580460,617784,288584
Norway,2007,688812,2519580,593437,614856,291795
Norway,2008,698412,2552294,607023,613664,296133
Norway,2009,713066,2579247,620726,613777,301195
Norway,2010,731751,2601961,635072,613338,306378
Norway,2011,754351,2626177,649094,612843,309799
Norway,2012,778500,2653404,660331,613488,311992
Norway,2013,800810,2682764,666660,616551,312561
Norway,2014,822619,2712942,669397,621365,310251
Norway,2015,843769,2741867,670113,626179,306991
Norway,2016,863952,2766332,668983,631387,304435
Norway,2017,884582,2786665,666316,636782,301526
Norway,2018,906544,2804269,663021,639716,297208
Norway,2019,929197,2824396,660587,640069,292452
Norway,2020,952538,2842764,657033,639329,286500
Norway,2021,976254,2857742,654133,637261,281487
Norway,2022,999013,2884091,656482,637084,278902
Norway,2023,1021712,2918603,666614,634525,276510
Oceania (UN),1950,902259,5895687,2002465,2243221,1538315
Oceania (UN),1951,925173,6048808,2007444,2340850,1592661
Oceania (UN),1952,948544,6185494,2012582,2453740,1628506
Oceania (UN),1953,973724,6303916,2018275,2566577,1664464
Oceania (UN),1954,999660,6413036,2029836,2676292,1705384
Oceania (UN),1955,1025753,6527474,2054637,2790979,1746151
Oceania (UN),1956,1051434,6644925,2094821,2906708,1786445
Oceania (UN),1957,1076527,6754352,2145597,3022086,1826546
Oceania (UN),1958,1100879,6856045,2203874,3135891,1869056
Oceania (UN),1959,1122901,6955438,2275975,3240063,1915377
Oceania (UN),1960,1143905,7056699,2360686,3337286,1963583
Oceania (UN),1961,1165826,7159074,2458605,3421867,2010984
Oceania (UN),1962,1187891,7259644,2570327,3489090,2053462
Oceania (UN),1963,1209103,7363826,2683229,3559456,2088450
Oceania (UN),1964,1229272,7474771,2794049,3641095,2114933
Oceania (UN),1965,1251042,7594769,2907304,3732243,2131306
Oceania (UN),1966,1273577,7725063,3016794,3831735,2138327
Oceania (UN),1967,1294326,7853224,3118859,3924705,2140522
Oceania (UN),1968,1313143,7981875,3218153,4006708,2149751
Oceania (UN),1969,1332896,8126532,3313460,4084180,2176119
Oceania (UN),1970,1362425,8323941,3414609,4168307,2224271
Oceania (UN),1971,1402576,8576424,3513865,4256369,2286225
Oceania (UN),1972,1442793,8808614,3586313,4321038,2334745
Oceania (UN),1973,1481023,9006007,3653998,4365536,2358971
Oceania (UN),1974,1520370,9199912,3733575,4408536,2365188
Oceania (UN),1975,1563560,9380859,3810994,4449001,2350808
Oceania (UN),1976,1610560,9542006,3888481,4485688,2315030
Oceania (UN),1977,1658237,9697607,3969262,4515899,2272868
Oceania (UN),1978,1709080,9853481,4047059,4533084,2239994
Oceania (UN),1979,1764758,10009932,4118816,4540482,2218904
Oceania (UN),1980,1820860,10188119,4182321,4549105,2213194
Oceania (UN),1981,1875420,10400176,4239173,4565115,2226689
Oceania (UN),1982,1927845,10634883,4292666,4580523,2253765
Oceania (UN),1983,1976861,10876330,4340525,4583151,2286607
Oceania (UN),1984,2027818,11114267,4383509,4573655,2320748
Oceania (UN),1985,2087069,11352561,4425076,4558676,2353066
Oceania (UN),1986,2156570,11597685,4468400,4542722,2383268
Oceania (UN),1987,2227977,11852286,4512167,4535948,2414938
Oceania (UN),1988,2296352,12113395,4547838,4548952,2448587
Oceania (UN),1989,2362462,12373805,4574216,4581659,2483538
Oceania (UN),1990,2433331,12642547,4602189,4635117,2524814
Oceania (UN),1991,2510388,12907226,4631955,4697116,2567189
Oceania (UN),1992,2581420,13149557,4652654,4759105,2602395
Oceania (UN),1993,2646595,13385320,4663474,4826530,2630861
Oceania (UN),1994,2708640,13637056,4672884,4899501,2653337
Oceania (UN),1995,2769148,13919513,4685169,4978386,2671344
Oceania (UN),1996,2829803,14228287,4694000,5056632,2688206
Oceania (UN),1997,2887658,14542677,4697479,5128074,2706929
Oceania (UN),1998,2944259,14844686,4708479,5195791,2725018
Oceania (UN),1999,3000424,15132752,4740110,5262647,2742242
Oceania (UN),2000,3059316,15406798,4796172,5326095,2762517
Oceania (UN),2001,3125030,15673251,4876757,5386338,2783673
Oceania (UN),2002,3192404,15946635,4977081,5443274,2804373
Oceania (UN),2003,3259841,16224816,5084916,5494397,2828283
Oceania (UN),2004,3331271,16500757,5189768,5539643,2855249
Oceania (UN),2005,3408603,16783648,5292758,5581819,2886817
Oceania (UN),2006,3493492,17088939,5398730,5623771,2932718
Oceania (UN),2007,3584558,17427410,5509468,5667909,2997818
Oceania (UN),2008,3680779,17792146,5625621,5717053,3071778
Oceania (UN),2009,3789108,18154755,5733301,5771801,3141458
Oceania (UN),2010,3911636,18492928,5814327,5834806,3197092
Oceania (UN),2011,4049004,18810626,5876271,5907815,3242881
Oceania (UN),2012,4201234,19125589,5938798,5989378,3291830
Oceania (UN),2013,4356915,19450338,6005176,6079679,3337920
Oceania (UN),2014,4508823,19786526,6070516,6176397,3372371
Oceania (UN),2015,4660644,20135669,6135062,6278189,3401117
Oceania (UN),2016,4816570,20508712,6202309,6387807,3427312
Oceania (UN),2017,4974978,20900014,6268615,6503712,3441943
Oceania (UN),2018,5139184,21284640,6326333,6616917,3443502
Oceania (UN),2019,5317643,21659545,6362842,6720800,3438501
Oceania (UN),2020,5507193,21977668,6354267,6807195,3427273
Oceania (UN),2021,5693923,22231226,6346593,6864348,3415995
Oceania (UN),2022,5865198,22482194,6387489,6893902,3414118
Oceania (UN),2023,6039355,22737468,6452235,6907856,3419331
Oman,1950,13969,163592,86787,115736,76911
Oman,1951,14444,165546,88085,118753,75930
Oman,1952,14902,167547,89544,121484,75355
Oman,1953,15341,169571,91147,122843,76263
Oman,1954,15759,171665,92848,122988,78566
Oman,1955,16156,173840,94608,123458,80748
Oman,1956,16530,176121,96477,124421,82627
Oman,1957,16879,178521,98497,125435,84655
Oman,1958,17218,181037,100757,126442,86884
Oman,1959,17565,183685,103311,127408,89351
Oman,1960,17928,186173,105994,128345,92051
Oman,1961,18295,188524,108675,129403,94962
Oman,1962,18691,191040,111118,131033,98068
Oman,1963,19107,193717,112288,134359,101362
Oman,1964,19520,196546,112341,139339,104840
Oman,1965,19931,199526,112756,144542,108490
Oman,1966,20355,202702,113686,149782,112290
Oman,1967,20770,206156,114708,155431,116253
Oman,1968,21202,209974,115760,161520,120346
Oman,1969,21641,214213,116807,168069,124531
Oman,1970,22085,218849,117877,175088,128792
Oman,1971,22538,223777,119103,182542,133165
Oman,1972,22997,228631,120865,190409,137688
Oman,1973,23478,232428,124236,198627,142414
Oman,1974,24039,237558,130396,207349,147652
Oman,1975,24701,245839,137997,216536,153796
Oman,1976,25442,256256,145949,226063,160992
Oman,1977,26269,268909,154750,236015,169372
Oman,1978,27175,283453,164120,246408,179155
Oman,1979,28144,299486,173760,257297,190435
Oman,1980,29164,316638,183475,269029,202941
Oman,1981,30260,335222,193433,281975,216436
Oman,1982,31440,355579,203782,296278,230605
Oman,1983,32708,377335,214281,312183,244956
Oman,1984,34052,399989,224655,329865,259161
Oman,1985,35453,427730,238819,351874,271612
Oman,1986,36890,461727,256883,377287,280637
Oman,1987,38386,498726,274894,402310,286688
Oman,1988,39956,538688,292843,426300,290784
Oman,1989,41581,581555,310527,448943,293627
Oman,1990,43274,627249,327725,470189,295519
Oman,1991,45041,675700,344287,489769,296679
Oman,1992,46886,726835,360076,507472,296971
Oman,1993,48802,778692,375300,523308,295573
Oman,1994,50378,808964,391339,536632,294525
Oman,1995,51605,818741,409061,547147,293974
Oman,1996,52872,829728,427727,555187,291407
Oman,1997,54174,842413,446498,560825,286810
Oman,1998,55478,857057,464608,564357,280986
Oman,1999,56718,873673,481514,566937,274056
Oman,2000,57809,892666,496696,567762,267192
Oman,2001,58664,914532,509683,564723,262606
Oman,2002,59120,939694,519832,558234,260252
Oman,2003,59360,967790,527897,550347,258395
Oman,2004,60660,998778,546504,541368,257500
Oman,2005,62893,1034366,574074,529946,258515
Oman,2006,64951,1076263,595897,516663,261003
Oman,2007,66858,1125503,609094,503339,265361
Oman,2008,68767,1182173,612289,491521,271766
Oman,2009,70796,1245591,605408,483001,279850
Oman,2010,73157,1323330,592625,478102,290219
Oman,2011,81488,1594888,616974,475182,308208
Oman,2012,93170,1991133,655782,479450,327544
Oman,2013,98786,2237844,655791,496426,345034
Oman,2014,102578,2377621,635979,521491,364735
Oman,2015,107712,2521310,624740,547579,383507
Oman,2016,111920,2675177,631953,571428,400343
Oman,2017,115648,2782242,628505,594198,416738
Oman,2018,118721,2818644,608345,622090,430008
Oman,2019,119799,2782010,588140,662594,438631
Oman,2020,117847,2678296,570518,715925,439854
Oman,2021,117692,2617571,563024,764289,437807
Oman,2022,125677,2760606,603602,804869,435437
Oman,2023,134294,2969782,671333,845879,427937
Pakistan,1950,647930,12807268,7043236,9386479,5964211
Pakistan,1951,690606,13146356,7210200,9611783,5922834
Pakistan,1952,737313,13493141,7382247,9822287,5941894
Pakistan,1953,786422,13849988,7559598,9989110,6044424
Pakistan,1954,836170,14218886,7742364,10095471,6244072
Pakistan,1955,885144,14602006,7930852,10185386,6494576
Pakistan,1956,932451,15001027,8126060,10302227,6752061
Pakistan,1957,977611,15416325,8329351,10446848,7014909
Pakistan,1958,1020671,15847379,8541600,10618605,7283710
Pakistan,1959,1062216,16293392,8762713,10818107,7558646
Pakistan,1960,1102508,16738820,8982911,11046755,7838240
Pakistan,1961,1142147,17163442,9186640,11309990,8119000
Pakistan,1962,1183599,17580572,9369676,11623959,8398294
Pakistan,1963,1229272,18009473,9516128,12018442,8674448
Pakistan,1964,1280512,18452008,9610285,12509676,8947504
Pakistan,1965,1337880,18908555,9693754,13054274,9214549
Pakistan,1966,1403994,19379890,9808285,13610072,9476429
Pakistan,1967,1479748,19868901,9955005,14173171,9737945
Pakistan,1968,1561734,20378434,10132459,14739590,9998296
Pakistan,1969,1646513,20910500,10340406,15307705,10255820
Pakistan,1970,1731220,21464242,10580247,15875561,10515449
Pakistan,1971,1807749,21997356,10845885,16432381,10764525
Pakistan,1972,1883927,22526967,11161809,16982720,11027768
Pakistan,1973,1968188,23063429,11567822,17532286,11330184
Pakistan,1974,2054719,23563455,12071074,18071082,11655153
Pakistan,1975,2145150,24075361,12634224,18603267,12003174
Pakistan,1976,2240411,24650394,13218707,19138814,12371913
Pakistan,1977,2340256,25294378,13817820,19689223,12760124
Pakistan,1978,2444437,26005554,14424416,20260394,13172518
Pakistan,1979,2556389,26872379,15081970,20859668,13626493
Pakistan,1980,2678901,28074535,15874836,21506832,14155700
Pakistan,1981,2804389,29386413,16655043,22185594,14770420
Pakistan,1982,2927909,30555862,17282874,22882729,15439719
Pakistan,1983,3050754,31629635,17802747,23615038,16129413
Pakistan,1984,3171418,32573766,18213935,24390626,16815095
Pakistan,1985,3295023,33571816,18637518,25236080,17488766
Pakistan,1986,3424308,34726490,19139803,26181802,18134285
Pakistan,1987,3555581,35933620,19673323,27215153,18752956
Pakistan,1988,3687589,37147748,20221185,28303423,19364716
Pakistan,1989,3819858,38342688,20770686,29429779,19973542
Pakistan,1990,3955968,39632263,21389048,30593079,20585140
Pakistan,1991,4093776,40949233,22039707,31792837,21184767
Pakistan,1992,4224258,41999216,22575557,33011881,21735851
Pakistan,1993,4355140,43023737,23154867,34258475,22227802
Pakistan,1994,4491632,44183942,23873123,35528732,22670550
Pakistan,1995,4631366,45404373,24688689,36789389,23068332
Pakistan,1996,4775239,46718922,25634121,38006070,23422629
Pakistan,1997,4920983,48058754,26657065,39163481,23731404
Pakistan,1998,5070444,49436671,27731168,40264792,24019161
Pakistan,1999,5224768,50848172,28837962,41315069,24339282
Pakistan,2000,5387088,52424204,30034383,42327808,24705502
Pakistan,2001,5554979,54090555,31273988,43286835,25064403
Pakistan,2002,5720283,55563687,32405586,44159017,25373812
Pakistan,2003,5890002,57055578,33548505,44959771,25656214
Pakistan,2004,6071278,58788978,34808001,45752429,25865123
Pakistan,2005,6257265,60610816,36058194,46527410,25999332
Pakistan,2006,6451030,62521291,37246985,47243650,26219535
Pakistan,2007,6663917,64784062,38506142,47912101,26626799
Pakistan,2008,6887981,67169011,39707914,48537766,27196226
Pakistan,2009,7117837,69479769,40758273,49095007,27925425
Pakistan,2010,7354273,71786493,41716471,49613265,28768312
Pakistan,2011,7588786,73930307,42489340,50185357,29552035
Pakistan,2012,7809462,75816437,43027166,50848512,30165296
Pakistan,2013,7999323,77494808,43381195,51617829,30580556
Pakistan,2014,8153230,79126991,43713135,52461152,30809862
Pakistan,2015,8302221,80701889,44061907,53343595,30880983
Pakistan,2016,8475961,82191804,44387435,54258419,30824940
Pakistan,2017,8682511,83832679,44798535,55194995,30764939
Pakistan,2018,8924368,85726143,45369017,56133213,30775823
Pakistan,2019,9195863,87721416,45974324,57070577,30838385
Pakistan,2020,9453024,89907060,46670115,57993371,30977883
Pakistan,2021,9703867,92248498,47515877,58779170,31230199
Pakistan,2022,10020016,94429036,48327254,59399334,31524856
Pakistan,2023,10385763,96370065,49077602,59881456,31789414
Palau,1950,630,2452,1141,1929,1341
Palau,1951,589,2514,1182,1991,1403
Palau,1952,551,2553,1230,2035,1469
Palau,1953,522,2601,1291,2075,1539
Palau,1954,500,2650,1362,2116,1603
Palau,1955,490,2696,1442,2172,1639
Palau,1956,483,2723,1522,2247,1639
Palau,1957,484,2757,1597,2335,1598
Palau,1958,478,2803,1647,2436,1560
Palau,1959,470,2853,1638,2565,1599
Palau,1960,460,2899,1602,2703,1684
Palau,1961,458,2939,1575,2839,1770
Palau,1962,464,2971,1566,2959,1855
Palau,1963,471,3002,1587,3082,1918
Palau,1964,479,3023,1646,3214,1950
Palau,1965,494,3020,1743,3336,1973
Palau,1966,513,2999,1881,3447,1984
Palau,1967,522,3010,2027,3500,1953
Palau,1968,506,3092,2137,3474,1894
Palau,1969,488,3197,2224,3423,1850
Palau,1970,490,3309,2309,3425,1860
Palau,1971,514,3425,2404,3527,1913
Palau,1972,544,3557,2502,3672,1941
Palau,1973,571,3680,2600,3803,1923
Palau,1974,580,3776,2652,3834,1869
Palau,1975,571,3851,2659,3791,1803
Palau,1976,569,3921,2654,3740,1738
Palau,1977,572,3979,2646,3681,1670
Palau,1978,587,4025,2637,3613,1603
Palau,1979,609,4045,2634,3547,1524
Palau,1980,634,4065,2673,3480,1444
Palau,1981,648,4196,2757,3415,1406
Palau,1982,660,4421,2855,3371,1414
Palau,1983,666,4661,2921,3335,1445
Palau,1984,683,4918,2956,3309,1493
Palau,1985,708,5186,2966,3301,1551
Palau,1986,737,5499,2970,3261,1577
Palau,1987,778,5858,2964,3193,1564
Palau,1988,823,6224,2926,3140,1551
Palau,1989,868,6588,2873,3104,1536
Palau,1990,904,6903,2868,3073,1534
Palau,1991,926,7198,2918,3039,1554
Palau,1992,938,7520,2943,3027,1589
Palau,1993,944,7868,2920,3029,1636
Palau,1994,953,8246,2856,3048,1693
Palau,1995,962,8640,2790,3077,1747
Palau,1996,971,9057,2788,3111,1756
Palau,1997,971,9501,2809,3144,1701
Palau,1998,976,9975,2807,3192,1598
Palau,1999,991,10462,2777,3242,1454
Palau,2000,1007,10815,2752,3289,1343
Palau,2001,1018,10959,2747,3339,1316
Palau,2002,1039,11040,2741,3385,1322
Palau,2003,1069,11125,2728,3424,1337
Palau,2004,1098,11214,2725,3446,1357
Palau,2005,1112,11237,2747,3384,1356
Palau,2006,1105,11159,2794,3220,1337
Palau,2007,1103,11038,2828,3040,1314
Palau,2008,1116,10912,2830,2879,1292
Palau,2009,1129,10786,2810,2739,1269
Palau,2010,1138,10662,2759,2616,1243
Palau,2011,1159,10522,2692,2506,1218
Palau,2012,1189,10375,2621,2416,1190
Palau,2013,1234,10309,2561,2387,1178
Palau,2014,1294,10347,2493,2411,1194
Palau,2015,1343,10401,2427,2423,1197
Palau,2016,1404,10464,2365,2413,1176
Palau,2017,1478,10531,2282,2402,1144
Palau,2018,1555,10598,2180,2401,1108
Palau,2019,1624,10655,2075,2396,1070
Palau,2020,1700,10666,2022,2391,1038
Palau,2021,1775,10609,2032,2376,1017
Palau,2022,1851,10527,2060,2347,999
Palau,2023,1932,10417,2111,2306,984
Palestine,1950,45087,303370,166460,255422,174293
Palestine,1951,44654,302221,170439,259005,176628
Palestine,1952,44222,301496,174879,262545,179168
Palestine,1953,43813,301222,179575,265756,182301
Palestine,1954,43461,301494,184083,269296,185688
Palestine,1955,43175,302329,188289,273488,189110
Palestine,1956,42948,303708,192245,277942,192911
Palestine,1957,42792,305622,195968,282797,196959
Palestine,1958,42634,308114,199580,287937,201269
Palestine,1959,42363,311260,203164,293325,205787
Palestine,1960,41959,315025,206701,298965,210432
Palestine,1961,41450,319351,210152,304847,215135
Palestine,1962,40826,324236,213426,310963,219894
Palestine,1963,40114,329269,216106,317480,224502
Palestine,1964,39204,332813,218003,322675,227981
Palestine,1965,38086,334310,218986,325852,230077
Palestine,1966,36747,333555,218477,327042,230582
Palestine,1967,35112,329736,216194,325642,229136
Palestine,1968,33481,324935,213300,323200,226836
Palestine,1969,32150,321995,211580,321991,225371
Palestine,1970,31264,322527,212176,324140,226178
Palestine,1971,30871,327317,215623,330445,229857
Palestine,1972,30898,335806,221592,340380,236077
Palestine,1973,31117,345965,229328,352174,243676
Palestine,1974,31318,356756,237254,364251,251552
Palestine,1975,31487,367581,244939,376096,259216
Palestine,1976,31620,377939,252673,387561,266604
Palestine,1977,31736,388291,260276,398711,273705
Palestine,1978,31880,398880,268072,410020,280650
Palestine,1979,32113,410116,276218,421874,287799
Palestine,1980,32466,422177,284903,434376,295135
Palestine,1981,32917,435214,294148,447691,302739
Palestine,1982,33520,449690,304242,462224,311317
Palestine,1983,34382,467000,316118,479340,321938
Palestine,1984,35579,487891,330251,499877,335014
Palestine,1985,36563,505070,341812,516145,345671
Palestine,1986,37350,518669,350882,528336,354077
Palestine,1987,39122,544876,368324,553205,371235
Palestine,1988,41197,574904,388266,581719,391223
Palestine,1989,42798,598502,403771,603428,407116
Palestine,1990,44504,623669,420112,626332,424448
Palestine,1991,46376,650785,437641,650931,443219
Palestine,1992,48366,679868,456247,677577,462638
Palestine,1993,50546,710708,475782,706370,481658
Palestine,1994,52986,743273,496334,737251,499318
Palestine,1995,55661,777666,517679,770548,514998
Palestine,1996,58567,813857,539835,806058,528511
Palestine,1997,61729,851835,563055,842909,540051
Palestine,1998,65012,887532,585438,876845,548065
Palestine,1999,68403,920549,606944,906607,553750
Palestine,2000,71994,954967,629435,935081,560321
Palestine,2001,75792,988069,652055,960126,566242
Palestine,2002,79875,1018026,674749,979126,570590
Palestine,2003,84150,1047384,698634,993912,573989
Palestine,2004,88452,1078433,724149,1007047,577093
Palestine,2005,92841,1112483,751895,1018482,581702
Palestine,2006,97331,1149937,781472,1028447,587905
Palestine,2007,101879,1190827,811601,1038060,594322
Palestine,2008,106526,1234756,840132,1045654,601965
Palestine,2009,111312,1280861,865638,1051831,611596
Palestine,2010,116321,1329002,888434,1059567,623586
Palestine,2011,121626,1379490,908304,1069011,637476
Palestine,2012,127209,1432348,924342,1080282,651131
Palestine,2013,132831,1488000,937156,1093280,663990
Palestine,2014,138867,1545535,947792,1107913,675772
Palestine,2015,145365,1606117,956258,1127100,686719
Palestine,2016,152137,1670428,962943,1150120,697106
Palestine,2017,159144,1732735,966767,1176490,707601
Palestine,2018,166256,1791956,969118,1206120,717132
Palestine,2019,173767,1850841,973726,1236129,723298
Palestine,2020,181250,1912158,983540,1267425,725304
Palestine,2021,188231,1975166,998268,1299555,724107
Palestine,2022,196430,2039005,1017217,1330312,722295
Palestine,2023,205671,2093363,1034630,1355618,719902
Panama,1950,30196,304743,160876,220501,144536
Panama,1951,30377,310972,164527,226940,149198
Panama,1952,30763,317433,168552,233586,154128
Panama,1953,31301,324146,172927,240401,159428
Panama,1954,31942,331108,177606,247753,164681
Panama,1955,32619,338348,182560,255714,169729
Panama,1956,33353,345864,187782,263988,174892
Panama,1957,34154,353699,193278,272645,180139
Panama,1958,35036,361914,199045,281728,185444
Panama,1959,36010,370569,205081,291145,191000
Panama,1960,37091,379683,211380,300806,197044
Panama,1961,38276,389315,217919,310762,203606
Panama,1962,39544,399465,224654,321062,210586
Panama,1963,40858,410104,231551,331773,217852
Panama,1964,42206,421159,238946,342671,225086
Panama,1965,43580,432616,246913,353838,231893
Panama,1966,44998,444478,255191,365600,238123
Panama,1967,46460,456779,263843,377839,243709
Panama,1968,47970,469574,272908,390408,248592
Panama,1969,49532,482933,282293,403206,252924
Panama,1970,51168,496895,291914,416074,257019
Panama,1971,52891,511491,301825,428913,260957
Panama,1972,54695,526734,312083,441581,264628
Panama,1973,56566,542580,322749,453916,267885
Panama,1974,58586,559346,333604,465760,270636
Panama,1975,60771,577110,344727,477041,272743
Panama,1976,63110,595597,356434,487665,274135
Panama,1977,65577,614886,368616,497412,275059
Panama,1978,68158,635044,381152,506076,275884
Panama,1979,70861,656031,393946,513697,277020
Panama,1980,73683,677806,406852,520421,278782
Panama,1981,76631,700412,419776,526233,281372
Panama,1982,79655,723876,432566,531254,284927
Panama,1983,82711,748224,445023,535712,289437
Panama,1984,85837,773595,456999,539937,294413
Panama,1985,89015,800189,468423,544093,299200
Panama,1986,92201,828114,479205,548336,303472
Panama,1987,95419,857371,489131,553059,306998
Panama,1988,98690,887878,497981,558631,309674
Panama,1989,102012,919291,505720,564949,311846
Panama,1990,105422,951716,512659,571716,314073
Panama,1991,108957,985386,518896,578817,316213
Panama,1992,112611,1019955,524432,586141,318202
Panama,1993,116434,1055276,529461,593597,320325
Panama,1994,120436,1091278,534288,601059,322480
Panama,1995,124563,1127955,539058,608374,324596
Panama,1996,128851,1165308,543920,615062,327077
Panama,1997,133409,1203148,549258,620851,330027
Panama,1998,138259,1241136,555442,625906,333162
Panama,1999,143392,1279136,562395,630511,336373
Panama,2000,148882,1317086,569760,635117,339516
Panama,2001,154780,1354890,577407,639937,342513
Panama,2002,161112,1392545,585252,645071,345342
Panama,2003,167939,1430093,593191,650520,348044
Panama,2004,175202,1467781,601100,656072,350971
Panama,2005,182878,1505852,608836,661520,353900
Panama,2006,190998,1544411,615902,667187,356476
Panama,2007,199539,1583605,622047,673163,359080
Panama,2008,208521,1623469,627446,679211,361924
Panama,2009,218016,1663755,632370,685552,364601
Panama,2010,227954,1704048,637261,691819,367346
Panama,2011,238300,1744175,642359,697583,370960
Panama,2012,249085,1784075,647786,703209,374951
Panama,2013,260260,1823838,653589,708953,378509
Panama,2014,272187,1863552,659687,714769,381689
Panama,2015,284810,1903617,666081,720718,384573
Panama,2016,297851,1944083,673065,727258,386584
Panama,2017,311515,1984594,680556,734245,387545
Panama,2018,326047,2024949,688067,741068,387465
Panama,2019,341444,2064909,695612,747314,385143
Panama,2020,355746,2102161,702055,753143,379843
Panama,2021,369381,2136879,707105,758784,372893
Panama,2022,385379,2172897,712410,763740,365940
Panama,2023,403400,2209827,718111,767222,359780
Papua New Guinea,1950,16922,522915,356128,393195,254281
Papua New Guinea,1951,17311,542222,357733,393878,263783
Papua New Guinea,1952,17701,562419,358482,396494,274450
Papua New Guinea,1953,18191,584306,359028,402191,286519
Papua New Guinea,1954,18695,606823,359018,410542,298427
Papua New Guinea,1955,19224,629860,358667,421783,309687
Papua New Guinea,1956,19789,653303,358221,435914,320218
Papua New Guinea,1957,20384,676733,358017,452110,330269
Papua New Guinea,1958,20991,699813,358418,469865,339882
Papua New Guinea,1959,21606,722388,359766,488523,349223
Papua New Guinea,1960,22219,744319,362382,507718,358478
Papua New Guinea,1961,22730,763403,366607,525457,367935
Papua New Guinea,1962,23061,779400,371988,541900,377578
Papua New Guinea,1963,23276,794115,378303,558585,387103
Papua New Guinea,1964,23424,807525,385571,574953,396860
Papua New Guinea,1965,23566,820340,393673,591266,406986
Papua New Guinea,1966,23855,833647,402427,608524,417332
Papua New Guinea,1967,24352,847110,411542,626652,427886
Papua New Guinea,1968,24950,860846,421019,645266,438729
Papua New Guinea,1969,25607,875781,430519,665210,449814
Papua New Guinea,1970,26353,891836,440288,686201,460952
Papua New Guinea,1971,27183,908691,450927,707652,471973
Papua New Guinea,1972,27919,928404,462544,729726,479839
Papua New Guinea,1973,28627,950796,475560,750938,484714
Papua New Guinea,1974,29539,973132,490553,769861,489588
Papua New Guinea,1975,30700,995732,507165,786698,494525
Papua New Guinea,1976,32149,1018762,525371,801472,499576
Papua New Guinea,1977,33929,1041985,545462,814558,504391
Papua New Guinea,1978,36080,1065540,567004,826234,508855
Papua New Guinea,1979,38633,1089319,589726,836475,513191
Papua New Guinea,1980,41639,1113652,612952,845680,517588
Papua New Guinea,1981,45050,1135990,634590,857275,524119
Papua New Guinea,1982,48752,1156723,654089,871862,532871
Papua New Guinea,1983,52700,1179226,672195,887040,542475
Papua New Guinea,1984,56852,1203325,689166,902782,553067
Papua New Guinea,1985,61160,1228988,705238,919111,564438
Papua New Guinea,1986,65572,1256316,720453,935879,576570
Papua New Guinea,1987,70019,1285352,735163,952769,589228
Papua New Guinea,1988,74433,1315809,749621,970223,601793
Papua New Guinea,1989,78894,1349273,763971,989536,614398
Papua New Guinea,1990,83989,1391474,779402,1013233,628368
Papua New Guinea,1991,89539,1444184,801098,1043355,643645
Papua New Guinea,1992,94975,1503456,830291,1078356,659606
Papua New Guinea,1993,100367,1566164,862429,1115840,676061
Papua New Guinea,1994,105755,1631193,895738,1154725,692780
Papua New Guinea,1995,111164,1698742,929975,1193369,711011
Papua New Guinea,1996,116633,1768916,964778,1230977,732040
Papua New Guinea,1997,122188,1842131,999692,1268591,755267
Papua New Guinea,1998,127765,1917983,1034890,1306372,779362
Papua New Guinea,1999,133432,1996262,1070724,1344224,804671
Papua New Guinea,2000,139235,2077109,1107069,1382157,831477
Papua New Guinea,2001,145463,2160021,1144954,1421388,856593
Papua New Guinea,2002,152082,2245022,1185060,1461874,879948
Papua New Guinea,2003,158675,2332288,1227407,1501821,903787
Papua New Guinea,2004,165255,2421907,1272029,1541663,927158
Papua New Guinea,2005,171832,2514016,1317238,1582684,950105
Papua New Guinea,2006,178452,2608740,1362097,1625769,972632
Papua New Guinea,2007,185197,2706349,1407366,1670482,993921
Papua New Guinea,2008,192156,2807492,1453111,1715840,1014363
Papua New Guinea,2009,199391,2912489,1498665,1761390,1034465
Papua New Guinea,2010,206962,3021269,1543346,1807366,1054536
Papua New Guinea,2011,214767,3132372,1585292,1852036,1074836
Papua New Guinea,2012,222622,3245291,1624181,1894470,1094784
Papua New Guinea,2013,230742,3361175,1660994,1936041,1113700
Papua New Guinea,2014,239332,3479676,1696174,1976561,1131647
Papua New Guinea,2015,248659,3598899,1731057,2016901,1147681
Papua New Guinea,2016,258771,3717767,1766624,2057152,1161356
Papua New Guinea,2017,269491,3837222,1802631,2095738,1173586
Papua New Guinea,2018,280954,3957788,1838305,2132567,1184857
Papua New Guinea,2019,293093,4079095,1873424,2168314,1195039
Papua New Guinea,2020,305278,4198169,1906273,2201184,1204790
Papua New Guinea,2021,317466,4313223,1937006,2231113,1214048
Papua New Guinea,2022,331264,4425760,1965288,2258469,1222356
Papua New Guinea,2023,347844,4538244,1991375,2283443,1228694
Paraguay,1950,56166,478234,273602,410624,285720
Paraguay,1951,58541,489998,275229,423098,291073
Paraguay,1952,61173,502092,277294,435613,296427
Paraguay,1953,63737,514528,279972,448775,301285
Paraguay,1954,66074,526940,283549,462648,305707
Paraguay,1955,68043,538986,288601,475897,310747
Paraguay,1956,69610,550520,295935,487894,316440
Paraguay,1957,70812,561575,305754,499095,322235
Paraguay,1958,71780,572433,317338,509850,328230
Paraguay,1959,72707,583578,329690,520469,334508
Paraguay,1960,73734,595424,342069,531118,341148
Paraguay,1961,74933,608134,354202,541909,348200
Paraguay,1962,76255,621765,366398,552955,355738
Paraguay,1963,78495,636001,377661,565105,364623
Paraguay,1964,81507,650489,388133,578540,374421
Paraguay,1965,84297,665484,398438,593361,383559
Paraguay,1966,86893,681597,408103,609758,391196
Paraguay,1967,89336,699018,417654,627312,396623
Paraguay,1968,91653,717401,427553,645630,400105
Paraguay,1969,93852,736450,438212,664087,402339
Paraguay,1970,95929,756083,449863,682141,403953
Paraguay,1971,97715,776528,463119,699446,405668
Paraguay,1972,99010,798328,478585,715863,408032
Paraguay,1973,101483,823020,494613,730577,411339
Paraguay,1974,105059,850057,510832,743711,415884
Paraguay,1975,108653,877152,528470,755728,421556
Paraguay,1976,112933,904472,547029,766043,428264
Paraguay,1977,117740,932717,566256,774430,436619
Paraguay,1978,122695,962043,586071,781621,446716
Paraguay,1979,127236,992717,606238,788872,458771
Paraguay,1980,130899,1024997,626608,796999,473601
Paraguay,1981,133759,1059109,646494,806567,491544
Paraguay,1982,135043,1094251,666112,819043,511613
Paraguay,1983,135199,1130408,685197,834639,532509
Paraguay,1984,135752,1168094,702733,852965,553284
Paraguay,1985,136882,1207181,718924,874754,572838
Paraguay,1986,138649,1248176,733591,900517,590456
Paraguay,1987,141061,1291408,746265,929841,606246
Paraguay,1988,144075,1336568,757415,961600,620834
Paraguay,1989,147717,1382911,767959,995142,634019
Paraguay,1990,152056,1429810,778450,1030069,645317
Paraguay,1991,157123,1476640,789551,1066014,655003
Paraguay,1992,162818,1522982,802293,1102025,663455
Paraguay,1993,168863,1569029,817211,1137513,670056
Paraguay,1994,174845,1615293,834818,1171521,674916
Paraguay,1995,180437,1662141,855789,1202462,678948
Paraguay,1996,185489,1709705,880618,1229871,681829
Paraguay,1997,190022,1757948,908944,1254225,683250
Paraguay,1998,194274,1806853,939670,1275516,683686
Paraguay,1999,198679,1855980,971926,1293624,682899
Paraguay,2000,203639,1903886,1004731,1308889,679697
Paraguay,2001,209286,1947665,1036305,1320978,673423
Paraguay,2002,215582,1986313,1065229,1329823,664354
Paraguay,2003,222630,2025960,1092631,1332271,652908
Paraguay,2004,230193,2069895,1118466,1328469,641116
Paraguay,2005,238042,2116169,1140849,1321584,631408
Paraguay,2006,246612,2164561,1159075,1310836,624001
Paraguay,2007,256019,2214463,1173629,1296243,618962
Paraguay,2008,265867,2266052,1185102,1279704,616775
Paraguay,2009,275898,2320589,1194355,1263437,616879
Paraguay,2010,285997,2380484,1203836,1249171,618388
Paraguay,2011,296216,2445992,1213682,1236880,621754
Paraguay,2012,306845,2514631,1222200,1225697,627516
Paraguay,2013,318292,2584803,1228443,1216409,634363
Paraguay,2014,330454,2655627,1231908,1209794,641884
Paraguay,2015,342478,2726970,1232349,1205815,651336
Paraguay,2016,354365,2798710,1229059,1205129,661698
Paraguay,2017,366566,2870331,1222029,1208912,670644
Paraguay,2018,379321,2940993,1212755,1216468,677666
Paraguay,2019,392787,3010439,1202848,1226721,682078
Paraguay,2020,405939,3079691,1193964,1240324,683627
Paraguay,2021,413387,3144697,1186020,1256583,683298
Paraguay,2022,421049,3206103,1177556,1273853,681706
Paraguay,2023,435729,3268298,1170114,1290550,679264
Peru,1950,263141,2763774,1426470,1880477,1343551
Peru,1951,272034,2830915,1466971,1930511,1393185
Peru,1952,281925,2898668,1508507,1986346,1441217
Peru,1953,292478,2966561,1549479,2048097,1488286
Peru,1954,303315,3036151,1588117,2116809,1534917
Peru,1955,314318,3108830,1624485,2192596,1581784
Peru,1956,325536,3184627,1659482,2273693,1630132
Peru,1957,336935,3263644,1693866,2359435,1679989
Peru,1958,348610,3345473,1729082,2449261,1731221
Peru,1959,360689,3429402,1767172,2542509,1783880
Peru,1960,373104,3514994,1810507,2637697,1837823
Peru,1961,385888,3602891,1859825,2733795,1892726
Peru,1962,404680,3690518,1915972,2825957,1947482
Peru,1963,428988,3777455,1979235,2914682,2001721
Peru,1964,453232,3865061,2049473,3004286,2055916
Peru,1965,476697,3953062,2126208,3095355,2109738
Peru,1966,498586,4042998,2207317,3189447,2162912
Peru,1967,519179,4135835,2291754,3286021,2215977
Peru,1968,538200,4232970,2378600,3385226,2268930
Peru,1969,555840,4335341,2466927,3487824,2320760
Peru,1970,571049,4432447,2550712,3584254,2362703
Peru,1971,590575,4532681,2633085,3678389,2403259
Peru,1972,618163,4645853,2718329,3777491,2450217
Peru,1973,638814,4766749,2800689,3880252,2496258
Peru,1974,652263,4895810,2880544,3985733,2542093
Peru,1975,667306,5030206,2961115,4088849,2586367
Peru,1976,682399,5170540,3044178,4192392,2627189
Peru,1977,694857,5320311,3130832,4299017,2664675
Peru,1978,703478,5481852,3221629,4408219,2700767
Peru,1979,710241,5653265,3316448,4517279,2735794
Peru,1980,712296,5835702,3414941,4628051,2769855
Peru,1981,711045,6028450,3516759,4739116,2803329
Peru,1982,711208,6229536,3623300,4844829,2837537
Peru,1983,712851,6439624,3734594,4944718,2874083
Peru,1984,716591,6657011,3847573,5040351,2913108
Peru,1985,722617,6879160,3959936,5131970,2954452
Peru,1986,730725,7101111,4070897,5217353,2996971
Peru,1987,740975,7323457,4181607,5297894,3038328
Peru,1988,753345,7552557,4293790,5377609,3077344
Peru,1989,767479,7788905,4405806,5457449,3112892
Peru,1990,783338,8033500,4516554,5538178,3143149
Peru,1991,800756,8277888,4620280,5619207,3165607
Peru,1992,819795,8527576,4718081,5700309,3180539
Peru,1993,841099,8789755,4813209,5781679,3187993
Peru,1994,872143,9060403,4905005,5856548,3187342
Peru,1995,913625,9339076,4993467,5922827,3179841
Peru,1996,956455,9626382,5076246,5985427,3166547
Peru,1997,998496,9925965,5156518,6043583,3149445
Peru,1998,1039624,10236137,5237300,6094317,3130563
Peru,1999,1085952,10546322,5312939,6130415,3110690
Peru,2000,1145405,10841928,5376276,6144027,3090467
Peru,2001,1219508,11117530,5426795,6134202,3066272
Peru,2002,1306661,11372787,5465668,6104277,3038397
Peru,2003,1403094,11610527,5495124,6058164,3013005
Peru,2004,1503901,11834272,5517001,6000617,2995648
Peru,2005,1610319,12041900,5529913,5933999,2984073
Peru,2006,1722674,12233604,5533461,5856073,2977445
Peru,2007,1836652,12416170,5528697,5772453,2975202
Peru,2008,1933725,12616867,5503979,5692882,2969758
Peru,2009,2012531,12838404,5460560,5629790,2953439
Peru,2010,2090130,13063136,5415146,5590853,2924409
Peru,2011,2167427,13295616,5372586,5573196,2892655
Peru,2012,2246898,13534931,5334090,5571947,2859621
Peru,2013,2329241,13780648,5300485,5578870,2825481
Peru,2014,2412377,14035673,5278499,5591717,2794042
Peru,2015,2491971,14305654,5278081,5611183,2766856
Peru,2016,2559253,14602189,5307629,5651550,2741734
Peru,2017,2628097,14929996,5353476,5688781,2719929
Peru,2018,2708054,15336022,5434652,5703090,2711266
Peru,2019,2788282,15734592,5514950,5698283,2708573
Peru,2020,2857947,16043969,5556667,5670912,2704137
Peru,2021,2898083,16321198,5596679,5634668,2700840
Peru,2022,2946424,16601466,5634318,5593146,2697090
Peru,2023,3041088,16892175,5665681,5552304,2691868
Philippines,1950,729945,5780432,3563660,5158778,3616715
Philippines,1951,707702,6001046,3715784,5334845,3808705
Philippines,1952,686871,6232540,3881340,5526760,4001242
Philippines,1953,667911,6476338,4056008,5752678,4179564
Philippines,1954,651676,6732789,4235620,6028029,4334391
Philippines,1955,639257,7002714,4416193,6324031,4498375
Philippines,1956,630003,7289852,4594926,6620841,4690187
Philippines,1957,623038,7596053,4769521,6937097,4890147
Philippines,1958,617989,7920119,4934800,7274565,5095053
Philippines,1959,617307,8256712,5095393,7632031,5306168
Philippines,1960,622461,8538647,5231925,7987398,5511444
Philippines,1961,631754,8770254,5348385,8339080,5703080
Philippines,1962,644142,9012854,5484212,8695216,5887028
Philippines,1963,659004,9260527,5655241,9039287,6060578
Philippines,1964,676522,9510130,5877413,9362399,6216472
Philippines,1965,696875,9759899,6122656,9697479,6348315
Philippines,1966,719728,10010937,6370093,10057061,6459250
Philippines,1967,744993,10267109,6639084,10415564,6554475
Philippines,1968,772586,10528806,6933990,10768518,6634342
Philippines,1969,801328,10794319,7249617,11109566,6705869
Philippines,1970,830060,11026255,7557343,11430463,6777983
Philippines,1971,861053,11225352,7857822,11725990,6848345
Philippines,1972,896456,11434688,8164645,11997928,6914751
Philippines,1973,934672,11675467,8464695,12242870,6976340
Philippines,1974,975270,11954021,8746863,12460572,7037539
Philippines,1975,1019498,12275584,9062428,12658499,7104746
Philippines,1976,1066103,12666201,9441327,12841120,7186656
Philippines,1977,1113874,13111176,9833582,13006344,7302915
Philippines,1978,1162310,13580674,10213518,13152613,7466103
Philippines,1979,1211024,14073382,10573211,13290564,7658859
Philippines,1980,1260725,14586332,10905552,13433704,7857372
Philippines,1981,1311087,15137319,11215765,13590929,8056575
Philippines,1982,1362162,15769915,11523539,13778889,8261159
Philippines,1983,1413950,16475110,11818428,14012847,8474243
Philippines,1984,1465681,17211703,12075330,14277834,8695593
Philippines,1985,1516745,17942435,12279536,14550342,8923901
Philippines,1986,1566647,18655813,12437286,14833054,9152229
Philippines,1987,1616595,19420105,12592882,15152514,9375348
Philippines,1988,1667439,20224297,12740636,15523548,9583084
Philippines,1989,1718379,20997152,12855723,15930101,9763850
Philippines,1990,1769767,21803423,12992564,16358171,9930687
Philippines,1991,1819529,22564471,13118296,16787749,10092146
Philippines,1992,1869322,23331788,13279642,17215398,10229923
Philippines,1993,1920969,24133046,13506668,17634981,10334894
Philippines,1994,1972478,24855720,13725762,18035466,10429806
Philippines,1995,2025838,25588259,13966376,18433040,10532661
Philippines,1996,2084471,26381239,14257039,18839014,10628397
Philippines,1997,2149574,27210341,14604069,19217086,10727661
Philippines,1998,2222651,28128799,15047517,19546998,10844977
Philippines,1999,2301140,29095969,15542967,19851960,10961129
Philippines,2000,2379496,30027431,16015613,20144563,11058198
Philippines,2001,2458952,30917776,16451902,20421063,11151689
Philippines,2002,2541186,31765330,16844092,20669394,11248771
Philippines,2003,2626162,32650520,17225690,20893660,11335685
Philippines,2004,2712182,33567544,17595799,21107062,11411797
Philippines,2005,2796995,34481218,17954247,21309331,11474027
Philippines,2006,2879010,35316716,18277150,21495443,11540525
Philippines,2007,2961135,36200091,18595774,21690894,11627124
Philippines,2008,3043645,37143706,18882082,21888739,11740748
Philippines,2009,3127059,38136987,19158580,22069638,11891805
Philippines,2010,3218770,39302842,19513051,22230722,12071537
Philippines,2011,3319846,40467979,19842014,22399921,12218634
Philippines,2012,3437605,41672298,20154687,22596350,12314334
Philippines,2013,3582447,42891546,20437715,22809761,12354616
Philippines,2014,3759613,44014322,20655043,23043211,12294680
Philippines,2015,3970279,45170017,20848162,23196216,12128039
Philippines,2016,4202762,46364929,21017401,23248238,11902101
Philippines,2017,4452224,47534497,21171175,23279776,11681709
Philippines,2018,4722102,48662622,21285430,23281559,11513242
Philippines,2019,5007391,49767752,21376810,23242282,11410104
Philippines,2020,5296226,50896119,21499449,23242670,11146439
Philippines,2021,5519856,51991663,21643410,23306591,10639131
Philippines,2022,5745089,53027301,21764843,23328233,10098659
Philippines,2023,6045539,54078928,21898941,23265363,9602192
Poland,1950,1298446,11472253,4782548,4353694,2873190
Poland,1951,1332498,11704139,4780064,4312724,3093158
Poland,1952,1368515,11932101,4776556,4315256,3279885
Poland,1953,1403380,12159374,4766283,4366560,3430700
Poland,1954,1437408,12390571,4731942,4543583,3486833
Poland,1955,1470813,12624244,4670039,4803575,3494861
Poland,1956,1504776,12854593,4593122,5060499,3522481
Poland,1957,1531465,13130065,4454470,5396246,3564164
Poland,1958,1571997,13399971,4317112,5758314,3596195
Poland,1959,1634023,13611907,4245031,6077250,3564280
Poland,1960,1704725,13815968,4177817,6398999,3478416
Poland,1961,1787583,14007794,4177875,6649433,3356967
Poland,1962,1869889,14179155,4275420,6797227,3216358
Poland,1963,1955201,14332128,4425065,6894692,3066884
Poland,1964,2041513,14476598,4602558,6940526,2931882
Poland,1965,2142651,14593441,4809669,6923486,2819020
Poland,1966,2255158,14677001,5064065,6842718,2729268
Poland,1967,2363062,14729545,5357479,6720601,2657869
Poland,1968,2471783,14760288,5669757,6573569,2602922
Poland,1969,2576601,14791000,5980026,6409221,2565866
Poland,1970,2679893,14823951,6291342,6217257,2530132
Poland,1971,2782899,14916833,6532701,6009358,2529448
Poland,1972,2896989,15086199,6675580,5801238,2581924
Poland,1973,3014193,15295443,6766791,5603066,2653712
Poland,1974,3126947,15524799,6807467,5434441,2748730
Poland,1975,3238194,15767496,6790202,5304892,2863532
Poland,1976,3334333,16037781,6709333,5233487,2981588
Poland,1977,3427789,16318083,6585574,5222438,3074532
Poland,1978,3510636,16601381,6444975,5244548,3132570
Poland,1979,3578443,16895933,6291143,5295256,3187460
Poland,1980,3601941,17233439,6112483,5386818,3241649
Poland,1981,3579956,17617059,5919507,5512232,3271979
Poland,1982,3549223,18006955,5723153,5642821,3311139
Poland,1983,3506869,18387462,5534501,5770633,3374066
Poland,1984,3490849,18707269,5375362,5919272,3412888
Poland,1985,3508876,18942584,5259368,6076038,3413845
Poland,1986,3536203,19124200,5191753,6212220,3388101
Poland,1987,3588078,19251190,5173345,6331347,3321593
Poland,1988,3672622,19320404,5185881,6462940,3175829
Poland,1989,3759755,19364735,5230422,6570382,3012584
Poland,1990,3845938,19386470,5319800,6614051,2888976
Poland,1991,3926279,19386208,5440798,6607988,2791479
Poland,1992,3996258,19385643,5572872,6559861,2718810
Poland,1993,4075452,19381305,5703845,6479356,2654746
Poland,1994,4165735,19374105,5839149,6379950,2585188
Poland,1995,4265212,19370174,5968355,6273795,2486859
Poland,1996,4362626,19383390,6078713,6161618,2372378
Poland,1997,4449843,19424532,6184337,6020653,2268226
Poland,1998,4527574,19495095,6296815,5831573,2174337
Poland,1999,4602428,19579973,6385156,5630875,2087922
Poland,2000,4682841,19691952,6443556,5421938,2016245
Poland,2001,4766083,19845794,6467112,5214487,1952346
Poland,2002,4846924,20013665,6445669,5029685,1892055
Poland,2003,4917300,20192294,6400549,4849484,1842728
Poland,2004,4983666,20379074,6324861,4670457,1808604
Poland,2005,5045041,20572314,6222441,4494589,1789349
Poland,2006,5092387,20764707,6108397,4318477,1786748
Poland,2007,5118817,20979519,5962725,4151250,1807717
Poland,2008,5133081,21233255,5769932,4003759,1855515
Poland,2009,5146926,21569611,5527144,3867430,1890377
Poland,2010,5168645,21841665,5341588,3781207,1961053
Poland,2011,5236695,21952620,5222051,3748576,2047172
Poland,2012,5362174,22029769,5061545,3730943,2061493
Poland,2013,5518587,22077247,4881314,3740936,2038643
Poland,2014,5691788,22090455,4704710,3776412,1998618
Poland,2015,5880778,22072188,4531892,3816392,1961425
Poland,2016,6084753,22019907,4363448,3855728,1935382
Poland,2017,6294331,21934598,4203835,3900823,1916670
Poland,2018,6501215,21823063,4057247,3948145,1906065
Poland,2019,6706296,21689337,3929364,3990245,1905074
Poland,2020,6893983,21532029,3826941,4017636,1894593
Poland,2021,7044676,21350116,3757498,4023769,1858061
Poland,2022,7294128,21430431,3772500,4060574,1821561
Poland,2023,7575386,21507634,3820911,4079683,1772252
Portugal,1950,591239,3767409,1569168,1593152,897677
Portugal,1951,602814,3818033,1566326,1597674,889129
Portugal,1952,613593,3865769,1552492,1598523,892827
Portugal,1953,626931,3911944,1537797,1602451,893405
Portugal,1954,634852,3957571,1522906,1610916,890517
Portugal,1955,647640,3992551,1503834,1621265,897412
Portugal,1956,658419,4021077,1480721,1640933,902749
Portugal,1957,663190,4053801,1456263,1668140,901755
Portugal,1958,675683,4084616,1441557,1684061,906733
Portugal,1959,687848,4108426,1441229,1689791,912963
Portugal,1960,699161,4127840,1447470,1690554,908091
Portugal,1961,710852,4149044,1440542,1680645,907195
Portugal,1962,722169,4167978,1418422,1667449,919658
Portugal,1963,731968,4179707,1401536,1656352,928644
Portugal,1964,737338,4184923,1388686,1645693,939029
Portugal,1965,753882,4172652,1374207,1640419,948367
Portugal,1966,772795,4143927,1365486,1644799,945372
Portugal,1967,783522,4112374,1364232,1653569,932049
Portugal,1968,797980,4078700,1361544,1659295,912093
Portugal,1969,809718,4038079,1359438,1663893,883012
Portugal,1970,825450,3992472,1360343,1664304,826848
Portugal,1971,846483,3995397,1378585,1668632,796385
Portugal,1972,869659,4047638,1413100,1677961,807132
Portugal,1973,895030,4107189,1441558,1682588,812765
Portugal,1974,916655,4172736,1464239,1682311,823129
Portugal,1975,947059,4231302,1485141,1676839,841851
Portugal,1976,980005,4286653,1507084,1680541,855867
Portugal,1977,1007403,4347640,1529600,1691926,861488
Portugal,1978,1037137,4408696,1553723,1698291,858437
Portugal,1979,1067499,4468012,1581303,1703444,842934
Portugal,1980,1099243,4528098,1608966,1710297,816896
Portugal,1981,1125788,4582840,1630109,1712676,786041
Portugal,1982,1145932,4635675,1637249,1705022,761824
Portugal,1983,1160538,4694840,1634253,1691040,744430
Portugal,1984,1173379,4753355,1628522,1674939,726531
Portugal,1985,1194994,4803529,1620597,1656030,704142
Portugal,1986,1223741,4847347,1612296,1631499,678016
Portugal,1987,1253068,4888834,1607303,1602642,649931
Portugal,1988,1282863,4925821,1604818,1568241,622615
Portugal,1989,1315459,4957340,1604899,1526388,597049
Portugal,1990,1348371,4982378,1611442,1473149,573922
Portugal,1991,1379855,4999989,1622515,1409881,556660
Portugal,1992,1410499,5022724,1626895,1348982,550950
Portugal,1993,1439448,5056802,1621184,1299984,554608
Portugal,1994,1469375,5099280,1612079,1261894,555534
Portugal,1995,1501145,5147709,1600919,1229282,552350
Portugal,1996,1532314,5199376,1584844,1202746,548001
Portugal,1997,1564059,5254798,1565079,1181802,544417
Portugal,1998,1595921,5312400,1543466,1164220,543102
Portugal,1999,1624641,5376728,1517595,1148994,546489
Portugal,2000,1658291,5447948,1491381,1135261,549831
Portugal,2001,1696280,5521107,1457172,1126010,553200
Portugal,2002,1728591,5591744,1410960,1121331,559813
Portugal,2003,1756326,5648722,1366730,1117988,563831
Portugal,2004,1785472,5690786,1326112,1116317,561996
Portugal,2005,1812907,5730308,1286641,1117689,554691
Portugal,2006,1837134,5770540,1252630,1116515,546485
Portugal,2007,1861942,5809054,1224499,1113163,537264
Portugal,2008,1889221,5836964,1199497,1109879,527546
Portugal,2009,1921276,5852484,1176949,1106159,518343
Portugal,2010,1957765,5854520,1158617,1100110,506486
Portugal,2011,1990351,5832900,1143822,1091529,497150
Portugal,2012,2017145,5794036,1129456,1081140,489957
Portugal,2013,2051164,5743992,1116062,1069663,475855
Portugal,2014,2091413,5691084,1107309,1055634,459057
Portugal,2015,2131772,5648328,1105511,1038704,444116
Portugal,2016,2173595,5611942,1101845,1025159,431898
Portugal,2017,2217872,5578976,1095615,1010803,425527
Portugal,2018,2262471,5552512,1091859,990170,426218
Portugal,2019,2313624,5537143,1090585,968441,431193
Portugal,2020,2368542,5525125,1091222,949387,433804
Portugal,2021,2417485,5514360,1090513,935575,430365
Portugal,2022,2464800,5507189,1087839,927681,426771
Portugal,2023,2512036,5488021,1082807,918770,426131
Puerto Rico,1950,79973,763929,409280,589403,386474
Puerto Rico,1951,81103,774603,406611,599026,386164
Puerto Rico,1952,82984,786318,404141,608488,381704
Puerto Rico,1953,85585,797084,401335,618655,375206
Puerto Rico,1954,88956,806442,398406,628894,368402
Puerto Rico,1955,92792,813716,396105,638688,362174
Puerto Rico,1956,96896,818413,395669,646508,357391
Puerto Rico,1957,101277,820302,398190,650955,353998
Puerto Rico,1958,106063,819296,404217,651865,351756
Puerto Rico,1959,111329,815383,413400,649997,351946
Puerto Rico,1960,117155,818145,428149,646894,353558
Puerto Rico,1961,123413,832311,447375,643718,354335
Puerto Rico,1962,129962,850178,465228,641173,354680
Puerto Rico,1963,136790,868822,479210,640905,354823
Puerto Rico,1964,143678,888252,488939,644637,353511
Puerto Rico,1965,150610,908389,495162,651414,351046
Puerto Rico,1966,157895,929031,499174,659221,348491
Puerto Rico,1967,165736,949710,502376,667117,345538
Puerto Rico,1968,173980,969502,506177,674585,341511
Puerto Rico,1969,182440,987471,511797,681169,335522
Puerto Rico,1970,189561,1008748,522317,683938,329830
Puerto Rico,1971,195048,1037017,536098,682571,327198
Puerto Rico,1972,200564,1068729,547768,680304,326952
Puerto Rico,1973,206519,1101376,556460,678333,328386
Puerto Rico,1974,212965,1135037,561918,676858,331356
Puerto Rico,1975,220135,1169091,565569,676628,334618
Puerto Rico,1976,227948,1201653,569621,678429,337225
Puerto Rico,1977,236129,1233125,575017,680235,339844
Puerto Rico,1978,244480,1263781,582792,680353,342650
Puerto Rico,1979,252913,1293326,592804,679462,346434
Puerto Rico,1980,259815,1323814,604070,675907,349968
Puerto Rico,1981,264684,1356567,613532,670772,350882
Puerto Rico,1982,269233,1390364,618619,668284,349270
Puerto Rico,1983,274295,1423838,620477,668362,345504
Puerto Rico,1984,280129,1456769,620373,670648,339092
Puerto Rico,1985,286730,1489294,618681,673682,330732
Puerto Rico,1986,293663,1521047,616610,674592,322652
Puerto Rico,1987,301119,1551979,614508,673130,316190
Puerto Rico,1988,309474,1581055,612689,668856,312793
Puerto Rico,1989,318433,1606690,613066,661960,311674
Puerto Rico,1990,328761,1630824,615223,653211,312856
Puerto Rico,1991,340833,1655995,617021,643965,315684
Puerto Rico,1992,353471,1681573,618413,635754,317009
Puerto Rico,1993,365538,1706682,619119,629423,316268
Puerto Rico,1994,376752,1731646,619240,624305,313957
Puerto Rico,1995,387359,1756997,618226,620288,310539
Puerto Rico,1996,397523,1781798,615621,618118,306675
Puerto Rico,1997,407745,1804720,613243,616365,303249
Puerto Rico,1998,418269,1824773,612457,614334,300451
Puerto Rico,1999,428882,1842138,613363,611989,297795
Puerto Rico,2000,440216,1855825,611114,607784,294553
Puerto Rico,2001,452845,1865922,602374,601921,289497
Puerto Rico,2002,466924,1874604,590385,596060,282215
Puerto Rico,2003,482547,1881455,578464,589650,273332
Puerto Rico,2004,499134,1885631,567788,581955,263504
Puerto Rico,2005,516196,1886219,558987,572981,253349
Puerto Rico,2006,533804,1882912,552402,562400,243900
Puerto Rico,2007,551695,1876559,547679,549867,236265
Puerto Rico,2008,568985,1867804,544809,535747,230507
Puerto Rico,2009,584914,1857288,543761,520643,226799
Puerto Rico,2010,594117,1852981,539771,503976,222025
Puerto Rico,2011,596633,1856135,529692,486203,212808
Puerto Rico,2012,600185,1857732,516383,469050,200634
Puerto Rico,2013,608102,1854816,501596,452242,187410
Puerto Rico,2014,620519,1846757,486135,435602,173607
Puerto Rico,2015,636216,1833173,470825,418349,160370
Puerto Rico,2016,654069,1814144,456341,399642,148843
Puerto Rico,2017,668521,1758034,426419,380456,135499
Puerto Rico,2018,685718,1710230,405612,361260,124358
Puerto Rico,2019,710543,1704840,408869,342201,118762
Puerto Rico,2020,732830,1694279,407736,326071,112173
Puerto Rico,2021,752255,1678673,402342,312354,104908
Puerto Rico,2022,769176,1668409,399874,300647,100205
Puerto Rico,2023,783336,1666097,400739,291395,97806
Qatar,1950,853,8632,4390,6045,4384
Qatar,1951,889,8822,4507,6259,4614
Qatar,1952,926,9023,4634,6486,4842
Qatar,1953,957,9238,4765,6758,5044
Qatar,1954,993,9452,4899,7072,5225
Qatar,1955,1025,9681,5044,7408,5401
Qatar,1956,1058,9942,5208,7769,5572
Qatar,1957,1088,10262,5402,8144,5760
Qatar,1958,1130,10701,5652,8538,5971
Qatar,1959,1172,11337,5997,8955,6216
Qatar,1960,1225,12351,6518,9403,6528
Qatar,1961,1310,14129,7385,9907,6968
Qatar,1962,1417,16655,8522,10468,7590
Qatar,1963,1532,19641,9742,11049,8430
Qatar,1964,1662,23053,11003,11663,9503
Qatar,1965,1801,26853,12263,12352,10813
Qatar,1966,1957,31173,13571,13155,12351
Qatar,1967,2138,36114,14969,14160,14074
Qatar,1968,2340,41650,16417,15423,15934
Qatar,1969,2565,47720,17873,16968,17916
Qatar,1970,2733,52358,20457,20846,19976
Qatar,1971,2833,55536,24547,26599,21840
Qatar,1972,2933,59242,29347,31653,23343
Qatar,1973,3036,63611,34684,35917,24605
Qatar,1974,3132,68773,40345,39386,25735
Qatar,1975,3224,74865,46052,42191,26768
Qatar,1976,3313,82016,51496,44445,27797
Qatar,1977,3397,90320,56471,46159,28951
Qatar,1978,3470,99872,60788,47450,30241
Qatar,1979,3525,110745,64245,48484,31680
Qatar,1980,3573,122931,66662,49476,33281
Qatar,1981,3610,136345,67915,50660,35031
Qatar,1982,3638,150923,67977,52163,36843
Qatar,1983,3653,166551,66987,53995,38536
Qatar,1984,3644,183016,65198,56182,39854
Qatar,1985,3632,199974,62954,58739,40651
Qatar,1986,3730,212751,62530,62054,41361
Qatar,1987,3965,220306,64757,65639,42347
Qatar,1988,4221,227280,67745,68521,43506
Qatar,1989,4490,234917,70724,70687,44841
Qatar,1990,4781,243288,73416,72420,46279
Qatar,1991,5097,252423,75612,74269,47458
Qatar,1992,5416,262446,77039,76459,48297
Qatar,1993,5714,273450,77523,78860,49007
Qatar,1994,5990,285367,77073,81475,49564
Qatar,1995,6241,298041,75847,84310,49897
Qatar,1996,6473,311209,74139,87294,49909
Qatar,1997,6783,325711,77497,90417,50103
Qatar,1998,7210,342626,86530,93230,50947
Qatar,1999,7648,362080,95076,95467,52239
Qatar,2000,8027,384073,101478,97595,53820
Qatar,2001,8345,408581,105418,100010,55579
Qatar,2002,8587,435481,106905,102952,57291
Qatar,2003,8769,464471,106320,106422,58708
Qatar,2004,8951,485885,106797,111025,60684
Qatar,2005,9572,516216,113704,120181,65744
Qatar,2006,11096,617673,147827,126413,69832
Qatar,2007,13015,790506,207317,125338,72424
Qatar,2008,14170,955998,248827,129606,78340
Qatar,2009,14206,1091956,257269,137572,85047
Qatar,2010,14749,1194455,262655,145627,91751
Qatar,2011,16823,1259030,278591,156724,99786
Qatar,2012,19645,1320115,290921,168938,107497
Qatar,2013,22048,1407474,305383,184080,113659
Qatar,2014,23553,1542250,333079,200050,119436
Qatar,2015,25503,1705157,358085,211154,127427
Qatar,2016,28234,1845048,369915,219437,136737
Qatar,2017,30374,1934987,369516,229443,142382
Qatar,2018,31584,1989075,355156,240795,144519
Qatar,2019,32782,2026745,331126,257488,149768
Qatar,2020,34967,2030250,306505,275095,156542
Qatar,2021,36704,2047055,293693,280350,157179
Qatar,2022,40238,2124952,286229,285616,155425
Qatar,2023,46835,2206816,273786,297135,154511
Reunion,1950,9566,93607,45590,56085,44383
Reunion,1951,9786,96271,46420,58634,47410
Reunion,1952,10040,98872,47298,61580,50410
Reunion,1953,10317,101484,48233,64975,53304
Reunion,1954,10615,104374,49263,69366,55525
Reunion,1955,10908,107474,50371,74391,57293
Reunion,1956,11178,110567,51473,79373,59005
Reunion,1957,11438,113948,52719,84584,60549
Reunion,1958,11667,117550,54200,89970,61686
Reunion,1959,11894,121201,56070,95373,62521
Reunion,1960,12153,124835,58388,100721,63465
Reunion,1961,12434,128280,61069,105783,64520
Reunion,1962,12684,131254,63958,110230,65734
Reunion,1963,12908,133900,67146,113915,67466
Reunion,1964,13172,136631,71232,116559,69583
Reunion,1965,13491,139313,75811,118579,71523
Reunion,1966,13868,141910,80271,120502,73187
Reunion,1967,14312,144565,84716,122446,74277
Reunion,1968,14779,147307,89113,124501,74688
Reunion,1969,15262,150254,93373,126597,74582
Reunion,1970,15772,153609,97565,128790,73356
Reunion,1971,16321,157391,101610,131130,71151
Reunion,1972,16901,161440,105345,133307,69044
Reunion,1973,17494,165770,108503,135411,67285
Reunion,1974,18140,171203,109768,137514,66203
Reunion,1975,18942,177672,109777,138523,66392
Reunion,1976,19883,184298,110053,138350,67351
Reunion,1977,20878,190969,110698,137786,68237
Reunion,1978,21915,197645,111840,136870,68815
Reunion,1979,22951,204255,113351,135919,68897
Reunion,1980,23993,210766,115163,135065,68149
Reunion,1981,25016,217207,117417,134158,67187
Reunion,1982,25972,223523,120613,133508,66018
Reunion,1983,26953,230640,123294,133543,64811
Reunion,1984,28084,238944,123868,134376,64410
Reunion,1985,29365,247974,122335,136143,64593
Reunion,1986,30783,257340,119423,138961,64370
Reunion,1987,32351,266794,116375,141578,64000
Reunion,1988,34021,276186,113687,143418,63937
Reunion,1989,35717,285451,111525,145138,63646
Reunion,1990,37437,295875,107948,147187,64106
Reunion,1991,39133,304890,107315,148330,64767
Reunion,1992,40719,311189,111637,147898,64958
Reunion,1993,42250,317446,116388,146900,65078
Reunion,1994,43815,323685,121285,145582,64963
Reunion,1995,45456,329330,126481,144791,64357
Reunion,1996,47169,334670,132070,144110,63383
Reunion,1997,48975,340603,136847,143417,62811
Reunion,1998,50843,347186,140459,142604,62916
Reunion,1999,52576,353505,144293,140131,63542
Reunion,2000,54054,360259,146753,136790,65213
Reunion,2001,55416,368202,146676,134074,67791
Reunion,2002,56784,376622,145445,132296,70077
Reunion,2003,58182,385346,143463,131358,72137
Reunion,2004,59581,391517,137725,133916,74190
Reunion,2005,61041,393441,130604,139649,75412
Reunion,2006,62630,394882,127839,145086,76166
Reunion,2007,64502,400085,128491,148748,76822
Reunion,2008,66767,407607,129999,148914,77124
Reunion,2009,69049,413627,130604,147682,77416
Reunion,2010,71542,418252,130332,147886,76358
Reunion,2011,74517,422681,129777,147066,72621
Reunion,2012,77544,426582,128799,143559,68437
Reunion,2013,80923,430341,127337,142054,66789
Reunion,2014,85478,435083,125929,145237,66779
Reunion,2015,89411,438175,124877,145535,66832
Reunion,2016,92548,439569,123139,141612,65797
Reunion,2017,96975,441381,120020,138165,62018
Reunion,2018,102715,442457,117161,135089,59316
Reunion,2019,107823,441795,115471,133350,58658
Reunion,2020,113183,441561,116747,131837,57865
Reunion,2021,119252,442883,117398,130462,57824
Reunion,2022,124526,443298,116070,129363,58018
Reunion,2023,130063,441185,117900,127332,58123
Romania,1950,1184603,7377539,3199600,3009055,1626471
Romania,1951,1185707,7540446,3222756,2961857,1714832
Romania,1952,1183099,7710793,3236182,2924588,1791379
Romania,1953,1178739,7887969,3235379,2907720,1847881
Romania,1954,1175432,8067441,3219024,2919579,1885165
Romania,1955,1173221,8245244,3188578,2956235,1911973
Romania,1956,1180904,8415390,3148158,3015641,1931385
Romania,1957,1197688,8575648,3094553,3088685,1930699
Romania,1958,1215733,8729351,3026714,3169191,1905117
Romania,1959,1236618,8878020,2954522,3261695,1856824
Romania,1960,1259736,9022920,2883390,3363331,1784104
Romania,1961,1286171,9164431,2818285,3457081,1696535
Romania,1962,1319461,9298777,2767140,3522184,1604096
Romania,1963,1360262,9421409,2740434,3550914,1514398
Romania,1964,1404860,9531385,2744601,3540358,1434187
Romania,1965,1451755,9627371,2774647,3496779,1362491
Romania,1966,1503064,9707153,2826068,3432297,1307660
Romania,1967,1561976,9786443,2908124,3337710,1404290
Romania,1968,1624722,9867463,3015412,3219513,1633922
Romania,1969,1684137,9943072,3126382,3098203,1850001
Romania,1970,1739442,10013298,3243229,2969838,2045803
Romania,1971,1794384,10087864,3349527,2842397,2219300
Romania,1972,1854526,10173850,3414839,2854522,2257823
Romania,1973,1917325,10273531,3428773,3019488,2159184
Romania,1974,1981957,10408923,3369553,3202209,2070895
Romania,1975,2052378,10571431,3256659,3368171,2019410
Romania,1976,2124865,10725735,3132016,3515828,1999225
Romania,1977,2200552,10817719,3040231,3635757,2005905
Romania,1978,2269517,10858379,2993848,3725606,2020692
Romania,1979,2323759,10904065,2949142,3828348,2014281
Romania,1980,2350166,10987074,2879443,3952066,1985988
Romania,1981,2339856,11110411,2793066,4083699,1945718
Romania,1982,2295914,11255545,2831849,4110109,1880999
Romania,1983,2225507,11412216,3009121,4019154,1793187
Romania,1984,2198495,11494434,3185402,3939521,1716121
Romania,1985,2219593,11503060,3325822,3891881,1665429
Romania,1986,2249168,11490236,3434480,3866767,1634058
Romania,1987,2291502,11457298,3526952,3832696,1637109
Romania,1988,2333748,11423794,3610091,3763669,1684093
Romania,1989,2379382,11380369,3714129,3677765,1735955
Romania,1990,2431879,11325743,3844128,3600474,1737268
Romania,1991,2481556,11263242,3979142,3541011,1682442
Romania,1992,2534283,11296195,3998185,3493138,1590573
Romania,1993,2596909,11421409,3889033,3450766,1484113
Romania,1994,2660092,11510968,3795287,3416361,1373487
Romania,1995,2723874,11549682,3739082,3358111,1286901
Romania,1996,2781716,11552155,3701818,3268685,1237452
Romania,1997,2833961,11533212,3652894,3190911,1200441
Romania,1998,2883577,11514120,3574997,3140610,1171485
Romania,1999,2927834,11516822,3496018,3074010,1151341
Romania,2000,2973385,11530182,3436438,2968888,1137249
Romania,2001,3024924,11531599,3398827,2839491,1124986
Romania,2002,3076312,11532111,3358223,2691889,1111419
Romania,2003,3116781,11538654,3292104,2550637,1095193
Romania,2004,3146962,11538636,3214945,2426046,1076531
Romania,2005,3164261,11536604,3121271,2330328,1060841
Romania,2006,3174348,11530248,3007989,2269777,1053296
Romania,2007,3183234,11503010,2903902,2228404,1052042
Romania,2008,3193656,11441116,2830860,2198305,1054615
Romania,2009,3215747,11367828,2759252,2172897,1060999
Romania,2010,3236351,11314892,2663631,2154241,1063293
Romania,2011,3256639,11263592,2563325,2144015,1054316
Romania,2012,3278913,11244290,2460934,2133018,1041165
Romania,2013,3301778,11256718,2354832,2123062,1026290
Romania,2014,3353079,11231570,2256247,2118804,1008116
Romania,2015,3419269,11166302,2173780,2116863,994346
Romania,2016,3475149,11076141,2118176,2114437,992639
Romania,2017,3526087,10968591,2078280,2116809,998933
Romania,2018,3575655,10849478,2046012,2119081,1006750
Romania,2019,3627262,10718299,2026281,2115393,1013455
Romania,2020,3687058,10562810,2019948,2109090,1012821
Romania,2021,3719387,10400815,2028692,2100258,998312
Romania,2022,3739696,10298243,2058365,2093784,975942
Romania,2023,3775643,10221402,2085238,2082200,953140
Russia,1950,5279960,44281143,22520619,19820179,11489973
Russia,1951,5401805,45632972,22475671,19108550,12225136
Russia,1952,5493401,47152781,22563286,18572128,12544240
Russia,1953,5693175,48739964,22659425,17942405,12816146
Russia,1954,5890562,50340194,22682704,17610530,12938676
Russia,1955,6009454,51895328,22614351,17612346,13028928
Russia,1956,6205940,53264942,22471558,17811770,13154298
Russia,1957,6417577,54424258,22010619,18613055,13264225
Russia,1958,6693646,55371122,21064423,20046856,13412115
Russia,1959,6954181,56100862,20121183,21729358,13387697
Russia,1960,7177114,56946010,19216913,23321996,13271495
Russia,1961,7424740,58039733,18572655,24318014,13248546
Russia,1962,7617524,59432728,18085312,24873976,13101547
Russia,1963,7827712,60967358,17518553,25352367,12783121
Russia,1964,8071554,62429240,17221600,25618040,12289070
Russia,1965,8357774,63591247,17264374,25796248,11623919
Russia,1966,8668307,64466735,17511432,25943793,10942725
Russia,1967,8964341,64831382,18275545,25938510,10332210
Russia,1968,9318333,64478076,19640326,25821687,9805937
Russia,1969,9687470,63906821,21250923,25468627,9447641
Russia,1970,10001677,63498549,22777970,24705812,9382444
Russia,1971,10340517,63597818,23717763,23880729,9449511
Russia,1972,10731525,64119775,24175049,23140779,9558497
Russia,1973,11114747,64692281,24608402,22312129,9746787
Russia,1974,11529711,65398523,24887906,21485878,9956322
Russia,1975,11972315,66172183,25090672,20729776,10170320
Russia,1976,12426585,66891386,25325331,20098784,10337730
Russia,1977,12916504,67594974,25436081,19637529,10454979
Russia,1978,13396670,68286457,25415229,19339080,10540680
Russia,1979,13812263,69057584,25093623,19239550,10612516
Russia,1980,14101474,69973019,24463828,19329343,10703883
Russia,1981,14100972,71056982,23897064,19576474,10718806
Russia,1982,13931838,72272519,23353971,19930076,10758056
Russia,1983,13876717,73500227,22652227,20300937,10999762
Russia,1984,13869476,74721611,21924662,20678951,11268023
Russia,1985,13788607,76009715,21275426,21032675,11461366
Russia,1986,13748996,77292977,20757895,21217120,11789148
Russia,1987,13819547,78409887,20405874,21360494,12149864
Russia,1988,14007177,79229413,20176584,21722809,12226650
Russia,1989,14377931,79751283,19986695,22137263,12026697
Russia,1990,14878798,80027772,19928451,22489840,11652711
Russia,1991,15461439,79967078,20055500,22860030,11102468
Russia,1992,16090723,79293229,20168260,23118418,10243415
Russia,1993,16682909,78497663,20389932,23297767,9265146
Russia,1994,17195139,78160234,20856103,23481400,8505884
Russia,1995,17621546,77993221,21290138,23481414,7902874
Russia,1996,17943922,77925567,21507069,23343443,7361874
Russia,1997,18175539,78071182,21701184,22956193,6946539
Russia,1998,18244058,78420180,22145788,22116525,6705541
Russia,1999,18120252,78830578,22669861,21083202,6534422
Russia,2000,18085870,79092058,23103809,20050957,6381100
Russia,2001,18244870,79101929,23532427,18911768,6321868
Russia,2002,18624620,79017158,24103405,17774913,6414648
Russia,2003,19111238,78844444,24473734,16746640,6613209
Russia,2004,19540921,78589005,24424444,15787746,6832882
Russia,2005,19863235,78566903,24160885,14967170,7034496
Russia,2006,20029101,78662568,23870480,14343014,7192512
Russia,2007,19915587,79125427,23482452,13953650,7377292
Russia,2008,19413836,80249203,22742751,13801533,7599032
Russia,2009,18778147,81586007,21872202,13782804,7844366
Russia,2010,18274697,82800006,21016969,13798939,8037998
Russia,2011,18138053,83752487,20001187,13872262,8273560
Russia,2012,18337003,84477930,18799391,14074405,8595588
Russia,2013,18623315,85083827,17629591,14401433,8858769
Russia,2014,19076778,85410410,16561122,14790078,9079702
Russia,2015,19658754,85535647,15614021,15165063,9326272
Russia,2016,20213947,85572830,14904231,15571927,9507960
Russia,2017,20810684,85383598,14463334,16065765,9455743
Russia,2018,21415027,84968698,14286414,16539142,9212795
Russia,2019,22063673,84352717,14260075,16988892,8858666
Russia,2020,22636852,83585169,14277670,17451633,8410048
Russia,2021,22935395,82694027,14354288,17901540,7941333
Russia,2022,23392858,81876266,14548786,18211032,7541061
Russia,2023,24137359,80995450,14821299,18269224,7204654
Rwanda,1950,59589,714533,458479,511604,412895
Rwanda,1951,63516,738347,463437,525364,445374
Rwanda,1952,67666,762720,466538,543892,475698
Rwanda,1953,71829,787092,468039,565780,505624
Rwanda,1954,75741,812110,468137,593877,532265
Rwanda,1955,79308,837735,467980,631393,551886
Rwanda,1956,82549,863997,467949,673998,568320
Rwanda,1957,85451,890911,468491,718392,584631
Rwanda,1958,88105,917122,470110,764161,600636
Rwanda,1959,90726,941070,473887,810539,616177
Rwanda,1960,93350,961121,480386,856444,630997
Rwanda,1961,95903,975955,489476,901031,644420
Rwanda,1962,98422,986042,501866,944061,655628
Rwanda,1963,100700,991747,516932,985880,663645
Rwanda,1964,102804,998085,539701,1024640,669606
Rwanda,1965,104979,1010082,575124,1057710,675320
Rwanda,1966,107036,1027425,618436,1087052,681677
Rwanda,1967,108956,1050066,665609,1114596,690356
Rwanda,1968,110779,1076402,714719,1139509,702600
Rwanda,1969,112584,1104629,763552,1161619,718886
Rwanda,1970,114424,1134897,810773,1181515,739061
Rwanda,1971,116248,1166745,855148,1199914,761989
Rwanda,1972,118127,1200894,896823,1217682,786808
Rwanda,1973,120281,1237387,937962,1235842,813570
Rwanda,1974,122545,1278769,975649,1255239,842033
Rwanda,1975,124591,1328405,1006278,1276565,871889
Rwanda,1976,126556,1382353,1032594,1300253,904207
Rwanda,1977,128516,1436877,1056110,1327127,939617
Rwanda,1978,130421,1491903,1076363,1358686,977799
Rwanda,1979,132155,1548100,1093913,1395951,1019429
Rwanda,1980,133806,1605689,1109780,1439200,1064787
Rwanda,1981,135381,1665038,1125021,1488988,1112808
Rwanda,1982,136811,1726597,1140589,1545521,1162039
Rwanda,1983,138393,1790232,1157475,1608500,1210712
Rwanda,1984,140662,1855319,1176568,1678126,1256954
Rwanda,1985,143836,1921240,1198532,1754260,1299361
Rwanda,1986,147788,1987515,1223698,1836624,1336261
Rwanda,1987,152410,2053458,1252747,1924157,1366718
Rwanda,1988,157658,2118211,1286812,2014574,1390816
Rwanda,1989,163304,2180744,1326512,2105899,1408247
Rwanda,1990,168636,2228968,1365331,2195170,1417202
Rwanda,1991,173444,2265019,1404560,2271237,1412702
Rwanda,1992,178037,2307862,1454508,2338781,1404075
Rwanda,1993,185081,2393688,1537371,2441416,1423583
Rwanda,1994,144817,1916399,1328031,2180289,1222819
Rwanda,1995,104618,1454516,1142914,1941211,1030856
Rwanda,1996,123073,1731566,1403747,2272323,1178054
Rwanda,1997,141575,2016297,1681658,2587532,1328170
Rwanda,1998,152018,2145763,1804086,2620590,1359222
Rwanda,1999,163551,2236340,1853605,2531750,1362664
Rwanda,2000,176132,2328190,1895920,2439607,1374080
Rwanda,2001,190131,2419606,1930028,2359637,1387685
Rwanda,2002,204450,2508816,1965139,2306539,1415235
Rwanda,2003,215969,2600543,2016354,2295984,1458021
Rwanda,2004,225443,2701985,2069033,2316072,1504309
Rwanda,2005,235139,2815210,2103775,2352607,1547795
Rwanda,2006,244661,2938782,2123359,2409256,1583186
Rwanda,2007,254112,3070953,2132690,2482119,1610059
Rwanda,2008,263564,3209617,2138163,2560052,1632863
Rwanda,2009,272908,3352035,2147185,2637372,1650930
Rwanda,2010,282203,3495280,2163842,2714367,1661857
Rwanda,2011,291845,3636486,2186923,2793515,1664962
Rwanda,2012,302579,3777708,2211087,2875855,1662664
Rwanda,2013,314574,3925177,2232380,2954664,1666533
Rwanda,2014,328356,4075216,2254861,3025165,1681148
Rwanda,2015,344665,4221044,2284583,3086876,1702847
Rwanda,2016,363132,4362865,2324104,3138250,1730820
Rwanda,2017,383474,4501365,2373734,3181847,1761630
Rwanda,2018,405445,4636903,2435085,3221267,1789285
Rwanda,2019,428883,4769699,2510135,3255141,1812230
Rwanda,2020,454115,4899418,2596155,3284138,1831996
Rwanda,2021,481526,5024626,2688579,3312800,1847709
Rwanda,2022,507998,5151077,2783140,3346242,1862547
Rwanda,2023,533294,5282794,2873148,3386779,1878434
Saint Barthelemy,1950,148,952,341,362,221
Saint Barthelemy,1951,151,979,350,374,221
Saint Barthelemy,1952,143,998,349,385,221
Saint Barthelemy,1953,146,1008,345,395,222
Saint Barthelemy,1954,156,1015,341,403,226
Saint Barthelemy,1955,160,1010,343,410,225
Saint Barthelemy,1956,157,990,357,418,221
Saint Barthelemy,1957,161,974,370,418,222
Saint Barthelemy,1958,165,965,383,419,230
Saint Barthelemy,1959,168,972,392,414,240
Saint Barthelemy,1960,168,976,402,412,254
Saint Barthelemy,1961,167,982,410,405,268
Saint Barthelemy,1962,162,987,423,400,283
Saint Barthelemy,1963,159,997,436,399,296
Saint Barthelemy,1964,161,1004,442,414,303
Saint Barthelemy,1965,162,1014,432,438,306
Saint Barthelemy,1966,168,1029,421,467,302
Saint Barthelemy,1967,170,1048,402,496,293
Saint Barthelemy,1968,170,1059,382,524,279
Saint Barthelemy,1969,169,1066,371,546,268
Saint Barthelemy,1970,168,1076,366,560,258
Saint Barthelemy,1971,169,1095,364,572,248
Saint Barthelemy,1972,165,1125,363,579,239
Saint Barthelemy,1973,155,1159,373,578,230
Saint Barthelemy,1974,148,1185,404,569,222
Saint Barthelemy,1975,150,1217,452,556,213
Saint Barthelemy,1976,149,1260,500,540,204
Saint Barthelemy,1977,152,1314,549,523,197
Saint Barthelemy,1978,158,1381,599,504,192
Saint Barthelemy,1979,163,1449,634,485,189
Saint Barthelemy,1980,171,1514,648,467,191
Saint Barthelemy,1981,169,1572,647,450,201
Saint Barthelemy,1982,167,1698,686,436,220
Saint Barthelemy,1983,163,1904,764,424,250
Saint Barthelemy,1984,164,2118,810,420,281
Saint Barthelemy,1985,163,2340,832,425,312
Saint Barthelemy,1986,170,2557,836,436,345
Saint Barthelemy,1987,180,2766,825,455,377
Saint Barthelemy,1988,187,2972,799,481,404
Saint Barthelemy,1989,196,3163,766,515,424
Saint Barthelemy,1990,218,3312,747,553,439
Saint Barthelemy,1991,251,3424,750,588,449
Saint Barthelemy,1992,285,3527,762,619,455
Saint Barthelemy,1993,327,3634,771,650,455
Saint Barthelemy,1994,370,3747,769,682,455
Saint Barthelemy,1995,414,3868,747,720,452
Saint Barthelemy,1996,457,4005,709,763,449
Saint Barthelemy,1997,510,4146,656,805,446
Saint Barthelemy,1998,566,4295,591,849,439
Saint Barthelemy,1999,605,4411,581,885,435
Saint Barthelemy,2000,627,4489,647,903,437
Saint Barthelemy,2001,646,4567,733,907,444
Saint Barthelemy,2002,669,4644,832,893,451
Saint Barthelemy,2003,687,4739,932,870,456
Saint Barthelemy,2004,713,4837,1008,855,456
Saint Barthelemy,2005,740,4944,1062,857,451
Saint Barthelemy,2006,766,5077,1086,870,446
Saint Barthelemy,2007,790,5230,1074,895,444
Saint Barthelemy,2008,812,5412,1033,927,443
Saint Barthelemy,2009,835,5607,972,961,446
Saint Barthelemy,2010,850,5772,943,973,451
Saint Barthelemy,2011,866,5837,975,972,462
Saint Barthelemy,2012,891,5869,1010,970,486
Saint Barthelemy,2013,912,5923,1005,982,519
Saint Barthelemy,2014,924,6016,992,1000,537
Saint Barthelemy,2015,932,6152,1010,998,522
Saint Barthelemy,2016,958,6286,1033,991,505
Saint Barthelemy,2017,984,6434,1039,989,506
Saint Barthelemy,2018,1063,6453,1041,1051,526
Saint Barthelemy,2019,1276,6138,1111,1230,568
Saint Barthelemy,2020,1582,5604,1289,1446,642
Saint Barthelemy,2021,1777,5356,1400,1550,703
Saint Barthelemy,2022,1852,5412,1404,1558,717
Saint Barthelemy,2023,1921,5481,1471,1555,680
Saint Helena,1950,453,1749,783,1354,910
Saint Helena,1951,435,1799,767,1397,899
Saint Helena,1952,420,1835,753,1448,868
Saint Helena,1953,413,1860,742,1495,832
Saint Helena,1954,408,1875,731,1533,797
Saint Helena,1955,406,1868,729,1561,765
Saint Helena,1956,410,1857,744,1568,741
Saint Helena,1957,416,1858,790,1533,732
Saint Helena,1958,416,1871,854,1474,735
Saint Helena,1959,410,1882,903,1427,739
Saint Helena,1960,416,1901,933,1394,744
Saint Helena,1961,417,1919,945,1377,749
Saint Helena,1962,425,1946,944,1375,748
Saint Helena,1963,433,1971,925,1388,743
Saint Helena,1964,442,2000,901,1408,735
Saint Helena,1965,451,2007,883,1427,726
Saint Helena,1966,472,2002,900,1433,717
Saint Helena,1967,485,2000,945,1422,718
Saint Helena,1968,500,2017,994,1411,725
Saint Helena,1969,509,2033,1033,1402,738
Saint Helena,1970,517,2063,1056,1403,758
Saint Helena,1971,527,2103,1067,1410,773
Saint Helena,1972,531,2140,1077,1423,782
Saint Helena,1973,536,2181,1089,1438,782
Saint Helena,1974,539,2224,1099,1460,769
Saint Helena,1975,549,2267,1114,1482,743
Saint Helena,1976,554,2301,1137,1503,699
Saint Helena,1977,559,2344,1167,1512,663
Saint Helena,1978,566,2390,1201,1506,647
Saint Helena,1979,577,2431,1219,1497,638
Saint Helena,1980,588,2474,1229,1489,633
Saint Helena,1981,593,2528,1228,1479,638
Saint Helena,1982,599,2602,1229,1454,651
Saint Helena,1983,600,2683,1232,1430,656
Saint Helena,1984,604,2759,1239,1390,655
Saint Helena,1985,607,2839,1258,1329,645
Saint Helena,1986,606,2906,1286,1287,621
Saint Helena,1987,612,2955,1301,1264,591
Saint Helena,1988,615,3001,1296,1232,566
Saint Helena,1989,603,3049,1269,1204,552
Saint Helena,1990,600,3084,1250,1161,544
Saint Helena,1991,608,3103,1231,1127,532
Saint Helena,1992,608,3140,1166,1117,514
Saint Helena,1993,614,3181,1090,1110,500
Saint Helena,1994,620,3221,1015,1107,470
Saint Helena,1995,622,3265,944,1097,445
Saint Helena,1996,631,3282,913,1053,430
Saint Helena,1997,650,3276,925,986,412
Saint Helena,1998,660,3291,919,919,395
Saint Helena,1999,665,3306,895,864,383
Saint Helena,2000,688,3314,854,822,367
Saint Helena,2001,711,3312,803,795,342
Saint Helena,2002,733,3294,752,784,316
Saint Helena,2003,752,3261,701,765,296
Saint Helena,2004,772,3236,668,729,273
Saint Helena,2005,792,3198,634,694,252
Saint Helena,2006,814,3153,604,648,238
Saint Helena,2007,861,3076,587,591,231
Saint Helena,2008,909,3019,583,555,229
Saint Helena,2009,947,3009,589,540,235
Saint Helena,2010,980,3013,595,526,238
Saint Helena,2011,1007,3028,602,508,240
Saint Helena,2012,1044,3038,605,499,242
Saint Helena,2013,1072,3059,585,504,241
Saint Helena,2014,1101,3084,550,511,246
Saint Helena,2015,1145,3090,535,501,258
Saint Helena,2016,1190,3075,518,499,262
Saint Helena,2017,1239,3045,478,505,261
Saint Helena,2018,1285,3013,445,504,260
Saint Helena,2019,1311,2977,431,516,250
Saint Helena,2020,1342,2928,421,526,234
Saint Helena,2021,1376,2867,416,535,221
Saint Helena,2022,1394,2810,416,539,209
Saint Helena,2023,1400,2747,435,529,204
Saint Kitts and Nevis,1950,2535,19267,6688,10173,8591
Saint Kitts and Nevis,1951,2561,19316,6568,10738,9144
Saint Kitts and Nevis,1952,2583,19365,6460,11356,9650
Saint Kitts and Nevis,1953,2599,19389,6386,11960,10136
Saint Kitts and Nevis,1954,2601,19348,6338,12715,10357
Saint Kitts and Nevis,1955,2614,19291,6495,13488,10267
Saint Kitts and Nevis,1956,2639,19257,6889,13979,10230
Saint Kitts and Nevis,1957,2664,19225,7334,14271,10348
Saint Kitts and Nevis,1958,2704,19186,7809,14460,10510
Saint Kitts and Nevis,1959,2765,19150,8281,14647,10650
Saint Kitts and Nevis,1960,2818,19011,8542,14856,10607
Saint Kitts and Nevis,1961,2833,18718,8494,15048,10255
Saint Kitts and Nevis,1962,2848,18359,8320,15202,9752
Saint Kitts and Nevis,1963,2875,17927,8103,15303,9253
Saint Kitts and Nevis,1964,2906,17431,7871,15382,8758
Saint Kitts and Nevis,1965,2947,16855,7655,15437,8269
Saint Kitts and Nevis,1966,2992,16184,7461,15419,7861
Saint Kitts and Nevis,1967,3037,15410,7321,15325,7533
Saint Kitts and Nevis,1968,3083,14526,7262,15166,7228
Saint Kitts and Nevis,1969,3123,13525,7305,14961,6835
Saint Kitts and Nevis,1970,3172,12816,7609,14714,6321
Saint Kitts and Nevis,1971,3241,12589,8163,14397,5838
Saint Kitts and Nevis,1972,3324,12522,8715,14005,5486
Saint Kitts and Nevis,1973,3411,12495,9178,13533,5280
Saint Kitts and Nevis,1974,3501,12503,9550,12963,5242
Saint Kitts and Nevis,1975,3587,12539,9825,12374,5303
Saint Kitts and Nevis,1976,3679,12591,10011,11874,5345
Saint Kitts and Nevis,1977,3776,12651,10123,11464,5363
Saint Kitts and Nevis,1978,3879,12716,10154,11135,5353
Saint Kitts and Nevis,1979,3975,12792,10114,10878,5293
Saint Kitts and Nevis,1980,4034,12926,10076,10614,5218
Saint Kitts and Nevis,1981,4047,13160,10046,10301,5164
Saint Kitts and Nevis,1982,4038,13456,9932,10013,5111
Saint Kitts and Nevis,1983,4022,13767,9718,9773,5074
Saint Kitts and Nevis,1984,4006,14077,9428,9572,5046
Saint Kitts and Nevis,1985,3999,14360,9103,9435,4996
Saint Kitts and Nevis,1986,3986,14621,8767,9353,4914
Saint Kitts and Nevis,1987,3960,14842,8439,9293,4832
Saint Kitts and Nevis,1988,3944,14997,8129,9253,4759
Saint Kitts and Nevis,1989,3922,15091,7846,9227,4690
Saint Kitts and Nevis,1990,3901,15118,7604,9219,4614
Saint Kitts and Nevis,1991,3866,15257,7511,9213,4535
Saint Kitts and Nevis,1992,3814,15669,7592,9201,4464
Saint Kitts and Nevis,1993,3758,16202,7726,9182,4398
Saint Kitts and Nevis,1994,3704,16754,7847,9158,4335
Saint Kitts and Nevis,1995,3657,17328,7943,9135,4283
Saint Kitts and Nevis,1996,3619,17919,8014,9111,4239
Saint Kitts and Nevis,1997,3581,18520,8056,9087,4208
Saint Kitts and Nevis,1998,3549,19129,8081,9059,4199
Saint Kitts and Nevis,1999,3536,19748,8100,9023,4217
Saint Kitts and Nevis,2000,3540,20360,8128,8978,4266
Saint Kitts and Nevis,2001,3524,20901,8191,8886,4283
Saint Kitts and Nevis,2002,3486,21322,8301,8732,4207
Saint Kitts and Nevis,2003,3447,21692,8420,8564,4077
Saint Kitts and Nevis,2004,3421,22059,8513,8424,3919
Saint Kitts and Nevis,2005,3399,22447,8558,8303,3751
Saint Kitts and Nevis,2006,3397,22841,8547,8175,3629
Saint Kitts and Nevis,2007,3406,23239,8480,8035,3573
Saint Kitts and Nevis,2008,3427,23613,8374,7892,3550
Saint Kitts and Nevis,2009,3469,23982,8248,7732,3509
Saint Kitts and Nevis,2010,3505,24359,8104,7570,3332
Saint Kitts and Nevis,2011,3497,24798,7986,7461,3173
Saint Kitts and Nevis,2012,3469,25237,7882,7357,3109
Saint Kitts and Nevis,2013,3489,25615,7764,7195,3026
Saint Kitts and Nevis,2014,3527,25957,7664,6963,2997
Saint Kitts and Nevis,2015,3591,26244,7552,6609,3108
Saint Kitts and Nevis,2016,3700,26463,7417,6331,3184
Saint Kitts and Nevis,2017,3842,26599,7279,6215,3136
Saint Kitts and Nevis,2018,4015,26684,7126,6116,3088
Saint Kitts and Nevis,2019,4210,26738,6952,6035,3036
Saint Kitts and Nevis,2020,4427,26755,6770,5958,2983
Saint Kitts and Nevis,2021,4620,26726,6634,5873,2931
Saint Kitts and Nevis,2022,4782,26712,6553,5798,2884
Saint Kitts and Nevis,2023,5008,26725,6471,5738,2839
Saint Lucia,1950,3094,30894,16114,25318,17585
Saint Lucia,1951,3004,31264,15938,26171,17607
Saint Lucia,1952,2991,31621,15678,26585,17555
Saint Lucia,1953,3047,31860,15405,26629,17406
Saint Lucia,1954,3109,31898,15240,26609,17267
Saint Lucia,1955,3167,31764,15323,26379,17188
Saint Lucia,1956,3235,31477,15622,25959,17179
Saint Lucia,1957,3307,31063,15908,25592,17229
Saint Lucia,1958,3380,30587,16062,25338,17363
Saint Lucia,1959,3473,30087,16024,25208,17576
Saint Lucia,1960,3559,29494,15960,25656,17936
Saint Lucia,1961,3634,28852,16051,26630,18339
Saint Lucia,1962,3716,28275,16301,27655,18577
Saint Lucia,1963,3799,27717,16678,28723,18622
Saint Lucia,1964,3876,27151,17165,29799,18536
Saint Lucia,1965,3955,26593,17743,30850,18371
Saint Lucia,1966,4051,26764,18073,31274,18323
Saint Lucia,1967,4160,27618,18035,31169,18541
Saint Lucia,1968,4275,28406,17830,31308,18875
Saint Lucia,1969,4394,29100,17505,31765,19139
Saint Lucia,1970,4504,29226,17654,32693,19106
Saint Lucia,1971,4607,28879,18403,33837,18851
Saint Lucia,1972,4719,28579,19309,34815,18598
Saint Lucia,1973,4828,28331,20358,35594,18401
Saint Lucia,1974,4934,28149,21546,36139,18325
Saint Lucia,1975,5034,28041,22860,36453,18352
Saint Lucia,1976,5130,28007,24270,36584,18450
Saint Lucia,1977,5248,29048,25174,36188,18492
Saint Lucia,1978,5399,31145,25375,35485,18449
Saint Lucia,1979,5577,33242,25303,34992,18434
Saint Lucia,1980,5734,34403,25775,34790,18601
Saint Lucia,1981,5875,34713,26906,34784,18905
Saint Lucia,1982,6019,35099,27991,34806,19183
Saint Lucia,1983,6155,35579,28914,34953,19453
Saint Lucia,1984,6298,36168,29648,35224,19747
Saint Lucia,1985,6428,36853,30270,35581,20043
Saint Lucia,1986,6542,37655,30833,35946,20277
Saint Lucia,1987,6644,38577,31330,36301,20389
Saint Lucia,1988,6825,40697,31259,36226,20012
Saint Lucia,1989,7108,43907,30585,35707,19219
Saint Lucia,1990,7431,46989,29828,35133,18492
Saint Lucia,1991,7668,49119,29619,34927,18202
Saint Lucia,1992,7801,50437,29983,35122,18286
Saint Lucia,1993,7916,51818,30327,35325,18350
Saint Lucia,1994,8008,53253,30630,35579,18432
Saint Lucia,1995,8084,54776,30978,35823,18566
Saint Lucia,1996,8142,56372,31411,36033,18495
Saint Lucia,1997,8192,58050,31903,36179,18259
Saint Lucia,1998,8549,60395,32008,35967,17769
Saint Lucia,1999,9265,63221,31727,35420,17085
Saint Lucia,2000,10045,65757,31488,34769,16564
Saint Lucia,2001,10521,67725,31614,34303,16082
Saint Lucia,2002,10649,69260,32086,34118,15540
Saint Lucia,2003,10744,70812,32547,33954,14927
Saint Lucia,2004,10825,72396,33011,33811,14206
Saint Lucia,2005,10916,74028,33445,33516,13555
Saint Lucia,2006,11032,75771,33784,32933,13136
Saint Lucia,2007,11271,78151,33424,32094,12826
Saint Lucia,2008,11674,80953,32486,31106,12595
Saint Lucia,2009,12178,83372,31744,30094,12491
Saint Lucia,2010,12602,85201,31605,29144,12367
Saint Lucia,2011,12892,86650,31897,28306,12067
Saint Lucia,2012,13181,88085,32070,27555,11702
Saint Lucia,2013,13460,89530,32098,26939,11351
Saint Lucia,2014,13721,91004,32026,26425,10967
Saint Lucia,2015,13977,92551,31870,25851,10668
Saint Lucia,2016,14232,94141,31566,25132,10579
Saint Lucia,2017,14508,95750,31068,24440,10584
Saint Lucia,2018,14816,97350,30425,23878,10561
Saint Lucia,2019,15152,98931,29695,23380,10514
Saint Lucia,2020,15528,100445,28893,22935,10458
Saint Lucia,2021,15778,101734,28084,22555,10387
Saint Lucia,2022,16102,102825,27358,22203,10304
Saint Lucia,2023,16674,103822,26757,21829,10209
Saint Martin (French part),1950,134,1173,512,672,513
Saint Martin (French part),1951,138,1208,524,697,565
Saint Martin (French part),1952,138,1238,539,726,609
Saint Martin (French part),1953,141,1268,556,758,653
Saint Martin (French part),1954,145,1295,573,801,684
Saint Martin (French part),1955,153,1316,589,861,703
Saint Martin (French part),1956,160,1334,603,931,717
Saint Martin (French part),1957,162,1360,617,1000,730
Saint Martin (French part),1958,165,1388,631,1067,743
Saint Martin (French part),1959,174,1420,647,1134,758
Saint Martin (French part),1960,175,1459,665,1200,773
Saint Martin (French part),1961,175,1495,687,1263,787
Saint Martin (French part),1962,181,1530,716,1321,803
Saint Martin (French part),1963,185,1566,748,1377,819
Saint Martin (French part),1964,193,1606,792,1425,837
Saint Martin (French part),1965,199,1651,857,1459,854
Saint Martin (French part),1966,208,1717,941,1490,878
Saint Martin (French part),1967,212,1804,1032,1529,917
Saint Martin (French part),1968,217,1865,1102,1568,962
Saint Martin (French part),1969,226,1901,1151,1602,1007
Saint Martin (French part),1970,239,1940,1199,1637,1052
Saint Martin (French part),1971,249,1976,1251,1676,1095
Saint Martin (French part),1972,252,2017,1302,1726,1131
Saint Martin (French part),1973,266,2057,1357,1785,1153
Saint Martin (French part),1974,283,2109,1411,1848,1167
Saint Martin (French part),1975,291,2226,1458,1918,1170
Saint Martin (French part),1976,288,2392,1495,1991,1154
Saint Martin (French part),1977,292,2573,1526,2067,1132
Saint Martin (French part),1978,290,2760,1554,2135,1105
Saint Martin (French part),1979,282,2954,1587,2188,1074
Saint Martin (French part),1980,264,3155,1625,2218,1046
Saint Martin (French part),1981,247,3361,1674,2225,1015
Saint Martin (French part),1982,246,3832,2057,2305,1076
Saint Martin (French part),1983,270,4697,2795,2463,1285
Saint Martin (French part),1984,292,5774,3508,2610,1569
Saint Martin (French part),1985,330,7035,4087,2767,1901
Saint Martin (French part),1986,368,8476,4515,2965,2260
Saint Martin (French part),1987,408,10070,4787,3241,2619
Saint Martin (French part),1988,472,11812,4919,3612,2955
Saint Martin (French part),1989,537,13690,4934,4067,3248
Saint Martin (French part),1990,603,14930,4777,4451,3490
Saint Martin (French part),1991,661,15287,4515,4697,3664
Saint Martin (French part),1992,715,15423,4295,4916,3747
Saint Martin (French part),1993,772,15521,4130,5133,3747
Saint Martin (French part),1994,833,15587,4006,5337,3677
Saint Martin (French part),1995,890,15630,3912,5539,3521
Saint Martin (French part),1996,943,15667,3841,5713,3301
Saint Martin (French part),1997,1006,15687,3785,5806,3065
Saint Martin (French part),1998,1063,15683,3761,5812,2809
Saint Martin (French part),1999,1111,15800,3844,5794,2754
Saint Martin (French part),2000,1152,16066,4062,5789,2951
Saint Martin (French part),2001,1195,16361,4300,5788,3182
Saint Martin (French part),2002,1239,16667,4516,5810,3397
Saint Martin (French part),2003,1292,16999,4680,5862,3587
Saint Martin (French part),2004,1358,17355,4797,6011,3675
Saint Martin (French part),2005,1434,17739,4882,6248,3648
Saint Martin (French part),2006,1529,18153,4938,6478,3580
Saint Martin (French part),2007,1630,18580,4988,6683,3478
Saint Martin (French part),2008,1741,19003,5048,6860,3324
Saint Martin (French part),2009,1871,19398,5147,6994,3110
Saint Martin (French part),2010,2000,19635,5188,7010,3041
Saint Martin (French part),2011,2118,19740,5122,6950,3163
Saint Martin (French part),2012,2240,19858,5017,6895,3287
Saint Martin (French part),2013,2369,19994,4890,6842,3340
Saint Martin (French part),2014,2495,20111,4788,6787,3289
Saint Martin (French part),2015,2635,20131,4719,6694,3205
Saint Martin (French part),2016,2816,20088,4611,6585,3097
Saint Martin (French part),2017,2996,20019,4496,6429,2921
Saint Martin (French part),2018,3709,19403,4394,5902,2626
Saint Martin (French part),2019,5562,17696,4127,4777,2126
Saint Martin (French part),2020,5771,15881,3990,4266,1899
Saint Martin (French part),2021,4753,14941,3961,4356,1968
Saint Martin (French part),2022,4718,14344,3772,4149,1907
Saint Martin (French part),2023,4735,13488,3494,3960,1860
Saint Pierre and Miquelon,1950,287,1954,725,955,586
Saint Pierre and Miquelon,1951,289,1972,727,973,594
Saint Pierre and Miquelon,1952,288,1990,742,987,598
Saint Pierre and Miquelon,1953,290,2008,753,1003,605
Saint Pierre and Miquelon,1954,291,2029,769,1023,607
Saint Pierre and Miquelon,1955,298,2057,780,1041,608
Saint Pierre and Miquelon,1956,303,2079,793,1056,602
Saint Pierre and Miquelon,1957,306,2105,802,1067,584
Saint Pierre and Miquelon,1958,310,2122,814,1077,596
Saint Pierre and Miquelon,1959,316,2135,824,1092,619
Saint Pierre and Miquelon,1960,326,2148,830,1112,600
Saint Pierre and Miquelon,1961,336,2161,830,1131,545
Saint Pierre and Miquelon,1962,343,2186,840,1145,510
Saint Pierre and Miquelon,1963,347,2212,858,1140,529
Saint Pierre and Miquelon,1964,362,2242,881,1124,569
Saint Pierre and Miquelon,1965,371,2267,904,1108,605
Saint Pierre and Miquelon,1966,378,2296,926,1093,640
Saint Pierre and Miquelon,1967,388,2328,944,1094,659
Saint Pierre and Miquelon,1968,391,2360,958,1120,661
Saint Pierre and Miquelon,1969,395,2397,970,1148,661
Saint Pierre and Miquelon,1970,404,2436,981,1171,666
Saint Pierre and Miquelon,1971,416,2463,993,1198,674
Saint Pierre and Miquelon,1972,427,2488,1002,1224,689
Saint Pierre and Miquelon,1973,438,2516,1015,1249,707
Saint Pierre and Miquelon,1974,454,2546,1035,1267,702
Saint Pierre and Miquelon,1975,471,2581,1052,1281,666
Saint Pierre and Miquelon,1976,487,2616,1057,1305,625
Saint Pierre and Miquelon,1977,507,2647,1064,1319,588
Saint Pierre and Miquelon,1978,519,2684,1079,1327,553
Saint Pierre and Miquelon,1979,529,2722,1092,1314,525
Saint Pierre and Miquelon,1980,541,2762,1098,1286,505
Saint Pierre and Miquelon,1981,553,2813,1105,1251,450
Saint Pierre and Miquelon,1982,566,2859,1116,1216,406
Saint Pierre and Miquelon,1983,569,2917,1134,1174,414
Saint Pierre and Miquelon,1984,576,2972,1151,1127,433
Saint Pierre and Miquelon,1985,581,3017,1169,1082,452
Saint Pierre and Miquelon,1986,590,3058,1179,1037,474
Saint Pierre and Miquelon,1987,603,3108,1171,1008,478
Saint Pierre and Miquelon,1988,614,3167,1148,1003,449
Saint Pierre and Miquelon,1989,629,3225,1117,1004,397
Saint Pierre and Miquelon,1990,645,3287,1088,992,365
Saint Pierre and Miquelon,1991,656,3330,1069,959,386
Saint Pierre and Miquelon,1992,676,3366,1044,926,416
Saint Pierre and Miquelon,1993,684,3417,994,898,447
Saint Pierre and Miquelon,1994,702,3473,927,881,472
Saint Pierre and Miquelon,1995,718,3518,863,879,481
Saint Pierre and Miquelon,1996,726,3557,817,887,464
Saint Pierre and Miquelon,1997,741,3588,779,893,437
Saint Pierre and Miquelon,1998,756,3611,747,894,384
Saint Pierre and Miquelon,1999,763,3614,734,885,342
Saint Pierre and Miquelon,2000,769,3604,731,871,342
Saint Pierre and Miquelon,2001,782,3591,711,866,349
Saint Pierre and Miquelon,2002,797,3574,684,867,351
Saint Pierre and Miquelon,2003,802,3562,655,864,351
Saint Pierre and Miquelon,2004,809,3551,639,854,338
Saint Pierre and Miquelon,2005,826,3529,630,851,303
Saint Pierre and Miquelon,2006,840,3500,636,833,285
Saint Pierre and Miquelon,2007,848,3485,652,797,292
Saint Pierre and Miquelon,2008,861,3476,648,772,306
Saint Pierre and Miquelon,2009,874,3478,624,758,320
Saint Pierre and Miquelon,2010,888,3478,599,747,335
Saint Pierre and Miquelon,2011,886,3487,575,743,345
Saint Pierre and Miquelon,2012,899,3480,555,749,336
Saint Pierre and Miquelon,2013,945,3442,542,756,314
Saint Pierre and Miquelon,2014,996,3411,526,754,297
Saint Pierre and Miquelon,2015,1010,3398,512,756,295
Saint Pierre and Miquelon,2016,998,3400,504,757,298
Saint Pierre and Miquelon,2017,992,3401,495,757,301
Saint Pierre and Miquelon,2018,1005,3397,484,755,291
Saint Pierre and Miquelon,2019,1052,3371,465,749,262
Saint Pierre and Miquelon,2020,1088,3328,472,728,236
Saint Pierre and Miquelon,2021,1101,3268,514,698,221
Saint Pierre and Miquelon,2022,1121,3208,561,666,204
Saint Pierre and Miquelon,2023,1132,3144,611,634,186
Saint Vincent and the Grenadines,1950,4692,20886,9462,14654,11973
Saint Vincent and the Grenadines,1951,4420,21176,9780,15383,12596
Saint Vincent and the Grenadines,1952,4192,21498,10140,16212,13154
Saint Vincent and the Grenadines,1953,3992,21851,10544,17212,13577
Saint Vincent and the Grenadines,1954,3819,22256,10994,18322,13926
Saint Vincent and the Grenadines,1955,3680,22717,11483,19409,14338
Saint Vincent and the Grenadines,1956,3564,23221,11997,20515,14776
Saint Vincent and the Grenadines,1957,3462,23763,12538,21654,15218
Saint Vincent and the Grenadines,1958,3379,24348,13102,22818,15684
Saint Vincent and the Grenadines,1959,3325,24971,13710,23980,16181
Saint Vincent and the Grenadines,1960,3323,25539,14206,24790,16549
Saint Vincent and the Grenadines,1961,3355,26015,14581,25204,16729
Saint Vincent and the Grenadines,1962,3411,26492,14981,25542,16833
Saint Vincent and the Grenadines,1963,3492,26943,15458,25767,16880
Saint Vincent and the Grenadines,1964,3587,27376,15963,25963,16882
Saint Vincent and the Grenadines,1965,3698,27775,16388,26284,16803
Saint Vincent and the Grenadines,1966,3822,28135,16760,26680,16674
Saint Vincent and the Grenadines,1967,3955,28454,17108,27079,16545
Saint Vincent and the Grenadines,1968,4096,28735,17446,27472,16390
Saint Vincent and the Grenadines,1969,4240,28974,17783,27867,16209
Saint Vincent and the Grenadines,1970,4394,29187,18105,28262,16029
Saint Vincent and the Grenadines,1971,4542,29382,18430,28645,15893
Saint Vincent and the Grenadines,1972,4695,29540,18766,28969,15836
Saint Vincent and the Grenadines,1973,4846,29684,19114,29214,15847
Saint Vincent and the Grenadines,1974,5003,29777,19522,29385,15890
Saint Vincent and the Grenadines,1975,5154,29777,20043,29519,15911
Saint Vincent and the Grenadines,1976,5306,29701,20677,29659,15875
Saint Vincent and the Grenadines,1977,5464,29559,21373,29826,15791
Saint Vincent and the Grenadines,1978,5621,29394,22106,29979,15686
Saint Vincent and the Grenadines,1979,5783,29222,22874,30093,15524
Saint Vincent and the Grenadines,1980,5914,29399,23629,29988,15296
Saint Vincent and the Grenadines,1981,5999,30157,24218,29644,15072
Saint Vincent and the Grenadines,1982,6067,31180,24555,29322,14860
Saint Vincent and the Grenadines,1983,6144,32260,24650,29125,14677
Saint Vincent and the Grenadines,1984,6225,33366,24579,28969,14564
Saint Vincent and the Grenadines,1985,6315,34471,24429,28841,14468
Saint Vincent and the Grenadines,1986,6426,35552,24249,28776,14297
Saint Vincent and the Grenadines,1987,6550,36593,24055,28754,14061
Saint Vincent and the Grenadines,1988,6694,37571,23866,28772,13775
Saint Vincent and the Grenadines,1989,6869,38433,23719,28800,13467
Saint Vincent and the Grenadines,1990,7046,39168,23682,28790,13137
Saint Vincent and the Grenadines,1991,7197,39969,23744,28516,12810
Saint Vincent and the Grenadines,1992,7292,40955,23816,27912,12549
Saint Vincent and the Grenadines,1993,7370,41983,23820,27219,12359
Saint Vincent and the Grenadines,1994,7433,42957,23740,26592,12208
Saint Vincent and the Grenadines,1995,7499,43881,23591,25999,12092
Saint Vincent and the Grenadines,1996,7570,44748,23413,25436,11966
Saint Vincent and the Grenadines,1997,7652,45547,23219,24934,11804
Saint Vincent and the Grenadines,1998,7748,46230,23033,24504,11678
Saint Vincent and the Grenadines,1999,7862,46800,22847,24146,11727
Saint Vincent and the Grenadines,2000,7986,47262,22639,23863,11810
Saint Vincent and the Grenadines,2001,8101,47797,22429,23519,11657
Saint Vincent and the Grenadines,2002,8218,48567,22188,23071,11319
Saint Vincent and the Grenadines,2003,8332,49402,21857,22674,10884
Saint Vincent and the Grenadines,2004,8447,50192,21458,22446,10309
Saint Vincent and the Grenadines,2005,8566,50923,21013,22184,9774
Saint Vincent and the Grenadines,2006,8700,51606,20549,21726,9441
Saint Vincent and the Grenadines,2007,8826,52229,20100,21185,9198
Saint Vincent and the Grenadines,2008,8949,52768,19701,20598,9026
Saint Vincent and the Grenadines,2009,9105,53155,19365,19960,8933
Saint Vincent and the Grenadines,2010,9318,53356,19089,19324,8886
Saint Vincent and the Grenadines,2011,9566,53358,18862,18746,8831
Saint Vincent and the Grenadines,2012,9755,53389,18627,18236,8744
Saint Vincent and the Grenadines,2013,9882,53502,18359,17782,8628
Saint Vincent and the Grenadines,2014,10028,53549,18111,17356,8507
Saint Vincent and the Grenadines,2015,10191,53586,17841,16945,8407
Saint Vincent and the Grenadines,2016,10360,53640,17506,16558,8295
Saint Vincent and the Grenadines,2017,10538,53710,17077,16238,8107
Saint Vincent and the Grenadines,2018,10742,53786,16551,16013,7841
Saint Vincent and the Grenadines,2019,10981,53837,15957,15873,7529
Saint Vincent and the Grenadines,2020,11164,53879,15468,15833,7191
Saint Vincent and the Grenadines,2021,11278,53743,15116,15840,6866
Saint Vincent and the Grenadines,2022,11474,53394,14832,15764,6592
Saint Vincent and the Grenadines,2023,11717,53033,14642,15563,6370
Samoa,1950,2215,26732,16509,24634,18208
Samoa,1951,2313,27358,16750,25262,18840
Samoa,1952,2415,27967,17031,25853,19457
Samoa,1953,2521,28534,17336,26401,19994
Samoa,1954,2632,29109,17671,26994,20489
Samoa,1955,2732,29694,18020,27641,20969
Samoa,1956,2831,30294,18383,28370,21457
Samoa,1957,2918,30980,18738,29259,22011
Samoa,1958,3003,31708,19084,30306,22609
Samoa,1959,3085,32430,19459,31406,23195
Samoa,1960,3162,33165,19867,32553,23759
Samoa,1961,3248,33919,20312,33731,24304
Samoa,1962,3308,34660,20675,35053,24919
Samoa,1963,3369,35350,21023,36495,25541
Samoa,1964,3446,36054,21512,37904,25998
Samoa,1965,3550,36724,22102,39305,26315
Samoa,1966,3682,37349,22782,40741,26531
Samoa,1967,3794,37913,23376,42065,26634
Samoa,1968,3869,38382,23887,43216,26683
Samoa,1969,3957,38780,24521,44290,26694
Samoa,1970,4049,39154,25277,45295,26645
Samoa,1971,4135,39506,26138,46191,26544
Samoa,1972,4220,39893,27080,46961,26397
Samoa,1973,4307,40356,28069,47582,26212
Samoa,1974,4395,41259,29241,48379,26166
Samoa,1975,4495,42513,30733,49330,26281
Samoa,1976,4613,43631,32470,50048,26361
Samoa,1977,4704,44444,33956,50325,26335
Samoa,1978,4754,45074,35017,50305,26234
Samoa,1979,4813,45738,35943,50279,26119
Samoa,1980,4874,46433,36788,50208,26032
Samoa,1981,4943,47145,37577,50030,25990
Samoa,1982,5050,48040,38120,49439,25846
Samoa,1983,5177,49091,38367,48465,25626
Samoa,1984,5298,50096,38504,47386,25521
Samoa,1985,5418,50991,38604,46226,25623
Samoa,1986,5545,51746,38697,45100,25985
Samoa,1987,5690,52548,38641,44539,26252
Samoa,1988,5869,53424,38375,44560,26131
Samoa,1989,6080,54196,38041,44666,25795
Samoa,1990,6306,54824,37779,44689,25461
Samoa,1991,6531,55328,37717,44469,25334
Samoa,1992,6765,56235,37855,43997,25488
Samoa,1993,6981,57598,37902,43584,25722
Samoa,1994,7175,58993,37653,43427,25917
Samoa,1995,7364,60438,37157,43512,26114
Samoa,1996,7522,61906,36391,43844,26424
Samoa,1997,7679,63303,35472,44386,26722
Samoa,1998,7839,64574,34631,44958,26919
Samoa,1999,7997,65626,33965,45542,27149
Samoa,2000,8114,66401,33620,46284,27276
Samoa,2001,8208,66925,33572,47234,27235
Samoa,2002,8360,67681,33645,47805,26989
Samoa,2003,8535,68696,33681,47908,26623
Samoa,2004,8712,69620,33594,48060,26278
Samoa,2005,8889,70452,33525,48118,26007
Samoa,2006,9037,71165,33635,47990,25896
Samoa,2007,9159,71838,34069,47751,25946
Samoa,2008,9253,72554,34650,47490,26170
Samoa,2009,9336,73243,35127,47250,26572
Samoa,2010,9430,73855,35550,47043,27155
Samoa,2011,9551,74431,35959,46906,27877
Samoa,2012,9632,75321,36343,46811,28408
Samoa,2013,9684,76421,36603,46885,28687
Samoa,2014,9757,77409,36711,47196,28976
Samoa,2015,9841,78386,36757,47563,29246
Samoa,2016,9933,79336,36693,48121,29424
Samoa,2017,10166,80349,36404,49152,29347
Samoa,2018,10500,81380,36146,50343,29223
Samoa,2019,10856,82228,36030,51375,29302
Samoa,2020,11236,83024,35887,52384,29425
Samoa,2021,11598,83448,35992,53433,29319
Samoa,2022,11965,83329,36481,54592,28900
Samoa,2023,12364,83001,37396,55627,28284
San Marino,1950,1319,6414,1963,2197,1077
San Marino,1951,1355,6485,2004,2176,1125
San Marino,1952,1388,6544,2053,2140,1175
San Marino,1953,1426,6605,2104,2094,1228
San Marino,1954,1464,6679,2156,2097,1234
San Marino,1955,1495,6770,2205,2136,1210
San Marino,1956,1519,6885,2256,2202,1212
San Marino,1957,1530,7037,2310,2307,1226
San Marino,1958,1538,7200,2361,2403,1243
San Marino,1959,1550,7376,2408,2495,1265
San Marino,1960,1563,7564,2459,2567,1295
San Marino,1961,1580,7760,2524,2617,1340
San Marino,1962,1590,7959,2605,2648,1393
San Marino,1963,1602,8188,2705,2664,1445
San Marino,1964,1608,8408,2820,2672,1489
San Marino,1965,1620,8587,2907,2691,1521
San Marino,1966,1634,8696,2923,2741,1554
San Marino,1967,1639,8769,2905,2812,1588
San Marino,1968,1647,8842,2877,2911,1607
San Marino,1969,1661,8892,2871,3020,1605
San Marino,1970,1668,8967,2847,3138,1573
San Marino,1971,1689,9134,2823,3268,1530
San Marino,1972,1743,9345,2842,3370,1509
San Marino,1973,1786,9479,2863,3404,1486
San Marino,1974,1823,9511,2877,3378,1462
San Marino,1975,1864,9521,2908,3341,1440
San Marino,1976,1906,9571,2942,3316,1401
San Marino,1977,2067,10029,3165,3395,1383
San Marino,1978,2252,10527,3428,3463,1380
San Marino,1979,2328,10711,3535,3413,1359
San Marino,1980,2382,10907,3635,3361,1323
San Marino,1981,2415,11122,3743,3311,1277
San Marino,1982,2450,11301,3836,3254,1235
San Marino,1983,2518,11459,3898,3174,1205
San Marino,1984,2602,11605,3897,3092,1176
San Marino,1985,2707,11748,3877,3004,1173
San Marino,1986,2818,11916,3846,2909,1174
San Marino,1987,2914,12051,3767,2822,1156
San Marino,1988,3001,12276,3698,2746,1144
San Marino,1989,3092,12610,3638,2698,1136
San Marino,1990,3202,12932,3571,2635,1160
San Marino,1991,3323,13241,3499,2563,1197
San Marino,1992,3441,13555,3427,2501,1223
San Marino,1993,3538,13897,3349,2455,1257
San Marino,1994,3631,14218,3281,2449,1273
San Marino,1995,3740,14450,3238,2480,1272
San Marino,1996,3835,14645,3215,2506,1300
San Marino,1997,3926,14847,3205,2509,1331
San Marino,1998,4018,15066,3177,2532,1354
San Marino,1999,4093,15307,3143,2558,1381
San Marino,2000,4167,15558,3093,2590,1413
San Marino,2001,4255,15810,3026,2644,1437
San Marino,2002,4347,16057,2955,2694,1459
San Marino,2003,4446,16306,2890,2748,1480
San Marino,2004,4546,16538,2847,2799,1499
San Marino,2005,4645,16766,2823,2846,1518
San Marino,2006,4749,16982,2798,2896,1537
San Marino,2007,4860,17194,2776,2947,1555
San Marino,2008,4991,17390,2773,2989,1575
San Marino,2009,5116,17586,2784,3026,1598
San Marino,2010,5263,17864,2809,3082,1627
San Marino,2011,5600,18768,2900,3240,1684
San Marino,2012,5921,19504,2982,3369,1716
San Marino,2013,6044,19471,3033,3396,1695
San Marino,2014,6152,19393,3115,3416,1673
San Marino,2015,6272,19406,3181,3436,1625
San Marino,2016,6407,19510,3249,3462,1553
San Marino,2017,6535,19593,3334,3451,1487
San Marino,2018,6674,19642,3390,3443,1401
San Marino,2019,6810,19673,3441,3426,1316
San Marino,2020,6939,19706,3480,3398,1266
San Marino,2021,7054,19484,3484,3350,1221
San Marino,2022,7170,19009,3480,3255,1194
San Marino,2023,7320,18686,3462,3131,1156
Sao Tome and Principe,1950,2383,27588,10579,10376,9969
Sao Tome and Principe,1951,2340,28226,9818,11360,10039
Sao Tome and Principe,1952,2309,28606,9646,12152,9898
Sao Tome and Principe,1953,2292,28882,9871,12503,9800
Sao Tome and Principe,1954,2287,28967,10494,12444,9812
Sao Tome and Principe,1955,2293,28924,11379,12122,9902
Sao Tome and Principe,1956,2311,28842,12316,11740,10033
Sao Tome and Principe,1957,2344,28814,13105,11391,10232
Sao Tome and Principe,1958,2382,28974,13548,11158,10512
Sao Tome and Principe,1959,2420,29446,13516,11096,10829
Sao Tome and Principe,1960,2472,30230,12964,11265,11095
Sao Tome and Principe,1961,2561,30756,11838,12128,11440
Sao Tome and Principe,1962,2674,30763,10607,13530,11846
Sao Tome and Principe,1963,2790,30520,9820,14855,12149
Sao Tome and Principe,1964,2900,29992,9505,16065,12417
Sao Tome and Principe,1965,3016,29184,9643,17134,12715
Sao Tome and Principe,1966,3133,28143,10184,18110,13022
Sao Tome and Principe,1967,3240,26977,11027,19011,13353
Sao Tome and Principe,1968,3360,25777,12051,19802,13794
Sao Tome and Principe,1969,3480,24638,13140,20513,14323
Sao Tome and Principe,1970,3567,24182,14051,21262,14576
Sao Tome and Principe,1971,3640,24514,14662,22011,14523
Sao Tome and Principe,1972,3732,25001,15141,22719,14467
Sao Tome and Principe,1973,3824,25511,15607,23480,14395
Sao Tome and Principe,1974,3911,26052,16090,24307,14324
Sao Tome and Principe,1975,3990,26649,16602,24924,14558
Sao Tome and Principe,1976,4069,27295,17168,25325,15080
Sao Tome and Principe,1977,4133,28016,17773,25780,15615
Sao Tome and Principe,1978,4197,28809,18380,26275,16148
Sao Tome and Principe,1979,4273,29633,18957,26751,16653
Sao Tome and Principe,1980,4380,30445,19473,27156,17108
Sao Tome and Principe,1981,4531,31215,19927,27471,17483
Sao Tome and Principe,1982,4643,31828,20391,27827,17839
Sao Tome and Principe,1983,4701,32316,20937,28263,18180
Sao Tome and Principe,1984,4771,32847,21573,28731,18488
Sao Tome and Principe,1985,4837,33470,22056,29502,18804
Sao Tome and Principe,1986,4893,34196,22391,30526,19155
Sao Tome and Principe,1987,4959,35055,22823,31513,19584
Sao Tome and Principe,1988,5031,36026,23323,32474,20101
Sao Tome and Principe,1989,5101,37039,23824,33381,20646
Sao Tome and Principe,1990,5174,38076,24310,34236,21197
Sao Tome and Principe,1991,5266,39025,24685,35074,21661
Sao Tome and Principe,1992,5391,39851,24991,35909,21986
Sao Tome and Principe,1993,5513,40650,25375,36715,22225
Sao Tome and Principe,1994,5629,41401,25879,37457,22378
Sao Tome and Principe,1995,5733,41919,26679,38129,22445
Sao Tome and Principe,1996,5828,42255,27729,38734,22428
Sao Tome and Principe,1997,5919,42599,28853,39216,22347
Sao Tome and Principe,1998,5993,42964,30052,39512,22244
Sao Tome and Principe,1999,6052,43351,31297,39617,22139
Sao Tome and Principe,2000,6106,43777,32513,39592,22040
Sao Tome and Principe,2001,6155,44619,33465,39666,22479
Sao Tome and Principe,2002,6218,46147,34102,39879,23585
Sao Tome and Principe,2003,6310,48021,34578,40128,24786
Sao Tome and Principe,2004,6412,49989,34919,40482,25918
Sao Tome and Principe,2005,6500,52034,35173,40986,26957
Sao Tome and Principe,2006,6578,54137,35371,41861,27704
Sao Tome and Principe,2007,6639,56269,35512,43067,28224
Sao Tome and Principe,2008,6675,58417,35624,44347,28745
Sao Tome and Principe,2009,6701,60536,35780,45658,29192
Sao Tome and Principe,2010,6722,62586,36047,47007,29449
Sao Tome and Principe,2011,6741,64532,36470,48413,29509
Sao Tome and Principe,2012,6787,66383,36764,49854,29664
Sao Tome and Principe,2013,6880,68172,36901,51244,29960
Sao Tome and Principe,2014,7006,69902,37168,52467,30237
Sao Tome and Principe,2015,7162,71601,37578,53429,30536
Sao Tome and Principe,2016,7362,73264,38154,54107,30815
Sao Tome and Principe,2017,7607,74863,38917,54909,30690
Sao Tome and Principe,2018,7877,76413,39837,55876,30195
Sao Tome and Principe,2019,8163,77963,40910,56636,29732
Sao Tome and Principe,2020,8357,79761,42497,57223,29611
Sao Tome and Principe,2021,8511,81723,44392,57568,29781
Sao Tome and Principe,2022,8717,83589,46232,57667,30108
Sao Tome and Principe,2023,8934,85494,48074,57729,30650
Saudi Arabia,1950,56435,616239,314148,419006,297451
Saudi Arabia,1951,58898,637081,327009,431250,309371
Saudi Arabia,1952,61334,659044,339561,443759,322822
Saudi Arabia,1953,63745,682105,351683,455458,339180
Saudi Arabia,1954,66120,706235,363208,468821,356246
Saudi Arabia,1955,68458,731403,374172,485647,372283
Saudi Arabia,1956,70766,757589,384794,504304,388780
Saudi Arabia,1957,73044,784756,395291,524729,405721
Saudi Arabia,1958,75308,812839,405919,546920,423117
Saudi Arabia,1959,77543,841719,416925,570832,440993
Saudi Arabia,1960,79751,871309,428511,596436,459401
Saudi Arabia,1961,81933,901646,440640,623788,478342
Saudi Arabia,1962,84093,932814,453042,653184,497780
Saudi Arabia,1963,86240,964708,464709,685914,517775
Saudi Arabia,1964,88372,997137,477991,719961,538506
Saudi Arabia,1965,90513,1030120,494620,753736,559789
Saudi Arabia,1966,92658,1063857,513073,788684,581617
Saudi Arabia,1967,94821,1099328,533832,824857,604408
Saudi Arabia,1968,97005,1137662,557471,862410,628159
Saudi Arabia,1969,99224,1179463,584004,901590,652842
Saudi Arabia,1970,101477,1225618,613692,942408,679279
Saudi Arabia,1971,103796,1278762,648034,985120,708324
Saudi Arabia,1972,106185,1340660,687980,1030176,740722
Saudi Arabia,1973,108671,1409613,733477,1077483,777098
Saudi Arabia,1974,111243,1486596,781117,1127053,817626
Saudi Arabia,1975,114002,1572276,828345,1179407,862255
Saudi Arabia,1976,117063,1666847,877454,1235328,911238
Saudi Arabia,1977,120447,1772355,929504,1295858,964874
Saudi Arabia,1978,124194,1888721,983990,1361561,1023429
Saudi Arabia,1979,128340,2015241,1040328,1432618,1087171
Saudi Arabia,1980,132928,2151829,1098277,1509778,1155178
Saudi Arabia,1981,137995,2301683,1160024,1594076,1226770
Saudi Arabia,1982,143549,2466350,1226515,1686305,1301759
Saudi Arabia,1983,149634,2642371,1294742,1787116,1379073
Saudi Arabia,1984,156272,2825136,1361564,1896872,1457459
Saudi Arabia,1985,163497,3011692,1426115,2014659,1535808
Saudi Arabia,1986,171322,3209111,1494927,2140369,1612901
Saudi Arabia,1987,179769,3419577,1570384,2273830,1686636
Saudi Arabia,1988,188864,3629456,1643307,2413258,1754278
Saudi Arabia,1989,198639,3840625,1716671,2558524,1813927
Saudi Arabia,1990,209124,4060103,1797378,2708705,1865378
Saudi Arabia,1991,220322,4285267,1884453,2860618,1910082
Saudi Arabia,1992,232260,4515431,1978258,3011329,1949393
Saudi Arabia,1993,244988,4749045,2079043,3158331,1984447
Saudi Arabia,1994,258513,4987098,2188558,3298798,2017057
Saudi Arabia,1995,272881,5230906,2306756,3431086,2047602
Saudi Arabia,1996,288178,5480431,2432406,3554891,2075081
Saudi Arabia,1997,304542,5736305,2565098,3669224,2099764
Saudi Arabia,1998,322039,5999251,2704319,3773752,2122812
Saudi Arabia,1999,340709,6270058,2849770,3868168,2143353
Saudi Arabia,2000,360487,6533143,3089984,4037411,2156689
Saudi Arabia,2001,381157,6801825,3436955,4257082,2164365
Saudi Arabia,2002,402687,7109060,3808665,4416893,2173582
Saudi Arabia,2003,425183,7461724,4193326,4518397,2188117
Saudi Arabia,2004,448646,7866469,4575963,4565494,2212889
Saudi Arabia,2005,473138,8329295,4939796,4567027,2250599
Saudi Arabia,2006,498769,8856159,5266813,4540187,2297177
Saudi Arabia,2007,525376,9452686,5539058,4501918,2349235
Saudi Arabia,2008,552358,10122058,5743749,4463422,2406249
Saudi Arabia,2009,578639,10864834,5873637,4433397,2467092
Saudi Arabia,2010,602879,11679169,5925470,4419616,2529938
Saudi Arabia,2011,623765,12560811,5900281,4428368,2592336
Saudi Arabia,2012,640342,13503014,5803815,4463308,2651839
Saudi Arabia,2013,652346,14495675,5647116,4524742,2706764
Saudi Arabia,2014,660979,15524476,5445865,4610567,2756058
Saudi Arabia,2015,667702,16572243,5220518,4715902,2798405
Saudi Arabia,2016,679793,17412079,4972245,4819448,2834049
Saudi Arabia,2017,701692,17635740,4698097,4893145,2853506
Saudi Arabia,2018,722670,17371242,4478522,4948570,2843869
Saudi Arabia,2019,746410,17426837,4452251,5034663,2812397
Saudi Arabia,2020,781538,17771306,4538170,5142092,2757858
Saudi Arabia,2021,820131,17971201,4640037,5224107,2672675
Saudi Arabia,2022,869317,18565708,4810643,5314480,2614981
Saudi Arabia,2023,937639,19385415,4925143,5402633,2613208
Senegal,1950,86219,905082,474024,618769,471281
Senegal,1951,86572,927158,485127,635651,485136
Senegal,1952,87028,950459,496765,654911,497844
Senegal,1953,87572,974956,508704,674973,511360
Senegal,1954,88189,1000586,520516,695925,526172
Senegal,1955,88887,1027288,532062,718804,541462
Senegal,1956,89690,1055057,543583,743565,557035
Senegal,1957,90580,1083842,555424,769557,572962
Senegal,1958,91611,1113539,567960,796455,589187
Senegal,1959,92870,1143961,581479,824034,605971
Senegal,1960,94350,1174957,596075,852246,623263
Senegal,1961,96061,1206705,612817,879876,640911
Senegal,1962,97979,1239368,631754,906533,659044
Senegal,1963,100102,1272837,651468,933897,677564
Senegal,1964,102396,1307091,672212,962606,696225
Senegal,1965,104862,1342436,695159,991879,715446
Senegal,1966,107515,1379332,720275,1021450,735722
Senegal,1967,110365,1417992,746803,1051646,757054
Senegal,1968,113377,1458301,774117,1082349,779435
Senegal,1969,116524,1500039,801745,1113549,803108
Senegal,1970,119832,1543081,829588,1145662,828151
Senegal,1971,123319,1588423,856487,1179108,854518
Senegal,1972,126966,1636055,882075,1214237,882284
Senegal,1973,130796,1683949,907784,1251197,911441
Senegal,1974,134725,1729726,933280,1289989,941715
Senegal,1975,138682,1771451,956739,1330945,972988
Senegal,1976,142702,1808264,977871,1374494,1005234
Senegal,1977,146728,1837871,996514,1420729,1037713
Senegal,1978,150881,1862880,1014644,1469932,1069763
Senegal,1979,155369,1888620,1035423,1522533,1100954
Senegal,1980,160214,1916214,1059632,1578544,1131035
Senegal,1981,165389,1946233,1087641,1637750,1160149
Senegal,1982,170898,1978830,1119474,1699579,1188183
Senegal,1983,176788,2014062,1154825,1763335,1215498
Senegal,1984,183078,2052282,1193389,1828142,1242474
Senegal,1985,189840,2095195,1236022,1893630,1268609
Senegal,1986,197183,2144593,1283550,1959867,1293007
Senegal,1987,205033,2199299,1334944,2026110,1316149
Senegal,1988,213289,2257694,1389116,2091948,1337572
Senegal,1989,221940,2319514,1445913,2157024,1357821
Senegal,1990,230911,2384707,1505189,2220218,1379498
Senegal,1991,240135,2453402,1566753,2280232,1402569
Senegal,1992,249601,2525526,1630116,2337251,1425903
Senegal,1993,259219,2600678,1694476,2391232,1450685
Senegal,1994,268834,2677625,1758355,2442892,1476374
Senegal,1995,278303,2754572,1820480,2493878,1500879
Senegal,1996,287460,2830632,1880635,2542909,1525382
Senegal,1997,296315,2906636,1938964,2589400,1552188
Senegal,1998,304958,2984614,1996579,2634424,1582377
Senegal,1999,313491,3066699,2054323,2678332,1618052
Senegal,2000,321880,3154195,2111532,2722060,1658596
Senegal,2001,330329,3247672,2166968,2767464,1700507
Senegal,2002,343016,3349233,2223520,2812278,1738169
Senegal,2003,358120,3455090,2273738,2857680,1776545
Senegal,2004,371428,3561783,2314562,2908932,1818998
Senegal,2005,384438,3671931,2354116,2964522,1860458
Senegal,2006,397292,3785758,2391342,3022295,1903396
Senegal,2007,410304,3902903,2425681,3085781,1945668
Senegal,2008,423547,4023058,2458432,3157306,1986606
Senegal,2009,437076,4145805,2490193,3234771,2029531
Senegal,2010,450839,4270676,2521971,3315801,2076115
Senegal,2011,464436,4402638,2560321,3401388,2130101
Senegal,2012,478056,4542235,2606539,3490689,2192961
Senegal,2013,490724,4695998,2672233,3596775,2255109
Senegal,2014,502187,4864902,2760874,3718449,2305673
Senegal,2015,514208,5039000,2857744,3839887,2342483
Senegal,2016,527234,5217953,2960345,3962717,2366256
Senegal,2017,541363,5402063,3069801,4081990,2379773
Senegal,2018,556898,5593275,3185436,4190424,2388452
Senegal,2019,574068,5793333,3303793,4285574,2396150
Senegal,2020,592225,6003302,3422410,4367091,2404180
Senegal,2021,610151,6223086,3540216,4434667,2412741
Senegal,2022,628976,6452826,3657070,4488007,2424217
Senegal,2023,649052,6684621,3760603,4531656,2451638
Serbia,1950,368675,2691180,1287191,1055381,606696
Serbia,1951,368760,2745702,1284519,1033294,634712
Serbia,1952,371160,2804072,1273490,1022796,655705
Serbia,1953,376015,2867210,1255637,1025687,667828
Serbia,1954,383637,2936631,1233642,1044173,668772
Serbia,1955,392153,3010935,1208496,1070672,664046
Serbia,1956,400020,3086742,1179633,1098881,657462
Serbia,1957,408008,3163184,1147847,1130764,646618
Serbia,1958,416822,3239244,1114206,1165604,631312
Serbia,1959,427154,3313255,1081583,1201036,612139
Serbia,1960,439146,3383183,1054672,1231851,594059
Serbia,1961,451756,3446274,1036451,1255075,581779
Serbia,1962,464636,3501717,1028225,1269514,574474
Serbia,1963,479804,3550144,1031286,1271702,571150
Serbia,1964,499096,3591003,1045378,1262373,570273
Serbia,1965,522006,3625003,1068886,1246957,568182
Serbia,1966,547015,3653300,1100450,1227672,564679
Serbia,1967,572319,3677133,1138887,1204703,561218
Serbia,1968,595985,3697620,1183013,1179553,557709
Serbia,1969,618048,3715078,1229795,1153932,554061
Serbia,1970,639026,3732274,1271994,1130750,550253
Serbia,1971,659555,3753036,1300899,1114516,547015
Serbia,1972,680341,3781405,1312424,1105338,545106
Serbia,1973,701657,3820002,1308637,1098613,544461
Serbia,1974,724561,3866279,1295424,1090992,545068
Serbia,1975,749469,3916329,1278308,1081127,547013
Serbia,1976,774529,3968555,1258880,1070861,549677
Serbia,1977,796213,4024367,1235968,1062490,552219
Serbia,1978,811250,4086216,1208542,1056529,554153
Serbia,1979,817486,4154050,1178191,1053306,554964
Serbia,1980,812507,4226661,1148423,1053315,555199
Serbia,1981,796862,4296367,1122454,1057672,554358
Serbia,1982,776125,4356087,1101992,1064625,550676
Serbia,1983,758496,4405345,1085599,1070676,544314
Serbia,1984,752763,4440252,1070968,1074799,536077
Serbia,1985,761364,4458761,1058405,1077158,525653
Serbia,1986,779767,4463965,1049577,1077204,513841
Serbia,1987,803322,4459724,1044867,1074170,503023
Serbia,1988,829693,4449013,1043577,1068418,493472
Serbia,1989,858142,4433710,1045533,1059840,483774
Serbia,1990,888671,4414334,1049897,1047529,473918
Serbia,1991,922127,4392491,1053092,1034697,464440
Serbia,1992,958329,4368849,1054052,1024389,453966
Serbia,1993,995716,4342150,1055146,1014118,442340
Serbia,1994,1033753,4313110,1057134,1001404,431469
Serbia,1995,1072272,4283063,1059780,985798,422042
Serbia,1996,1110581,4252740,1062264,968425,413348
Serbia,1997,1147525,4222812,1064084,949872,404504
Serbia,1998,1181887,4193933,1064660,929891,395142
Serbia,1999,1211774,4165699,1062653,908896,384924
Serbia,2000,1236011,4138712,1057540,887656,374315
Serbia,2001,1255315,4115063,1049859,866557,364814
Serbia,2002,1272867,4100697,1038139,846462,358285
Serbia,2003,1288860,4096833,1022367,827332,355248
Serbia,2004,1299971,4097466,1004979,808125,354970
Serbia,2005,1306094,4100157,987107,789007,356426
Serbia,2006,1307866,4105023,969589,771702,356860
Serbia,2007,1305566,4112681,951918,757641,354775
Serbia,2008,1299567,4123973,933135,745762,351366
Serbia,2009,1292160,4136669,913118,735149,347782
Serbia,2010,1284692,4147029,894217,725243,344276
Serbia,2011,1280817,4149621,876467,715632,341963
Serbia,2012,1287998,4134002,853986,707471,340823
Serbia,2013,1305675,4102151,826999,701850,339107
Serbia,2014,1328600,4061289,801915,698446,336448
Serbia,2015,1354726,4012509,780089,695736,333568
Serbia,2016,1380662,3960905,762356,690723,330682
Serbia,2017,1407284,3904719,749383,683182,328071
Serbia,2018,1437170,3842095,738173,675242,326356
Serbia,2019,1466329,3778791,727080,667879,325028
Serbia,2020,1489045,3716927,715687,661688,323437
Serbia,2021,1495231,3656796,704464,656779,321215
Serbia,2022,1498442,3619140,697882,655976,318876
Serbia,2023,1512049,3593566,694639,656986,314989
Seychelles,1950,4188,16184,5993,7246,4694
Seychelles,1951,4039,16225,6104,7392,4941
Seychelles,1952,3884,16204,6213,7549,5159
Seychelles,1953,3725,16205,6316,7728,5359
Seychelles,1954,3573,16228,6418,7934,5550
Seychelles,1955,3416,16269,6524,8167,5749
Seychelles,1956,3257,16331,6632,8424,5974
Seychelles,1957,3096,16419,6748,8695,6240
Seychelles,1958,2922,16547,6861,8978,6514
Seychelles,1959,2741,16698,6970,9287,6790
Seychelles,1960,2622,16894,7055,9638,7038
Seychelles,1961,2606,17159,7102,10033,7230
Seychelles,1962,2637,17426,7144,10475,7402
Seychelles,1963,2677,17671,7199,10952,7597
Seychelles,1964,2726,17897,7266,11477,7796
Seychelles,1965,2786,18104,7362,12049,7993
Seychelles,1966,2856,18284,7498,12647,8189
Seychelles,1967,2940,18438,7684,13274,8350
Seychelles,1968,3034,18570,7923,13925,8452
Seychelles,1969,3144,18685,8226,14577,8472
Seychelles,1970,3256,18789,8599,15226,8405
Seychelles,1971,3351,18982,9085,15791,8325
Seychelles,1972,3424,19325,9674,16211,8279
Seychelles,1973,3504,19718,10315,16518,8265
Seychelles,1974,3609,20128,11002,16733,8292
Seychelles,1975,3725,20546,11733,16879,8353
Seychelles,1976,3866,20975,12500,16983,8438
Seychelles,1977,4000,21406,13242,17001,8467
Seychelles,1978,4109,21814,13865,16881,8339
Seychelles,1979,4189,22235,14351,16700,8150
Seychelles,1980,4266,22696,14759,16541,8018
Seychelles,1981,4351,23219,15060,16404,7940
Seychelles,1982,4438,23807,15242,16246,7933
Seychelles,1983,4521,24456,15330,16074,7998
Seychelles,1984,4607,25121,15352,15947,8076
Seychelles,1985,4710,25764,15334,15899,8130
Seychelles,1986,4831,26385,15302,15892,8172
Seychelles,1987,4958,27047,15259,15893,8201
Seychelles,1988,5052,27882,15195,15872,8226
Seychelles,1989,5108,28859,15118,15826,8229
Seychelles,1990,5154,29822,15056,15781,8185
Seychelles,1991,5210,30792,14962,15762,8109
Seychelles,1992,5269,31757,14813,15760,8027
Seychelles,1993,5346,32649,14724,15714,7984
Seychelles,1994,5445,33444,14727,15627,8034
Seychelles,1995,5559,34150,14792,15580,8062
Seychelles,1996,5688,34803,14873,15590,7945
Seychelles,1997,5832,35506,14949,15604,7777
Seychelles,1998,5961,36433,15086,15620,7636
Seychelles,1999,6074,37596,15220,15616,7525
Seychelles,2000,6190,38851,15286,15572,7438
Seychelles,2001,6293,40118,15331,15517,7360
Seychelles,2002,6376,41381,15360,15481,7278
Seychelles,2003,6431,42553,15430,15435,7204
Seychelles,2004,6477,43671,15524,15325,7173
Seychelles,2005,6533,44831,15582,15158,7180
Seychelles,2006,6596,45999,15648,14949,7194
Seychelles,2007,6657,47155,15725,14734,7207
Seychelles,2008,6720,48325,15800,14500,7214
Seychelles,2009,6791,49548,15829,14239,7233
Seychelles,2010,6862,50898,15869,14060,7301
Seychelles,2011,6937,52437,16143,14063,7458
Seychelles,2012,7043,54112,16552,14187,7668
Seychelles,2013,7184,55831,16865,14353,7872
Seychelles,2014,7360,57606,17101,14543,8049
Seychelles,2015,7573,59472,17279,14738,8181
Seychelles,2016,7793,61442,17343,14970,8284
Seychelles,2017,8034,63498,17278,15252,8378
Seychelles,2018,8319,65651,17063,15552,8465
Seychelles,2019,8673,67834,16753,15853,8546
Seychelles,2020,9119,69971,16439,16149,8618
Seychelles,2021,9711,72008,16128,16439,8711
Seychelles,2022,10228,73725,16079,16699,8797
Seychelles,2023,10659,75152,16373,16920,8851
Sierra Leone,1950,60362,777716,374228,466634,320685
Sierra Leone,1951,63228,789750,378373,472862,319074
Sierra Leone,1952,66036,801577,382742,478653,318190
Sierra Leone,1953,68783,813042,387139,482081,319770
Sierra Leone,1954,71463,824299,391393,482317,325591
Sierra Leone,1955,74094,835637,395579,483463,332121
Sierra Leone,1956,76674,847032,399830,486566,337874
Sierra Leone,1957,79222,858551,404330,489909,344242
Sierra Leone,1958,81701,869840,409170,493075,351053
Sierra Leone,1959,84158,881321,414766,496605,358176
Sierra Leone,1960,86645,893520,421099,501373,365722
Sierra Leone,1961,89154,906303,427305,507701,373765
Sierra Leone,1962,91666,919714,433361,515354,382145
Sierra Leone,1963,94176,933582,437549,526043,390908
Sierra Leone,1964,96684,947733,439013,540880,400080
Sierra Leone,1965,99217,962241,441410,556454,409346
Sierra Leone,1966,101771,977135,445583,571641,418510
Sierra Leone,1967,104346,992577,449946,587691,427833
Sierra Leone,1968,106927,1008640,454287,604612,437067
Sierra Leone,1969,109477,1025197,458776,621971,445946
Sierra Leone,1970,112006,1041995,463980,639378,454926
Sierra Leone,1971,114465,1058061,470171,656580,463951
Sierra Leone,1972,116862,1073603,477226,673792,472912
Sierra Leone,1973,119231,1087390,486960,691134,482242
Sierra Leone,1974,121556,1098108,500213,708212,492374
Sierra Leone,1975,123837,1109115,513701,725038,502964
Sierra Leone,1976,126068,1121328,526470,741540,513412
Sierra Leone,1977,128338,1134258,540122,758356,524281
Sierra Leone,1978,130681,1148279,554822,775810,535925
Sierra Leone,1979,133029,1163101,569974,793856,547536
Sierra Leone,1980,135425,1179316,585370,812864,559116
Sierra Leone,1981,137847,1196632,600957,832374,571129
Sierra Leone,1982,140275,1214979,616880,852353,583697
Sierra Leone,1983,142770,1234938,633352,873616,596963
Sierra Leone,1984,145312,1256303,650118,896008,611018
Sierra Leone,1985,147846,1278759,667069,918953,625811
Sierra Leone,1986,150677,1305094,685630,944495,642481
Sierra Leone,1987,153852,1335545,706035,973057,661225
Sierra Leone,1988,157061,1367426,726959,1002695,680371
Sierra Leone,1989,159957,1397853,747212,1031050,697959
Sierra Leone,1990,165218,1450269,779543,1075608,726189
Sierra Leone,1991,165821,1463364,790763,1091406,734909
Sierra Leone,1992,161206,1431773,777779,1074231,721373
Sierra Leone,1993,159334,1424525,777965,1074604,720694
Sierra Leone,1994,158288,1425784,783038,1080961,725032
Sierra Leone,1995,156720,1423751,786206,1084976,727519
Sierra Leone,1996,155691,1426617,791916,1092615,732369
Sierra Leone,1997,156001,1441329,804169,1109043,743162
Sierra Leone,1998,155715,1451670,814099,1122914,751379
Sierra Leone,1999,154617,1454663,819729,1132354,756679
Sierra Leone,2000,156558,1486415,841264,1162576,776794
Sierra Leone,2001,164352,1574316,894629,1235066,824345
Sierra Leone,2002,172477,1665729,950193,1310925,872104
Sierra Leone,2003,178000,1733868,992106,1368770,904935
Sierra Leone,2004,182505,1794290,1028800,1420772,929340
Sierra Leone,2005,185888,1845437,1059796,1465079,945499
Sierra Leone,2006,188566,1889724,1086543,1502548,957074
Sierra Leone,2007,191440,1935701,1113942,1539937,968324
Sierra Leone,2008,195147,1989418,1145819,1581480,982855
Sierra Leone,2009,199609,2049362,1180922,1624279,1001474
Sierra Leone,2010,204363,2112815,1217144,1666895,1021489
Sierra Leone,2011,208847,2177119,1253583,1708201,1039500
Sierra Leone,2012,213244,2242989,1291192,1747985,1055657
Sierra Leone,2013,216759,2311816,1330254,1786637,1068581
Sierra Leone,2014,219022,2384215,1371125,1824542,1077469
Sierra Leone,2015,221980,2458474,1413112,1860688,1083394
Sierra Leone,2016,226290,2536878,1456560,1896685,1088913
Sierra Leone,2017,231126,2619831,1501029,1931792,1095511
Sierra Leone,2018,236444,2705866,1544719,1963556,1103970
Sierra Leone,2019,242400,2794887,1586329,1993290,1115078
Sierra Leone,2020,248522,2886781,1627165,2021715,1128364
Sierra Leone,2021,255102,2981651,1668139,2047835,1141865
Sierra Leone,2022,262813,3079991,1708005,2072513,1153475
Sierra Leone,2023,271295,3182237,1746997,2096247,1163736
Singapore,1950,23865,396878,180679,246080,165812
Singapore,1951,24037,413399,192186,255969,182449
Singapore,1952,24408,431024,204508,266489,199659
Singapore,1953,25016,450125,217069,278749,216563
Singapore,1954,25939,470961,229060,293883,232436
Singapore,1955,27328,493567,239981,313346,246004
Singapore,1956,29298,517631,249635,336999,257387
Singapore,1957,31580,539925,256588,362665,267516
Singapore,1958,33736,557462,260431,388681,275415
Singapore,1959,35859,572790,263740,414845,280517
Singapore,1960,38133,588484,268792,440662,283251
Singapore,1961,40518,604712,276425,464951,283858
Singapore,1962,43029,621610,287083,486992,282463
Singapore,1963,45771,639093,300909,505776,279960
Singapore,1964,48778,656970,317314,521211,277190
Singapore,1965,51975,674950,335525,534253,274118
Singapore,1966,55298,692503,355574,545364,270341
Singapore,1967,58789,709080,377949,554559,265301
Singapore,1968,62437,724611,402844,561735,258468
Singapore,1969,66245,740212,429363,566715,249622
Singapore,1970,70103,757407,455593,568867,239593
Singapore,1971,73887,777324,479791,567038,230399
Singapore,1972,77799,801407,500700,560579,223852
Singapore,1973,82002,829594,518435,549670,220436
Singapore,1974,86470,860234,534230,534968,219168
Singapore,1975,91218,892022,548861,518567,217855
Singapore,1976,96197,924495,562088,503094,214861
Singapore,1977,101248,958403,572746,489520,209610
Singapore,1978,106088,994868,580194,476837,202606
Singapore,1979,110502,1034252,583938,463449,196000
Singapore,1980,115058,1087291,591166,450724,193237
Singapore,1981,120451,1165427,608054,441419,196424
Singapore,1982,126082,1244964,619556,434433,202353
Singapore,1983,131216,1304012,615391,428366,206960
Singapore,1984,136108,1349896,601048,424029,209813
Singapore,1985,140833,1383093,579271,420557,211239
Singapore,1986,145672,1412868,558899,417235,209937
Singapore,1987,151376,1457150,549810,414349,208885
Singapore,1988,157662,1515539,549287,411771,214723
Singapore,1989,164073,1584936,552955,411521,225103
Singapore,1990,170129,1660869,558061,414977,235478
Singapore,1991,175946,1732025,562142,419058,247032
Singapore,1992,182726,1796117,566440,423811,257263
Singapore,1993,190381,1859120,573031,433360,261884
Singapore,1994,198275,1926256,584222,445940,262996
Singapore,1995,206146,2004312,601800,457856,263380
Singapore,1996,213906,2094804,623560,469458,262706
Singapore,1997,222037,2188010,644369,480911,261169
Singapore,1998,231161,2264212,655723,492337,257847
Singapore,1999,241474,2312742,657503,503081,251616
Singapore,2000,252044,2359591,665211,512301,245950
Singapore,2001,261328,2414356,676194,521715,242412
Singapore,2002,267085,2439804,674851,527892,237089
Singapore,2003,272332,2439144,671373,525384,229815
Singapore,2004,284042,2462649,682695,519448,223716
Singapore,2005,300426,2523569,708413,516378,219325
Singapore,2006,316243,2613612,746209,513907,216790
Singapore,2007,329889,2739060,800181,510046,216975
Singapore,2008,344149,2878264,858602,505096,220204
Singapore,2009,359563,2986461,899079,499070,223915
Singapore,2010,371979,3060770,926172,492782,224779
Singapore,2011,387175,3125435,956688,487346,225022
Singapore,2012,411236,3185117,987026,482764,226597
Singapore,2013,439120,3235324,1004652,478670,227199
Singapore,2014,467434,3276058,1010955,474623,228190
Singapore,2015,496534,3311826,1015577,469036,231719
Singapore,2016,526335,3337506,1015005,463008,235414
Singapore,2017,557695,3345274,1004120,459630,236669
Singapore,2018,589954,3354743,994259,458706,235973
Singapore,2019,621470,3368526,986372,458023,234405
Singapore,2020,650262,3328118,956714,453976,230250
Singapore,2021,678933,3268793,922705,449742,225175
Singapore,2022,715966,3318903,935675,453387,224899
Singapore,2023,756988,3417749,930850,453676,228711
Sint Maarten (Dutch part),1950,178,616,204,237,237
Sint Maarten (Dutch part),1951,183,633,222,283,257
Sint Maarten (Dutch part),1952,180,646,236,336,274
Sint Maarten (Dutch part),1953,171,659,249,392,289
Sint Maarten (Dutch part),1954,171,674,265,447,302
Sint Maarten (Dutch part),1955,170,710,281,497,313
Sint Maarten (Dutch part),1956,177,757,299,540,327
Sint Maarten (Dutch part),1957,184,802,326,582,343
Sint Maarten (Dutch part),1958,198,846,359,621,363
Sint Maarten (Dutch part),1959,215,882,406,655,386
Sint Maarten (Dutch part),1960,230,930,468,698,412
Sint Maarten (Dutch part),1961,235,997,551,765,443
Sint Maarten (Dutch part),1962,230,1079,653,839,482
Sint Maarten (Dutch part),1963,227,1182,757,906,533
Sint Maarten (Dutch part),1964,228,1291,864,973,589
Sint Maarten (Dutch part),1965,231,1406,977,1035,655
Sint Maarten (Dutch part),1966,228,1543,1088,1096,728
Sint Maarten (Dutch part),1967,227,1704,1188,1173,798
Sint Maarten (Dutch part),1968,231,1884,1281,1265,863
Sint Maarten (Dutch part),1969,232,2086,1357,1373,922
Sint Maarten (Dutch part),1970,239,2320,1409,1498,971
Sint Maarten (Dutch part),1971,252,2568,1444,1633,1012
Sint Maarten (Dutch part),1972,275,2817,1506,1760,1044
Sint Maarten (Dutch part),1973,297,3057,1641,1862,1082
Sint Maarten (Dutch part),1974,321,3300,1812,1944,1137
Sint Maarten (Dutch part),1975,343,3579,1966,2022,1204
Sint Maarten (Dutch part),1976,363,3900,2090,2105,1280
Sint Maarten (Dutch part),1977,387,4257,2180,2200,1360
Sint Maarten (Dutch part),1978,420,4648,2235,2318,1437
Sint Maarten (Dutch part),1979,456,5085,2239,2458,1507
Sint Maarten (Dutch part),1980,489,5542,2218,2615,1568
Sint Maarten (Dutch part),1981,514,6061,2320,2805,1626
Sint Maarten (Dutch part),1982,540,6661,2704,3014,1702
Sint Maarten (Dutch part),1983,569,7354,3246,3182,1803
Sint Maarten (Dutch part),1984,596,8131,3769,3299,1919
Sint Maarten (Dutch part),1985,627,9009,4233,3392,2053
Sint Maarten (Dutch part),1986,658,9990,4617,3476,2207
Sint Maarten (Dutch part),1987,687,11112,4887,3579,2377
Sint Maarten (Dutch part),1988,722,12353,5033,3704,2570
Sint Maarten (Dutch part),1989,758,13720,5057,3853,2801
Sint Maarten (Dutch part),1990,802,15189,4980,4038,3070
Sint Maarten (Dutch part),1991,846,16744,4834,4255,3384
Sint Maarten (Dutch part),1992,877,17959,4654,4474,3624
Sint Maarten (Dutch part),1993,893,18398,4482,4650,3627
Sint Maarten (Dutch part),1994,903,18404,4349,4812,3473
Sint Maarten (Dutch part),1995,915,18376,4238,4988,3279
Sint Maarten (Dutch part),1996,923,18327,4134,5173,3065
Sint Maarten (Dutch part),1997,924,18274,4031,5306,2885
Sint Maarten (Dutch part),1998,918,18249,3915,5350,2782
Sint Maarten (Dutch part),1999,915,18221,3797,5331,2733
Sint Maarten (Dutch part),2000,922,18165,3706,5285,2718
Sint Maarten (Dutch part),2001,933,18200,3671,5231,2716
Sint Maarten (Dutch part),2002,967,18389,3738,5203,2689
Sint Maarten (Dutch part),2003,1021,18599,3891,5189,2645
Sint Maarten (Dutch part),2004,1075,18795,4062,5175,2606
Sint Maarten (Dutch part),2005,1136,19004,4198,5177,2567
Sint Maarten (Dutch part),2006,1226,19219,4283,5194,2525
Sint Maarten (Dutch part),2007,1334,19450,4311,5209,2505
Sint Maarten (Dutch part),2008,1447,19694,4325,5197,2500
Sint Maarten (Dutch part),2009,1568,19929,4351,5177,2489
Sint Maarten (Dutch part),2010,1704,20154,4365,5153,2435
Sint Maarten (Dutch part),2011,1890,20468,4433,5109,2387
Sint Maarten (Dutch part),2012,2104,20941,4558,5038,2396
Sint Maarten (Dutch part),2013,2340,21471,4659,4990,2408
Sint Maarten (Dutch part),2014,2591,22014,4698,4988,2403
Sint Maarten (Dutch part),2015,2872,22542,4700,4979,2395
Sint Maarten (Dutch part),2016,3208,23038,4675,4992,2359
Sint Maarten (Dutch part),2017,3553,23517,4613,5051,2278
Sint Maarten (Dutch part),2018,3913,24008,4519,5125,2170
Sint Maarten (Dutch part),2019,4307,24457,4429,5166,2051
Sint Maarten (Dutch part),2020,4714,24857,4364,5167,1924
Sint Maarten (Dutch part),2021,5127,25210,4341,5126,1786
Sint Maarten (Dutch part),2022,5476,25433,4491,5034,1729
Sint Maarten (Dutch part),2023,5758,25560,4801,4891,1765
Slovakia,1950,230007,1628948,605865,619592,381317
Slovakia,1951,234691,1659729,603396,627308,400234
Slovakia,1952,239275,1691680,600150,640720,420013
Slovakia,1953,243999,1723261,597251,659172,436380
Slovakia,1954,248159,1755442,595288,679195,449933
Slovakia,1955,251883,1789440,594341,700383,461297
Slovakia,1956,256263,1823716,594049,726289,467943
Slovakia,1957,260539,1856362,594251,756336,469343
Slovakia,1958,266385,1885769,596362,786858,467315
Slovakia,1959,274345,1910760,602413,815773,461373
Slovakia,1960,284008,1932955,609834,844981,452655
Slovakia,1961,296172,1952434,619287,874325,443117
Slovakia,1962,307751,1967195,634270,894275,432292
Slovakia,1963,318993,1979344,652309,903838,423970
Slovakia,1964,332285,1991416,669931,908631,421019
Slovakia,1965,347193,2002546,688996,908024,418282
Slovakia,1966,361705,2012844,712904,901698,413040
Slovakia,1967,375981,2022246,739781,891287,406795
Slovakia,1968,389797,2030085,767564,880533,398444
Slovakia,1969,402220,2037820,794101,871034,389846
Slovakia,1970,413559,2044449,821717,859306,386824
Slovakia,1971,423873,2053369,850346,844279,388526
Slovakia,1972,435555,2070914,871181,827489,394639
Slovakia,1973,449083,2092892,882859,811341,407483
Slovakia,1974,463340,2114154,888613,800272,424244
Slovakia,1975,476451,2139858,888290,794622,439929
Slovakia,1976,487465,2172820,882601,790776,454825
Slovakia,1977,498102,2207029,872882,790889,468780
Slovakia,1978,508397,2240060,863159,795984,478102
Slovakia,1979,518405,2272487,855388,804372,482768
Slovakia,1980,520664,2311601,845734,816314,482314
Slovakia,1981,511607,2361685,831841,831974,477819
Slovakia,1982,498036,2415350,814859,851741,471788
Slovakia,1983,482713,2466544,798168,873882,465099
Slovakia,1984,477995,2502394,786483,895179,457304
Slovakia,1985,484329,2524998,778988,911953,450856
Slovakia,1986,493754,2543139,773725,923697,445734
Slovakia,1987,506771,2555205,774422,930922,438520
Slovakia,1988,520232,2566530,780280,932807,429784
Slovakia,1989,531697,2580019,789452,929180,419536
Slovakia,1990,540271,2593730,802515,922098,407413
Slovakia,1991,548159,2606490,819237,912942,397999
Slovakia,1992,556019,2618500,839633,900956,391286
Slovakia,1993,563806,2629428,862211,887292,383569
Slovakia,1994,572045,2642024,883984,871738,373377
Slovakia,1995,580259,2656884,901577,856809,358689
Slovakia,1996,588285,2673717,914619,844523,341210
Slovakia,1997,596155,2694307,923612,830876,324753
Slovakia,1998,601940,2720541,927571,815190,309475
Slovakia,1999,605894,2752903,926456,796192,296568
Slovakia,2000,609387,2788237,922861,771797,287617
Slovakia,2001,612425,2826456,915831,745234,279383
Slovakia,2002,615654,2867068,903816,719722,271309
Slovakia,2003,619417,2907018,889710,694677,265250
Slovakia,2004,624221,2946169,873382,670365,261770
Slovakia,2005,630328,2981394,857428,646657,260749
Slovakia,2006,637197,3012027,843716,621629,262132
Slovakia,2007,644349,3041131,828605,597372,265388
Slovakia,2008,651910,3069216,811804,575846,270190
Slovakia,2009,661421,3094987,791925,559893,276680
Slovakia,2010,670990,3120119,766906,551111,282553
Slovakia,2011,681348,3143116,740690,545555,287207
Slovakia,2012,697568,3159032,716509,540916,290659
Slovakia,2013,718546,3168101,693331,539038,291213
Slovakia,2014,741426,3173075,670490,541086,288967
Slovakia,2015,766715,3174681,647583,544333,286778
Slovakia,2016,795597,3172125,623228,550695,285443
Slovakia,2017,826077,3165359,599142,558689,286281
Slovakia,2018,855896,3155911,577394,564131,289744
Slovakia,2019,886031,3142507,561008,568048,292833
Slovakia,2020,914237,3123469,552194,571278,293601
Slovakia,2021,933972,3096666,545032,575577,291245
Slovakia,2022,961359,3094380,543162,585756,288222
Slovakia,2023,995672,3098306,545930,594711,283056
Slovenia,1950,108988,661665,273894,258843,142968
Slovenia,1951,110324,672325,275686,254023,150370
Slovenia,1952,111805,683978,276163,253351,154371
Slovenia,1953,113416,696669,274778,255277,157419
Slovenia,1954,114970,710028,272279,259094,159229
Slovenia,1955,115912,724569,268916,264624,158613
Slovenia,1956,116518,739421,265622,270238,156965
Slovenia,1957,117420,753096,263946,274653,155036
Slovenia,1958,118552,765999,263570,278356,152061
Slovenia,1959,120029,777991,262316,283115,148664
Slovenia,1960,122048,788805,258131,290745,145349
Slovenia,1961,124627,798756,254773,297811,142595
Slovenia,1962,127856,807436,255397,301282,141111
Slovenia,1963,131453,814721,258290,302033,140948
Slovenia,1964,135700,821195,262213,300757,141487
Slovenia,1965,141279,826749,267638,297245,142405
Slovenia,1966,147577,831916,273635,292883,143623
Slovenia,1967,153357,838004,278833,289088,144589
Slovenia,1968,157995,844924,283721,285297,144992
Slovenia,1969,162015,850108,289815,282000,144736
Slovenia,1970,166326,851667,298596,279888,143387
Slovenia,1971,171381,853936,306008,280077,141307
Slovenia,1972,176945,859881,309320,282065,140000
Slovenia,1973,182625,867278,310692,283848,140124
Slovenia,1974,188592,875376,310988,284729,141339
Slovenia,1975,194418,885317,309785,284725,143336
Slovenia,1976,199469,896717,308188,284407,145558
Slovenia,1977,204228,908397,306939,284394,147356
Slovenia,1978,208813,920789,305193,284687,149017
Slovenia,1979,212709,934000,303150,285188,150847
Slovenia,1980,213763,950039,301314,285709,152228
Slovenia,1981,210900,966515,298996,286305,151852
Slovenia,1982,205771,979338,295959,287286,149592
Slovenia,1983,200002,993018,294616,289089,146604
Slovenia,1984,196434,1007006,294520,291765,142950
Slovenia,1985,196183,1017829,293874,294823,138739
Slovenia,1986,197946,1040123,294504,297703,134524
Slovenia,1987,200945,1061429,295570,298763,131287
Slovenia,1988,204890,1066581,295561,297199,129254
Slovenia,1989,209273,1069744,295187,294496,126728
Slovenia,1990,213806,1075232,294277,291315,123344
Slovenia,1991,218700,1081671,292819,286462,119503
Slovenia,1992,223897,1085002,291385,281018,114523
Slovenia,1993,229627,1085213,291112,275960,108862
Slovenia,1994,235675,1086191,292352,269725,104274
Slovenia,1995,242785,1085486,295255,263123,101404
Slovenia,1996,250348,1084677,297286,255507,98923
Slovenia,1997,257311,1086963,296843,246658,96567
Slovenia,1998,263885,1088006,294771,238683,94664
Slovenia,1999,270083,1093881,292666,231686,92813
Slovenia,2000,276231,1103323,290303,225253,91629
Slovenia,2001,282532,1110923,286085,219335,90720
Slovenia,2002,288567,1118463,281531,213020,89893
Slovenia,2003,294079,1125748,277258,206018,89293
Slovenia,2004,299759,1132969,271618,199875,89215
Slovenia,2005,306023,1140949,264877,195480,89464
Slovenia,2006,312381,1149994,258458,191905,90242
Slovenia,2007,319152,1161049,252742,189092,91979
Slovenia,2008,326274,1169504,246589,186955,95607
Slovenia,2009,331938,1177424,240414,185318,100340
Slovenia,2010,334471,1187051,233838,184561,104495
Slovenia,2011,337752,1191758,226586,184503,107993
Slovenia,2012,344535,1192797,219639,185746,110374
Slovenia,2013,352392,1192026,212210,188784,110790
Slovenia,2014,360918,1188930,205593,192910,109775
Slovenia,2015,370898,1182492,200926,197044,108316
Slovenia,2016,381358,1174791,197481,201113,106388
Slovenia,2017,391654,1165917,194969,205160,104483
Slovenia,2018,402538,1160073,194458,209288,102907
Slovenia,2019,413347,1159280,195804,213209,101544
Slovenia,2020,422730,1161759,199354,217511,100758
Slovenia,2021,431440,1160225,201008,220458,99997
Slovenia,2022,441251,1154144,200080,221218,98100
Slovenia,2023,451395,1149092,201130,220399,95872
Small island developing states (SIDS),1950,856820,8756468,4361144,5701360,3727013
Small island developing states (SIDS),1951,863050,8944397,4445375,5822924,3822220
Small island developing states (SIDS),1952,874422,9134255,4532283,5946196,3917455
Small island developing states (SIDS),1953,888417,9324874,4620152,6078092,4015573
Small island developing states (SIDS),1954,903510,9516605,4705281,6221979,4116457
Small island developing states (SIDS),1955,919417,9710830,4788054,6379226,4218725
Small island developing states (SIDS),1956,936288,9906901,4871519,6547147,4323151
Small island developing states (SIDS),1957,953991,10101167,4956271,6722011,4430719
Small island developing states (SIDS),1958,973179,10290694,5043281,6902716,4538332
Small island developing states (SIDS),1959,995364,10476552,5135259,7087974,4647405
Small island developing states (SIDS),1960,1023214,10670765,5232827,7272492,4758001
Small island developing states (SIDS),1961,1055506,10875290,5331618,7459967,4867595
Small island developing states (SIDS),1962,1089734,11078941,5431230,7658193,4977932
Small island developing states (SIDS),1963,1126571,11277365,5537827,7862217,5087644
Small island developing states (SIDS),1964,1166765,11465153,5651117,8071434,5188448
Small island developing states (SIDS),1965,1210407,11643912,5772874,8288857,5274169
Small island developing states (SIDS),1966,1258377,11823435,5908177,8513259,5342156
Small island developing states (SIDS),1967,1311324,12007350,6058482,8743018,5389101
Small island developing states (SIDS),1968,1367732,12194814,6223583,8974171,5414808
Small island developing states (SIDS),1969,1425162,12384633,6400459,9199363,5425629
Small island developing states (SIDS),1970,1480334,12590423,6592598,9407306,5430122
Small island developing states (SIDS),1971,1536995,12817106,6791569,9590465,5435097
Small island developing states (SIDS),1972,1597227,13061479,6985037,9749606,5436361
Small island developing states (SIDS),1973,1658312,13324509,7174408,9887440,5432935
Small island developing states (SIDS),1974,1722482,13601858,7364430,10007081,5432270
Small island developing states (SIDS),1975,1790177,13894534,7559911,10111150,5430650
Small island developing states (SIDS),1976,1860232,14198173,7761935,10202035,5420114
Small island developing states (SIDS),1977,1931848,14512232,7971158,10275309,5399666
Small island developing states (SIDS),1978,2003400,14838886,8186615,10326518,5371307
Small island developing states (SIDS),1979,2073684,15168999,8404831,10346522,5338815
Small island developing states (SIDS),1980,2140160,15515868,8627435,10337355,5319110
Small island developing states (SIDS),1981,2198111,15903707,8857332,10317357,5325862
Small island developing states (SIDS),1982,2250796,16309229,9071658,10293957,5364030
Small island developing states (SIDS),1983,2303832,16710580,9248716,10270872,5430503
Small island developing states (SIDS),1984,2357906,17118028,9389831,10252496,5509018
Small island developing states (SIDS),1985,2413111,17535399,9496826,10238956,5591729
Small island developing states (SIDS),1986,2468907,17972252,9579616,10225959,5676907
Small island developing states (SIDS),1987,2525486,18444301,9647607,10225885,5756121
Small island developing states (SIDS),1988,2583021,18948823,9698643,10249835,5834562
Small island developing states (SIDS),1989,2641394,19476906,9732424,10298695,5918908
Small island developing states (SIDS),1990,2701934,20025924,9748475,10375922,6005485
Small island developing states (SIDS),1991,2763026,20582911,9760435,10482797,6084772
Small island developing states (SIDS),1992,2822012,21135634,9778990,10621691,6143682
Small island developing states (SIDS),1993,2879809,21684174,9797808,10794496,6172483
Small island developing states (SIDS),1994,2942390,22230237,9818518,10988178,6174131
Small island developing states (SIDS),1995,3010914,22785000,9846259,11183568,6162215
Small island developing states (SIDS),1996,3081451,23355891,9882117,11368094,6149290
Small island developing states (SIDS),1997,3155914,23932459,9933807,11526341,6141256
Small island developing states (SIDS),1998,3235970,24487147,10002953,11652142,6134429
Small island developing states (SIDS),1999,3318289,24949425,10064463,11715148,6111514
Small island developing states (SIDS),2000,3405371,25390063,10154606,11759830,6106117
Small island developing states (SIDS),2001,3501202,25871802,10288577,11833143,6130390
Small island developing states (SIDS),2002,3600326,26312222,10425165,11895182,6144879
Small island developing states (SIDS),2003,3700237,26709296,10576072,11927950,6147098
Small island developing states (SIDS),2004,3805987,27116344,10755055,11938649,6134815
Small island developing states (SIDS),2005,3920104,27559254,10954661,11950454,6112969
Small island developing states (SIDS),2006,4036585,28040287,11162866,11963446,6092740
Small island developing states (SIDS),2007,4153316,28572794,11369444,11970186,6081832
Small island developing states (SIDS),2008,4274393,29132546,11555218,11972200,6084955
Small island developing states (SIDS),2009,4398738,29670170,11703214,11970386,6104157
Small island developing states (SIDS),2010,4512799,30174901,11813249,11953165,6125540
Small island developing states (SIDS),2011,4627629,30686101,11908472,11926520,6154474
Small island developing states (SIDS),2012,4763552,31210324,11989194,11912012,6190953
Small island developing states (SIDS),2013,4912735,31731143,12029254,11914374,6211732
Small island developing states (SIDS),2014,5065933,32250397,12037372,11927322,6215377
Small island developing states (SIDS),2015,5226402,32759285,12041106,11939956,6210152
Small island developing states (SIDS),2016,5397143,33242850,12040939,11955163,6193860
Small island developing states (SIDS),2017,5571992,33660024,12014947,11975097,6163607
Small island developing states (SIDS),2018,5758435,34093642,12016236,11996599,6137593
Small island developing states (SIDS),2019,5953848,34537403,12032893,12018838,6114890
Small island developing states (SIDS),2020,6137052,34892990,12011619,12046243,6082163
Small island developing states (SIDS),2021,6288407,35225177,11990027,12078198,6042117
Small island developing states (SIDS),2022,6456812,35647633,12008569,12107037,6001758
Small island developing states (SIDS),2023,6669944,36114738,12017400,12120506,5963250
Solomon Islands,1950,4917,35204,20230,27930,20367
Solomon Islands,1951,4790,35917,20748,28816,20699
Solomon Islands,1952,4676,36676,21288,29791,21069
Solomon Islands,1953,4568,37490,21850,30940,21374
Solomon Islands,1954,4469,38356,22416,32299,21584
Solomon Islands,1955,4373,39273,22992,33494,22068
Solomon Islands,1956,4281,40227,23585,34440,22824
Solomon Islands,1957,4199,41241,24206,35454,23589
Solomon Islands,1958,4128,42337,24875,36559,24421
Solomon Islands,1959,4056,43505,25612,37692,25279
Solomon Islands,1960,4058,44704,26304,38557,26072
Solomon Islands,1961,4139,45928,26906,39174,26774
Solomon Islands,1962,4252,47150,27503,39848,27456
Solomon Islands,1963,4402,48373,28122,40557,28153
Solomon Islands,1964,4595,49572,28751,41313,28867
Solomon Islands,1965,4822,50766,29212,42372,29525
Solomon Islands,1966,5071,51967,29515,43720,30131
Solomon Islands,1967,5336,53175,29851,45136,30757
Solomon Islands,1968,5625,54380,30232,46617,31443
Solomon Islands,1969,5935,55566,30679,48146,32163
Solomon Islands,1970,6122,56657,31385,49421,33004
Solomon Islands,1971,6193,57681,32314,50417,34049
Solomon Islands,1972,6289,58728,33220,51496,35271
Solomon Islands,1973,6428,59838,34076,52759,36686
Solomon Islands,1974,6587,61017,34874,54241,38337
Solomon Islands,1975,6765,62226,35612,56017,40137
Solomon Islands,1976,6922,63782,36667,58280,41559
Solomon Islands,1977,7041,65734,38155,60961,42535
Solomon Islands,1978,7187,67793,39788,63837,43435
Solomon Islands,1979,7388,69938,41524,66868,44246
Solomon Islands,1980,7626,72177,43361,69972,45011
Solomon Islands,1981,7909,74515,45302,72922,45920
Solomon Islands,1982,8215,76978,47325,75710,46985
Solomon Islands,1983,8554,79563,49405,78487,48075
Solomon Islands,1984,8917,82280,51532,81232,49216
Solomon Islands,1985,9308,85129,53734,83895,50402
Solomon Islands,1986,9715,88105,56103,86358,51573
Solomon Islands,1987,10028,91138,58785,88409,53067
Solomon Islands,1988,10260,94268,61740,90136,54874
Solomon Islands,1989,10526,97544,64799,91833,56591
Solomon Islands,1990,10825,100984,67827,93600,58213
Solomon Islands,1991,11146,104602,70718,95498,59781
Solomon Islands,1992,11504,108391,73441,97731,61146
Solomon Islands,1993,11890,112352,76004,100249,62356
Solomon Islands,1994,12299,116517,78435,102789,63645
Solomon Islands,1995,12730,120928,80739,105316,65030
Solomon Islands,1996,13170,125611,82918,107815,66503
Solomon Islands,1997,13630,130543,84991,110300,68016
Solomon Islands,1998,14098,135680,87009,112810,69481
Solomon Islands,1999,14567,140932,88984,115311,70718
Solomon Islands,2000,14955,145968,90661,117156,71741
Solomon Islands,2001,15270,150816,91983,118395,72672
Solomon Islands,2002,15577,155722,93142,119683,73550
Solomon Islands,2003,15879,160663,94133,121050,74436
Solomon Islands,2004,16191,165616,94930,122500,75380
Solomon Islands,2005,16521,170583,95519,124215,76250
Solomon Islands,2006,16874,175548,95909,126199,77069
Solomon Islands,2007,17249,180487,96151,128301,77974
Solomon Islands,2008,17636,185357,96334,130511,78962
Solomon Islands,2009,18026,190315,96775,132965,80069
Solomon Islands,2010,18503,196949,98949,136668,81908
Solomon Islands,2011,19105,205295,102697,141367,84492
Solomon Islands,2012,19785,214022,106608,145921,87283
Solomon Islands,2013,20558,223102,110676,150369,90243
Solomon Islands,2014,21460,232449,114939,154810,93252
Solomon Islands,2015,22494,241946,119492,159453,96032
Solomon Islands,2016,23665,251532,124373,164373,98437
Solomon Islands,2017,24962,261238,129548,169482,100438
Solomon Islands,2018,26357,271175,134911,174760,101900
Solomon Islands,2019,27251,279511,139491,179454,102446
Solomon Islands,2020,27572,287297,143562,183595,102480
Solomon Islands,2021,27875,296451,147789,187761,102716
Solomon Islands,2022,28345,306172,151758,191671,103126
Solomon Islands,2023,29012,316465,155623,195226,103683
Somalia,1950,57577,839187,403762,531656,380958
Somalia,1951,60841,856321,412117,543345,404060
Somalia,1952,64097,873528,421751,555739,425143
Somalia,1953,67338,890458,431972,568947,444859
Somalia,1954,70610,907113,441823,585126,462642
Somalia,1955,73929,923757,451022,608246,475298
Somalia,1956,77299,940368,460086,636050,484571
Somalia,1957,80712,956845,469412,664545,494200
Somalia,1958,84120,973141,478793,693312,504041
Somalia,1959,87527,990412,488334,722420,514399
Somalia,1960,90964,1009301,498661,751841,525566
Somalia,1961,94405,1029650,509788,780925,537289
Somalia,1962,97848,1051628,521756,809277,549586
Somalia,1963,101301,1074537,534758,837284,562482
Somalia,1964,104763,1097186,550701,864239,575909
Somalia,1965,108255,1119353,573213,887075,589979
Somalia,1966,111757,1141373,600156,907208,604620
Somalia,1967,115273,1163526,627835,928097,619810
Somalia,1968,118815,1186165,656100,949870,635643
Somalia,1969,122366,1209521,684578,972447,652107
Somalia,1970,125953,1234200,712954,996010,669332
Somalia,1971,129525,1260202,740605,1020237,687124
Somalia,1972,133097,1288063,767318,1045304,705655
Somalia,1973,136741,1317978,793848,1071708,725311
Somalia,1974,140170,1349776,819196,1098728,743979
Somalia,1975,143368,1386163,840196,1126079,761733
Somalia,1976,146592,1426063,858357,1154038,780763
Somalia,1977,150251,1468030,877828,1183938,804011
Somalia,1978,161038,1577768,937815,1268623,869651
Somalia,1979,181745,1785585,1056000,1431952,993832
Somalia,1980,197303,1944322,1144575,1556099,1093851
Somalia,1981,197947,1957621,1147201,1565500,1114579
Somalia,1982,197539,1961332,1144602,1569874,1130485
Somalia,1983,202700,2020895,1175258,1622680,1176896
Somalia,1984,208811,2090930,1212313,1687833,1228501
Somalia,1985,215804,2171201,1255679,1764145,1286459
Somalia,1986,223039,2255622,1301799,1847000,1347322
Somalia,1987,229143,2329819,1342094,1924675,1402569
Somalia,1988,226685,2321301,1335562,1941353,1410454
Somalia,1989,220039,2268983,1304706,1926942,1394150
Somalia,1990,216653,2245056,1291319,1935358,1394422
Somalia,1991,202710,2161712,1249604,1888526,1311204
Somalia,1992,184494,2077925,1212711,1832103,1187873
Somalia,1993,184912,2140257,1258578,1894616,1203043
Somalia,1994,193089,2238918,1323894,1979919,1290982
Somalia,1995,198557,2309251,1373729,2024854,1378620
Somalia,1996,204081,2382951,1426723,2058304,1482415
Somalia,1997,209208,2456460,1481065,2099580,1578214
Somalia,1998,215791,2548288,1547825,2184196,1659310
Somalia,1999,222680,2640509,1616643,2284726,1727505
Somalia,2000,229977,2735343,1687707,2388745,1796937
Somalia,2001,237919,2834494,1760447,2497137,1868492
Somalia,2002,246067,2931228,1829931,2605642,1937194
Somalia,2003,254447,3031744,1896905,2720160,2005897
Somalia,2004,262574,3138569,1957671,2846315,2075861
Somalia,2005,269733,3244578,2001749,2985672,2142492
Somalia,2006,275665,3342680,2025632,3130600,2200915
Somalia,2007,281718,3447099,2060079,3273164,2260510
Somalia,2008,287535,3550521,2119930,3387763,2317326
Somalia,2009,292498,3641858,2186895,3474878,2365061
Somalia,2010,297478,3736470,2257338,3562939,2407522
Somalia,2011,294357,3784421,2305102,3601416,2363520
Somalia,2012,292712,3839080,2359187,3640607,2329568
Somalia,2013,302475,3962714,2454427,3742273,2407701
Somalia,2014,315152,4095303,2565608,3847694,2515730
Somalia,2015,330301,4211556,2689998,3936466,2638636
Somalia,2016,348829,4337275,2841257,4040267,2781099
Somalia,2017,367219,4483669,2993171,4175302,2897255
Somalia,2018,384579,4648318,3116491,4324976,2978111
Somalia,2019,403610,4838093,3232563,4487706,3068982
Somalia,2020,422466,5041952,3355279,4662559,3168929
Somalia,2021,438182,5245987,3478240,4839111,3269902
Somalia,2022,452478,5430928,3583370,4992934,3342170
Somalia,2023,470809,5630892,3687338,5157860,3411708
South Africa,1950,530044,4918545,2360087,3079257,2150470
South Africa,1951,527910,5013987,2400597,3178057,2188381
South Africa,1952,526787,5112568,2441546,3285600,2228952
South Africa,1953,526297,5213200,2481307,3403545,2268479
South Africa,1954,526693,5316383,2523853,3519404,2317364
South Africa,1955,528381,5423400,2573755,3626170,2381583
South Africa,1956,531255,5534135,2631319,3734547,2449348
South Africa,1957,535363,5648190,2697133,3846910,2517161
South Africa,1958,540460,5763761,2768033,3962101,2585982
South Africa,1959,547491,5882672,2851046,4078950,2654729
South Africa,1960,557736,6008815,2953592,4197047,2722899
South Africa,1961,571038,6146570,3071542,4323001,2795802
South Africa,1962,587274,6295844,3202040,4457841,2875436
South Africa,1963,606267,6452150,3344012,4592371,2959669
South Africa,1964,627718,6615629,3483608,4734847,3049471
South Africa,1965,651518,6787887,3614329,4891003,3144547
South Africa,1966,677450,6968983,3745023,5050835,3247692
South Africa,1967,705374,7159649,3877950,5212075,3358919
South Africa,1968,734993,7360608,4012702,5376165,3472713
South Africa,1969,765825,7570786,4146956,5542636,3588367
South Africa,1970,797316,7789148,4279239,5709956,3704219
South Africa,1971,828392,8017458,4406485,5877225,3812466
South Africa,1972,859078,8258827,4531100,6048311,3912018
South Africa,1973,890075,8516014,4654732,6226343,4006977
South Africa,1974,921261,8776607,4784813,6412534,4093767
South Africa,1975,952772,9034700,4926127,6605606,4171607
South Africa,1976,984552,9298780,5068209,6803158,4240615
South Africa,1977,1016935,9582337,5216401,7003907,4299230
South Africa,1978,1050184,9888613,5373245,7204518,4352801
South Africa,1979,1084006,10205449,5530087,7401286,4413180
South Africa,1980,1122836,10590627,5724436,7574177,4506618
South Africa,1981,1168572,11050025,5958408,7717529,4646340
South Africa,1982,1218909,11533066,6187364,7856514,4819304
South Africa,1983,1273735,12045713,6399478,8013059,5007132
South Africa,1984,1333217,12588690,6589720,8201378,5179587
South Africa,1985,1390330,13127936,6785566,8402752,5335302
South Africa,1986,1441204,13653972,6997593,8593507,5494021
South Africa,1987,1489686,14201300,7201461,8791433,5642081
South Africa,1988,1535264,14778219,7394863,9017789,5754269
South Africa,1989,1575678,15377915,7583101,9277411,5814215
South Africa,1990,1610430,15998682,7762540,9575281,5799071
South Africa,1991,1645200,16524748,7875316,9913573,5728784
South Africa,1992,1692392,16828839,7977048,10288015,5656919
South Africa,1993,1727297,17495742,7943737,10576981,5553084
South Africa,1994,1781088,17803853,8053447,10886748,5478674
South Africa,1995,1865837,17576908,8398849,11222388,5477231
South Africa,1996,1955784,17479018,8751037,11456431,5480385
South Africa,1997,2047041,17522620,9086163,11574501,5436112
South Africa,1998,2120497,17883756,9332369,11553309,5333518
South Africa,1999,2183144,18235917,9609846,11459165,5241778
South Africa,2000,2237908,18568155,9892282,11328137,5132695
South Africa,2001,2290654,18905112,10179933,11193634,4996870
South Africa,2002,2344619,19267966,10482592,11031359,4892211
South Africa,2003,2400917,19656850,10759423,10848284,4834144
South Africa,2004,2460053,20040083,10994885,10665069,4830528
South Africa,2005,2520941,20406455,11186082,10483595,4892087
South Africa,2006,2576398,20794181,11320777,10293856,5012105
South Africa,2007,2627042,21240593,11390534,10106759,5162625
South Africa,2008,2675125,21762875,11385573,9944294,5345628
South Africa,2009,2713767,22354033,11308705,9849103,5501733
South Africa,2010,2745423,23007622,11198914,9807579,5583245
South Africa,2011,2776434,23697323,11085338,9800954,5633839
South Africa,2012,2822325,24447015,10967590,9878101,5666158
South Africa,2013,2889866,25234922,10866214,10040380,5645946
South Africa,2014,2962291,26007768,10776141,10201039,5646042
South Africa,2015,3044043,26881313,10738798,10347321,5710272
South Africa,2016,3131950,27411571,10493860,10489889,5730108
South Africa,2017,3241097,27864607,10237056,10625679,5664079
South Africa,2018,3382640,28675644,10224011,10750301,5577199
South Africa,2019,3538790,29470857,10229430,10809349,5535614
South Africa,2020,3695524,30257012,10253988,10779969,5571357
South Africa,2021,3829422,31007436,10292683,10666890,5701136
South Africa,2022,3962854,31652875,10338523,10589451,5829285
South Africa,2023,4112801,32220352,10384797,10601111,5887777
South Korea,1950,541805,7386508,3362550,5276520,3189723
South Korea,1951,539269,7355531,3473417,5351540,3149040
South Korea,1952,554288,7434363,3664382,5412017,3164640
South Korea,1953,581052,7597905,3910085,5424954,3261138
South Korea,1954,612772,7799147,4162907,5428726,3411841
South Korea,1955,647009,8027597,4402330,5443359,3604633
South Korea,1956,682005,8266100,4630746,5474520,3820907
South Korea,1957,716960,8512140,4847927,5545813,4037805
South Korea,1958,750755,8768358,5019649,5685459,4249577
South Korea,1959,783877,9036975,5126638,5899800,4450833
South Korea,1960,817266,9313216,5196757,6152250,4635812
South Korea,1961,850729,9570404,5219903,6417987,4793878
South Korea,1962,884296,9812752,5188761,6714902,4908489
South Korea,1963,914484,10055575,5147293,7066709,4961468
South Korea,1964,937460,10284375,5129126,7451869,4942140
South Korea,1965,957797,10488850,5143869,7851740,4842082
South Korea,1966,977119,10709393,5190312,8242955,4726159
South Korea,1967,1003176,10988906,5288492,8574357,4640792
South Korea,1968,1032677,11285985,5430671,8862671,4563289
South Korea,1969,1058472,11562389,5628457,9079885,4523565
South Korea,1970,1093100,11815088,5918631,9170194,4545190
South Korea,1971,1137581,12069114,6222389,9220348,4590424
South Korea,1972,1181639,12371019,6476740,9269119,4637943
South Korea,1973,1222394,12706044,6744705,9280871,4671816
South Korea,1974,1261040,13039331,7055422,9278755,4653270
South Korea,1975,1294195,13358244,7401265,9275376,4546648
South Korea,1976,1325348,13650551,7768495,9251234,4384271
South Korea,1977,1357647,13975590,8067727,9213394,4229221
South Korea,1978,1389682,14324102,8310916,9157871,4099283
South Korea,1979,1423036,14693885,8487326,9097091,4009474
South Korea,1980,1459579,15144764,8556776,9032336,3947592
South Korea,1981,1512473,15648310,8629517,8950469,3948370
South Korea,1982,1577683,16206360,8698286,8875853,3997898
South Korea,1983,1633971,16831833,8724568,8780887,4029589
South Korea,1984,1684082,17495764,8761465,8656796,4000090
South Korea,1985,1746646,18160245,8817674,8554098,3870176
South Korea,1986,1823457,18822097,8898965,8474479,3699331
South Korea,1987,1901980,19499551,8978967,8388814,3552510
South Korea,1988,1984665,20181953,9022285,8284676,3449076
South Korea,1989,2071141,20835179,9065727,8151743,3400649
South Korea,1990,2153223,21449850,9093324,8009814,3374923
South Korea,1991,2234097,21974120,9028119,7859563,3342929
South Korea,1992,2318100,22423218,8893208,7680738,3338013
South Korea,1993,2407939,22888616,8726176,7486256,3378239
South Korea,1994,2509426,23359411,8559684,7258632,3443180
South Korea,1995,2614578,23815139,8441707,6999059,3497454
South Korea,1996,2723698,24279794,8348112,6782668,3503869
South Korea,1997,2852111,24738889,8242001,6648299,3459519
South Korea,1998,2990578,25161190,8112464,6575233,3390578
South Korea,1999,3141747,25530707,7961393,6553011,3312637
South Korea,2000,3315335,25829082,7809642,6579359,3232329
South Korea,2001,3501275,26104456,7671134,6632650,3132873
South Korea,2002,3695577,26392789,7526970,6684797,2997632
South Korea,2003,3895203,26678490,7374692,6717591,2846643
South Korea,2004,4100765,26975564,7209535,6715872,2693741
South Korea,2005,4305202,27304540,7031299,6689969,2519002
South Korea,2006,4520739,27644788,6863733,6614258,2361251
South Korea,2007,4747022,27959580,6743536,6450111,2275927
South Korea,2008,4953430,28246367,6684352,6232846,2237279
South Korea,2009,5149796,28503348,6666783,5993215,2231016
South Korea,2010,5357713,28736294,6679792,5736370,2256299
South Korea,2011,5572985,29074416,6718621,5480315,2278117
South Korea,2012,5801349,29495547,6765993,5251130,2282074
South Korea,2013,6053420,29880138,6792821,5062228,2278800
South Korea,2014,6326182,30252162,6780373,4903161,2273136
South Korea,2015,6600489,30622631,6739131,4755700,2261639
South Korea,2016,6850351,30917114,6674720,4643942,2207079
South Korea,2017,7138048,31099628,6542226,4596652,2104690
South Korea,2018,7458868,31261067,6350754,4570338,1994366
South Korea,2019,7791919,31404408,6140793,4538464,1886136
South Korea,2020,8198217,31452100,5918766,4533919,1748561
South Korea,2021,8629900,31424500,5668037,4525156,1592949
South Korea,2022,9045801,31371755,5446179,4447399,1463191
South Korea,2023,9479537,31298740,5284596,4318993,1358267
South Sudan,1950,86266,867080,475790,630411,433735
South Sudan,1951,85653,881713,484437,644026,433788
South Sudan,1952,85273,897284,493244,657245,436161
South Sudan,1953,85096,913754,502247,668244,442392
South Sudan,1954,85112,931086,511513,676269,453117
South Sudan,1955,85286,949232,521160,683661,465749
South Sudan,1956,85536,967816,531071,691952,478222
South Sudan,1957,85808,986205,541017,700610,490459
South Sudan,1958,85850,1002036,550278,708362,501836
South Sudan,1959,85635,1015759,559359,715447,512583
South Sudan,1960,85446,1029990,569283,723131,523717
South Sudan,1961,85265,1044852,579567,731728,535318
South Sudan,1962,85101,1060401,589489,741933,547381
South Sudan,1963,84524,1076273,597449,755965,558463
South Sudan,1964,84304,1095433,603978,775149,571053
South Sudan,1965,84332,1115213,609973,795989,584328
South Sudan,1966,83269,1129414,614610,815180,593949
South Sudan,1967,81836,1141056,619051,833153,602554
South Sudan,1968,80731,1153417,624419,850504,612456
South Sudan,1969,79706,1165522,630323,867198,622784
South Sudan,1970,78751,1177261,636803,882979,633824
South Sudan,1971,78939,1194122,646139,899503,649942
South Sudan,1972,80202,1215693,658653,917752,670192
South Sudan,1973,82230,1239451,674953,937918,692834
South Sudan,1974,85007,1264946,695381,960712,717218
South Sudan,1975,87906,1290613,716644,986063,740269
South Sudan,1976,90905,1317703,737146,1014546,761611
South Sudan,1977,94006,1345937,756721,1045992,781381
South Sudan,1978,97175,1375078,775307,1079860,800246
South Sudan,1979,100339,1405017,793245,1115283,818727
South Sudan,1980,103502,1435632,810526,1152145,837236
South Sudan,1981,106692,1466842,827423,1190427,855891
South Sudan,1982,109943,1498703,844853,1229288,874901
South Sudan,1983,112961,1527459,861803,1266524,892829
South Sudan,1984,115516,1549537,877445,1299713,908417
South Sudan,1985,118005,1568655,894067,1330163,923407
South Sudan,1986,120701,1588113,913684,1359405,939343
South Sudan,1987,121887,1587804,927274,1376724,948709
South Sudan,1988,115394,1562003,933027,1362486,875119
South Sudan,1989,109011,1532256,933955,1332939,805072
South Sudan,1990,110536,1529156,945365,1325488,827088
South Sudan,1991,113829,1552382,971844,1329182,869443
South Sudan,1992,116200,1565402,991746,1314351,922040
South Sudan,1993,117610,1568059,1004635,1291443,974248
South Sudan,1994,121218,1598998,1028671,1304826,1017464
South Sudan,1995,126019,1646554,1057290,1344344,1051616
South Sudan,1996,129929,1685589,1077901,1380356,1083131
South Sudan,1997,134391,1736648,1101499,1421438,1115142
South Sudan,1998,136412,1785839,1122455,1455937,1119398
South Sudan,1999,139494,1853660,1148473,1500560,1129394
South Sudan,2000,146730,1956823,1185066,1569498,1174094
South Sudan,2001,154262,2067750,1214906,1649359,1222046
South Sudan,2002,162001,2185011,1233588,1740506,1275617
South Sudan,2003,170150,2311755,1251291,1836855,1332983
South Sudan,2004,178909,2451660,1291363,1927155,1383843
South Sudan,2005,188393,2607145,1352559,2014075,1427847
South Sudan,2006,198700,2779338,1420893,2105565,1471887
South Sudan,2007,209776,2965748,1495594,2200504,1516993
South Sudan,2008,221438,3159964,1573211,2297671,1565171
South Sudan,2009,233260,3349939,1649119,2394332,1616705
South Sudan,2010,247192,3579450,1749737,2494520,1674824
South Sudan,2011,262129,3823561,1863922,2598367,1739867
South Sudan,2012,275200,4014753,1957792,2703837,1804389
South Sudan,2013,286516,4170899,2034483,2812133,1861993
South Sudan,2014,287292,4165223,2011511,2896127,1874741
South Sudan,2015,281482,4083357,1957265,2958102,1827280
South Sudan,2016,272803,3926685,1892971,3006800,1730817
South Sudan,2017,258885,3605681,1773163,3031294,1590116
South Sudan,2018,259275,3507164,1810327,3066613,1479580
South Sudan,2019,273711,3630526,1978574,3108641,1431876
South Sudan,2020,288151,3738798,2132559,3120418,1418479
South Sudan,2021,300038,3790194,2251599,3103751,1420159
South Sudan,2022,312514,3837274,2368761,3073356,1429247
South Sudan,2023,334424,4014517,2558112,3092665,1483636
Spain,1950,2035009,13219809,5385641,4772605,2663488
Spain,1951,2075887,13400551,5379404,4761592,2596969
Spain,1952,2110901,13581446,5321072,4773648,2618541
Spain,1953,2162172,13776340,5194590,4877085,2622085
Spain,1954,2205298,13967463,5026000,5026127,2632521
Spain,1955,2256308,14148515,4908360,5082268,2693913
Spain,1956,2296437,14319871,4829809,5114894,2762278
Spain,1957,2319506,14481493,4731483,5223374,2813769
Spain,1958,2364082,14650423,4664379,5301066,2869387
Spain,1959,2416848,14791705,4653952,5344203,2933680
Spain,1960,2479983,14893916,4685318,5374236,2971156
Spain,1961,2557069,15034821,4692718,5407639,3006984
Spain,1962,2624660,15200072,4699660,5457268,3058107
Spain,1963,2676025,15335676,4770591,5499549,3097650
Spain,1964,2723287,15423161,4892671,5556361,3145751
Spain,1965,2806031,15509386,4955935,5640951,3197989
Spain,1966,2903342,15600920,4986058,5739221,3235947
Spain,1967,2985965,15657601,5073499,5840013,3263256
Spain,1968,3075852,15742025,5137168,5936791,3277853
Spain,1969,3157165,15842425,5172550,6061773,3262574
Spain,1970,3247542,15938138,5205437,6186636,3234446
Spain,1971,3339182,16053782,5253346,6281717,3228872
Spain,1972,3425812,16201564,5318909,6352765,3240266
Spain,1973,3518602,16376434,5372038,6401840,3257035
Spain,1974,3596026,16584041,5451867,6442508,3286728
Spain,1975,3681835,16762881,5562250,6480210,3307956
Spain,1976,3779373,16898286,5659875,6521744,3316309
Spain,1977,3875143,17044516,5750792,6568228,3311865
Spain,1978,3973656,17195501,5852486,6598481,3284075
Spain,1979,4071535,17339450,5984497,6610236,3223827
Spain,1980,4171946,17485869,6118010,6621474,3139358
Spain,1981,4263448,17653666,6253788,6613227,3027614
Spain,1982,4347598,17853663,6366779,6582820,2895216
Spain,1983,4430078,18075701,6430823,6552689,2762856
Spain,1984,4514838,18302056,6483893,6502950,2632571
Spain,1985,4614176,18515189,6531958,6434720,2504010
Spain,1986,4732745,18707980,6566312,6332451,2394896
Spain,1987,4869572,18890252,6590981,6189203,2310624
Spain,1988,5011726,19076327,6601970,6026511,2234246
Spain,1989,5152817,19271670,6595998,5843915,2163584
Spain,1990,5292189,19462988,6593359,5640003,2094768
Spain,1991,5430614,19686822,6603890,5431347,2047340
Spain,1992,5573054,19960544,6621717,5236387,2026845
Spain,1993,5719513,20231329,6637974,5047232,2013653
Spain,1994,5869872,20493270,6634821,4868111,1990593
Spain,1995,6028311,20754167,6609386,4699956,1958680
Spain,1996,6186878,21017823,6546633,4558332,1925273
Spain,1997,6344913,21291641,6440623,4450987,1893052
Spain,1998,6505487,21572387,6309952,4359514,1867360
Spain,1999,6649560,21873724,6149045,4274793,1862869
Spain,2000,6784720,22193598,5960853,4191937,1885481
Spain,2001,6929893,22512216,5753172,4118259,1928443
Spain,2002,7060419,23006710,5599016,4091918,1993655
Spain,2003,7142916,23678306,5498531,4107277,2075227
Spain,2004,7181007,24372785,5398845,4123880,2153469
Spain,2005,7268480,25010032,5298906,4154389,2222171
Spain,2006,7385518,25585492,5219030,4208851,2291270
Spain,2007,7473684,26200764,5193252,4277826,2365238
Spain,2008,7596674,26685957,5156628,4353594,2436037
Spain,2009,7746287,26918196,5056597,4428625,2478916
Spain,2010,7905479,27008192,4930447,4500101,2489227
Spain,2011,8061406,27054322,4820850,4575411,2478503
Spain,2012,8199721,27004821,4724776,4642107,2438858
Spain,2013,8356408,26805792,4626772,4704127,2358738
Spain,2014,8519942,26607151,4551986,4757413,2274565
Spain,2015,8646474,26506474,4520178,4787135,2213921
Spain,2016,8760754,26468060,4522481,4810254,2161474
Spain,2017,8891665,26471445,4549282,4830057,2116143
Spain,2018,9032624,26536908,4606500,4830893,2075591
Spain,2019,9182965,26683766,4703760,4823937,2029867
Spain,2020,9314475,26790280,4793029,4808315,1961935
Spain,2021,9445868,26782912,4855479,4759108,1880122
Spain,2022,9642447,26761218,4908869,4690896,1811811
Spain,2023,9881248,26703246,4960388,4589492,1762938
Sri Lanka,1950,590488,2756212,1424244,1826093,1213999
Sri Lanka,1951,553889,2832531,1449848,1886041,1233970
Sri Lanka,1952,521261,2910931,1475229,1951867,1252194
Sri Lanka,1953,492614,2990504,1501059,2019710,1271155
Sri Lanka,1954,467827,3069969,1527998,2082335,1297724
Sri Lanka,1955,448888,3146628,1556997,2140255,1330491
Sri Lanka,1956,435503,3220796,1589320,2199212,1362326
Sri Lanka,1957,425069,3295030,1625981,2260255,1394593
Sri Lanka,1958,417257,3370287,1667431,2321923,1431841
Sri Lanka,1959,411647,3448049,1714070,2382862,1473453
Sri Lanka,1960,407980,3529009,1766739,2441470,1516107
Sri Lanka,1961,406128,3613936,1826100,2496492,1556634
Sri Lanka,1962,405817,3703394,1892140,2550055,1592258
Sri Lanka,1963,407107,3796673,1960705,2609175,1621290
Sri Lanka,1964,410376,3892684,2024435,2680108,1645697
Sri Lanka,1965,415736,3991547,2083570,2758369,1667624
Sri Lanka,1966,423131,4094319,2143727,2833748,1688873
Sri Lanka,1967,432625,4201491,2205904,2904470,1712698
Sri Lanka,1968,443907,4313350,2268466,2973139,1737076
Sri Lanka,1969,456399,4429945,2329545,3041219,1756609
Sri Lanka,1970,469779,4550567,2386772,3107584,1772272
Sri Lanka,1971,483844,4674522,2438499,3170723,1784192
Sri Lanka,1972,498493,4802928,2487457,3230884,1789326
Sri Lanka,1973,513872,4932803,2541339,3284433,1788367
Sri Lanka,1974,530246,5056466,2606522,3328264,1784101
Sri Lanka,1975,547808,5174701,2678679,3365678,1782030
Sri Lanka,1976,566799,5294159,2747816,3398729,1789184
Sri Lanka,1977,587453,5416329,2812188,3427510,1805800
Sri Lanka,1978,609686,5539941,2874237,3450580,1835599
Sri Lanka,1979,633205,5663538,2935017,3465649,1882124
Sri Lanka,1980,657836,5786135,2993477,3479139,1931306
Sri Lanka,1981,683150,5901664,3045354,3497558,1971614
Sri Lanka,1982,708230,5992853,3080851,3516397,1988166
Sri Lanka,1983,732728,6055179,3094878,3539494,1966445
Sri Lanka,1984,757161,6101122,3094948,3574504,1914055
Sri Lanka,1985,782803,6180268,3114208,3617353,1849453
Sri Lanka,1986,810005,6312411,3163303,3665412,1780059
Sri Lanka,1987,837682,6449952,3211011,3701461,1716413
Sri Lanka,1988,865509,6581088,3247190,3714923,1669855
Sri Lanka,1989,892921,6721650,3277732,3717053,1639147
Sri Lanka,1990,919749,6826977,3283751,3703110,1618815
Sri Lanka,1991,948129,6944032,3300739,3672182,1610212
Sri Lanka,1992,978921,7146203,3363091,3632633,1618386
Sri Lanka,1993,1010161,7369449,3433581,3577218,1635448
Sri Lanka,1994,1040182,7576625,3499477,3507303,1652122
Sri Lanka,1995,1067007,7821141,3547197,3460825,1667827
Sri Lanka,1996,1091080,8103287,3582027,3443641,1684915
Sri Lanka,1997,1115032,8375262,3616841,3441261,1699737
Sri Lanka,1998,1140079,8639191,3650055,3455652,1710955
Sri Lanka,1999,1167066,8895819,3690670,3473147,1717957
Sri Lanka,2000,1197139,9149811,3736649,3485972,1723406
Sri Lanka,2001,1228636,9385462,3767391,3483714,1735070
Sri Lanka,2002,1257772,9577554,3755624,3462251,1752454
Sri Lanka,2003,1284878,9748642,3707840,3440390,1769671
Sri Lanka,2004,1310963,9918962,3643886,3427888,1785802
Sri Lanka,2005,1338482,10083088,3571400,3423752,1799694
Sri Lanka,2006,1370806,10241670,3500040,3430065,1809713
Sri Lanka,2007,1407925,10387478,3437542,3441858,1817613
Sri Lanka,2008,1450468,10511432,3388853,3454024,1824461
Sri Lanka,2009,1497399,10608426,3355838,3466318,1828305
Sri Lanka,2010,1550579,10681936,3339045,3479888,1827481
Sri Lanka,2011,1613329,10740568,3336839,3496602,1821539
Sri Lanka,2012,1687098,10810828,3341206,3518017,1812117
Sri Lanka,2013,1770930,10895684,3346528,3542254,1803217
Sri Lanka,2014,1860527,10975086,3352269,3566180,1793152
Sri Lanka,2015,1953378,11052034,3358536,3587178,1778579
Sri Lanka,2016,2047374,11132025,3367673,3601615,1761779
Sri Lanka,2017,2140767,11215627,3379198,3609312,1742291
Sri Lanka,2018,2232948,11298599,3390905,3611794,1718503
Sri Lanka,2019,2324797,11380218,3404033,3605847,1695253
Sri Lanka,2020,2417213,11458900,3419897,3588848,1676502
Sri Lanka,2021,2506944,11529246,3439007,3563534,1661185
Sri Lanka,2022,2598697,11592272,3462195,3533593,1647730
Sri Lanka,2023,2696045,11650840,3487460,3501691,1635056
Sudan,1950,187500,1992228,1205676,1653926,1150581
Sudan,1951,193104,2053153,1237490,1702689,1189620
Sudan,1952,198702,2115222,1270376,1753905,1230399
Sudan,1953,204223,2177552,1303581,1806852,1273691
Sudan,1954,209734,2241096,1336991,1860512,1321302
Sudan,1955,215238,2306927,1371103,1919362,1369058
Sudan,1956,220758,2374855,1406245,1985294,1414439
Sudan,1957,226326,2444832,1442794,2055180,1460321
Sudan,1958,231826,2515410,1480440,2128352,1507005
Sudan,1959,237223,2589001,1521165,2204451,1554641
Sudan,1960,242604,2668037,1566661,2283339,1603850
Sudan,1961,247963,2751359,1615677,2364615,1655322
Sudan,1962,253342,2838923,1667459,2448523,1710779
Sudan,1963,258845,2929946,1721058,2536236,1771986
Sudan,1964,264561,3023226,1775182,2629045,1839084
Sudan,1965,270523,3118975,1834209,2723177,1911137
Sudan,1966,276779,3216883,1899470,2816996,1987443
Sudan,1967,283394,3317492,1968097,2914885,2066722
Sudan,1968,290459,3421802,2039941,3018971,2146820
Sudan,1969,298054,3529694,2114231,3129489,2227459
Sudan,1970,306238,3642547,2191277,3246122,2309571
Sudan,1971,314940,3758422,2269630,3368783,2393753
Sudan,1972,324249,3878370,2350164,3497863,2477201
Sudan,1973,334049,4010202,2451947,3672694,2580419
Sudan,1974,344189,4144813,2563034,3853506,2675174
Sudan,1975,354950,4290574,2673287,4004698,2741280
Sudan,1976,366320,4449465,2784963,4167735,2801227
Sudan,1977,378270,4615861,2897996,4336485,2857996
Sudan,1978,391066,4818657,3042642,4506357,2936267
Sudan,1979,404800,5043419,3199603,4669944,3037572
Sudan,1980,419972,5287090,3362360,4834071,3155398
Sudan,1981,436491,5540152,3520825,4998749,3284339
Sudan,1982,453521,5789689,3664769,5159201,3419446
Sudan,1983,468736,6016093,3782049,5306183,3536695
Sudan,1984,485761,6176519,3852566,5420287,3611381
Sudan,1985,506833,6303975,3911733,5521342,3661972
Sudan,1986,530101,6431430,3980676,5627018,3719003
Sudan,1987,555356,6563481,4058496,5735519,3792033
Sudan,1988,580705,6700937,4130749,5853172,3872850
Sudan,1989,605714,6838922,4193894,5982201,3957272
Sudan,1990,630334,6976560,4254851,6120999,4038716
Sudan,1991,654486,7114352,4317425,6268295,4116094
Sudan,1992,677857,7253460,4382843,6417978,4195190
Sudan,1993,700116,7415353,4466632,6579586,4283883
Sudan,1994,720961,7607664,4576396,6750955,4387945
Sudan,1995,740211,7813803,4700675,6916997,4500426
Sudan,1996,757458,8003311,4807364,7058608,4604760
Sudan,1997,772851,8203531,4915133,7211976,4696301
Sudan,1998,786800,8431967,5055371,7405862,4778964
Sudan,1999,799323,8656846,5207931,7606089,4860394
Sudan,2000,810604,8884129,5369777,7803321,4948879
Sudan,2001,821214,9116982,5537875,7995398,5045265
Sudan,2002,831326,9356727,5705047,8184755,5150831
Sudan,2003,839868,9584348,5852236,8360263,5259285
Sudan,2004,845506,9820151,5990767,8537281,5362905
Sudan,2005,849791,10085748,6134403,8731168,5461316
Sudan,2006,857091,10371998,6277859,8925575,5559897
Sudan,2007,868683,10676879,6437146,9118458,5662951
Sudan,2008,882079,11004915,6634147,9334026,5768793
Sudan,2009,898289,11357602,6859351,9574355,5879499
Sudan,2010,916027,11650407,7048543,9810195,5989213
Sudan,2011,934785,11877468,7201766,10039657,6087118
Sudan,2012,958959,12135518,7381518,10274150,6173023
Sudan,2013,988495,12437312,7595346,10512819,6251873
Sudan,2014,1024687,12840166,7868526,10756300,6333624
Sudan,2015,1069824,13331753,8188175,11004209,6430429
Sudan,2016,1122597,13842751,8503393,11241829,6549247
Sudan,2017,1186465,14488505,8864177,11471505,6703501
Sudan,2018,1257389,15180663,9211085,11691323,6889886
Sudan,2019,1328805,15767495,9467160,11896508,7087938
Sudan,2020,1398722,16315815,9687836,12111013,7275621
Sudan,2021,1467612,16889693,9915973,12347846,7445625
Sudan,2022,1543084,17486595,10149844,12598348,7605323
Sudan,2023,1607071,17854335,10239145,12696300,7645813
Suriname,1950,7520,70050,36086,49151,32768
Suriname,1951,7069,70633,37477,50748,34592
Suriname,1952,7907,72368,38428,51566,36093
Suriname,1953,8536,74060,39344,52810,37623
Suriname,1954,9034,75761,40206,54384,39255
Suriname,1955,9465,77521,40982,56241,40993
Suriname,1956,9924,79414,41682,58447,42687
Suriname,1957,10481,81498,42321,60821,44367
Suriname,1958,11201,83846,42911,63282,46006
Suriname,1959,12093,86433,43437,65810,47621
Suriname,1960,13195,89230,43942,68371,49198
Suriname,1961,14539,92235,44447,70907,50670
Suriname,1962,15490,94578,45718,74606,53526
Suriname,1963,15937,96278,47891,79799,57139
Suriname,1964,16168,98364,49824,85372,59321
Suriname,1965,16094,100745,51357,91164,60649
Suriname,1966,15957,103127,53062,97196,61794
Suriname,1967,15854,105454,55249,103241,62889
Suriname,1968,15792,107725,58135,108693,64277
Suriname,1969,15799,109947,61849,113634,65686
Suriname,1970,15891,112111,66409,118455,66584
Suriname,1971,16089,114227,71730,123005,66890
Suriname,1972,16219,115595,75779,124601,65226
Suriname,1973,16255,116233,77937,123252,62100
Suriname,1974,16334,116875,79582,121583,59315
Suriname,1975,16417,117561,80780,119473,56949
Suriname,1976,16486,118268,81683,116793,55065
Suriname,1977,16537,118919,82423,113567,53624
Suriname,1978,16578,119349,83118,110073,52392
Suriname,1979,16595,119372,83810,106616,51213
Suriname,1980,16112,119831,85658,103633,50157
Suriname,1981,15206,121153,88372,101144,49593
Suriname,1982,14432,122925,90525,98794,49888
Suriname,1983,13801,125216,92098,96567,51077
Suriname,1984,13323,128203,93163,94590,52919
Suriname,1985,13016,132062,93773,93162,54967
Suriname,1986,12851,136546,93793,92375,56777
Suriname,1987,12743,141084,93017,92081,57994
Suriname,1988,12739,146042,91997,92667,58783
Suriname,1989,12826,151336,90957,93972,59322
Suriname,1990,12883,155832,89406,95161,59216
Suriname,1991,12933,159635,87612,96351,58489
Suriname,1992,13003,163317,85920,97879,57481
Suriname,1993,13085,166526,84091,99504,56150
Suriname,1994,13246,170106,82582,101588,54862
Suriname,1995,13904,175832,82168,103751,53956
Suriname,1996,15055,182813,82662,104901,53404
Suriname,1997,16402,189601,83749,105012,53304
Suriname,1998,17930,196228,85364,104275,53617
Suriname,1999,19610,202656,87291,103052,54314
Suriname,2000,21428,208813,89339,101852,55218
Suriname,2001,23341,214688,91361,101019,56157
Suriname,2002,25331,220412,93143,100691,56988
Suriname,2003,27464,226100,94451,100982,57426
Suriname,2004,28742,230636,95163,102152,57233
Suriname,2005,29139,234166,95454,103959,56602
Suriname,2006,29679,238007,95488,105877,55950
Suriname,2007,30288,242272,95254,107720,55491
Suriname,2008,30891,246947,94847,109251,55312
Suriname,2009,31506,251801,94526,110366,55377
Suriname,2010,32157,256562,94585,111086,55538
Suriname,2011,32823,261119,95181,111519,55633
Suriname,2012,33449,265487,96276,111757,55665
Suriname,2013,34059,269735,97754,111777,55693
Suriname,2014,34751,273859,99487,111562,55715
Suriname,2015,35631,277771,101378,111136,55708
Suriname,2016,36729,281421,103376,110621,55607
Suriname,2017,38039,284849,105277,110235,55306
Suriname,2018,39480,288227,106858,110120,54818
Suriname,2019,41009,292008,108192,110261,54293
Suriname,2020,42748,296069,109182,110480,53823
Suriname,2021,44250,299891,109736,110516,53488
Suriname,2022,45817,303746,109970,110272,53340
Suriname,2023,47906,307865,109917,109843,53331
Sweden,1950,714578,3784956,881873,1016188,618922
Sweden,1951,728794,3808391,873139,1062493,600014
Sweden,1952,744876,3825467,869768,1104092,580418
Sweden,1953,761603,3839201,867838,1139612,563116
Sweden,1954,776974,3851213,870791,1167319,547105
Sweden,1955,792744,3865267,879086,1189258,535913
Sweden,1956,810108,3878238,890167,1205020,531928
Sweden,1957,826350,3888878,911306,1209709,530575
Sweden,1958,842896,3895611,945806,1202243,527726
Sweden,1959,861377,3895834,988664,1182434,525177
Sweden,1960,879322,3890608,1035852,1156468,522268
Sweden,1961,898034,3887617,1083153,1132715,518395
Sweden,1962,917287,3890125,1125204,1111755,517059
Sweden,1963,936867,3893213,1160949,1092082,521007
Sweden,1964,957682,3901688,1191603,1075775,534347
Sweden,1965,979456,3914200,1219621,1064579,555051
Sweden,1966,1002844,3927348,1240606,1058772,575905
Sweden,1967,1027979,3943768,1245499,1057017,592026
Sweden,1968,1051634,3966675,1237074,1058870,597752
Sweden,1969,1073853,4004106,1225357,1072912,591663
Sweden,1970,1099343,4052238,1214643,1094983,581445
Sweden,1971,1127044,4091923,1194676,1112855,571462
Sweden,1972,1154222,4115411,1165037,1126362,561235
Sweden,1973,1181677,4130744,1136350,1135347,552870
Sweden,1974,1210436,4145167,1114336,1139402,551098
Sweden,1975,1237813,4158919,1100417,1144405,550871
Sweden,1976,1262166,4169932,1093841,1153371,542851
Sweden,1977,1286974,4179870,1093358,1161769,529477
Sweden,1978,1311916,4189849,1096190,1163511,514049
Sweden,1979,1334323,4196752,1107853,1156092,498422
Sweden,1980,1353403,4203271,1125107,1140875,487488
Sweden,1981,1369523,4211218,1138692,1119383,481305
Sweden,1982,1385953,4218401,1149301,1094272,476894
Sweden,1983,1402031,4224756,1156610,1070940,474194
Sweden,1984,1416758,4232061,1159700,1055103,472435
Sweden,1985,1438756,4230772,1163684,1044066,472508
Sweden,1986,1464960,4224752,1171608,1029892,477977
Sweden,1987,1484370,4231187,1179359,1013375,488836
Sweden,1988,1498034,4250712,1182675,998638,505760
Sweden,1989,1510306,4286002,1180973,986949,528030
Sweden,1990,1521033,4330279,1171639,982165,552867
Sweden,1991,1527926,4372828,1152923,986337,576333
Sweden,1992,1532001,4413632,1129756,996415,595146
Sweden,1993,1534143,4452713,1109784,1014653,606101
Sweden,1994,1536876,4494065,1099479,1041936,607167
Sweden,1995,1540358,4529072,1092132,1070002,594022
Sweden,1996,1541870,4556273,1078025,1096492,566910
Sweden,1997,1541480,4584685,1060609,1122935,535014
Sweden,1998,1538798,4614791,1044714,1146519,504945
Sweden,1999,1534023,4647493,1031203,1164053,480037
Sweden,2000,1530757,4679959,1025186,1171974,463285
Sweden,2001,1530513,4708953,1030002,1168736,456811
Sweden,2002,1531949,4733964,1041964,1156974,459137
Sweden,2003,1536614,4753976,1061273,1137774,467696
Sweden,2004,1546897,4769286,1085164,1112077,479225
Sweden,2005,1558809,4786211,1111329,1081241,490957
Sweden,2006,1572210,4808455,1143477,1050726,504468
Sweden,2007,1593722,4829593,1177935,1026724,518948
Sweden,2008,1625564,4842685,1208158,1010933,531145
Sweden,2009,1666630,4851808,1232876,1003327,542603
Sweden,2010,1712529,4859619,1247320,1002200,555007
Sweden,2011,1759360,4866718,1246942,1010041,564580
Sweden,2012,1804882,4877330,1237517,1027591,570476
Sweden,2013,1848724,4897486,1223684,1052683,576303
Sweden,2014,1891036,4932336,1207177,1082485,581591
Sweden,2015,1928460,4980706,1188852,1114406,585193
Sweden,2016,1960302,5047625,1174362,1147447,591634
Sweden,2017,1989666,5122598,1165778,1178301,599547
Sweden,2018,2019053,5187660,1159435,1203938,603278
Sweden,2019,2048621,5244219,1156860,1224174,603113
Sweden,2020,2074630,5284089,1156324,1237922,598399
Sweden,2021,2101194,5311331,1162620,1246702,591758
Sweden,2022,2130679,5341136,1178765,1251705,582404
Sweden,2023,2164196,5370071,1194417,1253728,566382
Switzerland,1950,445533,2459951,679750,687297,420100
Switzerland,1951,454469,2485804,680151,710849,416801
Switzerland,1952,463136,2512859,685102,735900,414601
Switzerland,1953,472266,2539263,689954,760952,413202
Switzerland,1954,481165,2565162,694951,784403,413052
Switzerland,1955,489384,2592009,699500,806551,414655
Switzerland,1956,497840,2617609,707850,823554,418754
Switzerland,1957,507832,2640811,723548,832804,425154
Switzerland,1958,519563,2663503,744852,836803,431705
Switzerland,1959,532463,2684907,769655,837653,438107
Switzerland,1960,544747,2704969,797577,836651,443806
Switzerland,1961,558524,2734179,837111,850379,453903
Switzerland,1962,572808,2771065,886400,875154,468243
Switzerland,1963,585259,2805469,930739,889589,483074
Switzerland,1964,599814,2836616,958001,895395,499295
Switzerland,1965,615846,2862706,965212,897279,515336
Switzerland,1966,632248,2890034,966391,902366,526890
Switzerland,1967,650623,2926473,971100,913302,530193
Switzerland,1968,667993,2971051,974318,928806,525445
Switzerland,1969,684302,3019602,970807,947882,513714
Switzerland,1970,701721,3057901,952202,967546,501504
Switzerland,1971,719579,3085738,933502,982821,491838
Switzerland,1972,738035,3117659,933457,992139,479733
Switzerland,1973,757779,3149723,937455,998829,463551
Switzerland,1974,777697,3179677,935859,1002739,445331
Switzerland,1975,796932,3191109,928564,998384,423523
Switzerland,1976,814306,3182083,922600,984660,398809
Switzerland,1977,831389,3178585,925501,966359,379421
Switzerland,1978,848193,3186824,935431,944472,367000
Switzerland,1979,863518,3202412,951070,918905,358678
Switzerland,1980,875207,3227477,969490,891410,356116
Switzerland,1981,882450,3262821,986936,863831,358363
Switzerland,1982,888410,3304042,999919,837619,361641
Switzerland,1983,893354,3342897,1005508,812563,364802
Switzerland,1984,899451,3378552,1006793,790173,367250
Switzerland,1985,910773,3413109,1005644,772923,368290
Switzerland,1986,925851,3447882,1001319,760116,369342
Switzerland,1987,940348,3488955,992684,752232,371300
Switzerland,1988,953844,3537053,977864,749483,375632
Switzerland,1989,966775,3590405,957952,750561,381802
Switzerland,1990,978500,3649780,937093,756858,390625
Switzerland,1991,990001,3720680,916849,766218,402858
Switzerland,1992,1001483,3784063,897055,777615,414463
Switzerland,1993,1012674,3832408,878254,792619,421751
Switzerland,1994,1024726,3876275,861309,806707,424149
Switzerland,1995,1037351,3911824,848612,818787,423452
Switzerland,1996,1049279,3936050,837227,829007,419837
Switzerland,1997,1060802,3950756,827509,836074,413506
Switzerland,1998,1073156,3965204,823302,841366,406717
Switzerland,1999,1086636,3984065,824543,846009,402284
Switzerland,2000,1100917,4004321,830030,848796,399318
Switzerland,2001,1116078,4035035,838721,848781,387097
Switzerland,2002,1130134,4076338,848391,849083,374062
Switzerland,2003,1143347,4112789,858864,847906,369772
Switzerland,2004,1159363,4144655,869895,842939,366533
Switzerland,2005,1177304,4174856,879342,834252,365199
Switzerland,2006,1198258,4202950,888278,822548,365534
Switzerland,2007,1224224,4240838,899603,812088,367613
Switzerland,2008,1253832,4295502,913066,805357,372883
Switzerland,2009,1285312,4347958,922770,801099,379363
Switzerland,2010,1315864,4391532,931173,799604,386393
Switzerland,2011,1348209,4434158,938039,798356,394358
Switzerland,2012,1382699,4477160,940135,796338,401267
Switzerland,2013,1416254,4526677,940480,798396,408022
Switzerland,2014,1449431,4582172,938622,803659,414944
Switzerland,2015,1480526,4635232,935906,810207,420653
Switzerland,2016,1509310,4684957,933364,819302,426564
Switzerland,2017,1537176,4726967,926058,830080,431922
Switzerland,2018,1564496,4759383,914633,840574,435803
Switzerland,2019,1592388,4788874,905452,851530,437778
Switzerland,2020,1618624,4819792,899981,863171,437399
Switzerland,2021,1646285,4849503,896516,875098,437836
Switzerland,2022,1687849,4885511,891912,887679,437339
Switzerland,2023,1737670,4913384,885980,897529,434031
Syria,1950,262985,1243194,662766,820469,622655
Syria,1951,258981,1263859,672330,847071,642609
Syria,1952,255308,1286535,682424,879968,660989
Syria,1953,251919,1311047,693481,919661,676706
Syria,1954,248833,1337263,704533,958675,698551
Syria,1955,246033,1365188,714863,996057,728442
Syria,1956,243489,1394953,726264,1037004,758909
Syria,1957,241184,1426654,739627,1080813,789442
Syria,1958,239110,1460345,753698,1128807,820023
Syria,1959,237258,1495216,770274,1180230,850782
Syria,1960,235580,1530314,791864,1233759,881969
Syria,1961,234029,1564033,816500,1287356,913526
Syria,1962,232647,1597410,845017,1338613,945638
Syria,1963,231413,1632917,880353,1387205,978568
Syria,1964,230307,1669411,915268,1441772,1012319
Syria,1965,229284,1706056,948707,1504417,1046789
Syria,1966,228344,1744502,985608,1568316,1082265
Syria,1967,227479,1785340,1025181,1633147,1119035
Syria,1968,226722,1827299,1068584,1698641,1157481
Syria,1969,226088,1871282,1115146,1764808,1197834
Syria,1970,225584,1918746,1163938,1831815,1240513
Syria,1971,225135,1974125,1213352,1900399,1285072
Syria,1972,225129,2039053,1260298,1971019,1330520
Syria,1973,225947,2109476,1303808,2044125,1376958
Syria,1974,228317,2177802,1351844,2119716,1424463
Syria,1975,233925,2242207,1407305,2198001,1472915
Syria,1976,240832,2309862,1464493,2279047,1523070
Syria,1977,246315,2383418,1522562,2362140,1576059
Syria,1978,250448,2462724,1581150,2447713,1630711
Syria,1979,254355,2546688,1640108,2536121,1684624
Syria,1980,259716,2633882,1699990,2627659,1736401
Syria,1981,266051,2723617,1764101,2722619,1783784
Syria,1982,271977,2815100,1839132,2821980,1824309
Syria,1983,279033,2913360,1921783,2925538,1865085
Syria,1984,288468,3020323,2007617,3030604,1911378
Syria,1985,299597,3132441,2097504,3134511,1961603
Syria,1986,311999,3249961,2188022,3236231,2016611
Syria,1987,325266,3373588,2279369,3336032,2074643
Syria,1988,339426,3503674,2373018,3436579,2129552
Syria,1989,354655,3640347,2468714,3539289,2176045
Syria,1990,371208,3784100,2567069,3643583,2213232
Syria,1991,388731,3935505,2666636,3748915,2241015
Syria,1992,406731,4095234,2769519,3852586,2261480
Syria,1993,425040,4262561,2874921,3952076,2281070
Syria,1994,443447,4436376,2977566,4045665,2305509
Syria,1995,461804,4614088,3074353,4132725,2333813
Syria,1996,480127,4794854,3165770,4214227,2363109
Syria,1997,498480,4980643,3255445,4291157,2391790
Syria,1998,516897,5173092,3348222,4364152,2418021
Syria,1999,534864,5373413,3444389,4433784,2441588
Syria,2000,551998,5581788,3540963,4498206,2464903
Syria,2001,569239,5798538,3638699,4554692,2490144
Syria,2002,587570,6024300,3736044,4603441,2516954
Syria,2003,607058,6259003,3831218,4648944,2543047
Syria,2004,626615,6510485,3933184,4698458,2568110
Syria,2005,645522,6780565,4040266,4753913,2593793
Syria,2006,670641,7250289,4242198,4830450,2643409
Syria,2007,703961,7964070,4545979,4928641,2741455
Syria,2008,729235,8407792,4654568,4996409,2848527
Syria,2009,748284,8627720,4619822,5041223,2939885
Syria,2010,771549,8947261,4637645,5098722,3027200
Syria,2011,794856,9211056,4618146,5158707,3095293
Syria,2012,811099,9185325,4449844,5216515,3096937
Syria,2013,813357,8596994,4022129,5257698,2976706
Syria,2014,808777,7818321,3585656,5288997,2771879
Syria,2015,809945,7326016,3410996,5330863,2546764
Syria,2016,823854,7165993,3489866,5385054,2329036
Syria,2017,845223,7147554,3674842,5426292,2130726
Syria,2018,874435,7317367,3959112,5445649,1981251
Syria,2019,914791,7743869,4346205,5425611,1923020
Syria,2020,957200,8150233,4661278,5337610,1943063
Syria,2021,998877,8516074,4899022,5202439,2012382
Syria,2022,1048161,9050238,5190472,5050401,2122849
Syria,2023,1105786,9782911,5548315,4884681,2272873
Taiwan,1950,162932,2735772,1486027,1931540,1280265
Taiwan,1951,171992,2830516,1516047,1966578,1377672
Taiwan,1952,182633,2928050,1549290,1996424,1492600
Taiwan,1953,194287,3028667,1584954,2036759,1606707
Taiwan,1954,206106,3133099,1620690,2097589,1710288
Taiwan,1955,217824,3241320,1658782,2179016,1807193
Taiwan,1956,228471,3355530,1703769,2293278,1884659
Taiwan,1957,236705,3485130,1759220,2439815,1929656
Taiwan,1958,243246,3625340,1819308,2597204,1961062
Taiwan,1959,250053,3766795,1873980,2763526,1989825
Taiwan,1960,258521,3914243,1908248,2959001,2006249
Taiwan,1961,268036,4075621,1923190,3173216,2013444
Taiwan,1962,278838,4251814,1947824,3358346,2029848
Taiwan,1963,293047,4431427,2000504,3506420,2054328
Taiwan,1964,308492,4613670,2081181,3632812,2070526
Taiwan,1965,325042,4802019,2180490,3740654,2076601
Taiwan,1966,343506,4989969,2311161,3818446,2074621
Taiwan,1967,360627,5134755,2458412,3886198,2061477
Taiwan,1968,374805,5237681,2599097,3968382,2035617
Taiwan,1969,388891,5333772,2754325,4043202,2003414
Taiwan,1970,407211,5405664,2948766,4094341,1959768
Taiwan,1971,427774,5477388,3157196,4125301,1933472
Taiwan,1972,448234,5583661,3327704,4145868,1945144
Taiwan,1973,467952,5719514,3469519,4164122,1951574
Taiwan,1974,487743,5883226,3598335,4182954,1930047
Taiwan,1975,509746,6067546,3715259,4196651,1876049
Taiwan,1976,534603,6302279,3818547,4167723,1848329
Taiwan,1977,570072,6573195,3911199,4087105,1878498
Taiwan,1978,615324,6839279,3996519,3993282,1929293
Taiwan,1979,664227,7114809,4060667,3900666,1995378
Taiwan,1980,715271,7403088,4091956,3824256,2051898
Taiwan,1981,761083,7682795,4095989,3806027,2066871
Taiwan,1982,804207,7935257,4087730,3830119,2066599
Taiwan,1983,848415,8185968,4077335,3850865,2059959
Taiwan,1984,892625,8450583,4064644,3874433,2024378
Taiwan,1985,940978,8715571,4047339,3894093,1973602
Taiwan,1986,996876,8968143,4021662,3918334,1900840
Taiwan,1987,1056909,9211611,3982295,3954856,1810008
Taiwan,1988,1113216,9455264,3935158,3983126,1736742
Taiwan,1989,1169456,9691111,3888986,3994882,1674323
Taiwan,1990,1232521,9911685,3850808,3979513,1620220
Taiwan,1991,1300866,10129730,3833743,3907802,1609440
Taiwan,1992,1370051,10338890,3836544,3813120,1623295
Taiwan,1993,1439676,10537468,3842227,3738325,1616780
Taiwan,1994,1510688,10735501,3855581,3648119,1607041
Taiwan,1995,1581132,10924911,3876740,3547022,1604461
Taiwan,1996,1648276,11102503,3905260,3455991,1596992
Taiwan,1997,1709752,11269588,3941930,3371280,1592513
Taiwan,1998,1766646,11438269,3969046,3302945,1572017
Taiwan,1999,1827089,11663232,3975856,3245262,1492020
Taiwan,2000,1900585,11877045,3928331,3210068,1416489
Taiwan,2001,1969247,12068817,3828480,3203949,1375363
Taiwan,2002,2026288,12280968,3739559,3198440,1321190
Taiwan,2003,2083089,12479096,3676037,3158957,1266442
Taiwan,2004,2141887,12688126,3598817,3076740,1239296
Taiwan,2005,2205529,12898818,3512071,3010404,1197464
Taiwan,2006,2272869,13119448,3433489,2964684,1123416
Taiwan,2007,2337880,13344326,3355875,2897949,1070053
Taiwan,2008,2397870,13549386,3289682,2811865,1036493
Taiwan,2009,2455807,13743900,3235727,2716625,1011220
Taiwan,2010,2499494,13928416,3198003,2616743,980125
Taiwan,2011,2535549,14077978,3185381,2515074,957642
Taiwan,2012,2591783,14187990,3180596,2416183,967623
Taiwan,2013,2675362,14285374,3143973,2327035,982884
Taiwan,2014,2781522,14354936,3064574,2275274,993916
Taiwan,2015,2906158,14389887,2999465,2203988,1026904
Taiwan,2016,3057970,14403420,2954534,2108720,1058430
Taiwan,2017,3225836,14399368,2888902,2068174,1047389
Taiwan,2018,3392804,14388872,2803842,2048378,1021859
Taiwan,2019,3566562,14364805,2709030,2031462,998427
Taiwan,2020,3753831,14310178,2607412,2037146,950461
Taiwan,2021,3937251,14190196,2498257,2039528,887672
Taiwan,2022,4101093,14068700,2389609,2026113,828589
Taiwan,2023,4267497,13966922,2291569,2009586,775562
Tajikistan,1950,66094,593316,335848,342334,190702
Tajikistan,1951,69579,619227,350571,331784,217154
Tajikistan,1952,73405,645496,362131,322314,242210
Tajikistan,1953,77246,671630,371395,314977,265778
Tajikistan,1954,80515,696746,377455,313595,287355
Tajikistan,1955,83072,720634,380005,322184,304320
Tajikistan,1956,84971,743335,378950,338974,319192
Tajikistan,1957,86226,764812,374692,362080,334312
Tajikistan,1958,87209,785914,367012,391468,350057
Tajikistan,1959,88528,808163,354525,427743,366319
Tajikistan,1960,90433,831275,341569,466062,382789
Tajikistan,1961,92820,855068,329973,504589,399353
Tajikistan,1962,95697,880526,320267,542794,415740
Tajikistan,1963,99053,907358,313360,580606,431352
Tajikistan,1964,102829,932926,312866,617269,445369
Tajikistan,1965,106927,956139,322583,649932,457412
Tajikistan,1966,111100,976629,340645,680941,467861
Tajikistan,1967,115068,994316,365058,712239,477448
Tajikistan,1968,118883,1009210,395657,743485,486599
Tajikistan,1969,122514,1020324,432602,773710,496112
Tajikistan,1970,125812,1031190,470638,802190,506941
Tajikistan,1971,128734,1043532,508094,829129,519339
Tajikistan,1972,131253,1059076,545125,854966,533261
Tajikistan,1973,133518,1078644,582016,879579,548529
Tajikistan,1974,135803,1102704,617973,903043,564967
Tajikistan,1975,138123,1133735,650208,926028,582317
Tajikistan,1976,140540,1169270,680954,949074,600226
Tajikistan,1977,143153,1206947,712025,972702,618423
Tajikistan,1978,145600,1246275,742554,997042,637028
Tajikistan,1979,147833,1285377,770610,1022604,656260
Tajikistan,1980,149630,1324027,795618,1050118,675855
Tajikistan,1981,150549,1364291,818858,1079610,695712
Tajikistan,1982,150798,1407561,841624,1110990,716200
Tajikistan,1983,150778,1454025,863821,1144225,738028
Tajikistan,1984,151178,1502532,885264,1179321,761733
Tajikistan,1985,155565,1550825,914115,1209901,788599
Tajikistan,1986,163606,1602186,948339,1233601,824413
Tajikistan,1987,171772,1660296,978696,1255956,872338
Tajikistan,1988,180148,1723215,1004403,1282116,925099
Tajikistan,1989,186351,1775629,1020443,1317520,967304
Tajikistan,1990,190093,1817741,1031218,1363360,996354
Tajikistan,1991,194531,1863822,1046142,1418585,1018112
Tajikistan,1992,199384,1893606,1055387,1474118,1026895
Tajikistan,1993,204545,1907712,1057534,1527706,1027497
Tajikistan,1994,210841,1934191,1067715,1588047,1024570
Tajikistan,1995,217358,1974885,1085198,1652855,1018283
Tajikistan,1996,222722,2023929,1105226,1715412,999226
Tajikistan,1997,225552,2060543,1132251,1756132,965343
Tajikistan,1998,226077,2079982,1168410,1766667,935258
Tajikistan,1999,225625,2099003,1211698,1759274,912764
Tajikistan,2000,227407,2140124,1260444,1762345,894408
Tajikistan,2001,231841,2202287,1314462,1774626,884149
Tajikistan,2002,236443,2264718,1371782,1776250,882464
Tajikistan,2003,241280,2329477,1427938,1777436,882425
Tajikistan,2004,246195,2397017,1481605,1776987,888728
Tajikistan,2005,250286,2467392,1533111,1767672,906238
Tajikistan,2006,252700,2541045,1579912,1756268,927617
Tajikistan,2007,252944,2618939,1619106,1752263,951205
Tajikistan,2008,250855,2702169,1650837,1753850,980673
Tajikistan,2009,247291,2791868,1678385,1759108,1013561
Tajikistan,2010,243730,2890193,1700950,1765889,1051361
Tajikistan,2011,241499,2997724,1711868,1778094,1095579
Tajikistan,2012,241370,3118648,1716650,1800369,1137029
Tajikistan,2013,243728,3248062,1725288,1827595,1172040
Tajikistan,2014,248487,3377259,1735394,1859622,1204776
Tajikistan,2015,255422,3506755,1742926,1902072,1236645
Tajikistan,2016,264611,3633548,1751577,1948237,1267630
Tajikistan,2017,275794,3755654,1762829,1995080,1296568
Tajikistan,2018,288744,3874292,1770711,2053907,1319673
Tajikistan,2019,303635,3991144,1773876,2131482,1329814
Tajikistan,2020,317819,4104440,1773950,2227394,1325689
Tajikistan,2021,332866,4214698,1775826,2319868,1323639
Tajikistan,2022,353602,4322763,1780158,2395821,1329869
Tajikistan,2023,379220,4428862,1788783,2459357,1333568
Tanzania,1950,167918,2502752,1476556,2060802,1417119
Tanzania,1951,173969,2570844,1516817,2124598,1426740
Tanzania,1952,180256,2640743,1558812,2190771,1438496
Tanzania,1953,186760,2712504,1602160,2253440,1458249
Tanzania,1954,193464,2786102,1646020,2307296,1491907
Tanzania,1955,200356,2861657,1690430,2355351,1537060
Tanzania,1956,207449,2939434,1736167,2403382,1588342
Tanzania,1957,214759,3019531,1783768,2453834,1643896
Tanzania,1958,222282,3101899,1833821,2506278,1703309
Tanzania,1959,229994,3186474,1887247,2560066,1765482
Tanzania,1960,237898,3273216,1944883,2615223,1830196
Tanzania,1961,246135,3364675,2008096,2671905,1897072
Tanzania,1962,254783,3460605,2073933,2733174,1965256
Tanzania,1963,263820,3559394,2135048,2805970,2035292
Tanzania,1964,273358,3663135,2189106,2893855,2108368
Tanzania,1965,283423,3770630,2237356,2995356,2183957
Tanzania,1966,293939,3881304,2283917,3105349,2262950
Tanzania,1967,304839,3996417,2332495,3220629,2345730
Tanzania,1968,316652,4125020,2390972,3337131,2432297
Tanzania,1969,329940,4269178,2458394,3454968,2524215
Tanzania,1970,344657,4421766,2525464,3579253,2621524
Tanzania,1971,360840,4583469,2592865,3710689,2723580
Tanzania,1972,378668,4757760,2666210,3846747,2829917
Tanzania,1973,398092,4935704,2746781,3988993,2940517
Tanzania,1974,418850,5108252,2835526,4141661,3057327
Tanzania,1975,440878,5281188,2934039,4304322,3177922
Tanzania,1976,464155,5459937,3036999,4477515,3297594
Tanzania,1977,488527,5644913,3140979,4661051,3417449
Tanzania,1978,513334,5828332,3240848,4857654,3536382
Tanzania,1979,537690,6000578,3332992,5072727,3648038
Tanzania,1980,561827,6149938,3428888,5296031,3753065
Tanzania,1981,586380,6287672,3537428,5518038,3855171
Tanzania,1982,611263,6435026,3656078,5741992,3954188
Tanzania,1983,635386,6637250,3781178,5975996,4050038
Tanzania,1984,658465,6847564,3922643,6207844,4142519
Tanzania,1985,680271,7074072,4081100,6435029,4231189
Tanzania,1986,700638,7327612,4256900,6656594,4317178
Tanzania,1987,719719,7587123,4451978,6869304,4402211
Tanzania,1988,737900,7817418,4653987,7071337,4489002
Tanzania,1989,756180,7984853,4864586,7254639,4578452
Tanzania,1990,774537,8156057,5081352,7430660,4667547
Tanzania,1991,792954,8331094,5295084,7602923,4758326
Tanzania,1992,811168,8516089,5506136,7773120,4851019
Tanzania,1993,829378,8826150,5774373,7953481,4949236
Tanzania,1994,847991,9285824,6099370,8144222,5064871
Tanzania,1995,866640,9653425,6341314,8324637,5197395
Tanzania,1996,884710,9794966,6439067,8490964,5335957
Tanzania,1997,902359,9972682,6553336,8664404,5485209
Tanzania,1998,920107,10270161,6729490,8848195,5652396
Tanzania,1999,938110,10587957,6903364,9043450,5827330
Tanzania,2000,956595,10951438,7088926,9264776,5998271
Tanzania,2001,976054,11294194,7254459,9509584,6163862
Tanzania,2002,996902,11617286,7405100,9768406,6333442
Tanzania,2003,1019376,11952164,7563468,10040267,6514096
Tanzania,2004,1043505,12297128,7727942,10328826,6712063
Tanzania,2005,1069678,12653349,7895658,10635382,6927791
Tanzania,2006,1098802,13019587,8068746,10961385,7146131
Tanzania,2007,1131635,13397481,8248103,11305539,7352471
Tanzania,2008,1168660,13770098,8422978,11672320,7536359
Tanzania,2009,1210223,14091234,8580985,12059867,7691320
Tanzania,2010,1256702,14434507,8778464,12460425,7828007
Tanzania,2011,1308242,14854496,9043681,12864332,7958197
Tanzania,2012,1364452,15308298,9335852,13262195,8102994
Tanzania,2013,1422031,15810068,9651743,13650110,8289669
Tanzania,2014,1477626,16346204,9984075,14029304,8513739
Tanzania,2015,1532805,16964756,10359745,14409557,8753496
Tanzania,2016,1590159,17659963,10772498,14784149,9016598
Tanzania,2017,1650223,18358946,11178057,15157775,9307193
Tanzania,2018,1712405,19023555,11563739,15545681,9591013
Tanzania,2019,1775847,19664415,11938808,15942450,9852582
Tanzania,2020,1839951,20357273,12329260,16333864,10111637
Tanzania,2021,1901563,21100997,12726489,16735076,10365479
Tanzania,2022,1963216,21862529,13113384,17175948,10595922
Tanzania,2023,2026430,22643419,13485247,17651236,10810400
Thailand,1950,653806,7050189,4114195,5258336,3351171
Thailand,1951,661278,7231374,4232981,5327435,3511607
Thailand,1952,669460,7425484,4351542,5401557,3679145
Thailand,1953,677626,7626914,4463678,5483767,3857044
Thailand,1954,686059,7833969,4563718,5596953,4032433
Thailand,1955,695215,8048162,4651237,5761551,4186860
Thailand,1956,704976,8268418,4730291,5964415,4329040
Thailand,1957,715017,8493355,4804620,6193424,4468304
Thailand,1958,725820,8718486,4871660,6446581,4604369
Thailand,1959,739295,8952851,4935973,6720669,4739153
Thailand,1960,756244,9202883,5007671,7009025,4875857
Thailand,1961,776343,9465437,5086648,7305870,5015972
Thailand,1962,799603,9740770,5172730,7607226,5160650
Thailand,1963,825143,10022705,5266505,7917442,5310450
Thailand,1964,851642,10303498,5388654,8226055,5462221
Thailand,1965,878822,10582471,5559212,8517376,5611386
Thailand,1966,907033,10860232,5763945,8801166,5753633
Thailand,1967,936596,11138538,5991528,9087790,5883285
Thailand,1968,968247,11420333,6242178,9379107,5992636
Thailand,1969,1002758,11710180,6513649,9673942,6073189
Thailand,1970,1040456,12020624,6803389,9970499,6119363
Thailand,1971,1080883,12351198,7103472,10265221,6136520
Thailand,1972,1123978,12707139,7411349,10553478,6137869
Thailand,1973,1169301,13089653,7732724,10828720,6127249
Thailand,1974,1215450,13500418,8051089,11079428,6106342
Thailand,1975,1261700,13952103,8349253,11294771,6081985
Thailand,1976,1307968,14431398,8634237,11474700,6048012
Thailand,1977,1355018,14943761,8924743,11626756,5993491
Thailand,1978,1402976,15492862,9224757,11747053,5921106
Thailand,1979,1451212,16064038,9526068,11829671,5847212
Thailand,1980,1500041,16658023,9828751,11876406,5786555
Thailand,1981,1549786,17272082,10129067,11886149,5738488
Thailand,1982,1601147,17914131,10426525,11858764,5693706
Thailand,1983,1655295,18602023,10721972,11800506,5643177
Thailand,1984,1712587,19331624,10999603,11730578,5576946
Thailand,1985,1773590,20093186,11242062,11669722,5491792
Thailand,1986,1838396,20879049,11445075,11611925,5402960
Thailand,1987,1907391,21689349,11615402,11535386,5326132
Thailand,1988,1982468,22531261,11753663,11432237,5269494
Thailand,1989,2065261,23385012,11846802,11308581,5242808
Thailand,1990,2160966,24326783,11852427,11160645,5237013
Thailand,1991,2270001,25345901,11771606,11022676,5226774
Thailand,1992,2392255,26364870,11635450,10928858,5206929
Thailand,1993,2528473,27366591,11459555,10867178,5185936
Thailand,1994,2675442,28322797,11275920,10824909,5161306
Thailand,1995,2831818,29246247,11102726,10787322,5129592
Thailand,1996,2998351,30128292,10955475,10743379,5093808
Thailand,1997,3183359,30951312,10846091,10689666,5053151
Thailand,1998,3394701,31723380,10764155,10638321,5000998
Thailand,1999,3626280,32446647,10706429,10587252,4931260
Thailand,2000,3853301,33073262,10717746,10504839,4857257
Thailand,2001,4065631,33618899,10774656,10403921,4786278
Thailand,2002,4276236,34151500,10803001,10320206,4713365
Thailand,2003,4490975,34695319,10785687,10244950,4648782
Thailand,2004,4711497,35252579,10724539,10157617,4603118
Thailand,2005,4931952,35830271,10629341,10060818,4562158
Thailand,2006,5135418,36440667,10512894,9968038,4507297
Thailand,2007,5317850,37075102,10385112,9880210,4440233
Thailand,2008,5493671,37696723,10263236,9794577,4367665
Thailand,2009,5677656,38271299,10165800,9708311,4293995
Thailand,2010,5878339,38749337,10135052,9587386,4225193
Thailand,2011,6100422,39142049,10176162,9413857,4170405
Thailand,2012,6350409,39499469,10231488,9221161,4128920
Thailand,2013,6631843,39821274,10249061,9051230,4086603
Thailand,2014,6941705,40108176,10205748,8924045,4031026
Thailand,2015,7276342,40363789,10121074,8812143,3961173
Thailand,2016,7632833,40616003,10037441,8694510,3872141
Thailand,2017,8009316,40851184,9955071,8575632,3761396
Thailand,2018,8402228,41024562,9848848,8452425,3639763
Thailand,2019,8808705,41140795,9725711,8321287,3516672
Thailand,2020,9230164,41235765,9583036,8185045,3397329
Thailand,2021,9666386,41321942,9401581,8039832,3286508
Thailand,2022,10100597,41352907,9199153,7883254,3187633
Thailand,2023,10540832,41306017,9023404,7717343,3102328
Togo,1950,60117,501432,254385,338840,244829
Togo,1951,60267,507740,258350,346712,251333
Togo,1952,60411,514332,262531,355341,257309
Togo,1953,60522,521190,266870,364214,263273
Togo,1954,60545,528355,271257,372980,269627
Togo,1955,60477,535818,275689,382523,275442
Togo,1956,60325,543534,280236,393068,280477
Togo,1957,60099,551493,284987,403640,285660
Togo,1958,59842,559653,290076,414103,290968
Togo,1959,59578,567833,295584,424292,296474
Togo,1960,59333,575936,301482,434120,302245
Togo,1961,59104,584030,308003,443344,308235
Togo,1962,58913,592260,315051,452185,314555
Togo,1963,58811,600930,322361,461416,321557
Togo,1964,58949,611469,330449,472657,329922
Togo,1965,59520,625802,341273,486616,340564
Togo,1966,60594,644774,355471,503695,353985
Togo,1967,62097,667871,371852,524413,369660
Togo,1968,63861,693269,389351,547399,386345
Togo,1969,65693,718635,406538,570845,403108
Togo,1970,67444,742318,422430,593417,419170
Togo,1971,69062,763948,436374,614536,434062
Togo,1972,70566,783714,448592,634181,447945
Togo,1973,72055,802157,460115,653089,461336
Togo,1974,73614,819709,471862,672119,474458
Togo,1975,75255,837434,483205,691481,487247
Togo,1976,76994,855805,494000,711283,499719
Togo,1977,78875,874353,505302,731597,511775
Togo,1978,80917,893651,517512,752597,523476
Togo,1979,83159,914808,531266,775263,535357
Togo,1980,85702,939111,547302,800667,548124
Togo,1981,88595,967173,565924,829171,562180
Togo,1982,91782,998675,586770,860326,577489
Togo,1983,95144,1032381,609110,892922,593344
Togo,1984,98563,1067162,632473,925624,609015
Togo,1985,101903,1101897,656207,957138,623954
Togo,1986,105154,1136625,680308,987401,638470
Togo,1987,108416,1172739,705390,1017428,653539
Togo,1988,111685,1210468,731324,1047174,669101
Togo,1989,114895,1249467,758020,1076245,684786
Togo,1990,118017,1289780,785514,1104712,700734
Togo,1991,121029,1331404,813635,1132883,716618
Togo,1992,123917,1374234,842213,1161218,732038
Togo,1993,122457,1371006,842084,1149881,722034
Togo,1994,122095,1382354,849920,1149653,718920
Togo,1995,126718,1451078,891670,1196514,744854
Togo,1996,130731,1514595,928896,1237422,766220
Togo,1997,134147,1574433,962170,1271267,783018
Togo,1998,137182,1633255,992679,1300215,797579
Togo,1999,140289,1694368,1022167,1329390,814049
Togo,2000,143417,1755866,1049641,1358445,832669
Togo,2001,146541,1815957,1074719,1386835,853328
Togo,2002,149744,1874792,1098432,1414662,875648
Togo,2003,153117,1934762,1122486,1443166,898638
Togo,2004,156704,1997590,1147660,1473608,920951
Togo,2005,160444,2061398,1173097,1505927,943772
Togo,2006,164652,2132972,1202505,1540693,969849
Togo,2007,169211,2208758,1233421,1577483,999469
Togo,2008,173996,2284026,1263233,1615592,1031965
Togo,2009,179079,2358759,1292081,1654624,1067314
Togo,2010,184363,2430226,1318405,1696081,1103512
Togo,2011,190276,2502927,1344583,1742490,1136197
Togo,2012,196778,2577196,1370681,1794056,1162031
Togo,2013,203566,2653182,1397681,1849411,1181607
Togo,2014,210452,2730973,1426743,1907135,1197155
Togo,2015,218011,2810130,1457996,1966836,1210226
Togo,2016,226400,2890596,1491441,2025805,1224055
Togo,2017,235144,2972827,1527031,2081368,1240769
Togo,2018,244294,3056778,1564435,2133898,1259376
Togo,2019,253816,3142429,1603168,2185482,1278173
Togo,2020,263276,3229524,1644995,2235998,1295929
Togo,2021,272800,3317497,1691883,2284035,1312169
Togo,2022,283184,3407251,1743692,2328378,1327237
Togo,2023,294372,3500031,1799136,2368586,1342219
Tokelau,1950,76,597,268,412,259
Tokelau,1951,81,600,249,397,256
Tokelau,1952,87,601,249,394,255
Tokelau,1953,82,596,258,404,258
Tokelau,1954,75,591,268,411,261
Tokelau,1955,76,583,272,424,261
Tokelau,1956,78,574,275,435,263
Tokelau,1957,81,572,284,445,273
Tokelau,1958,81,581,296,451,294
Tokelau,1959,81,590,308,457,313
Tokelau,1960,82,599,317,473,334
Tokelau,1961,86,610,318,491,352
Tokelau,1962,90,624,307,503,363
Tokelau,1963,94,638,287,516,367
Tokelau,1964,98,645,268,532,367
Tokelau,1965,101,646,252,556,364
Tokelau,1966,98,644,237,583,356
Tokelau,1967,95,632,238,591,338
Tokelau,1968,96,610,238,586,314
Tokelau,1969,102,589,235,576,293
Tokelau,1970,101,562,232,567,278
Tokelau,1971,102,531,226,554,271
Tokelau,1972,102,519,233,540,269
Tokelau,1973,101,523,248,527,265
Tokelau,1974,100,525,258,520,261
Tokelau,1975,94,528,262,518,259
Tokelau,1976,93,532,264,520,251
Tokelau,1977,96,546,268,517,244
Tokelau,1978,97,560,274,511,239
Tokelau,1979,98,565,283,505,234
Tokelau,1980,95,562,292,499,231
Tokelau,1981,91,572,294,493,230
Tokelau,1982,89,589,293,485,230
Tokelau,1983,90,609,299,480,231
Tokelau,1984,96,625,315,480,232
Tokelau,1985,102,634,333,478,234
Tokelau,1986,104,644,349,469,237
Tokelau,1987,104,650,349,452,243
Tokelau,1988,106,650,340,441,250
Tokelau,1989,110,655,320,439,258
Tokelau,1990,115,660,293,447,270
Tokelau,1991,121,667,265,455,284
Tokelau,1992,126,666,261,458,286
Tokelau,1993,126,670,269,451,279
Tokelau,1994,125,678,269,445,273
Tokelau,1995,126,692,262,444,268
Tokelau,1996,127,705,258,439,266
Tokelau,1997,128,710,262,441,262
Tokelau,1998,125,720,266,451,255
Tokelau,1999,123,736,269,462,254
Tokelau,2000,121,749,269,471,256
Tokelau,2001,126,760,268,475,258
Tokelau,2002,128,760,264,469,243
Tokelau,2003,128,737,254,456,218
Tokelau,2004,134,717,245,437,193
Tokelau,2005,135,693,236,415,173
Tokelau,2006,138,674,228,390,163
Tokelau,2007,143,670,233,371,156
Tokelau,2008,150,670,252,359,154
Tokelau,2009,153,669,270,350,155
Tokelau,2010,154,671,286,339,160
Tokelau,2011,153,681,300,330,161
Tokelau,2012,151,714,323,332,161
Tokelau,2013,154,745,346,340,164
Tokelau,2014,160,745,339,340,164
Tokelau,2015,159,740,319,340,161
Tokelau,2016,161,737,301,346,158
Tokelau,2017,169,765,308,363,162
Tokelau,2018,173,836,334,386,173
Tokelau,2019,170,916,354,413,185
Tokelau,2020,170,984,368,434,196
Tokelau,2021,172,1034,374,440,205
Tokelau,2022,176,1086,399,439,212
Tokelau,2023,191,1143,439,431,220
Tonga,1950,2290,15726,9647,13295,8722
Tonga,1951,2224,16174,9924,13708,8944
Tonga,1952,2163,16656,10207,14106,9246
Tonga,1953,2105,17171,10495,14501,9623
Tonga,1954,2062,17716,10798,14929,10032
Tonga,1955,2027,18290,11103,15384,10473
Tonga,1956,1997,18885,11421,15887,10927
Tonga,1957,1989,19484,11714,16385,11327
Tonga,1958,2001,20077,11982,16873,11667
Tonga,1959,2027,20692,12262,17392,11995
Tonga,1960,2066,21314,12555,17926,12325
Tonga,1961,2108,21950,12871,18457,12668
Tonga,1962,2163,22597,13163,19033,13003
Tonga,1963,2223,23260,13438,19667,13315
Tonga,1964,2289,23934,13740,20319,13609
Tonga,1965,2360,24629,14067,20996,13890
Tonga,1966,2435,25335,14429,21667,14153
Tonga,1967,2500,25910,14698,22299,14423
Tonga,1968,2553,26346,14880,22906,14684
Tonga,1969,2613,26778,15115,23500,14899
Tonga,1970,2670,27203,15388,24095,15059
Tonga,1971,2731,27648,15684,24708,15143
Tonga,1972,2791,28038,16062,25321,15158
Tonga,1973,2849,28399,16524,25893,15151
Tonga,1974,2915,28816,17100,26632,15236
Tonga,1975,2987,29258,17830,27536,15420
Tonga,1976,3066,29702,18635,28345,15594
Tonga,1977,3147,30092,19239,28652,15611
Tonga,1978,3220,30445,19562,28524,15471
Tonga,1979,3299,30779,19795,28367,15322
Tonga,1980,3377,31082,19976,28183,15166
Tonga,1981,3467,31334,20160,27956,15013
Tonga,1982,3565,31508,20392,27647,14888
Tonga,1983,3669,31589,20703,27231,14824
Tonga,1984,3789,31559,21079,26749,14832
Tonga,1985,3918,31407,21492,26270,14913
Tonga,1986,4042,31177,21890,25867,15049
Tonga,1987,4154,31301,22140,25653,15146
Tonga,1988,4251,31816,22173,25635,15110
Tonga,1989,4336,32360,22023,25758,14941
Tonga,1990,4433,32914,21729,25964,14678
Tonga,1991,4540,33458,21350,26169,14394
Tonga,1992,4657,33960,20953,26317,14158
Tonga,1993,4777,34383,20615,26333,14012
Tonga,1994,4904,34697,20404,26194,13988
Tonga,1995,5023,34873,20336,25946,14059
Tonga,1996,5147,34952,20394,25651,14150
Tonga,1997,5272,35293,20513,25385,14228
Tonga,1998,5378,35929,20623,25211,14266
Tonga,1999,5466,36500,20713,25137,14241
Tonga,2000,5553,37017,20774,25157,14193
Tonga,2001,5636,37485,20770,25238,14177
Tonga,2002,5714,37902,20697,25355,14219
Tonga,2003,5803,38272,20575,25509,14320
Tonga,2004,5905,38589,20455,25693,14446
Tonga,2005,5992,38847,20398,25900,14546
Tonga,2006,6063,39052,20416,26091,14644
Tonga,2007,6121,39395,20391,26189,14648
Tonga,2008,6153,39883,20283,26231,14486
Tonga,2009,6160,40333,20180,26278,14268
Tonga,2010,6206,40660,20181,26203,14164
Tonga,2011,6305,40857,20207,26062,14151
Tonga,2012,6387,40963,20104,25965,14054
Tonga,2013,6412,40998,19965,25806,13907
Tonga,2014,6402,40987,19846,25603,13786
Tonga,2015,6379,40955,19803,25404,13567
Tonga,2016,6367,40851,19788,25202,13326
Tonga,2017,6401,40900,19743,25156,13172
Tonga,2018,6495,41130,19738,25279,12946
Tonga,2019,6598,41230,19826,25433,12601
Tonga,2020,6704,41249,19951,25612,12203
Tonga,2021,6784,40979,20132,25676,11933
Tonga,2022,6835,40376,20401,25600,11840
Tonga,2023,6912,39760,20680,25456,11804
Trinidad and Tobago,1950,25597,254336,109082,151591,108169
Trinidad and Tobago,1951,25366,259439,110329,158612,111990
Trinidad and Tobago,1952,25075,264824,111936,166082,115523
Trinidad and Tobago,1953,24764,270387,114031,173723,118963
Trinidad and Tobago,1954,24514,275985,116813,181661,122184
Trinidad and Tobago,1955,24385,281551,120361,189889,125057
Trinidad and Tobago,1956,24371,287065,124642,197957,127656
Trinidad and Tobago,1957,24472,292501,129652,205741,130142
Trinidad and Tobago,1958,24684,297899,135301,213191,132764
Trinidad and Tobago,1959,24997,303064,141340,220179,135439
Trinidad and Tobago,1960,25394,307642,147423,226320,138174
Trinidad and Tobago,1961,26280,311531,152561,231392,141387
Trinidad and Tobago,1962,27676,315038,156850,236059,144580
Trinidad and Tobago,1963,29220,318394,161159,241089,146948
Trinidad and Tobago,1964,30938,321593,165731,246427,148283
Trinidad and Tobago,1965,32823,324563,170729,252073,148243
Trinidad and Tobago,1966,34849,327294,175959,258337,146506
Trinidad and Tobago,1967,36960,329804,181430,264973,143259
Trinidad and Tobago,1968,39087,332175,187408,271150,139184
Trinidad and Tobago,1969,41170,334538,194476,275737,134784
Trinidad and Tobago,1970,42377,338420,202541,277353,130777
Trinidad and Tobago,1971,42800,344363,210306,276886,128218
Trinidad and Tobago,1972,43312,351319,217003,275812,127465
Trinidad and Tobago,1973,43861,359107,223104,273739,128034
Trinidad and Tobago,1974,44447,367648,229109,270278,129271
Trinidad and Tobago,1975,45075,376923,235099,265699,130660
Trinidad and Tobago,1976,45794,386832,241086,260581,132010
Trinidad and Tobago,1977,46586,397173,246967,255394,133429
Trinidad and Tobago,1978,47412,408089,251865,250810,135206
Trinidad and Tobago,1979,48240,419971,254503,247138,137788
Trinidad and Tobago,1980,49044,432036,254863,244449,141347
Trinidad and Tobago,1981,49796,443056,253854,242990,145435
Trinidad and Tobago,1982,50508,453130,251925,243003,149357
Trinidad and Tobago,1983,51195,463165,249021,244541,152607
Trinidad and Tobago,1984,51871,473826,244906,247523,154853
Trinidad and Tobago,1985,52633,486085,240317,252169,156160
Trinidad and Tobago,1986,53422,499744,235729,257842,156390
Trinidad and Tobago,1987,54134,513671,231090,263442,155024
Trinidad and Tobago,1988,54821,527373,227084,268754,152032
Trinidad and Tobago,1989,55531,540254,224077,273966,147772
Trinidad and Tobago,1990,56287,552100,222295,279163,142364
Trinidad and Tobago,1991,57093,562992,222049,283854,136182
Trinidad and Tobago,1992,57907,573141,223422,287115,130093
Trinidad and Tobago,1993,58719,582752,226272,288281,124445
Trinidad and Tobago,1994,59512,591864,230422,287266,119285
Trinidad and Tobago,1995,60310,600696,235653,283896,114607
Trinidad and Tobago,1996,61143,609654,241416,278418,110302
Trinidad and Tobago,1997,61982,618919,247162,271497,106273
Trinidad and Tobago,1998,62866,628573,252684,263474,102623
Trinidad and Tobago,1999,63818,638400,258157,254770,99561
Trinidad and Tobago,2000,64787,648510,263655,245518,97305
Trinidad and Tobago,2001,65795,659242,268694,235978,95860
Trinidad and Tobago,2002,66954,670855,272366,226875,94965
Trinidad and Tobago,2003,68307,683369,274044,218563,94433
Trinidad and Tobago,2004,69856,696620,273640,211228,94038
Trinidad and Tobago,2005,71648,710610,270983,205042,93751
Trinidad and Tobago,2006,73742,725057,266298,199900,93702
Trinidad and Tobago,2007,76196,739579,260228,195480,93891
Trinidad and Tobago,2008,79071,753978,253078,191731,94224
Trinidad and Tobago,2009,82415,768044,245257,188688,94644
Trinidad and Tobago,2010,86281,781898,236875,186563,95032
Trinidad and Tobago,2011,90728,795361,228178,185502,95216
Trinidad and Tobago,2012,95784,807718,219885,185237,95188
Trinidad and Tobago,2013,101436,818471,212331,185465,94951
Trinidad and Tobago,2014,107666,827409,205699,185878,94477
Trinidad and Tobago,2015,114432,834458,200135,186366,93790
Trinidad and Tobago,2016,121617,839949,195622,186883,92950
Trinidad and Tobago,2017,129078,844696,192107,187416,91959
Trinidad and Tobago,2018,137405,858417,194616,188569,91499
Trinidad and Tobago,2019,146183,864995,193974,189075,90650
Trinidad and Tobago,2020,154667,860259,188450,188622,89010
Trinidad and Tobago,2021,162379,861472,187948,188339,87561
Trinidad and Tobago,2022,169895,863636,188650,187707,86018
Trinidad and Tobago,2023,178145,864712,189131,186609,84322
Tunisia,1950,159606,1355157,635603,856922,601705
Tunisia,1951,158383,1373824,645788,889082,615018
Tunisia,1952,158326,1392203,656159,921338,630155
Tunisia,1953,158977,1410813,667394,950769,649439
Tunisia,1954,159743,1430173,680745,978677,670178
Tunisia,1955,160508,1450771,697043,1008345,688459
Tunisia,1956,161350,1465336,715454,1035932,704523
Tunisia,1957,162223,1473785,728034,1055279,717267
Tunisia,1958,163208,1482750,735131,1068634,727969
Tunisia,1959,164452,1491252,744616,1081137,739425
Tunisia,1960,166012,1499616,756323,1093874,751451
Tunisia,1961,167573,1507693,769214,1107983,763801
Tunisia,1962,169113,1515706,782366,1125045,776896
Tunisia,1963,170808,1524730,793414,1147396,790775
Tunisia,1964,172550,1535844,803732,1172762,804975
Tunisia,1965,174321,1550954,817984,1198347,819773
Tunisia,1966,175933,1568979,838525,1231340,837499
Tunisia,1967,177495,1591098,864260,1272233,855868
Tunisia,1968,179345,1621382,893245,1315164,870748
Tunisia,1969,181467,1657788,924100,1359521,881798
Tunisia,1970,183924,1697540,955730,1404536,889644
Tunisia,1971,186849,1739943,988942,1449891,896017
Tunisia,1972,190298,1783609,1024978,1494338,903328
Tunisia,1973,194331,1826679,1065808,1536045,914369
Tunisia,1974,199096,1871978,1108973,1574220,930407
Tunisia,1975,204607,1923507,1150445,1609083,951612
Tunisia,1976,210939,1977546,1190573,1641614,976309
Tunisia,1977,218090,2032745,1231469,1672789,1000819
Tunisia,1978,225801,2094359,1273172,1699782,1016263
Tunisia,1979,233732,2161354,1316264,1721131,1023922
Tunisia,1980,241759,2229958,1362383,1739212,1032867
Tunisia,1981,249887,2300418,1410002,1755108,1042862
Tunisia,1982,258055,2372863,1455788,1770745,1051182
Tunisia,1983,266526,2447016,1497133,1788879,1054231
Tunisia,1984,275604,2529007,1537081,1819858,1058486
Tunisia,1985,285512,2620358,1572652,1864550,1066821
Tunisia,1986,296727,2716657,1599547,1911040,1076314
Tunisia,1987,309463,2818455,1622366,1952102,1087588
Tunisia,1988,322792,2925825,1644107,1985763,1095942
Tunisia,1989,335615,3038947,1664903,2019311,1092870
Tunisia,1990,348435,3156440,1686139,2054416,1079059
Tunisia,1991,362349,3275699,1713228,2089957,1060574
Tunisia,1992,377467,3391368,1750520,2121878,1041255
Tunisia,1993,393304,3500976,1796711,2142278,1024625
Tunisia,1994,409644,3607928,1841210,2150005,1009636
Tunisia,1995,427071,3714057,1877736,2148982,993392
Tunisia,1996,446420,3818973,1910845,2144961,973208
Tunisia,1997,467450,3922817,1943057,2138035,949886
Tunisia,1998,489609,4026471,1975928,2123447,926186
Tunisia,1999,512849,4130094,2010745,2099552,902696
Tunisia,2000,535874,4234958,2046325,2067912,879839
Tunisia,2001,557109,4342802,2080239,2029192,860304
Tunisia,2002,576790,4453628,2110411,1985034,845623
Tunisia,2003,595765,4567209,2135664,1936528,836433
Tunisia,2004,613900,4687403,2147500,1886028,831298
Tunisia,2005,630676,4816098,2139575,1838825,830258
Tunisia,2006,645808,4948063,2119698,1797828,834964
Tunisia,2007,659603,5078096,2096285,1761978,845693
Tunisia,2008,672797,5204832,2071204,1730894,862855
Tunisia,2009,686006,5330556,2041762,1704654,887644
Tunisia,2010,699774,5454754,2006776,1685645,918968
Tunisia,2011,714206,5574108,1968328,1676612,952715
Tunisia,2012,729561,5686803,1928512,1678512,986183
Tunisia,2013,746608,5786467,1893801,1692946,1021457
Tunisia,2014,767438,5876796,1862017,1717876,1050075
Tunisia,2015,794538,5965282,1825433,1750249,1066668
Tunisia,2016,825542,6050793,1786156,1788205,1077873
Tunisia,2017,858660,6133752,1745770,1830790,1081416
Tunisia,2018,897115,6210183,1707083,1881698,1069312
Tunisia,2019,943436,6274705,1674805,1934233,1047774
Tunisia,2020,991528,6326892,1652005,1981571,1021923
Tunisia,2021,1030987,6368310,1641734,2025025,982447
Tunisia,2022,1071117,6406042,1643917,2059175,938973
Tunisia,2023,1118198,6442887,1658057,2079195,901969
Turkey,1950,791627,7735762,3961218,5095643,3436272
Turkey,1951,821700,7969251,4072267,5181037,3599007
Turkey,1952,853841,8212200,4174537,5288647,3760253
Turkey,1953,888403,8464085,4272271,5419107,3914109
Turkey,1954,925829,8724811,4361484,5576747,4046752
Turkey,1955,965154,8992750,4439568,5771849,4140848
Turkey,1956,1003904,9260383,4520039,5997190,4275852
Turkey,1957,1043089,9525833,4612608,6243227,4455941
Turkey,1958,1084429,9791810,4712150,6514995,4601319
Turkey,1959,1128876,10058543,4816635,6811110,4710891
Turkey,1960,1178012,10322949,4926463,7114627,4787626
Turkey,1961,1227167,10561058,5050244,7359653,4920965
Turkey,1962,1276220,10777440,5187891,7563895,5110557
Turkey,1963,1329751,10996089,5330643,7800018,5270170
Turkey,1964,1387296,11216453,5476420,8068945,5393770
Turkey,1965,1446155,11438067,5628025,8358275,5474544
Turkey,1966,1499214,11664075,5802352,8622517,5589398
Turkey,1967,1547435,11896224,6000627,8862832,5743136
Turkey,1968,1596678,12134021,6210055,9117205,5863482
Turkey,1969,1646628,12378939,6429933,9380435,5951575
Turkey,1970,1697470,12636822,6659151,9641370,6003428
Turkey,1971,1750662,12929080,6887237,9880005,6071435
Turkey,1972,1805630,13254256,7106345,10103551,6160154
Turkey,1973,1860636,13594702,7317513,10331871,6224414
Turkey,1974,1915040,13950288,7523242,10555549,6265667
Turkey,1975,1965925,14319550,7737934,10755674,6273674
Turkey,1976,2001983,14695216,7982005,10898885,6321576
Turkey,1977,2027322,15078921,8239430,11012799,6414364
Turkey,1978,2055872,15477997,8479153,11148637,6482988
Turkey,1979,2088625,15891177,8693959,11305515,6530409
Turkey,1980,2120321,16302771,8913212,11475642,6596144
Turkey,1981,2149719,16695445,9138103,11651022,6686176
Turkey,1982,2185208,17150337,9387972,11832507,6765264
Turkey,1983,2228619,17693295,9674944,12025537,6824020
Turkey,1984,2276618,18257708,9956433,12226988,6855118
Turkey,1985,2328592,18837239,10226633,12419812,6873465
Turkey,1986,2384586,19427724,10480566,12596730,6886643
Turkey,1987,2444637,20028447,10717043,12756334,6895584
Turkey,1988,2509562,20651175,10941982,12899384,6905830
Turkey,1989,2579384,21295746,11151316,13035469,6913069
Turkey,1990,2653705,21957540,11340741,13169923,6891969
Turkey,1991,2731949,22620703,11517057,13296270,6842175
Turkey,1992,2814123,23286411,11691579,13404386,6791906
Turkey,1993,2900691,23973109,11877794,13487571,6758302
Turkey,1994,2991330,24676288,12075807,13539011,6749699
Turkey,1995,3098154,25395259,12251416,13514717,6763242
Turkey,1996,3224198,26119899,12404765,13417841,6782681
Turkey,1997,3359604,26836133,12554838,13308116,6792480
Turkey,1998,3502536,27543608,12694071,13208277,6784041
Turkey,1999,3650156,28240770,12819495,13122419,6757176
Turkey,2000,3800740,28930522,12924087,13054338,6714319
Turkey,2001,3954623,29627623,12995734,13003379,6661750
Turkey,2002,4111514,30343123,13020444,12961581,6610044
Turkey,2003,4270529,31082811,12989346,12929343,6557330
Turkey,2004,4431520,31847308,12903037,12905866,6502246
Turkey,2005,4593984,32624559,12772721,12893125,6442655
Turkey,2006,4756631,33402421,12619403,12883422,6381323
Turkey,2007,4918062,34168199,12469068,12864696,6328878
Turkey,2008,5051118,34970280,12404101,12862645,6272784
Turkey,2009,5159210,35799784,12431015,12862644,6210790
Turkey,2010,5275938,36596385,12479817,12820021,6173226
Turkey,2011,5392317,37359712,12541478,12744590,6175756
Turkey,2012,5518633,38150627,12645542,12658011,6222914
Turkey,2013,5677363,39034217,12815135,12578025,6296524
Turkey,2014,5870145,40125333,13094551,12527272,6416631
Turkey,2015,6093086,41387381,13437436,12516547,6577031
Turkey,2016,6332827,42457331,13625879,12504118,6728843
Turkey,2017,6598929,43401653,13703584,12520673,6855572
Turkey,2018,6895048,44288025,13711327,12593254,6924978
Turkey,2019,7271426,44863026,13620241,12771743,6827944
Turkey,2020,7714241,45232589,13538970,13032383,6570606
Turkey,2021,8133306,45558577,13482479,13238693,6271034
Turkey,2022,8459744,45939279,13339455,13329620,5988449
Turkey,2023,8725568,46381213,13101702,13313280,5746362
Turkmenistan,1950,70876,500916,260227,281757,155388
Turkmenistan,1951,73090,507454,268103,273288,172131
Turkmenistan,1952,75647,516447,276185,264495,187751
Turkmenistan,1953,78160,527034,283965,257212,203289
Turkmenistan,1954,80128,539393,288798,256867,217164
Turkmenistan,1955,81389,553143,290036,264747,228848
Turkmenistan,1956,82017,566838,289807,276692,241849
Turkmenistan,1957,82019,580082,288850,291462,257142
Turkmenistan,1958,81659,593340,286383,310349,273444
Turkmenistan,1959,81345,607871,281424,333541,289237
Turkmenistan,1960,81285,623795,274581,359758,304038
Turkmenistan,1961,81424,641069,266699,388388,317820
Turkmenistan,1962,81723,660207,258445,418440,330404
Turkmenistan,1963,82284,679872,251633,449403,341069
Turkmenistan,1964,83251,697224,251563,478215,349744
Turkmenistan,1965,84623,711163,259466,504033,356629
Turkmenistan,1966,86446,722442,271316,530200,361337
Turkmenistan,1967,88756,731424,285908,557472,363837
Turkmenistan,1968,91372,738358,304499,583963,364881
Turkmenistan,1969,93991,744203,327275,608175,365384
Turkmenistan,1970,96517,749973,353007,629855,366259
Turkmenistan,1971,98882,756443,381087,648508,368199
Turkmenistan,1972,101003,764729,410550,663856,371289
Turkmenistan,1973,103056,775172,440892,675934,375859
Turkmenistan,1974,105293,789880,469115,685538,382199
Turkmenistan,1975,107702,808878,494343,693742,389904
Turkmenistan,1976,110318,828922,519793,700819,398669
Turkmenistan,1977,113217,849151,546225,706835,408514
Turkmenistan,1978,116043,871342,571900,712878,418928
Turkmenistan,1979,118141,897152,595468,720196,429400
Turkmenistan,1980,119325,926576,616743,729386,440166
Turkmenistan,1981,119668,959838,635285,740826,451571
Turkmenistan,1982,119112,997182,650832,754560,463874
Turkmenistan,1983,118052,1038076,663278,770297,477825
Turkmenistan,1984,117195,1081161,673319,787753,494644
Turkmenistan,1985,117530,1125241,682361,806355,516047
Turkmenistan,1986,119148,1170943,690315,825825,541574
Turkmenistan,1987,121689,1218351,697050,847444,568192
Turkmenistan,1988,125458,1265419,704637,872822,591018
Turkmenistan,1989,129481,1310330,713710,903010,605924
Turkmenistan,1990,133551,1352415,724241,937331,613014
Turkmenistan,1991,138624,1392306,736751,973980,614230
Turkmenistan,1992,144410,1428851,748640,1011762,611017
Turkmenistan,1993,150694,1466675,761238,1048675,605124
Turkmenistan,1994,157066,1505471,774509,1083600,596007
Turkmenistan,1995,162873,1541858,787086,1115364,584020
Turkmenistan,1996,168008,1580051,803348,1142145,570256
Turkmenistan,1997,172366,1621163,825214,1162660,555320
Turkmenistan,1998,175955,1665559,852048,1175238,541702
Turkmenistan,1999,179605,1714551,884814,1180979,532215
Turkmenistan,2000,183871,1767508,922026,1181881,527379
Turkmenistan,2001,188978,1822247,960144,1177986,526046
Turkmenistan,2002,194989,1877826,998450,1170902,527290
Turkmenistan,2003,201374,1934390,1035328,1162903,529861
Turkmenistan,2004,207444,1993247,1070408,1153781,533197
Turkmenistan,2005,212452,2055409,1103562,1144505,536313
Turkmenistan,2006,215710,2122137,1133541,1135773,539924
Turkmenistan,2007,216610,2195187,1160007,1126185,546039
Turkmenistan,2008,215121,2275323,1182467,1115158,556946
Turkmenistan,2009,212272,2361807,1200888,1102652,573957
Turkmenistan,2010,209681,2452683,1215614,1089487,596869
Turkmenistan,2011,208526,2545696,1226428,1078126,624614
Turkmenistan,2012,209219,2639224,1233395,1071260,655425
Turkmenistan,2013,211809,2732005,1236747,1071811,686951
Turkmenistan,2014,216045,2824418,1235622,1081804,717373
Turkmenistan,2015,221611,2917120,1229967,1101337,745716
Turkmenistan,2016,228363,3010235,1219566,1130754,771099
Turkmenistan,2017,236010,3104703,1203167,1170570,792591
Turkmenistan,2018,244364,3200948,1180125,1220812,809251
Turkmenistan,2019,253681,3298505,1151401,1280179,820152
Turkmenistan,2020,263917,3395761,1119941,1345857,824416
Turkmenistan,2021,275620,3490514,1089927,1414124,821834
Turkmenistan,2022,292419,3577772,1068750,1476764,814470
Turkmenistan,2023,314616,3654829,1062618,1527931,804417
Turks and Caicos Islands,1950,292,1875,753,1261,878
Turks and Caicos Islands,1951,283,1857,786,1241,909
Turks and Caicos Islands,1952,276,1816,802,1223,921
Turks and Caicos Islands,1953,276,1793,802,1220,917
Turks and Caicos Islands,1954,278,1800,801,1240,930
Turks and Caicos Islands,1955,278,1835,799,1278,967
Turks and Caicos Islands,1956,283,1870,796,1331,991
Turks and Caicos Islands,1957,288,1905,791,1396,1003
Turks and Caicos Islands,1958,293,1930,788,1460,997
Turks and Caicos Islands,1959,300,1951,794,1527,985
Turks and Caicos Islands,1960,304,1957,813,1566,980
Turks and Caicos Islands,1961,301,1957,832,1569,984
Turks and Caicos Islands,1962,302,1950,851,1568,986
Turks and Caicos Islands,1963,299,1953,868,1572,982
Turks and Caicos Islands,1964,301,1948,880,1580,972
Turks and Caicos Islands,1965,300,1943,882,1600,958
Turks and Caicos Islands,1966,297,1927,880,1628,943
Turks and Caicos Islands,1967,304,1910,878,1659,933
Turks and Caicos Islands,1968,302,1884,877,1692,924
Turks and Caicos Islands,1969,304,1851,877,1722,920
Turks and Caicos Islands,1970,314,1813,894,1751,914
Turks and Caicos Islands,1971,320,1824,949,1772,908
Turks and Caicos Islands,1972,333,1874,1027,1792,910
Turks and Caicos Islands,1973,348,1932,1098,1814,920
Turks and Caicos Islands,1974,359,1992,1165,1847,933
Turks and Caicos Islands,1975,368,2052,1227,1891,948
Turks and Caicos Islands,1976,374,2117,1291,1934,961
Turks and Caicos Islands,1977,381,2207,1346,1979,972
Turks and Caicos Islands,1978,389,2304,1396,2031,985
Turks and Caicos Islands,1979,401,2402,1449,2079,996
Turks and Caicos Islands,1980,410,2518,1544,2110,1002
Turks and Caicos Islands,1981,417,2686,1677,2129,1018
Turks and Caicos Islands,1982,426,2896,1816,2136,1042
Turks and Caicos Islands,1983,440,3130,1941,2143,1068
Turks and Caicos Islands,1984,453,3384,2047,2142,1101
Turks and Caicos Islands,1985,466,3662,2144,2132,1141
Turks and Caicos Islands,1986,481,3956,2220,2127,1177
Turks and Caicos Islands,1987,511,4256,2273,2133,1211
Turks and Caicos Islands,1988,538,4558,2311,2152,1241
Turks and Caicos Islands,1989,554,4883,2333,2177,1265
Turks and Caicos Islands,1990,570,5222,2387,2220,1308
Turks and Caicos Islands,1991,578,5564,2509,2288,1389
Turks and Caicos Islands,1992,570,5937,2639,2364,1479
Turks and Caicos Islands,1993,558,6352,2751,2445,1562
Turks and Caicos Islands,1994,565,6799,2838,2529,1636
Turks and Caicos Islands,1995,592,7271,2879,2632,1698
Turks and Caicos Islands,1996,615,7787,2886,2749,1747
Turks and Caicos Islands,1997,649,8327,2867,2876,1785
Turks and Caicos Islands,1998,684,8881,2839,3003,1829
Turks and Caicos Islands,1999,721,9447,2809,3121,1882
Turks and Caicos Islands,2000,758,10024,2785,3235,1952
Turks and Caicos Islands,2001,790,10616,2808,3340,2048
Turks and Caicos Islands,2002,844,11238,2957,3440,2140
Turks and Caicos Islands,2003,927,11904,3173,3544,2201
Turks and Caicos Islands,2004,1025,12614,3343,3668,2229
Turks and Caicos Islands,2005,1132,13369,3459,3829,2222
Turks and Caicos Islands,2006,1259,14154,3519,4020,2193
Turks and Caicos Islands,2007,1406,14962,3532,4215,2174
Turks and Caicos Islands,2008,1567,15799,3524,4378,2184
Turks and Caicos Islands,2009,1735,16645,3523,4493,2213
Turks and Caicos Islands,2010,1916,17486,3559,4552,2249
Turks and Caicos Islands,2011,2121,18313,3634,4565,2237
Turks and Caicos Islands,2012,2330,19221,3815,4583,2203
Turks and Caicos Islands,2013,2549,20226,4080,4639,2181
Turks and Caicos Islands,2014,2766,21133,4326,4687,2164
Turks and Caicos Islands,2015,3029,22107,4597,4725,2172
Turks and Caicos Islands,2016,3334,23151,4883,4722,2250
Turks and Caicos Islands,2017,3632,24108,5131,4703,2353
Turks and Caicos Islands,2018,3941,25130,5339,4733,2434
Turks and Caicos Islands,2019,4244,26190,5461,4782,2511
Turks and Caicos Islands,2020,4478,27047,5475,4834,2568
Turks and Caicos Islands,2021,4681,27687,5415,4880,2595
Turks and Caicos Islands,2022,4868,28127,5363,4910,2599
Turks and Caicos Islands,2023,5041,28343,5339,4912,2582
Tuvalu,1950,240,2014,989,936,605
Tuvalu,1951,239,2068,998,925,717
Tuvalu,1952,235,2122,1005,896,814
Tuvalu,1953,231,2186,1011,867,903
Tuvalu,1954,227,2232,1003,878,952
Tuvalu,1955,228,2276,967,924,966
Tuvalu,1956,229,2306,917,982,974
Tuvalu,1957,230,2334,863,1050,978
Tuvalu,1958,228,2371,804,1133,981
Tuvalu,1959,229,2401,740,1225,982
Tuvalu,1960,230,2428,666,1322,973
Tuvalu,1961,231,2466,590,1421,961
Tuvalu,1962,233,2501,527,1518,942
Tuvalu,1963,234,2531,480,1610,918
Tuvalu,1964,236,2467,526,1644,898
Tuvalu,1965,235,2328,655,1627,886
Tuvalu,1966,241,2186,780,1618,880
Tuvalu,1967,242,2049,887,1618,878
Tuvalu,1968,245,1935,971,1625,868
Tuvalu,1969,248,1908,1019,1630,848
Tuvalu,1970,250,1935,1049,1631,819
Tuvalu,1971,256,1962,1077,1627,782
Tuvalu,1972,261,1996,1099,1623,733
Tuvalu,1973,265,2034,1119,1619,667
Tuvalu,1974,270,2106,1174,1647,647
Tuvalu,1975,275,2212,1265,1695,686
Tuvalu,1976,281,2340,1361,1725,720
Tuvalu,1977,285,2477,1468,1728,750
Tuvalu,1978,293,2625,1585,1715,762
Tuvalu,1979,299,2736,1690,1683,799
Tuvalu,1980,306,2802,1772,1627,880
Tuvalu,1981,315,2882,1827,1558,963
Tuvalu,1982,330,2994,1847,1479,1036
Tuvalu,1983,346,3126,1831,1401,1105
Tuvalu,1984,365,3280,1778,1350,1153
Tuvalu,1985,385,3401,1724,1361,1197
Tuvalu,1986,407,3501,1672,1414,1243
Tuvalu,1987,425,3603,1605,1489,1271
Tuvalu,1988,447,3697,1537,1575,1283
Tuvalu,1989,469,3787,1475,1667,1287
Tuvalu,1990,491,3871,1416,1754,1289
Tuvalu,1991,512,3949,1365,1829,1297
Tuvalu,1992,527,4004,1322,1898,1309
Tuvalu,1993,542,4036,1291,1963,1314
Tuvalu,1994,560,4068,1279,2015,1309
Tuvalu,1995,575,4082,1282,2063,1297
Tuvalu,1996,584,4086,1301,2109,1283
Tuvalu,1997,593,4081,1334,2149,1266
Tuvalu,1998,588,4076,1374,2178,1249
Tuvalu,1999,585,4072,1416,2205,1240
Tuvalu,2000,576,4067,1459,2233,1231
Tuvalu,2001,562,4067,1497,2262,1220
Tuvalu,2002,551,4070,1531,2290,1203
Tuvalu,2003,547,4094,1579,2316,1179
Tuvalu,2004,563,4142,1643,2333,1158
Tuvalu,2005,577,4193,1714,2334,1146
Tuvalu,2006,586,4241,1781,2325,1145
Tuvalu,2007,591,4308,1844,2309,1152
Tuvalu,2008,592,4382,1910,2289,1171
Tuvalu,2009,584,4466,1964,2267,1197
Tuvalu,2010,581,4562,2007,2253,1232
Tuvalu,2011,584,4662,2038,2248,1272
Tuvalu,2012,590,4745,2061,2250,1314
Tuvalu,2013,598,4786,2077,2243,1323
Tuvalu,2014,600,4809,2068,2228,1302
Tuvalu,2015,600,4836,2045,2226,1277
Tuvalu,2016,597,4868,2011,2232,1242
Tuvalu,2017,596,4886,1969,2240,1201
Tuvalu,2018,598,4847,1927,2224,1179
Tuvalu,2019,600,4757,1892,2182,1172
Tuvalu,2020,602,4662,1861,2135,1163
Tuvalu,2021,593,4563,1829,2088,1141
Tuvalu,2022,594,4462,1757,2080,1119
Tuvalu,2023,625,4347,1663,2104,1098
Uganda,1950,164047,2059990,1149947,1320949,1055940
Uganda,1951,160700,2120857,1158412,1352397,1118766
Uganda,1952,157702,2182940,1165693,1394846,1175829
Uganda,1953,154998,2246181,1172051,1451639,1224538
Uganda,1954,152536,2310500,1177791,1525394,1262127
Uganda,1955,150288,2375870,1183449,1609757,1294381
Uganda,1956,148651,2441783,1189804,1697827,1327364
Uganda,1957,148131,2507621,1197724,1790033,1360354
Uganda,1958,149091,2572880,1208094,1886129,1393540
Uganda,1959,152563,2636352,1223795,1983305,1427392
Uganda,1960,158361,2696704,1246604,2077987,1461294
Uganda,1961,165310,2755052,1277124,2169102,1495609
Uganda,1962,173140,2813211,1318176,2255718,1531964
Uganda,1963,181800,2871575,1373024,2335868,1571372
Uganda,1964,191210,2929904,1444112,2407039,1614080
Uganda,1965,201315,2987903,1525390,2473897,1660685
Uganda,1966,212076,3045882,1610385,2542445,1712057
Uganda,1967,223518,3104393,1699471,2612627,1768893
Uganda,1968,235671,3164082,1792417,2685035,1831410
Uganda,1969,248362,3224141,1884833,2760109,1897401
Uganda,1970,261436,3283162,1972646,2838638,1965713
Uganda,1971,274132,3336702,2053189,2920721,2033452
Uganda,1972,286082,3377101,2120064,3006294,2096248
Uganda,1973,298702,3417581,2177011,3096069,2154870
Uganda,1974,312289,3478690,2232373,3190913,2210578
Uganda,1975,326660,3553243,2289371,3290310,2265654
Uganda,1976,341906,3631089,2350218,3393381,2320706
Uganda,1977,357499,3713647,2414511,3499033,2374979
Uganda,1978,372936,3801182,2482082,3605540,2430380
Uganda,1979,387332,3874468,2542952,3709985,2487429
Uganda,1980,400618,3926634,2595902,3811933,2540661
Uganda,1981,413740,3980908,2656420,3913322,2592066
Uganda,1982,427022,4049289,2731423,4013832,2652069
Uganda,1983,440190,4128821,2818025,4113146,2721708
Uganda,1984,453503,4224302,2916106,4214074,2799695
Uganda,1985,467324,4327395,3019580,4316538,2892843
Uganda,1986,481489,4434527,3126555,4421362,3003648
Uganda,1987,495883,4556534,3240569,4533505,3127672
Uganda,1988,510249,4688854,3355181,4655362,3260836
Uganda,1989,524228,4830910,3468231,4789124,3398208
Uganda,1990,537619,4980261,3579040,4937200,3535771
Uganda,1991,550622,5142252,3690079,5103566,3669376
Uganda,1992,563539,5326425,3804101,5290527,3800428
Uganda,1993,575910,5524884,3916112,5494773,3933446
Uganda,1994,586956,5720283,4020328,5710319,4070865
Uganda,1995,594011,5849571,4084753,5932560,4204725
Uganda,1996,600099,5981053,4153278,6165709,4331369
Uganda,1997,606308,6140500,4245519,6408988,4454688
Uganda,1998,611844,6311631,4354633,6662632,4575026
Uganda,1999,617741,6520111,4495356,6928765,4695250
Uganda,2000,622046,6721525,4642068,7198610,4815838
Uganda,2001,624956,6917076,4799098,7459345,4945121
Uganda,2002,627445,7126767,4979567,7714240,5084757
Uganda,2003,629315,7346908,5177725,7968960,5229104
Uganda,2004,629612,7551555,5373763,8224751,5374713
Uganda,2005,629234,7753555,5577512,8486460,5516402
Uganda,2006,628812,7963894,5792971,8754828,5653368
Uganda,2007,628717,8189252,6019919,9030094,5785316
Uganda,2008,629158,8430192,6260390,9308297,5911360
Uganda,2009,631241,8684249,6512775,9588266,6034449
Uganda,2010,635936,8954420,6772534,9867627,6160098
Uganda,2011,643514,9244462,7026681,10152700,6286975
Uganda,2012,654952,9554785,7276039,10441322,6410100
Uganda,2013,671735,9883983,7526778,10727488,6526802
Uganda,2014,696105,10252925,7795127,11015921,6635164
Uganda,2015,725912,10675680,8087044,11306632,6735822
Uganda,2016,759482,11185223,8415515,11599267,6839230
Uganda,2017,796414,11768634,8767705,11886526,6957555
Uganda,2018,834485,12369956,9103986,12159892,7096845
Uganda,2019,874844,13010302,9435642,12420912,7257133
Uganda,2020,915726,13679585,9755719,12674073,7431132
Uganda,2021,956607,14351927,10064272,12924133,7613000
Uganda,2022,999714,15002592,10346472,13176489,7786403
Uganda,2023,1045325,15631939,10599496,13440417,7938350
Ukraine,1950,2824019,17380530,7005495,7164462,2936100
Ukraine,1951,2829433,17824753,7061948,6833421,3257444
Ukraine,1952,2840619,18339849,7149705,6419177,3556332
Ukraine,1953,2857907,18887768,7259014,6003246,3797023
Ukraine,1954,2881999,19404328,7359363,5770030,3903218
Ukraine,1955,2912941,19869270,7422033,5749570,3904931
Ukraine,1956,2950781,20267901,7471561,5824420,3903572
Ukraine,1957,2996574,20573789,7537704,5974370,3915426
Ukraine,1958,3007207,20596380,7597473,6468950,3956187
Ukraine,1959,3033514,20611696,7569069,7017273,4011927
Ukraine,1960,3124559,20920319,7363845,7333349,4081310
Ukraine,1961,3228102,21352367,7100349,7575883,4142405
Ukraine,1962,3309146,21926496,6801017,7741562,4164831
Ukraine,1963,3396425,22547151,6486272,7879479,4152454
Ukraine,1964,3496769,23113399,6300077,7965424,4074936
Ukraine,1965,3642923,23544856,6206027,8063123,3929445
Ukraine,1966,3789554,23891268,6167155,8165364,3788682
Ukraine,1967,3906547,24129887,6259267,8241543,3678263
Ukraine,1968,4065627,24158776,6506377,8304346,3578735
Ukraine,1969,4227316,24124802,6815479,8319518,3488643
Ukraine,1970,4347427,24056416,7158698,8207762,3490469
Ukraine,1971,4478773,24042948,7445164,8058154,3547663
Ukraine,1972,4648727,24136134,7639142,7939151,3583089
Ukraine,1973,4807898,24252889,7804514,7790282,3620835
Ukraine,1974,4977339,24425998,7894871,7623635,3653989
Ukraine,1975,5156616,24615774,7946987,7464550,3680534
Ukraine,1976,5340529,24766082,7998914,7330005,3684522
Ukraine,1977,5548796,24873046,8032878,7221192,3659764
Ukraine,1978,5743550,24975206,8066220,7123324,3612112
Ukraine,1979,5879480,25112024,8058998,7065859,3604252
Ukraine,1980,5932443,25312685,8009723,7072615,3626943
Ukraine,1981,5895932,25622229,7936929,7102943,3630484
Ukraine,1982,5819881,25968813,7843501,7126698,3643048
Ukraine,1983,5790140,26225125,7755732,7153713,3711451
Ukraine,1984,5806688,26456682,7635504,7195326,3792466
Ukraine,1985,5808396,26741213,7487767,7238818,3831592
Ukraine,1986,5826074,26993217,7356774,7267684,3873922
Ukraine,1987,5895992,27185573,7237414,7288407,3907195
Ukraine,1988,6011996,27271108,7212007,7333404,3895015
Ukraine,1989,6142971,27310478,7206943,7385100,3870846
Ukraine,1990,6264098,27389184,7142974,7427534,3828779
Ukraine,1991,6388182,27435940,7117896,7503416,3724016
Ukraine,1992,6523432,27469751,7132841,7628989,3567145
Ukraine,1993,6653650,27407813,7171970,7750417,3364735
Ukraine,1994,6811787,27194254,7149481,7781981,3136974
Ukraine,1995,6869609,27085589,7054707,7728532,2925588
Ukraine,1996,6855530,26984469,7028730,7628179,2727702
Ukraine,1997,6883587,26791212,7084030,7476494,2550073
Ukraine,1998,6831083,26695700,7197842,7253677,2399956
Ukraine,1999,6705640,26718024,7300100,6984656,2266608
Ukraine,2000,6646186,26708908,7348731,6701692,2149725
Ukraine,2001,6703763,26570785,7422142,6374597,2034091
Ukraine,2002,6864455,26329462,7525272,6009119,1947432
Ukraine,2003,7066666,26055395,7613859,5641151,1936440
Ukraine,2004,7228218,25841970,7643526,5298487,1965613
Ukraine,2005,7295054,25687141,7606616,4994085,2000911
Ukraine,2006,7326864,25647569,7521674,4718617,2062130
Ukraine,2007,7352593,25689248,7385718,4487448,2145883
Ukraine,2008,7227572,25855694,7174779,4319643,2239514
Ukraine,2009,7066035,26093582,6915558,4209795,2336562
Ukraine,2010,6919704,26333719,6644873,4136145,2419544
Ukraine,2011,6768647,26621578,6333842,4100226,2481479
Ukraine,2012,6748193,26815665,5995921,4115392,2532136
Ukraine,2013,6741474,26986620,5654088,4183324,2558239
Ukraine,2014,6783653,27046439,5306720,4291868,2540337
Ukraine,2015,6934721,26956641,4986130,4408525,2495134
Ukraine,2016,7079975,26870982,4700827,4530337,2430745
Ukraine,2017,7245575,26735667,4458458,4662656,2329091
Ukraine,2018,7386124,26567585,4279595,4779747,2191251
Ukraine,2019,7509861,26367923,4163631,4858574,2052100
Ukraine,2020,7631881,26122918,4089828,4897548,1931079
Ukraine,2021,7695667,25830342,4056824,4895252,1813541
Ukraine,2022,7321870,23822382,3812195,4528672,1555463
Ukraine,2023,6992025,21734751,3601689,4089775,1304334
United Arab Emirates,1950,2501,26206,14011,18938,12875
United Arab Emirates,1951,2586,27118,15366,20961,13524
United Arab Emirates,1952,2669,28195,16890,22908,14118
United Arab Emirates,1953,2752,29455,18581,24676,14703
United Arab Emirates,1954,2822,30917,20429,26228,15273
United Arab Emirates,1955,2885,32614,22409,27598,15765
United Arab Emirates,1956,2942,34564,24503,28783,16182
United Arab Emirates,1957,2994,36805,26671,29714,16614
United Arab Emirates,1958,3030,39364,28870,30382,17130
United Arab Emirates,1959,3066,42261,31043,30785,17793
United Arab Emirates,1960,3091,45530,33120,30964,18642
United Arab Emirates,1961,3104,49186,35017,31002,19691
United Arab Emirates,1962,3114,53247,36667,31003,20931
United Arab Emirates,1963,3123,57701,37981,31095,22323
United Arab Emirates,1964,3131,62567,38910,31377,23716
United Arab Emirates,1965,3133,67839,39464,31907,24776
United Arab Emirates,1966,3127,73477,39623,32756,25006
United Arab Emirates,1967,3113,79456,39376,34005,23758
United Arab Emirates,1968,3271,89156,44774,38254,23976
United Arab Emirates,1969,3707,104498,58237,45216,28017
United Arab Emirates,1970,4304,123252,73666,51320,34008
United Arab Emirates,1971,5018,145007,87955,56231,40831
United Arab Emirates,1972,5857,170330,99965,60837,48036
United Arab Emirates,1973,6866,199463,108963,66600,54515
United Arab Emirates,1974,8114,232365,114632,74149,59838
United Arab Emirates,1975,9660,268708,117051,82878,64570
United Arab Emirates,1976,10821,308403,130801,92736,73109
United Arab Emirates,1977,11377,353683,154864,103321,86972
United Arab Emirates,1978,11788,407055,172838,114935,102669
United Arab Emirates,1979,12032,468927,183518,129038,118501
United Arab Emirates,1980,12173,537863,187203,146338,132132
United Arab Emirates,1981,12606,589033,190306,163602,144316
United Arab Emirates,1982,13368,620865,196004,179419,156728
United Arab Emirates,1983,14128,655831,200479,196400,168471
United Arab Emirates,1984,14887,694773,202129,215491,178727
United Arab Emirates,1985,15655,737420,201144,237108,186591
United Arab Emirates,1986,16406,778507,215347,263663,193460
United Arab Emirates,1987,17136,817806,248214,290655,200447
United Arab Emirates,1988,17883,860794,284241,312199,206678
United Arab Emirates,1989,18670,909349,319918,329932,211988
United Arab Emirates,1990,19506,965361,351845,345159,216349
United Arab Emirates,1991,20402,1030630,376897,359479,219222
United Arab Emirates,1992,21361,1106163,392940,373670,220605
United Arab Emirates,1993,22355,1191749,399472,387584,220938
United Arab Emirates,1994,23346,1286144,397626,401127,219948
United Arab Emirates,1995,24298,1386929,391881,414131,217426
United Arab Emirates,1996,26326,1487720,429528,434404,219592
United Arab Emirates,1997,29772,1592119,511895,454516,229108
United Arab Emirates,1998,33926,1710551,592257,461971,241728
United Arab Emirates,1999,38859,1845668,663723,462116,255644
United Arab Emirates,2000,44548,1997989,723092,459151,268801
United Arab Emirates,2001,50906,2169657,766185,458137,278708
United Arab Emirates,2002,57809,2362606,788216,462587,285603
United Arab Emirates,2003,65268,2574435,787230,473931,291590
United Arab Emirates,2004,73469,2801158,764737,492359,297233
United Arab Emirates,2005,82765,3039926,726531,513652,301913
United Arab Emirates,2006,91429,3337375,718538,549386,312369
United Arab Emirates,2007,95656,3784508,788613,619466,336387
United Arab Emirates,2008,97995,4259053,882946,699208,363456
United Arab Emirates,2009,98773,4540498,936565,749275,381939
United Arab Emirates,2010,98655,4702554,966374,776988,393790
United Arab Emirates,2011,103056,4885604,999866,804457,406446
United Arab Emirates,2012,110026,5087861,1039682,836345,423203
United Arab Emirates,2013,116159,5311024,1086696,875262,442705
United Arab Emirates,2014,123268,5581520,1144800,922043,465240
United Arab Emirates,2015,130509,5876067,1207999,970348,489692
United Arab Emirates,2016,134115,6117473,1261083,1009020,509164
United Arab Emirates,2017,136551,6257686,1292054,1028321,519701
United Arab Emirates,2018,140293,6336274,1308508,1035224,526556
United Arab Emirates,2019,143284,6362440,1310761,1032017,529340
United Arab Emirates,2020,147781,6413294,1320922,1034639,531884
United Arab Emirates,2021,158506,6643906,1370624,1071731,544282
United Arab Emirates,2022,167941,6955823,1430873,1123664,563781
United Arab Emirates,2023,180448,7290066,1432764,1165631,573174
United Kingdom,1950,5425245,26868445,6571688,6927066,4328261
United Kingdom,1951,5492564,26914925,6577294,7104392,4257309
United Kingdom,1952,5563485,26945330,6533840,7364988,4088227
United Kingdom,1953,5644999,27000770,6528458,7598062,3954352
United Kingdom,1954,5716971,27056150,6531832,7767303,3885556
United Kingdom,1955,5779829,27109966,6525786,7906758,3853938
United Kingdom,1956,5843893,27143583,6523572,8025658,3863250
United Kingdom,1957,5920255,27156281,6569488,8098202,3911153
United Kingdom,1958,5997661,27161145,6676489,8121570,3978209
United Kingdom,1959,6068216,27167983,6813493,8115571,4060602
United Kingdom,1960,6143994,27178607,6948299,8097826,4169179
United Kingdom,1961,6218111,27202793,7127329,8045242,4290795
United Kingdom,1962,6287645,27252018,7358666,7960986,4412806
United Kingdom,1963,6383866,27278866,7547569,7912399,4529495
United Kingdom,1964,6510825,27265846,7671158,7926026,4634475
United Kingdom,1965,6640994,27225628,7779466,7990325,4721726
United Kingdom,1966,6764688,27149755,7892645,8098318,4769989
United Kingdom,1967,6894770,27070108,7979478,8249499,4778783
United Kingdom,1968,7028210,27003856,8026810,8423942,4756741
United Kingdom,1969,7156922,26937078,8058763,8604890,4697382
United Kingdom,1970,7294263,26882612,8097552,8775491,4612630
United Kingdom,1971,7438042,26914950,8092686,8918809,4524525
United Kingdom,1972,7570792,27037817,8010686,9039403,4419065
United Kingdom,1973,7693665,27137844,7946749,9130440,4278521
United Kingdom,1974,7816896,27164192,7959011,9174276,4108507
United Kingdom,1975,7933069,27160553,8032157,9173609,3918971
United Kingdom,1976,8034817,27158581,8154859,9134989,3716019
United Kingdom,1977,8136330,27155729,8307701,9043671,3530422
United Kingdom,1978,8245856,27159164,8471156,8884820,3412445
United Kingdom,1979,8349737,27172625,8653267,8661466,3379439
United Kingdom,1980,8436688,27195968,8841366,8399454,3406276
United Kingdom,1981,8483773,27245308,8994702,8119225,3459068
United Kingdom,1982,8476498,27357127,9102218,7834401,3519851
United Kingdom,1983,8431159,27561893,9172812,7591678,3571716
United Kingdom,1984,8438850,27788301,9206204,7413540,3601447
United Kingdom,1985,8552717,27947180,9201650,7280052,3621618
United Kingdom,1986,8686677,28088016,9155204,7168252,3650318
United Kingdom,1987,8788725,28278674,9055511,7069706,3689722
United Kingdom,1988,8921010,28461732,8840394,7083462,3716069
United Kingdom,1989,9037795,28636944,8605229,7160021,3738124
United Kingdom,1990,9101413,28853082,8425151,7231696,3752312
United Kingdom,1991,9161537,29068097,8223655,7336971,3760479
United Kingdom,1992,9209669,29288189,8003655,7423674,3789369
United Kingdom,1993,9239176,29525755,7791614,7453943,3845630
United Kingdom,1994,9264931,29774601,7617357,7469491,3871688
United Kingdom,1995,9295931,30011376,7506103,7503351,3832482
United Kingdom,1996,9318454,30237304,7418493,7546109,3772583
United Kingdom,1997,9332802,30478382,7323480,7597364,3709188
United Kingdom,1998,9342354,30713704,7269732,7635559,3659348
United Kingdom,1999,9351691,30944395,7268306,7648415,3619467
United Kingdom,2000,9377315,31158481,7332533,7609952,3572302
United Kingdom,2001,9424989,31326578,7453635,7558869,3516787
United Kingdom,2002,9478038,31464977,7579058,7539600,3471415
United Kingdom,2003,9529785,31603867,7659356,7566109,3453261
United Kingdom,2004,9595224,31787082,7742305,7572612,3464390
United Kingdom,2005,9661062,32057424,7853709,7512676,3502469
United Kingdom,2006,9716914,32362167,7961975,7431333,3569453
United Kingdom,2007,9804309,32648929,8061187,7347767,3663888
United Kingdom,2008,9936886,32905392,8119388,7290480,3764907
United Kingdom,2009,10102860,33125966,8148427,7266452,3851749
United Kingdom,2010,10282896,33355516,8167687,7265648,3923392
United Kingdom,2011,10522606,33522197,8183007,7283132,3986367
United Kingdom,2012,10843651,33559882,8181666,7325784,4036923
United Kingdom,2013,11144249,33571570,8197731,7399845,4062908
United Kingdom,2014,11392413,33683626,8207552,7498480,4070181
United Kingdom,2015,11604431,33909463,8163543,7624137,4066577
United Kingdom,2016,11791668,34169505,8090253,7783657,4044355
United Kingdom,2017,11978855,34403406,8001051,7956511,4000989
United Kingdom,2018,12172823,34579600,7936696,8103586,3946427
United Kingdom,2019,12373405,34716770,7912033,8212166,3882679
United Kingdom,2020,12516082,34810059,7909799,8278476,3822178
United Kingdom,2021,12650261,34989352,7944168,8318908,3749681
United Kingdom,2022,12889411,35282400,7970849,8356801,3662706
United Kingdom,2023,13195731,35529043,7983487,8365553,3591562
United States,1950,12293187,77198923,22620000,24902220,17184356
United States,1951,12622019,78041843,22401516,25743732,17668446
United States,1952,12951370,78837389,22247066,26929064,17825549
United States,1953,13282256,79583183,22152147,28110046,18036769
United States,1954,13623733,80281596,22100794,29230022,18396082
United States,1955,13975272,80953943,22091561,30355903,18819107
United States,1956,14316247,81579998,22213970,31446771,19263386
United States,1957,14662460,82123624,22579367,32415502,19713535
United States,1958,15018754,82580053,23154859,33321602,20135713
United States,1959,15436447,83047454,23804320,34392854,20460823
United States,1960,15917025,83561134,24429470,35668386,20694758
United States,1961,16385672,84123463,25351672,36740683,20883933
United States,1962,16820038,84773571,26697790,37479891,20948410
United States,1963,17218908,85464622,28079600,38207030,20849993
United States,1964,17622440,86142895,29402476,38991704,20654375
United States,1965,18107211,86748331,30718375,39760715,20313066
United States,1966,18569367,87456742,31981308,40472007,19779378
United States,1967,18956080,88441526,33108315,41007178,19179606
United States,1968,19341728,89569010,34158016,41313236,18621121
United States,1969,19733123,90645342,35307454,41418495,18186977
United States,1970,20185267,91655744,36617827,41310795,18017188
United States,1971,20634533,93039338,37781258,40990848,17969962
United States,1972,21055363,94879970,38641857,40468093,17785860
United States,1973,21499902,96751200,39472883,39790382,17479802
United States,1974,21971342,98546252,40338909,39089695,17116906
United States,1975,22492755,100315609,41166022,38481513,16658737
United States,1976,23038139,102122762,41919763,37848018,16224146
United States,1977,23607682,104004277,42487658,37033436,16109449
United States,1978,24204915,105963093,42812538,36113299,16284420
United States,1979,24824340,107999315,42923387,35223730,16585384
United States,1980,25439688,110114128,42798183,34500982,16985569
United States,1981,26002067,112263191,42484182,34004750,17425986
United States,1982,26556174,114426170,42021089,33745301,17811109
United States,1983,27132122,116628227,41443586,33654606,18102568
United States,1984,27718494,118823177,40870694,33614923,18299429
United States,1985,28296723,120991310,40388038,33562526,18422558
United States,1986,28884879,123108120,39847766,33556896,18525112
United States,1987,29482652,125133431,39091593,33793053,18628037
United States,1988,30044515,127072862,38210452,34234310,18797516
United States,1989,30592676,128933823,37324267,34709662,19080144
United States,1990,31141869,130803066,36729286,35295501,19367735
United States,1991,31641549,132638330,36477679,36013087,19663148
United States,1992,32117328,134339664,36456324,36705656,19947653
United States,1993,32542673,135998233,36604803,37370470,20076292
United States,1994,32896922,137709793,36778746,38015428,20032217
United States,1995,33229217,139550440,36936606,38634860,19811995
United States,1996,33511759,141432772,37146414,39211005,19515562
United States,1997,33741604,143160672,37592952,39669929,19259539
United States,1998,33923166,144767897,38255798,40043708,19085137
United States,1999,34082084,146347989,38959086,40339459,19013182
United States,2000,34257271,147912417,39698848,40517071,19054650
United States,2001,34470251,149574365,40403230,40591520,19196063
United States,2002,34730887,151384715,40963546,40591591,19369187
United States,2003,35042958,153236991,41495717,40542099,19545383
United States,2004,35413348,155139098,42026120,40443423,19718269
United States,2005,35825077,157128452,42551010,40311651,19852964
United States,2006,36348272,159064072,43049314,40192483,20027055
United States,2007,37106497,160817949,43443341,40121184,20304400
United States,2008,38027881,162416437,43757795,40156250,20559238
United States,2009,38974995,163983581,44002691,40308420,20698818
United States,2010,39897686,165661942,44166681,40573717,20705172
United States,2011,40982723,167234070,44268481,40972576,20587943
United States,2012,42359032,168532328,44306001,41473479,20384260
United States,2013,43798332,169831816,44288957,41971662,20159326
United States,2014,45204378,171244792,44223821,42369217,20012551
United States,2015,46609096,172745624,44122236,42612147,19977052
United States,2016,48048786,174253745,44051595,42770125,19995277
United States,2017,49568924,175614723,44045408,42936673,19979390
United States,2018,51175372,176750745,44125344,43052693,19892592
United States,2019,52880922,177675702,44315459,43127931,19729529
United States,2020,54493366,178031340,44418928,43031815,19400195
United States,2021,55975429,177893253,44504683,42712301,19013790
United States,2022,57721861,177923881,44751377,42287427,18785092
United States,2023,59807714,178169236,45000157,41789913,18643679
United States Virgin Islands,1950,1972,10164,4115,6762,4091
United States Virgin Islands,1951,1954,10141,4427,7095,4150
United States Virgin Islands,1952,1985,10246,4599,7220,4169
United States Virgin Islands,1953,2028,10383,4759,7328,4174
United States Virgin Islands,1954,2076,10562,4916,7446,4183
United States Virgin Islands,1955,2113,10782,5034,7506,4245
United States Virgin Islands,1956,2135,11047,5089,7524,4361
United States Virgin Islands,1957,2146,11319,5112,7562,4496
United States Virgin Islands,1958,2167,11586,5124,7619,4654
United States Virgin Islands,1959,2203,11832,5138,7728,4814
United States Virgin Islands,1960,2067,11591,5872,8387,5124
United States Virgin Islands,1961,1934,11796,7091,9148,5483
United States Virgin Islands,1962,1953,12982,8056,9487,5859
United States Virgin Islands,1963,1974,14277,8961,9863,6390
United States Virgin Islands,1964,1986,15683,9776,10349,7064
United States Virgin Islands,1965,2023,17236,10406,10805,7930
United States Virgin Islands,1966,2081,18951,10817,11252,8681
United States Virgin Islands,1967,2135,20812,11071,11915,8994
United States Virgin Islands,1968,2198,22812,11196,12712,8931
United States Virgin Islands,1969,2277,24923,11244,13491,8620
United States Virgin Islands,1970,2345,26854,11424,14174,9077
United States Virgin Islands,1971,2457,28514,11675,14940,10342
United States Virgin Islands,1972,2620,30114,11892,15815,11490
United States Virgin Islands,1973,2793,31665,12213,16643,12428
United States Virgin Islands,1974,2981,33144,12656,17433,13106
United States Virgin Islands,1975,3173,34515,13115,18815,13004
United States Virgin Islands,1976,3382,35804,13538,20722,12273
United States Virgin Islands,1977,3621,37081,14057,22338,11634
United States Virgin Islands,1978,3884,38351,14827,23424,11143
United States Virgin Islands,1979,4197,39601,15875,23931,10844
United States Virgin Islands,1980,4455,40690,17010,23621,10803
United States Virgin Islands,1981,4601,41573,17893,22772,10933
United States Virgin Islands,1982,4739,42361,18458,22050,11045
United States Virgin Islands,1983,4897,43150,18755,21517,11135
United States Virgin Islands,1984,5052,44026,18778,21165,11156
United States Virgin Islands,1985,5217,44989,18597,20970,11040
United States Virgin Islands,1986,5391,46001,18259,20862,10834
United States Virgin Islands,1987,5569,47048,17792,20768,10565
United States Virgin Islands,1988,5755,48044,17297,20645,10216
United States Virgin Islands,1989,5948,48869,16936,20460,9725
United States Virgin Islands,1990,6179,49606,16910,20099,9525
United States Virgin Islands,1991,6447,50396,17071,19647,9793
United States Virgin Islands,1992,6723,51224,17083,19284,10116
United States Virgin Islands,1993,7004,52083,16882,19044,10383
United States Virgin Islands,1994,7283,52959,16497,18906,10597
United States Virgin Islands,1995,7569,53849,15997,19000,10571
United States Virgin Islands,1996,7871,54693,15470,19291,10283
United States Virgin Islands,1997,8192,55427,15010,19549,9918
United States Virgin Islands,1998,8528,55991,14695,19731,9496
United States Virgin Islands,1999,8873,56326,14575,19826,8987
United States Virgin Islands,2000,9229,56619,14463,19739,8540
United States Virgin Islands,2001,9614,56829,14405,19409,8278
United States Virgin Islands,2002,10034,56857,14488,18936,8115
United States Virgin Islands,2003,10472,56811,14540,18350,8012
United States Virgin Islands,2004,10937,56719,14522,17618,8053
United States Virgin Islands,2005,11424,56695,14504,16928,8069
United States Virgin Islands,2006,11940,56760,14442,16410,7910
United States Virgin Islands,2007,12521,56808,14247,15920,7740
United States Virgin Islands,2008,13165,56775,13983,15424,7622
United States Virgin Islands,2009,13826,56578,13774,14930,7656
United States Virgin Islands,2010,14562,56289,13395,14331,7746
United States Virgin Islands,2011,15261,55607,13016,13805,7707
United States Virgin Islands,2012,15834,54535,12858,13497,7581
United States Virgin Islands,2013,16380,53468,12668,13242,7408
United States Virgin Islands,2014,16887,52442,12418,13129,7133
United States Virgin Islands,2015,17316,51363,11977,12931,6659
United States Virgin Islands,2016,17668,50212,11352,12460,6101
United States Virgin Islands,2017,17959,49043,10678,11853,5586
United States Virgin Islands,2018,18210,47822,10022,11146,5113
United States Virgin Islands,2019,18422,46468,9431,10347,4717
United States Virgin Islands,2020,18588,45444,9243,9856,4587
United States Virgin Islands,2021,18716,44735,9395,9712,4673
United States Virgin Islands,2022,18868,43864,9498,9551,4732
United States Virgin Islands,2023,19058,42914,9569,9394,4767
Upper-middle-income countries,1950,43802218,393770290,184333027,209591702,139958222
Upper-middle-income countries,1951,43804521,400390413,187406542,211095100,147664624
Upper-middle-income countries,1952,43929423,407413868,190452824,213919516,155606524
Upper-middle-income countries,1953,44327284,415065898,192956376,217871116,163525850
Upper-middle-income countries,1954,44807087,423077173,194932944,223542202,170388848
Upper-middle-income countries,1955,45136835,431426252,196637858,231279586,176578892
Upper-middle-income countries,1956,45510031,439784537,198491082,240281442,181351384
Upper-middle-income countries,1957,46042244,448004269,199913256,251615520,185480772
Upper-middle-income countries,1958,46816499,456449356,200153558,264952164,188725112
Upper-middle-income countries,1959,47405380,464507756,200206490,278389262,187466664
Upper-middle-income countries,1960,47544288,471904496,200600256,291460946,181270092
Upper-middle-income countries,1961,47753954,479707096,202039552,302641968,174711076
Upper-middle-income countries,1962,48425832,488835698,204877048,313472576,173862226
Upper-middle-income countries,1963,49463751,498631839,208882396,323288840,182167392
Upper-middle-income countries,1964,50581397,507865414,214302676,328970722,194550974
Upper-middle-income countries,1965,51879688,516532269,221589926,331381776,206744684
Upper-middle-income countries,1966,53445572,525266667,230262280,332208228,219076384
Upper-middle-income countries,1967,55182665,533870869,241341574,335829316,226140764
Upper-middle-income countries,1968,57142656,541607054,254321570,346019256,226916588
Upper-middle-income countries,1969,59203778,548988983,267510740,357317844,227942712
Upper-middle-income countries,1970,61260756,557079588,281030672,366057812,230507448
Upper-middle-income countries,1971,63412620,566577292,292943950,374727796,232984584
Upper-middle-income countries,1972,65644440,577614479,303945710,381983358,235355056
Upper-middle-income countries,1973,67958450,589805564,313656572,390687240,235824884
Upper-middle-income countries,1974,70467131,603138889,319405230,403914996,233387616
Upper-middle-income countries,1975,73044374,618109510,321960804,418937646,228860436
Upper-middle-income countries,1976,75557869,634307757,323082198,434056656,223206952
Upper-middle-income countries,1977,78138866,652068119,326988940,444041284,217538924
Upper-middle-income countries,1978,80903452,670849070,337246132,446086664,211896720
Upper-middle-income countries,1979,83886279,689566755,348568210,445564424,208010216
Upper-middle-income countries,1980,86702238,709419445,357524356,444493552,206936972
Upper-middle-income countries,1981,89010128,729838242,366475368,442144536,208019392
Upper-middle-income countries,1982,91128894,751157934,373922322,439618436,211608600
Upper-middle-income countries,1983,93366143,772430034,382712074,435255520,215719092
Upper-middle-income countries,1984,95778055,790986018,395915982,429837704,218608164
Upper-middle-income countries,1985,98381470,807766252,410889310,425048936,221683984
Upper-middle-income countries,1986,101188894,824022921,426020760,421111884,225512228
Upper-middle-income countries,1987,104173634,844266874,436116776,419511292,229546360
Upper-middle-income countries,1988,107442603,871351431,438292064,418450228,233715960
Upper-middle-income countries,1989,111223304,899288575,437763176,417923116,238011200
Upper-middle-income countries,1990,115301923,925551720,436616140,420161532,241574532
Upper-middle-income countries,1991,119362490,951222216,434158544,425156676,241167844
Upper-middle-income countries,1992,123608381,974944323,431344232,432781556,235448572
Upper-middle-income countries,1993,128181824,999852958,426624880,441140364,228231416
Upper-middle-income countries,1994,132843849,1026229677,421087516,448750240,220681652
Upper-middle-income countries,1995,137607238,1052254239,416391572,455942416,212042712
Upper-middle-income countries,1996,142366943,1078384599,412659572,459845092,205123876
Upper-middle-income countries,1997,147108580,1103709596,411283680,458550572,201004304
Upper-middle-income countries,1998,152025598,1128423467,410444676,455674764,197607712
Upper-middle-income countries,1999,156906514,1151847075,410282388,452424260,194508196
Upper-middle-income countries,2000,161860601,1173184412,413058588,447442852,192069820
Upper-middle-income countries,2001,167012689,1192678500,418585584,440321764,190082172
Upper-middle-income countries,2002,172334155,1210823265,426658592,430952824,188275988
Upper-middle-income countries,2003,177665806,1228210535,435044828,420899160,186956468
Upper-middle-income countries,2004,182701887,1246151393,442105132,410535716,186239372
Upper-middle-income countries,2005,187613666,1265197323,448818868,399659536,185792860
Upper-middle-income countries,2006,192507598,1284718264,452312012,390777140,185739840
Upper-middle-income countries,2007,196946722,1305662240,450661232,384694600,186637396
Upper-middle-income countries,2008,200734016,1327433788,447891392,380057864,188407940
Upper-middle-income countries,2009,204450581,1349041143,445124492,376526548,190638844
Upper-middle-income countries,2010,208700673,1371209195,440783440,373842352,192652364
Upper-middle-income countries,2011,213927368,1393469168,434260256,372050632,194507328
Upper-middle-income countries,2012,220243561,1416406074,425481868,371544892,196978612
Upper-middle-income countries,2013,227456492,1438931658,416164488,372344808,199138316
Upper-middle-income countries,2014,235624179,1460096020,406515936,374076848,200469060
Upper-middle-income countries,2015,245171060,1480414784,396251528,375869572,201148824
Upper-middle-income countries,2016,255588695,1496968084,387913944,377980880,201165160
Upper-middle-income countries,2017,267116169,1508803356,382602792,381649756,200160892
Upper-middle-income countries,2018,279446428,1518825330,378723344,385740352,197040340
Upper-middle-income countries,2019,292030516,1527212818,375494196,389398072,192024188
Upper-middle-income countries,2020,304740702,1533623008,373026520,392236044,185335610
Upper-middle-income countries,2021,316061440,1538924238,371427076,394189844,176855930
Upper-middle-income countries,2022,327901107,1543252716,370795764,395666928,167020792
Upper-middle-income countries,2023,339991479,1547424678,371156720,394686732,157939840
Uruguay,1950,183824,1036087,394514,404591,215382
Uruguay,1951,185397,1051311,396041,406251,217375
Uruguay,1952,187128,1068110,397439,408723,219658
Uruguay,1953,188986,1086090,398637,411533,222750
Uruguay,1954,191013,1104777,399753,414289,226991
Uruguay,1955,193223,1123833,400868,417499,231566
Uruguay,1956,195609,1143115,401949,421444,236211
Uruguay,1957,198179,1162451,403022,426123,240954
Uruguay,1958,200947,1181683,404125,431579,245491
Uruguay,1959,203918,1200517,405282,437732,249663
Uruguay,1960,207076,1218535,406510,444221,253581
Uruguay,1961,210417,1235490,407893,450980,257224
Uruguay,1962,213903,1251278,409596,457951,260522
Uruguay,1963,217583,1265817,411283,465388,263651
Uruguay,1964,221575,1279221,412758,473292,266290
Uruguay,1965,225860,1291641,414570,480934,268119
Uruguay,1966,230432,1302970,416951,488191,269060
Uruguay,1967,235338,1313098,419839,495021,268931
Uruguay,1968,240462,1321941,423146,501196,267802
Uruguay,1969,245583,1329346,426556,506094,266343
Uruguay,1970,250639,1335550,429798,509586,265169
Uruguay,1971,255678,1341262,433181,511861,264406
Uruguay,1972,260637,1346929,436795,512850,264356
Uruguay,1973,265662,1351925,440887,512852,265727
Uruguay,1974,271137,1355534,445709,512330,269140
Uruguay,1975,277120,1358441,450687,511625,274350
Uruguay,1976,283600,1360873,455633,510887,280289
Uruguay,1977,290690,1362743,460501,510280,285133
Uruguay,1978,297980,1364697,465074,510341,287487
Uruguay,1979,304545,1367541,468939,512330,286404
Uruguay,1980,310262,1371456,471967,516646,281467
Uruguay,1981,315488,1376728,474147,522249,274466
Uruguay,1982,320088,1383955,475451,527788,268021
Uruguay,1983,323865,1392822,476288,532663,262946
Uruguay,1984,327316,1402307,477047,536311,259312
Uruguay,1985,331309,1411874,477950,537931,257769
Uruguay,1986,336261,1421532,478711,538205,257915
Uruguay,1987,341869,1431243,479543,537952,259056
Uruguay,1988,347766,1440951,481302,536549,261145
Uruguay,1989,354128,1450052,484913,533030,263874
Uruguay,1990,361055,1458269,490642,527637,266527
Uruguay,1991,368402,1465788,497449,521720,268708
Uruguay,1992,375754,1472471,503928,517076,270166
Uruguay,1993,382886,1478511,509457,514467,270705
Uruguay,1994,389666,1484465,513552,513776,271040
Uruguay,1995,396383,1490654,515430,515018,271594
Uruguay,1996,403320,1497446,515817,517462,271903
Uruguay,1997,409807,1504979,515984,520427,271746
Uruguay,1998,415490,1513635,515375,523559,270795
Uruguay,1999,420865,1524233,512762,526972,268733
Uruguay,2000,426179,1535802,507989,530273,265488
Uruguay,2001,431499,1546337,502006,532437,261466
Uruguay,2002,436399,1554583,496813,533037,257481
Uruguay,2003,440570,1560984,493567,531735,253735
Uruguay,2004,444339,1566496,492544,529162,249977
Uruguay,2005,448442,1570702,493044,526077,246826
Uruguay,2006,452800,1574548,494516,522530,244387
Uruguay,2007,456997,1579685,497041,518833,241829
Uruguay,2008,461188,1585936,500051,514702,239487
Uruguay,2009,465496,1592852,503706,509439,237717
Uruguay,2010,469865,1600420,507651,503693,235995
Uruguay,2011,473908,1608662,510981,498021,234221
Uruguay,2012,477994,1617692,513191,492291,233117
Uruguay,2013,482216,1628065,513787,486970,233082
Uruguay,2014,486372,1639794,513203,482099,233566
Uruguay,2015,490669,1651894,511876,477832,234358
Uruguay,2016,495204,1663857,509760,474183,234810
Uruguay,2017,500264,1675661,507304,470978,232709
Uruguay,2018,506055,1687000,504210,468979,226664
Uruguay,2019,512097,1698129,499810,468024,217361
Uruguay,2020,518926,1709807,494984,467420,205836
Uruguay,2021,523731,1720437,490280,466413,193620
Uruguay,2022,527020,1729589,485350,463483,183057
Uruguay,2023,533083,1738583,480673,457663,175413
Uzbekistan,1950,366015,2597648,1336490,1238869,700864
Uzbekistan,1951,375856,2652887,1353526,1206997,795697
Uzbekistan,1952,386670,2719384,1361461,1178275,890675
Uzbekistan,1953,397757,2792726,1361425,1161329,984824
Uzbekistan,1954,408117,2865886,1354108,1167217,1074430
Uzbekistan,1955,417759,2936169,1339556,1213807,1146703
Uzbekistan,1956,426603,3003483,1320717,1293452,1207752
Uzbekistan,1957,434339,3066298,1300655,1388792,1272943
Uzbekistan,1958,442287,3125749,1278481,1501170,1341438
Uzbekistan,1959,452903,3185130,1251624,1628658,1417126
Uzbekistan,1960,466946,3248780,1224049,1769162,1500155
Uzbekistan,1961,484202,3324176,1202374,1920230,1586696
Uzbekistan,1962,504519,3409891,1187483,2078130,1674290
Uzbekistan,1963,526756,3497416,1184002,2239234,1754768
Uzbekistan,1964,549524,3581200,1202595,2403241,1820974
Uzbekistan,1965,571812,3659064,1260533,2557844,1872343
Uzbekistan,1966,594010,3732983,1350169,2705124,1906922
Uzbekistan,1967,616118,3804548,1454516,2857658,1926245
Uzbekistan,1968,636684,3876362,1574800,3007230,1936977
Uzbekistan,1969,653403,3947775,1706392,3149648,1945832
Uzbekistan,1970,665204,4012750,1843415,3283724,1957440
Uzbekistan,1971,671831,4073653,1984143,3403906,1977879
Uzbekistan,1972,673189,4142551,2130129,3509453,2009694
Uzbekistan,1973,671193,4226492,2281311,3599713,2052252
Uzbekistan,1974,668616,4326528,2437557,3674275,2101955
Uzbekistan,1975,666263,4456093,2586845,3737372,2151868
Uzbekistan,1976,663917,4610730,2731309,3793674,2198913
Uzbekistan,1977,662373,4774619,2882834,3846413,2242511
Uzbekistan,1978,661104,4944790,3029366,3900346,2280688
Uzbekistan,1979,657895,5117359,3163960,3958236,2318083
Uzbekistan,1980,652221,5297984,3289139,4018919,2361623
Uzbekistan,1981,644285,5490956,3402083,4086063,2411595
Uzbekistan,1982,634719,5695284,3501385,4160881,2470431
Uzbekistan,1983,625634,5910487,3585992,4241041,2545208
Uzbekistan,1984,620210,6137126,3655383,4327906,2638188
Uzbekistan,1985,620837,6375874,3714064,4421107,2743414
Uzbekistan,1986,627074,6625305,3766912,4517831,2858453
Uzbekistan,1987,638481,6883040,3816983,4619839,2971680
Uzbekistan,1988,656274,7141892,3869370,4732712,3060338
Uzbekistan,1989,682010,7391629,3924900,4863108,3115498
Uzbekistan,1990,714627,7615369,3972832,5010033,3152063
Uzbekistan,1991,755180,7822129,4026053,5172782,3186736
Uzbekistan,1992,804395,8024711,4094364,5343572,3218030
Uzbekistan,1993,857596,8214364,4167554,5505335,3243088
Uzbekistan,1994,908867,8399797,4247097,5651289,3256221
Uzbekistan,1995,956145,8589953,4332741,5791740,3246983
Uzbekistan,1996,999483,8787396,4421712,5939648,3203715
Uzbekistan,1997,1038110,8995632,4516624,6081388,3127177
Uzbekistan,1998,1073756,9213363,4623258,6193376,3031144
Uzbekistan,1999,1109592,9432072,4746307,6260658,2927348
Uzbekistan,2000,1146279,9648978,4885953,6288537,2817268
Uzbekistan,2001,1184315,9871518,5044808,6281519,2708091
Uzbekistan,2002,1224106,10102127,5214498,6238232,2620985
Uzbekistan,2003,1262601,10338532,5376927,6170538,2562620
Uzbekistan,2004,1294578,10590757,5525760,6084532,2533677
Uzbekistan,2005,1317794,10866444,5671088,5970951,2530654
Uzbekistan,2006,1334375,11162738,5825139,5824514,2552234
Uzbekistan,2007,1345933,11480979,5973415,5666867,2608778
Uzbekistan,2008,1353502,11825844,6092034,5518619,2704743
Uzbekistan,2009,1358391,12202580,6166541,5392114,2819671
Uzbekistan,2010,1362142,12607526,6201583,5285163,2929053
Uzbekistan,2011,1366711,13033203,6200192,5202722,3020320
Uzbekistan,2012,1374614,13467293,6160971,5176010,3082969
Uzbekistan,2013,1388776,13889470,6096275,5216853,3132635
Uzbekistan,2014,1411872,14294644,6012342,5305604,3198472
Uzbekistan,2015,1454011,14689887,5900833,5414487,3290069
Uzbekistan,2016,1511353,15090921,5756951,5529672,3395605
Uzbekistan,2017,1572872,15495269,5601884,5650712,3498372
Uzbekistan,2018,1640365,15882848,5456250,5797744,3596216
Uzbekistan,2019,1713464,16245561,5332453,5979758,3693388
Uzbekistan,2020,1782889,16587751,5228501,6182315,3804818
Uzbekistan,2021,1852466,16908387,5148775,6380797,3953147
Uzbekistan,2022,1937184,17197014,5124362,6546803,4133426
Uzbekistan,2023,2030234,17448133,5167514,6694758,4311489
Vanuatu,1950,2911,17114,9728,13230,8574
Vanuatu,1951,2851,17335,9964,13458,8771
Vanuatu,1952,2796,17583,10205,13700,9002
Vanuatu,1953,2741,17872,10456,13989,9258
Vanuatu,1954,2692,18190,10710,14300,9542
Vanuatu,1955,2645,18545,10966,14611,9882
Vanuatu,1956,2598,18932,11219,14945,10247
Vanuatu,1957,2558,19369,11482,15360,10622
Vanuatu,1958,2519,19870,11758,15850,11001
Vanuatu,1959,2483,20406,12033,16393,11368
Vanuatu,1960,2450,20975,12309,16985,11727
Vanuatu,1961,2416,21569,12593,17620,12080
Vanuatu,1962,2381,22205,12889,18283,12430
Vanuatu,1963,2349,22871,13225,18943,12784
Vanuatu,1964,2319,23563,13584,19625,13142
Vanuatu,1965,2289,24283,13940,20358,13505
Vanuatu,1966,2270,25019,14322,21105,13888
Vanuatu,1967,2266,25765,14754,21853,14297
Vanuatu,1968,2386,26387,15284,22651,14625
Vanuatu,1969,2588,26922,15901,23485,14873
Vanuatu,1970,2742,27532,16550,24302,15157
Vanuatu,1971,2843,28226,17221,25075,15515
Vanuatu,1972,2902,29008,17909,25752,16007
Vanuatu,1973,2925,29895,18591,26387,16581
Vanuatu,1974,2924,30856,19286,27048,17159
Vanuatu,1975,2911,31869,20026,27745,17737
Vanuatu,1976,2898,32938,20788,28483,18294
Vanuatu,1977,2902,34073,21558,29267,18834
Vanuatu,1978,2929,35258,22338,30107,19348
Vanuatu,1979,4374,34818,23611,31641,18617
Vanuatu,1980,5735,34395,24697,33040,17815
Vanuatu,1981,5622,35644,25070,33659,18271
Vanuatu,1982,5535,36955,25362,33878,19320
Vanuatu,1983,5481,38303,25623,33356,21249
Vanuatu,1984,5440,39691,25926,33290,22776
Vanuatu,1985,5421,41111,26286,34040,23515
Vanuatu,1986,5417,42556,26714,34851,24198
Vanuatu,1987,5422,44030,27217,35718,24817
Vanuatu,1988,5436,45545,27775,36634,25378
Vanuatu,1989,5470,47083,28360,37605,25890
Vanuatu,1990,5462,48607,29009,38628,26367
Vanuatu,1991,5409,50113,29712,39746,26826
Vanuatu,1992,5359,51608,29991,41403,27258
Vanuatu,1993,5319,53135,29504,43872,27643
Vanuatu,1994,5278,54763,29431,45904,27952
Vanuatu,1995,5240,56486,30152,47118,28160
Vanuatu,1996,5211,58310,30906,48249,28250
Vanuatu,1997,5181,60228,31710,49298,28222
Vanuatu,1998,5161,62231,32555,50238,28137
Vanuatu,1999,5147,64301,33459,51068,28081
Vanuatu,2000,5208,66578,34501,51862,28141
Vanuatu,2001,5350,69018,35705,52591,28383
Vanuatu,2002,5497,70992,37457,53154,28770
Vanuatu,2003,5669,72229,40033,53590,29239
Vanuatu,2004,5863,73936,42196,53948,29777
Vanuatu,2005,6082,76483,43578,54290,30339
Vanuatu,2006,6324,79150,44892,54659,30912
Vanuatu,2007,6586,81925,46129,55034,31614
Vanuatu,2008,6879,84800,47271,55426,32530
Vanuatu,2009,7226,87753,48269,55884,33604
Vanuatu,2010,7643,90392,49113,56278,34827
Vanuatu,2011,8089,92732,49778,56724,36157
Vanuatu,2012,8534,95173,50224,57520,37437
Vanuatu,2013,8998,97705,50474,58704,38608
Vanuatu,2014,9480,100321,50574,60215,39650
Vanuatu,2015,9947,103041,50601,61941,40580
Vanuatu,2016,10411,105845,50610,63809,41414
Vanuatu,2017,10828,108919,50639,65991,42135
Vanuatu,2018,11236,112155,50773,68400,42703
Vanuatu,2019,11701,115267,51137,70760,43123
Vanuatu,2020,12135,118372,51787,73124,43444
Vanuatu,2021,12531,121418,52756,75480,43692
Vanuatu,2022,12994,124393,54095,77711,43863
Vanuatu,2023,13516,127361,55817,79722,44000
Vatican,1950,31,336,185,226,111
Vatican,1951,35,348,190,231,91
Vatican,1952,39,361,195,238,68
Vatican,1953,43,376,198,247,43
Vatican,1954,47,392,200,244,31
Vatican,1955,50,407,203,228,33
Vatican,1956,51,422,206,212,35
Vatican,1957,50,436,210,196,36
Vatican,1958,49,449,215,179,38
Vatican,1959,47,463,221,161,39
Vatican,1960,45,475,226,143,40
Vatican,1961,42,488,231,125,40
Vatican,1962,43,503,238,104,40
Vatican,1963,44,517,247,81,40
Vatican,1964,48,529,244,69,41
Vatican,1965,54,518,219,69,41
Vatican,1966,59,496,191,68,40
Vatican,1967,63,482,167,64,40
Vatican,1968,63,476,145,61,40
Vatican,1969,63,480,127,62,37
Vatican,1970,62,485,114,63,34
Vatican,1971,60,494,100,64,32
Vatican,1972,59,508,83,65,31
Vatican,1973,60,525,64,66,30
Vatican,1974,60,530,57,66,30
Vatican,1975,62,525,60,65,30
Vatican,1976,66,525,60,65,30
Vatican,1977,72,522,60,65,30
Vatican,1978,78,519,60,65,30
Vatican,1979,83,517,61,64,30
Vatican,1980,85,514,62,63,30
Vatican,1981,86,512,63,62,30
Vatican,1982,85,510,64,61,30
Vatican,1983,86,506,65,60,30
Vatican,1984,88,501,65,60,30
Vatican,1985,92,494,65,60,30
Vatican,1986,97,488,65,60,30
Vatican,1987,101,484,65,60,30
Vatican,1988,104,479,65,60,29
Vatican,1989,111,475,64,60,27
Vatican,1990,118,470,63,60,25
Vatican,1991,126,466,62,60,23
Vatican,1992,133,461,61,60,21
Vatican,1993,137,453,60,59,20
Vatican,1994,140,443,60,57,20
Vatican,1995,144,435,60,55,20
Vatican,1996,149,427,60,53,20
Vatican,1997,155,420,60,51,20
Vatican,1998,164,414,60,49,20
Vatican,1999,175,404,60,47,20
Vatican,2000,184,393,60,45,19
Vatican,2001,188,382,60,43,18
Vatican,2002,193,373,60,41,17
Vatican,2003,198,361,59,40,16
Vatican,2004,206,349,57,40,15
Vatican,2005,218,340,55,39,15
Vatican,2006,227,331,53,38,15
Vatican,2007,234,321,51,37,14
Vatican,2008,239,311,49,36,13
Vatican,2009,244,299,47,35,12
Vatican,2010,252,287,45,34,11
Vatican,2011,265,273,43,33,10
Vatican,2012,276,254,41,31,10
Vatican,2013,284,235,40,29,10
Vatican,2014,285,225,40,27,10
Vatican,2015,278,227,38,26,10
Vatican,2016,272,227,37,25,10
Vatican,2017,266,227,36,24,10
Vatican,2018,257,227,35,23,10
Vatican,2019,251,226,34,22,10
Vatican,2020,248,224,33,21,10
Vatican,2021,243,222,32,20,10
Vatican,2022,233,220,30,20,10
Vatican,2023,225,218,28,20,10
Venezuela,1950,125756,1831123,1036907,1468730,1026319
Venezuela,1951,130660,1917047,1083923,1528021,1072912
Venezuela,1952,135638,2002686,1128931,1590331,1123738
Venezuela,1953,140728,2087967,1172016,1654846,1179151
Venezuela,1954,145986,2172865,1213437,1723962,1236496
Venezuela,1955,151462,2257380,1253810,1798347,1294756
Venezuela,1956,157210,2341692,1294042,1877427,1353890
Venezuela,1957,163284,2426120,1335082,1962841,1412059
Venezuela,1958,169769,2510972,1377930,2053791,1469467
Venezuela,1959,176733,2596399,1423519,2149465,1523066
Venezuela,1960,184211,2682424,1472559,2249216,1571634
Venezuela,1961,192223,2769495,1525416,2352487,1616264
Venezuela,1962,200781,2858035,1582148,2459260,1656624
Venezuela,1963,209931,2948574,1642041,2570262,1693185
Venezuela,1964,219730,3041516,1707467,2680048,1728930
Venezuela,1965,230204,3137169,1778919,2786348,1765135
Venezuela,1966,241486,3236412,1855865,2890246,1800833
Venezuela,1967,253725,3339922,1939785,2989288,1835780
Venezuela,1968,266698,3447732,2029626,3084000,1869467
Venezuela,1969,279955,3559959,2124175,3174265,1901914
Venezuela,1970,293668,3677885,2222878,3260314,1933036
Venezuela,1971,307965,3802107,2325444,3342576,1962909
Venezuela,1972,322809,3932291,2431583,3420141,1992348
Venezuela,1973,338211,4067387,2541885,3492757,2023286
Venezuela,1974,354130,4209759,2650975,3563409,2057071
Venezuela,1975,370847,4360513,2756686,3633307,2094523
Venezuela,1976,388613,4519679,2859760,3701625,2136594
Venezuela,1977,407609,4689130,2957916,3769043,2183106
Venezuela,1978,428016,4867982,3051797,3836695,2232175
Venezuela,1979,449474,5055645,3141359,3905750,2282307
Venezuela,1980,471306,5251512,3226685,3977000,2331705
Venezuela,1981,494147,5455689,3308031,4051334,2378084
Venezuela,1982,518444,5668676,3384980,4129386,2420368
Venezuela,1983,544007,5890446,3457394,4211347,2458986
Venezuela,1984,570301,6117797,3528296,4297087,2495333
Venezuela,1985,597125,6348946,3598894,4385542,2530899
Venezuela,1986,625644,6585014,3668006,4475313,2569536
Venezuela,1987,656073,6825446,3735973,4565220,2612227
Venezuela,1988,687714,7069829,3803986,4653923,2655535
Venezuela,1989,720177,7318041,3873030,4741316,2696325
Venezuela,1990,753388,7570234,3943769,4827054,2732523
Venezuela,1991,787652,7826264,4017415,4912817,2760709
Venezuela,1992,823005,8085391,4094380,4998546,2779579
Venezuela,1993,859717,8347156,4174581,5081210,2791813
Venezuela,1994,897386,8610941,4258016,5159085,2799708
Venezuela,1995,935784,8877029,4344301,5231548,2805104
Venezuela,1996,975244,9145794,4432515,5298910,2809593
Venezuela,1997,1016128,9417913,4521577,5360967,2815042
Venezuela,1998,1058076,9694057,4609858,5417093,2822187
Venezuela,1999,1099901,9973379,4696353,5466301,2830587
Venezuela,2000,1142764,10256875,4780281,5508368,2838340
Venezuela,2001,1184548,10542371,4863016,5541398,2848513
Venezuela,2002,1227895,10833783,4945344,5566069,2862487
Venezuela,2003,1274056,11131898,5024220,5585840,2876597
Venezuela,2004,1320655,11431921,5097756,5602448,2887956
Venezuela,2005,1369975,11732693,5165556,5615688,2901771
Venezuela,2006,1421748,12029181,5226356,5629861,2917427
Venezuela,2007,1476365,12320097,5279649,5648342,2924793
Venezuela,2008,1532952,12603700,5324648,5668148,2924123
Venezuela,2009,1591651,12880165,5361300,5686076,2918980
Venezuela,2010,1653263,13154118,5391924,5705692,2907978
Venezuela,2011,1717619,13429221,5414777,5729490,2893981
Venezuela,2012,1784616,13705023,5430358,5748967,2884727
Venezuela,2013,1852867,13978630,5442512,5760618,2877423
Venezuela,2014,1923760,14244485,5452027,5764970,2868680
Venezuela,2015,1998129,14497617,5456679,5765513,2855860
Venezuela,2016,2072098,14677197,5430019,5759239,2826992
Venezuela,2017,2140514,14628457,5301472,5730212,2764533
Venezuela,2018,2202999,14249746,5031951,5667042,2655752
Venezuela,2019,2270718,13781423,4772940,5592209,2520727
Venezuela,2020,2350872,13497652,4679163,5523829,2392510
Venezuela,2021,2437334,13359317,4710571,5450233,2280343
Venezuela,2022,2534076,13314457,4806005,5370240,2188211
Venezuela,2023,2641444,13331194,4926444,5278097,2123644
Vietnam,1950,1033883,11128583,4702240,4828360,3407495
Vietnam,1951,1076668,11275259,4733298,4853324,3661573
Vietnam,1952,1121658,11413052,4757354,4913146,3938571
Vietnam,1953,1168615,11547753,4771242,5022079,4248156
Vietnam,1954,1217136,11701165,4772576,5253821,4483114
Vietnam,1955,1269436,11884843,4764082,5585071,4662941
Vietnam,1956,1326054,12089617,4741987,5891568,4873021
Vietnam,1957,1384929,12309080,4704268,6239461,5116624
Vietnam,1958,1445336,12535600,4662887,6649731,5364835
Vietnam,1959,1506415,12753699,4637924,7098286,5589165
Vietnam,1960,1568734,12955280,4640774,7576055,5791030
Vietnam,1961,1631526,13142355,4672871,8040513,5921739
Vietnam,1962,1692504,13312675,4737028,8557610,5988689
Vietnam,1963,1751614,13460032,4846018,9106534,6084854
Vietnam,1964,1814007,13587987,5071982,9563706,6163839
Vietnam,1965,1880826,13703631,5393440,9944151,6207573
Vietnam,1966,1951416,13807473,5690901,10283682,6291330
Vietnam,1967,2027348,13901432,6028198,10587013,6351065
Vietnam,1968,2096518,13976142,6419981,10914334,6327612
Vietnam,1969,2156151,14052795,6845856,11201029,6326247
Vietnam,1970,2211972,14155303,7302053,11431790,6374086
Vietnam,1971,2261536,14302003,7757010,11636662,6492043
Vietnam,1972,2296105,14457366,8254316,11747883,6673473
Vietnam,1973,2325632,14621342,8766998,11807622,6888241
Vietnam,1974,2362349,14889281,9193937,11880465,7087474
Vietnam,1975,2413848,15267311,9562042,11969152,7270515
Vietnam,1976,2485298,15659599,9909126,12171668,7459187
Vietnam,1977,2565107,16106908,10230841,12427375,7624582
Vietnam,1978,2647578,16615373,10578323,12654290,7753908
Vietnam,1979,2727194,17062402,10827833,12887019,7873670
Vietnam,1980,2802473,17527276,11015351,13141190,8003694
Vietnam,1981,2873393,18057619,11216305,13454681,8136010
Vietnam,1982,2939886,18647755,11328563,13812922,8282011
Vietnam,1983,3004833,19305631,11399984,14176978,8450315
Vietnam,1984,3073110,19984134,11488325,14531240,8629057
Vietnam,1985,3146768,20663762,11584880,14875213,8789768
Vietnam,1986,3226328,21252843,11775512,15199868,8892234
Vietnam,1987,3313380,21837052,12017979,15510502,8905437
Vietnam,1988,3405749,22529838,12247734,15808637,8850943
Vietnam,1989,3497352,23239982,12497550,16118485,8793612
Vietnam,1990,3585834,23943130,12772286,16423834,8779052
Vietnam,1991,3670780,24631984,13100446,16669073,8819034
Vietnam,1992,3750190,25306255,13469724,16839882,8893775
Vietnam,1993,3828171,26002603,13843048,16963981,8948029
Vietnam,1994,3913550,26730602,14206580,17095268,8907780
Vietnam,1995,4009807,27485118,14562398,17252760,8739193
Vietnam,1996,4118203,28273715,14899638,17409342,8454825
Vietnam,1997,4240511,29138336,15237199,17515614,8094434
Vietnam,1998,4372027,30108865,15581221,17536628,7700045
Vietnam,1999,4500089,31095094,15919909,17458350,7313024
Vietnam,2000,4615945,32026505,16209880,17288018,7012542
Vietnam,2001,4720055,32944121,16414538,17052812,6836536
Vietnam,2002,4812375,33877895,16541286,16773952,6765213
Vietnam,2003,4893381,34825187,16620330,16435973,6787163
Vietnam,2004,4963143,35782712,16707644,16009882,6873633
Vietnam,2005,5024608,36751738,16828059,15545084,6936661
Vietnam,2006,5084695,38002484,16942388,15158759,6977233
Vietnam,2007,5144890,39549021,17005917,14837683,7093364
Vietnam,2008,5192471,41140963,17027534,14541746,7270411
Vietnam,2009,5231910,42569245,16988078,14283332,7384599
Vietnam,2010,5285222,43769182,16898094,14062702,7436854
Vietnam,2011,5353239,44876740,16803948,13925657,7505362
Vietnam,2012,5448763,45910013,16659499,13909395,7579016
Vietnam,2013,5580820,46904957,16403930,14040983,7638441
Vietnam,2014,5755406,47866758,16077827,14213843,7761512
Vietnam,2015,5983363,48846918,15717636,14315855,7955012
Vietnam,2016,6207564,49980674,15123018,14463764,8220417
Vietnam,2017,6436466,51154371,14339401,14879267,8362609
Vietnam,2018,6713861,52154187,13706138,15460389,8197680
Vietnam,2019,7039998,52922054,13360469,15905925,7940008
Vietnam,2020,7416035,53526988,13209836,16230598,7689882
Vietnam,2021,7795580,54025491,13167913,16460202,7479763
Vietnam,2022,8197485,54350033,13268413,16546916,7311527
Vietnam,2023,8644827,54516253,13495423,16510630,7178354
Wallis and Futuna,1950,152,2525,1691,2510,1679
Wallis and Futuna,1951,156,2614,1771,2601,1693
Wallis and Futuna,1952,161,2719,1897,2700,1723
Wallis and Futuna,1953,162,2828,2018,2805,1759
Wallis and Futuna,1954,171,2912,1996,2876,1784
Wallis and Futuna,1955,202,2939,1830,2919,1774
Wallis and Futuna,1956,234,2946,1658,2973,1727
Wallis and Futuna,1957,264,2920,1499,3025,1651
Wallis and Futuna,1958,294,2873,1369,3059,1560
Wallis and Futuna,1959,322,2809,1261,3084,1444
Wallis and Futuna,1960,352,2711,1182,3098,1303
Wallis and Futuna,1961,385,2575,1130,3088,1148
Wallis and Futuna,1962,406,2460,1234,3054,1019
Wallis and Futuna,1963,411,2380,1502,2982,942
Wallis and Futuna,1964,414,2310,1773,2880,900
Wallis and Futuna,1965,402,2303,1941,2706,948
Wallis and Futuna,1966,363,2397,1972,2510,1081
Wallis and Futuna,1967,314,2539,1913,2410,1231
Wallis and Futuna,1968,249,2717,1782,2409,1363
Wallis and Futuna,1969,217,2842,1690,2457,1469
Wallis and Futuna,1970,220,2908,1678,2491,1560
Wallis and Futuna,1971,232,2957,1676,2520,1628
Wallis and Futuna,1972,252,2998,1672,2566,1672
Wallis and Futuna,1973,268,3033,1677,2626,1681
Wallis and Futuna,1974,289,3058,1699,2706,1631
Wallis and Futuna,1975,309,3059,1738,2793,1458
Wallis and Futuna,1976,322,3106,1799,2868,1330
Wallis and Futuna,1977,342,3212,1880,2960,1376
Wallis and Futuna,1978,365,3335,1957,3063,1480
Wallis and Futuna,1979,398,3459,2023,3173,1607
Wallis and Futuna,1980,430,3582,2091,3268,1768
Wallis and Futuna,1981,469,3710,2163,3396,1903
Wallis and Futuna,1982,502,3847,2252,3567,1994
Wallis and Futuna,1983,529,3973,2350,3643,2030
Wallis and Futuna,1984,551,4071,2449,3606,2011
Wallis and Futuna,1985,573,4171,2538,3564,1976
Wallis and Futuna,1986,592,4284,2606,3540,1934
Wallis and Futuna,1987,606,4398,2654,3535,1891
Wallis and Futuna,1988,624,4519,2675,3550,1856
Wallis and Futuna,1989,640,4639,2675,3577,1833
Wallis and Futuna,1990,657,4745,2667,3618,1816
Wallis and Futuna,1991,679,4851,2648,3673,1803
Wallis and Futuna,1992,698,4957,2627,3726,1791
Wallis and Futuna,1993,717,5064,2625,3752,1790
Wallis and Futuna,1994,729,5169,2650,3752,1784
Wallis and Futuna,1995,745,5269,2707,3742,1759
Wallis and Futuna,1996,766,5356,2776,3731,1711
Wallis and Futuna,1997,775,5482,2834,3696,1651
Wallis and Futuna,1998,796,5639,2867,3651,1600
Wallis and Futuna,1999,822,5793,2870,3626,1564
Wallis and Futuna,2000,837,5970,2844,3606,1546
Wallis and Futuna,2001,856,6148,2818,3566,1543
Wallis and Futuna,2002,883,6307,2800,3522,1535
Wallis and Futuna,2003,911,6414,2778,3455,1513
Wallis and Futuna,2004,951,6453,2694,3359,1459
Wallis and Futuna,2005,982,6444,2554,3275,1380
Wallis and Futuna,2006,1002,6420,2412,3188,1310
Wallis and Futuna,2007,1009,6383,2293,3081,1254
Wallis and Futuna,2008,1015,6328,2208,2965,1190
Wallis and Futuna,2009,1035,6280,2150,2851,1120
Wallis and Futuna,2010,1071,6225,2077,2761,1054
Wallis and Futuna,2011,1121,6149,1971,2683,1017
Wallis and Futuna,2012,1158,6078,1866,2599,1008
Wallis and Futuna,2013,1197,6005,1795,2505,997
Wallis and Futuna,2014,1236,5956,1771,2407,957
Wallis and Futuna,2015,1271,5931,1747,2328,908
Wallis and Futuna,2016,1309,5902,1700,2271,875
Wallis and Futuna,2017,1347,5879,1641,2222,856
Wallis and Futuna,2018,1386,5845,1613,2158,825
Wallis and Futuna,2019,1424,5810,1603,2082,792
Wallis and Futuna,2020,1471,5786,1618,2014,751
Wallis and Futuna,2021,1512,5767,1660,1961,690
Wallis and Futuna,2022,1548,5711,1704,1918,620
Wallis and Futuna,2023,1603,5598,1768,1861,564
Western Sahara,1950,367,4791,2429,3242,2152
Western Sahara,1951,392,5450,2756,3371,2257
Western Sahara,1952,414,6148,3067,3505,2424
Western Sahara,1953,431,6901,3357,3653,2647
Western Sahara,1954,458,7718,3637,3803,2937
Western Sahara,1955,488,8586,3910,3936,3310
Western Sahara,1956,518,9514,4164,4089,3739
Western Sahara,1957,547,10488,4399,4306,4179
Western Sahara,1958,579,11500,4625,4589,4642
Western Sahara,1959,616,12565,4838,4941,5124
Western Sahara,1960,652,13665,5034,5373,5619
Western Sahara,1961,697,14799,5231,5882,6134
Western Sahara,1962,741,15975,5436,6458,6660
Western Sahara,1963,790,17179,5649,7096,7200
Western Sahara,1964,842,18420,5865,7811,7738
Western Sahara,1965,893,19699,6068,8624,8266
Western Sahara,1966,949,21009,6293,9500,8791
Western Sahara,1967,1043,22899,6874,10461,9368
Western Sahara,1968,1165,25452,7808,11503,10071
Western Sahara,1969,1281,28136,8757,12574,10912
Western Sahara,1970,1878,29335,12051,16493,11986
Western Sahara,1971,2433,28494,14952,20019,12837
Western Sahara,1972,2466,27057,15209,20309,13227
Western Sahara,1973,2510,25465,15630,20679,13381
Western Sahara,1974,2486,24491,15655,20835,13029
Western Sahara,1975,2129,21547,13572,18535,11129
Western Sahara,1976,1996,20817,12931,18194,10572
Western Sahara,1977,2302,26453,16005,20637,12009
Western Sahara,1978,2549,33797,19529,21637,13388
Western Sahara,1979,2771,41373,22665,22556,15625
Western Sahara,1980,2926,47887,24755,23389,18422
Western Sahara,1981,3025,52727,25587,24121,21436
Western Sahara,1982,3085,56433,25679,24818,24471
Western Sahara,1983,3128,59179,25317,25858,27110
Western Sahara,1984,3180,61470,24863,27636,29010
Western Sahara,1985,3252,63651,24498,30167,30201
Western Sahara,1986,3344,65729,24263,33218,30821
Western Sahara,1987,3455,67665,24178,36540,31052
Western Sahara,1988,3585,69554,24195,40084,31002
Western Sahara,1989,3738,71392,24338,43696,30773
Western Sahara,1990,3912,73315,24684,47219,30422
Western Sahara,1991,4119,75396,25237,50576,29983
Western Sahara,1992,4339,77488,25902,53718,29502
Western Sahara,1993,4572,79599,26983,56306,29022
Western Sahara,1994,4817,81726,28802,58039,28543
Western Sahara,1995,5160,85375,32153,59062,28190
Western Sahara,1996,5605,91150,36947,59565,28129
Western Sahara,1997,6079,97623,42041,59671,28365
Western Sahara,1998,6566,104274,47097,59516,28853
Western Sahara,1999,7070,111144,51969,59214,29571
Western Sahara,2000,7602,118418,56572,58868,30474
Western Sahara,2001,8166,126122,60844,58621,31430
Western Sahara,2002,8763,134094,64700,58607,32289
Western Sahara,2003,9397,142610,67852,58873,33043
Western Sahara,2004,10074,151923,70038,59406,33739
Western Sahara,2005,10800,161937,71335,60175,34440
Western Sahara,2006,11583,172614,72032,61175,35237
Western Sahara,2007,12427,183599,72309,62343,36179
Western Sahara,2008,13325,194443,72177,63640,37232
Western Sahara,2009,14297,205276,71905,65108,38359
Western Sahara,2010,15353,216320,71720,66782,39531
Western Sahara,2011,16497,227523,71760,68601,40695
Western Sahara,2012,17754,238817,72139,70486,41821
Western Sahara,2013,19119,250147,72853,72410,42892
Western Sahara,2014,20561,260518,73376,74299,43820
Western Sahara,2015,22075,269753,73658,76168,44560
Western Sahara,2016,23677,278591,74140,78093,45141
Western Sahara,2017,25382,286991,74789,80092,45582
Western Sahara,2018,27173,294982,75603,82130,45885
Western Sahara,2019,29039,302604,76611,84136,46047
Western Sahara,2020,30917,309040,77400,85958,46043
Western Sahara,2021,32807,314396,77993,87541,45876
Western Sahara,2022,34757,320245,79136,88967,45631
Western Sahara,2023,36732,326678,80761,90204,45350
World,1950,126304100,1042159246,456882508,524379304,343353092
World,1951,127874077,1059306957,462703612,530023308,357004128
World,1952,129789937,1077187100,468688056,538597044,369808784
World,1953,132153416,1096035634,474148388,548816176,382937200
World,1954,134605062,1115476219,479069044,561813984,394915600
World,1955,136880366,1135578064,483768024,578071504,405901520
World,1956,139125007,1155761749,488620256,596112772,415775920
World,1957,141568323,1175591988,493005004,617185256,425253344
World,1958,144363555,1195306118,496629616,641087860,433848472
World,1959,147197383,1214751313,500384040,665819824,437784216
World,1960,149860352,1233928643,504123860,690948068,436596448
World,1961,152850029,1253708611,509910324,713422100,434964720
World,1962,156395576,1274900546,518768112,734323048,438972640
World,1963,160302497,1296562666,529424560,754441052,452062216
World,1964,164451917,1317979479,542447512,770420704,469172200
World,1965,169108161,1338894058,558130240,782801744,485583192
World,1966,174013799,1359285314,575594840,793809048,501321120
World,1967,179017542,1379099986,596022812,807576288,511678312
World,1968,184229600,1398152460,619017156,827806096,515962920
World,1969,189539722,1417310770,643142824,848970536,520507776
World,1970,195016711,1437190872,668683952,866814616,526956400
World,1971,200588292,1459336606,692046624,883820888,534032664
World,1972,206390747,1484884110,713196024,899208440,541213960
World,1973,212422892,1512563538,733294616,916132784,546365040
World,1974,218717961,1542270558,749380000,937435992,548583600
World,1975,225166613,1574702706,761919168,960458448,548458064
World,1976,231559948,1608826064,773026752,983711840,547089112
World,1977,238154900,1645110360,786917792,1001778800,545866904
World,1978,245024620,1683215588,807099280,1011691584,545028776
World,1979,252002993,1722489600,828185760,1019174352,546646552
World,1980,258253409,1764580050,846463872,1026419968,551846088
World,1981,263195672,1808778556,864074496,1033011344,559671496
World,1982,267593878,1854986672,879812440,1039831120,570399848
World,1983,272017870,1901816808,896705936,1044922552,581810632
World,1984,277170763,1945941806,917750128,1049587688,591666648
World,1985,283540500,1988008110,940596296,1055640136,601095160
World,1986,290665853,2029712638,963848120,1062925992,610851352
World,1987,298201619,2075990698,982047304,1072937776,620493512
World,1988,306184817,2129663112,992133768,1084121168,629807696
World,1989,314703670,2184634986,999658000,1096300696,639046304
World,1990,323619711,2238415822,1007111400,1111417584,647145312
World,1991,332665856,2291717918,1013972744,1129549920,650732200
World,1992,341998187,2343506204,1020722808,1150736256,648925872
World,1993,351680100,2396466244,1025431904,1172527424,645336136
World,1994,361762416,2450773196,1029815464,1192547664,640546200
World,1995,371721306,2505532870,1036008112,1211351224,634154088
World,1996,381398079,2560800906,1043856816,1226517304,629364568
World,1997,391326985,2615527344,1054840656,1235658224,627307696
World,1998,401296934,2670641308,1067050336,1241830288,626110096
World,1999,411254796,2725406328,1080166664,1246399200,625629808
World,2000,421660833,2778339060,1096535192,1248470520,626535704
World,2001,432645199,2829812884,1115727320,1247908552,628668808
World,2002,444024330,2880295052,1136828936,1244984880,631412760
World,2003,455436352,2930943312,1157793416,1241269632,634725280
World,2004,466713013,2983841408,1177121992,1237029472,638468416
World,2005,478036109,3038958536,1195283112,1232657080,641820944
World,2006,489424846,3096159140,1209459520,1231014000,645167776
World,2007,500428766,3156555272,1217903168,1232309432,649871160
World,2008,510794361,3218017656,1224180304,1235087480,656122824
World,2009,521178808,3279351504,1229485112,1239179064,663301136
World,2010,532057050,3342060220,1232754488,1244181560,670391464
World,2011,544982124,3404883628,1233289280,1250502104,676963504
World,2012,560697398,3467181704,1230759792,1258703808,683539920
World,2013,577848182,3528461544,1227059864,1268964368,689121936
World,2014,596508339,3588072904,1222954848,1280779584,692944144
World,2015,617227976,3646515492,1218687712,1292102992,695586976
World,2016,639011154,3701427400,1217130848,1302987752,697616160
World,2017,662249068,3750580264,1218816208,1315649776,697928096
World,2018,686727264,3796508740,1222142512,1328829408,695282048
World,2019,711960159,3840671552,1226698224,1340902848,690617536
World,2020,736844945,3882253576,1232362640,1351629480,683431016
World,2021,758737437,3921248932,1239472504,1360792600,673691560
World,2022,782133168,3959728840,1248200544,1367721928,663098224
World,2023,808366320,3999849852,1258386224,1370554448,654028320
Yemen,1950,183700,1653002,870600,1141394,768076
Yemen,1951,186494,1682400,890357,1165391,759499
Yemen,1952,189191,1713127,911128,1189718,754995
Yemen,1953,191726,1745320,932616,1210525,757101
Yemen,1954,193940,1779170,954060,1226266,767690
Yemen,1955,195809,1814665,975381,1236313,787496
Yemen,1956,197412,1851919,996643,1243939,813183
Yemen,1957,198806,1891015,1017506,1254207,840075
Yemen,1958,200170,1931799,1038215,1267027,868521
Yemen,1959,201757,1973905,1059384,1282178,898690
Yemen,1960,203669,2017133,1081440,1299751,930302
Yemen,1961,205936,2061964,1104792,1319238,963300
Yemen,1962,208298,2107521,1128092,1341080,997230
Yemen,1963,210412,2152561,1147329,1369304,1031531
Yemen,1964,212704,2198730,1161894,1406817,1067867
Yemen,1965,215396,2246999,1171542,1454608,1107050
Yemen,1966,218252,2296398,1178966,1509263,1148611
Yemen,1967,221322,2346785,1189014,1566502,1192824
Yemen,1968,224658,2398617,1201709,1626823,1238714
Yemen,1969,228547,2453138,1217108,1691215,1285847
Yemen,1970,232834,2505848,1232700,1759402,1334493
Yemen,1971,237332,2556732,1248036,1831215,1384151
Yemen,1972,242234,2609651,1266408,1907437,1434336
Yemen,1973,247469,2660451,1291715,1987527,1485634
Yemen,1974,252994,2707093,1326400,2071040,1539261
Yemen,1975,258823,2748940,1371192,2158630,1596016
Yemen,1976,264958,2789127,1423048,2250485,1656501
Yemen,1977,271405,2831776,1477680,2346125,1721235
Yemen,1978,278205,2876882,1535424,2445363,1790717
Yemen,1979,285388,2925052,1597188,2548266,1868300
Yemen,1980,292984,2977183,1663291,2655928,1953970
Yemen,1981,301005,3034168,1733941,2769174,2044078
Yemen,1982,309392,3096334,1809473,2887780,2138026
Yemen,1983,318202,3164389,1889510,3012915,2236484
Yemen,1984,327592,3239471,1973891,3148739,2335902
Yemen,1985,337567,3322355,2063458,3295831,2434613
Yemen,1986,347835,3410013,2156698,3451593,2534903
Yemen,1987,358598,3505230,2254416,3616262,2635405
Yemen,1988,369994,3608351,2356071,3790041,2735262
Yemen,1989,381812,3716831,2459870,3971642,2834020
Yemen,1990,394169,3833748,2568456,4160106,2931383
Yemen,1991,406885,3958980,2682477,4354403,3027459
Yemen,1992,419963,4092931,2801851,4552770,3121981
Yemen,1993,433502,4235412,2927507,4754800,3212697
Yemen,1994,447498,4386099,3063182,4956133,3296234
Yemen,1995,461995,4545551,3209561,5154873,3368075
Yemen,1996,476789,4708446,3361286,5352895,3413762
Yemen,1997,491915,4873915,3518808,5548797,3440505
Yemen,1998,507555,5046910,3685627,5740355,3465566
Yemen,1999,523581,5227932,3860356,5923872,3493677
Yemen,2000,539874,5417719,4041496,6094277,3530771
Yemen,2001,556656,5616264,4227899,6238524,3586800
Yemen,2002,574156,5823454,4417851,6363011,3656618
Yemen,2003,592280,6040537,4611199,6481552,3730811
Yemen,2004,610634,6273898,4804899,6596185,3809545
Yemen,2005,630081,6548627,5009468,6710464,3891438
Yemen,2006,650658,6863114,5225311,6821286,3982711
Yemen,2007,671349,7199144,5438816,6928391,4080372
Yemen,2008,692347,7558454,5647308,7038366,4175438
Yemen,2009,713939,7940830,5846923,7156418,4269578
Yemen,2010,736168,8342850,6030695,7284817,4359809
Yemen,2011,759521,8763288,6185647,7439701,4434694
Yemen,2012,783762,9202277,6319185,7615018,4513356
Yemen,2013,806074,9656081,6442038,7791887,4616819
Yemen,2014,825231,10128848,6559005,7971936,4741237
Yemen,2015,840194,10612566,6668642,8148248,4889682
Yemen,2016,853255,11103001,6768402,8315518,5068808
Yemen,2017,868261,11604149,6865467,8492145,5260870
Yemen,2018,884605,12103101,6961383,8689334,5446731
Yemen,2019,903086,12607412,7068272,8905290,5627333
Yemen,2020,920200,13093465,7178657,9140206,5802324
Yemen,2021,935514,13538933,7306669,9389347,5969762
Yemen,2022,957128,14003056,7473564,9656617,6132509
Yemen,2023,987729,14506065,7657702,9945018,6294279
Zambia,1950,64241,774782,442956,612174,427153
Zambia,1951,67067,797694,454635,630344,443565
Zambia,1952,69880,821087,466922,648976,460395
Zambia,1953,72635,845046,479712,666808,479343
Zambia,1954,75240,869698,492738,685271,499323
Zambia,1955,77741,895054,505961,708109,516681
Zambia,1956,80128,921155,519558,734209,532363
Zambia,1957,82384,948044,533676,761259,548707
Zambia,1958,84638,975622,548472,789304,565832
Zambia,1959,87125,1003606,564111,818267,583942
Zambia,1960,89937,1031833,580704,848057,603195
Zambia,1961,93060,1060540,598158,878723,623599
Zambia,1962,96524,1089875,616075,910727,644890
Zambia,1963,100256,1119776,633236,945611,667024
Zambia,1964,104068,1149946,650932,982389,689672
Zambia,1965,107976,1180722,672842,1017758,712783
Zambia,1966,112071,1212583,698027,1052628,736685
Zambia,1967,116285,1245466,724186,1088929,761475
Zambia,1968,120613,1279483,751347,1126711,787438
Zambia,1969,125078,1313038,778501,1165869,814619
Zambia,1970,129681,1340252,802593,1206059,843129
Zambia,1971,134412,1362423,825016,1247669,872992
Zambia,1972,139300,1385000,849716,1291139,904139
Zambia,1973,144341,1406975,878298,1336663,936400
Zambia,1974,149537,1429611,909897,1384220,969463
Zambia,1975,154874,1456415,941208,1434094,1003472
Zambia,1976,160344,1486750,972939,1486371,1037417
Zambia,1977,165948,1518759,1006843,1540779,1070121
Zambia,1978,171647,1552675,1042758,1597226,1101044
Zambia,1979,177318,1588668,1080557,1655420,1129743
Zambia,1980,182804,1628010,1120769,1715909,1155320
Zambia,1981,188047,1673171,1164593,1777831,1179628
Zambia,1982,193051,1726900,1212898,1839809,1205949
Zambia,1983,197777,1784683,1262806,1900687,1235061
Zambia,1984,202206,1840794,1311163,1959283,1267020
Zambia,1985,206407,1897397,1359783,2014871,1302464
Zambia,1986,210459,1956755,1410277,2068285,1340667
Zambia,1987,214319,2015848,1460943,2121223,1378921
Zambia,1988,217955,2072643,1510879,2174086,1415855
Zambia,1989,221275,2127891,1560829,2227138,1452061
Zambia,1990,224233,2182168,1612023,2280127,1487582
Zambia,1991,226816,2235323,1663664,2333774,1522045
Zambia,1992,229009,2288048,1714910,2388789,1555889
Zambia,1993,230873,2341402,1765458,2445342,1590816
Zambia,1994,232430,2396001,1814832,2504629,1628345
Zambia,1995,233678,2453427,1862753,2567443,1668434
Zambia,1996,234616,2515238,1910500,2633021,1710649
Zambia,1997,235327,2585342,1961596,2699772,1754992
Zambia,1998,235872,2662276,2014958,2767867,1801406
Zambia,1999,236255,2745728,2070165,2839124,1848705
Zambia,2000,236610,2841339,2129019,2914138,1896492
Zambia,2001,237141,2954997,2194816,2993040,1945154
Zambia,2002,237969,3076975,2262192,3075319,1995463
Zambia,2003,239081,3204548,2329437,3162194,2048303
Zambia,2004,240359,3338889,2398975,3254237,2105699
Zambia,2005,241812,3482446,2473100,3351002,2170419
Zambia,2006,243562,3638944,2551943,3451797,2243271
Zambia,2007,245745,3808045,2632493,3557195,2321573
Zambia,2008,248494,3989058,2714384,3667847,2401501
Zambia,2009,251910,4177803,2797087,3784218,2479332
Zambia,2010,255995,4370758,2879305,3907892,2551598
Zambia,2011,260736,4563121,2958768,4038673,2616453
Zambia,2012,266010,4758934,3039123,4175249,2674272
Zambia,2013,271198,4962449,3124607,4314921,2725781
Zambia,2014,276918,5174746,3216485,4456265,2770861
Zambia,2015,284940,5392243,3312987,4598341,2810537
Zambia,2016,294853,5617217,3414765,4740481,2847070
Zambia,2017,305684,5850206,3522417,4880435,2882545
Zambia,2018,317600,6087714,3633781,5014638,2919797
Zambia,2019,330802,6332170,3749772,5139596,2961459
Zambia,2020,344608,6583638,3871836,5253363,3005909
Zambia,2021,358118,6836665,4000177,5356711,3051903
Zambia,2022,374025,7093796,4132434,5451878,3100768
Zambia,2023,393488,7366679,4269005,5543091,3151672
Zimbabwe,1950,88981,979171,520756,709705,492289
Zimbabwe,1951,93015,999535,531797,731141,525407
Zimbabwe,1952,97054,1021151,542219,751630,560854
Zimbabwe,1953,101091,1043623,552797,769451,600201
Zimbabwe,1954,105133,1066206,564978,797139,630424
Zimbabwe,1955,109155,1088652,579166,837825,648418
Zimbabwe,1956,113167,1111168,594880,880239,666075
Zimbabwe,1957,117185,1133852,612184,923407,684523
Zimbabwe,1958,121185,1156810,631193,967156,703835
Zimbabwe,1959,125137,1180305,651460,1011873,724028
Zimbabwe,1960,129025,1204641,672217,1058193,745309
Zimbabwe,1961,132865,1229913,692967,1107013,767633
Zimbabwe,1962,136655,1256061,712897,1159522,790823
Zimbabwe,1963,140410,1283319,730263,1217105,814769
Zimbabwe,1964,144171,1312258,757108,1267092,839364
Zimbabwe,1965,147947,1342880,796444,1306514,864666
Zimbabwe,1966,151765,1374856,837452,1346689,890454
Zimbabwe,1967,155631,1408324,879210,1388536,916598
Zimbabwe,1968,159528,1443689,921635,1432058,943520
Zimbabwe,1969,163378,1480953,965180,1477137,971526
Zimbabwe,1970,167437,1520641,1007283,1520379,1000164
Zimbabwe,1971,171994,1561744,1048683,1562222,1030059
Zimbabwe,1972,177034,1602086,1093605,1606647,1063053
Zimbabwe,1973,182480,1640537,1143515,1653925,1099934
Zimbabwe,1974,188268,1689671,1186444,1704146,1139784
Zimbabwe,1975,194577,1751074,1216661,1754817,1181500
Zimbabwe,1976,201428,1812463,1243703,1805381,1224105
Zimbabwe,1977,209252,1867071,1259190,1850130,1263844
Zimbabwe,1978,219517,1902463,1246072,1879003,1296485
Zimbabwe,1979,232309,1931970,1237477,1919452,1326316
Zimbabwe,1980,242184,2021147,1349321,2055695,1372923
Zimbabwe,1981,248605,2135111,1485056,2198806,1431029
Zimbabwe,1982,255137,2224894,1552712,2276881,1486839
Zimbabwe,1983,261642,2316651,1618073,2359386,1542615
Zimbabwe,1984,268127,2407598,1676290,2443227,1596213
Zimbabwe,1985,274366,2500637,1738582,2527459,1645729
Zimbabwe,1986,280339,2595919,1803875,2622454,1679949
Zimbabwe,1987,286819,2691896,1858339,2752530,1695020
Zimbabwe,1988,294415,2786130,1912916,2891298,1698292
Zimbabwe,1989,302696,2879454,1987419,2999311,1695865
Zimbabwe,1990,311364,2974583,2073104,3086970,1691211
Zimbabwe,1991,320091,3072579,2164205,3161174,1686715
Zimbabwe,1992,333046,3165379,2198021,3333824,1672370
Zimbabwe,1993,350150,3192446,2207405,3461569,1648657
Zimbabwe,1994,366368,3171843,2266722,3438842,1629308
Zimbabwe,1995,380512,3189768,2364945,3421777,1617539
Zimbabwe,1996,391780,3244624,2503112,3401067,1617714
Zimbabwe,1997,400018,3314151,2653295,3369876,1632424
Zimbabwe,1998,405240,3392569,2800056,3327459,1668904
Zimbabwe,1999,407851,3456560,2928086,3264751,1726131
Zimbabwe,2000,408682,3490924,3015189,3185675,1791513
Zimbabwe,2001,407841,3518767,3075270,3112666,1857282
Zimbabwe,2002,406043,3569775,3108197,3085506,1918059
Zimbabwe,2003,404068,3645069,3107392,3106041,1969672
Zimbabwe,2004,402572,3724856,3084215,3147618,2006555
Zimbabwe,2005,402211,3806729,3044661,3201394,2028350
Zimbabwe,2006,402625,3917346,3006239,3267944,2042197
Zimbabwe,2007,403907,4043184,2962248,3339935,2054691
Zimbabwe,2008,406204,4163988,2899596,3417142,2072123
Zimbabwe,2009,409592,4294025,2830274,3504315,2104483
Zimbabwe,2010,414230,4430794,2762884,3592994,2155542
Zimbabwe,2011,420086,4570929,2707174,3674867,2222251
Zimbabwe,2012,426711,4678577,2676862,3743828,2291785
Zimbabwe,2013,433540,4762140,2666808,3803721,2347468
Zimbabwe,2014,445701,4848294,2671712,3864246,2377267
Zimbabwe,2015,463710,4927892,2697235,3931698,2378323
Zimbabwe,2016,482508,5009787,2742821,4007625,2357409
Zimbabwe,2017,501625,5095154,2804316,4089205,2322038
Zimbabwe,2018,520815,5177620,2883020,4168919,2283936
Zimbabwe,2019,539584,5256323,2978535,4240525,2256262
Zimbabwe,2020,555982,5338557,3082376,4302963,2246868
Zimbabwe,2021,568255,5428327,3185913,4359042,2255554
Zimbabwe,2022,579686,5516371,3286295,4408155,2278430
Zimbabwe,2023,591139,5610562,3386436,4445578,2306986